% Model:              K-Totem.mph
% Version:            COMSOL 6.4.0.293
% Date:               Jun 1 2026, 19:49
% Dimension:          2
% Nodes:              2644
% Elements:           4768
% Expressions:        1
% Description:        Pressure
% Length unit:        m
% Coordinates
-0.014321918654611762;-1.8643965712013324
0;-1.8760234873641555
0;-1.8572149358996113
-0.01906445963334649;-1.8760234873641555
-0.03041471947226699;-1.863302569353382
-0.03871259128358267;-1.8760234873641555
-0.7373128938247091;-1.8630332081251568
-0.75;-1.8572149358996084
-0.75;-1.8760234873641555
-0.7309355403666538;-1.8760234873641555
0;-1.8378935110804997
-0.01922615159974166;-1.8448010675677757
-0.01625645107665157;-1.8264262839269942
0;-1.8179970345809315
-0.04051395921660439;-1.8477039084407607
-0.04985602896356092;-1.858962716546066
-0.058494173028338536;-1.8760234873641555
-0.735210309365335;-1.8482001005801671
-0.75;-1.8378935110805033
-0.7219732206911227;-1.8607233183035363
-0.7112874087164195;-1.8760234873641555
0;-1.7980327581362612
-0.022089585400477445;-1.805942561405841
-0.038259424847841554;-1.827063618097838
-0.08739188794600926;-1.8631000539516143
-0.09805740139979627;-1.8760234873641555
-0.07827578721406739;-1.8760234873641555
-0.05877708033297956;-1.8404540686494106
-0.06838498012120298;-1.8574356632034048
-0.10606900203829554;-1.855746201708608
-0.11783901558552512;-1.8760234873641555
0;-1.778068479874706
-0.016692396745363026;-1.7866282105124214
-0.137620629771254;-1.8760234873641555
-0.12784139960139398;-1.858096259565482
-0.1452313782468199;-1.8616542917932504
-0.15740224395698285;-1.8760234873641555
0;-1.738139923351596
-0.0166577518803262;-1.746710762313372
0;-1.7581042016131507
-0.022411382128977492;-1.76608597585991
-0.6321609844144752;-1.8760234873641555
-0.6412788257973658;-1.8590180994510457
-0.651942598600204;-1.8760234873641555
-0.7319083029589278;-1.8282231380492853
-0.75;-1.817997034580935
-0.75;-1.7980327581362627
-0.7327767902290983;-1.8074513767866145
-0.5134712993001022;-1.8760234873641555
-0.522020044710401;-1.8593155315526535
-0.5332529134858309;-1.8760234873641555
-0.6915058269716615;-1.8760234873641555
-0.7014963296807003;-1.8557555618139747
-0.6717242127859328;-1.8760234873641555
-0.6828462681210112;-1.8594328860199114
-0.7128055680554491;-1.839309088504407
-0.6619138184626218;-1.851605535250343
-0.283820506901517;-1.86125413581151
-0.2958735432570848;-1.8760234873641555
-0.27609192907135593;-1.8760234873641555
-0.2563103148856271;-1.8760234873641555
-0.26616199721154976;-1.8566694560672867
-0.30266055943711645;-1.8545621045814673
-0.31565515744281364;-1.8760234873641555
-0.3234266278508415;-1.8596206173936993
-0.33543677162854246;-1.8760234873641555
-0.47390807092864445;-1.8760234873641555
-0.48240230338782764;-1.8593139867853945
-0.49368968511437333;-1.8760234873641555
-0.5016571457672141;-1.8538117210835352
-0.35521838581427145;-1.8760234873641555
-0.3641399865293252;-1.8594011938445096
-0.3750000000000002;-1.8760234873641555
-0.34320755728368946;-1.853563129890812
-0.394781614185729;-1.8760234873641555
-0.4032943351699812;-1.8593959456270936
-0.41456322837145787;-1.8760234873641555
-0.4541264567429156;-1.8760234873641555
-0.46197606006789543;-1.85381975022317
-0.42186643634101845;-1.853453495683697
-0.43434484255718675;-1.8760234873641555
-0.4428226093532994;-1.8593224948397238
-0.03852643783022124;-1.7845015537842654
-0.04741248444398503;-1.80280554105506
-0.06789409937386573;-1.815038407937074
-0.08660639855538081;-1.836059474873642
-0.11494582303063504;-1.8339900669701883
0;-1.718175645090042
-0.022485917563616908;-1.7262465215053973
-0.16512174096965868;-1.8526466469613287
-0.1771838581427117;-1.8760234873641555
-0.18616556931978284;-1.859419352507562
-0.19696547232844056;-1.8760234873641555
-0.20394470537314438;-1.856034237005872
-0.2167470865141694;-1.8760234873641555
-0.22353605911252772;-1.860860688530091
-0.23652870069989826;-1.8760234873641555
-0.14216674710343943;-1.8396498594269928
-0.13408211057614647;-1.8137017698009898
-0.15934025106359898;-1.8251709028047507
-0.03809605928906669;-1.7447953597472075
-0.04651711665756406;-1.7642123128313958
-0.016729208452226328;-1.706862258157687
0;-1.6982113668284864
-0.24241868291928245;-1.8505648142581843
-0.3829205855165701;-1.8537010686464952
-0.5411806843912073;-1.8535049862806194
-0.5530345276715598;-1.8760234873641555
-0.5615893402831273;-1.8592999466148736
-0.5728161418572887;-1.8760234873641555
-0.5925977560430176;-1.8760234873641555
-0.6012213358701859;-1.8592733448753795
-0.6123793702287464;-1.8760234873641555
-0.5808984580636974;-1.8534122706854084
-0.7372111173167534;-1.7897315140323882
-0.75;-1.7780684798747086
-0.6206065158826521;-1.8533054214295346
-0.6394901070289166;-1.8347990624898551
-0.7075045876885666;-1.8179807832387453
-0.7133251137953861;-1.7942428110763717
-0.5198858677531709;-1.8361091410491301
-0.6863348428837928;-1.8346167405576708
-0.6594010246756851;-1.8254584461349976
-0.2820930421887148;-1.8387077924724047
-0.26022887191361876;-1.8303676435069842
-0.24160506397932197;-1.8257257491069154
-0.30035366094092464;-1.8249746024684879
-0.3213708996281343;-1.8370653394760474
-0.48044706510344315;-1.8377707967708494
-0.5002333652498755;-1.8282417199545289
-0.36192873230254097;-1.8384377669425782
-0.3417720031228183;-1.827792068463446
-0.4012903982505407;-1.8363151396838957
-0.3817629222544337;-1.8278160444534628
-0.421000468900717;-1.828403469841985
-0.4599296637763638;-1.827874018843357
-0.44082168645185893;-1.8370451235234662
-0.06959934064153214;-1.7802208728654494
-0.09834132065000042;-1.7985761918385006
-0.047439418526798116;-1.724548519643872
-0.03940442235307806;-1.7045117716880376
-0.07015228301994204;-1.7419064769053016
-0.18888719289786543;-1.832549676956603
-0.21592898091880597;-1.832312842545513
-0.17431222550548794;-1.8028863191633369
-0.13240048021221168;-1.7855180135826092
-0.15191791157375972;-1.7998135764764958
0;-1.678247088566931
-0.02240563312025702;-1.6863055672433647
-0.23226192198248627;-1.8103990137692831
-0.7283926309612335;-1.7701977470074934
-0.75;-1.7581042016131523
-0.7040283276105628;-1.772551706925528
-0.6780774046844912;-1.796373483677437
-0.5387167536478535;-1.8280346910102727
-0.5595540625499109;-1.8370790378709563
-0.5993531401837414;-1.8361305792831109
-0.5788154904169475;-1.8285282330674675
-0.6187688813985113;-1.8272233816624277
-0.5175662964591636;-1.8048608178043568
-0.7337996675744635;-1.7498400093199487
-0.75;-1.7381399233515975
-0.7278542745212966;-1.7302420166735675
-0.75;-1.7181756450900436
-0.733541337849347;-1.7094445879687472
-0.6362451400587742;-1.8028862083879815
-0.75;-1.6982113668284897
-0.2503302737230581;-1.8081223042241021
-0.2744210817863486;-1.8111295679708193
-0.2938917285758971;-1.7970470257890292
-0.3228718938522764;-1.8040035448038192
-0.4784176405961672;-1.8048657528240017
-0.3613358698673376;-1.8046535176925125
-0.40126730144793193;-1.8044713629406584
-0.44026531457295465;-1.8054666770390857
-0.11577007647757862;-1.7527771988277272
-0.04819931330963072;-1.6844780871831988
-0.07148092146159098;-1.7024213061887843
-0.09979580816852977;-1.7176561345118637
-0.20332674219105956;-1.794346421690675
-0.23596476428239496;-1.79069701032088
-0.16641415500301104;-1.7649312057119901
-0.1377205038526766;-1.716030776191792
-0.7112637211716833;-1.7520826009779806
-0.7029332671188442;-1.731822633549671
-0.7117353923544483;-1.7117402054164221
-0.678737490239736;-1.753660008546214
-0.6500467867364725;-1.7712605304946305
-0.5566410881826599;-1.8047966597652492
-0.5971882001023472;-1.8044924657347337
-0.49718736345861353;-1.7673263102552759
-0.5322617776861712;-1.773732355962496
-0.7274411289415189;-1.6901948227204573
-0.75;-1.6782470885669336
-0.6175172216131768;-1.7668770189138876
-0.7332253298841289;-1.669719374206276
-0.2634635868131544;-1.776429322389158
-0.3067175515858412;-1.7677200368155468
-0.34197086726595827;-1.7716947516195956
-0.4586491661415228;-1.763967183513939
-0.382235395466949;-1.7577089714710312
-0.4229529443248923;-1.7730493803330578
-0.10760661564184622;-1.685111802462381
-0.22393925932447992;-1.7489677267817407
-0.18855530985749666;-1.709918401937649
-0.15277477199628559;-1.6709628472341285
-0.6794796798380935;-1.7139631632257288
-0.7109340317328572;-1.6720903113667356
-0.7032377830238478;-1.6922824926753774
-0.644021406052872;-1.7374254914954517
-0.5722582545529258;-1.7571072934264766
-0.640292155468796;-1.6966925950038971
-0.5264859845619764;-1.7291371301740441
-0.48057925713545724;-1.720468458681899
-0.6072921172059611;-1.7204645989592016
-0.2773992312313216;-1.7283409567791823
-0.3354957807316499;-1.7258475645899138
-0.3827338555355047;-1.7058646824917623
-0.4281492589470715;-1.7211712265381616
-0.24120191914047834;-1.6920831843072153
-0.6785494192874064;-1.673469464389344
-0.5625130851027641;-1.6989220681544825
-0.5999739097809836;-1.669237437781711
-0.4607410295872427;-1.6768455953018886
-0.5086502100175567;-1.669005187722017
-0.29746255516575115;-1.6778935735003155
-0.3518834866563938;-1.6675587411625552
0;-1.6582828103053768
-0.01688909307414966;-1.6669751077683996
-0.016810402260709196;-1.627668964549873
0;-1.6383185320438218
0;-1.6183542537822673
-0.022896209010093427;-1.646526410318357
0;-1.5983899755207118
-0.02297701346345861;-1.606294785962012
0;-1.5784256972591586
-0.016949800528663714;-1.5869380229366012
-0.038729852612697326;-1.6652831963579744
-0.038857195459304765;-1.6251123580649518
-0.048149280975406224;-1.6448790134138709
-0.75;-1.65828281030538
-0.7273369019261079;-1.6503255807130706
-0.75;-1.6383185320438245
-0.7332268687516015;-1.6297780713653855
-0.75;-1.6183542537822695
-0.04851478485170698;-1.6040905838064896
-0.022868237589706224;-1.5663156007087644
0;-1.5584614189976027
-0.03951452321160949;-1.5846766569642827
0;-1.5384971407360468
-0.016909720226671643;-1.5469117160419508
0;-1.5185328624744932
-0.02252979481145516;-1.526288108141939
-0.07158274046546569;-1.6626946586276257
-0.07234413889453793;-1.6219346512700688
-0.7273536795509716;-1.6104542230448544
-0.75;-1.5983899755207145
-0.733217891242442;-1.5898646071482867
-0.75;-1.5784256972591606
-0.7100262370696934;-1.632040818636253
-0.7024605411960213;-1.6523427279726999
-0.07193494717317264;-1.5819561567730118
-0.04008858100217685;-1.5442473384569053
-0.048593732322795034;-1.5640185442828016
-0.016869613655589758;-1.5069689625671245
0;-1.4985685842129388
-0.022339580164692976;-1.4862440911691734
-0.01631403462850606;-1.4674724729527178
0;-1.4786043059513834
0;-1.4586400276898284
-0.04912738496022204;-1.5238531201399466
-0.03992342317084973;-1.5046789790512292
-0.11589599541080145;-1.6432803507874765
-0.20272732604512317;-1.6553144382563303
-0.16066075548164474;-1.6194400465939982
-0.11932379970551224;-1.5997383730973262
0;-1.4386757494282743
-0.022665330071798478;-1.4463248727996012
0;-1.4187114711667188
-0.016693999696117557;-1.4271408211695669
-0.10753183944768974;-1.5603672682558685
-0.7017515368937521;-1.6129758969185726
-0.6787211592343164;-1.6339927055597614
-0.6379861861331846;-1.6543668186714586
-0.7273261997305565;-1.5704027329967443
-0.75;-1.5584614189976043
-0.7116221871736846;-1.5918874765831923
-0.7332387048377624;-1.5499216030698122
-0.75;-1.5384971407360497
-0.7275489353286859;-1.5307931586598158
-0.75;-1.5185328624744945
-0.4150361178300137;-1.6591100149985523
-0.07301546191348705;-1.5415592282803217
-0.038389484984610193;-1.4648534958095047
-0.04869181789449801;-1.484368186553286
-0.07216535220892785;-1.5019052054243192
0;-1.37878291464361
-0.01662575425078681;-1.3874671204151539
0;-1.398747192905164
-0.02223411771335466;-1.4064750418588223
-0.0470503198442021;-1.4442154889315422
-0.25813359022481897;-1.6372920779284357
-0.2172887137434685;-1.5993603071163838
-0.15895978555481627;-1.5603960651285385
-0.07091693445558848;-1.463222518356795
0;-1.3588186363820545
-0.022544076551413623;-1.366803070804178
-0.0389913150012112;-1.4250489682857637
-0.1185096386636798;-1.5167092174679466
-0.6786081940525986;-1.5949345542392603
-0.6495775196897607;-1.614978046857824
-0.5553770657435555;-1.6375725213428056
-0.4659176456300032;-1.6270823825347083
-0.600444684043024;-1.6157817611779417
-0.7108689347357345;-1.5519275288825762
-0.7026797231521543;-1.572008952884533
-0.6784404336387647;-1.553895826737792
-0.7018061012557806;-1.5327123084127097
-0.5118911862252139;-1.6163682833827604
-0.7112387050473296;-1.5123338320895303
-0.7340007992051819;-1.5093068122699267
-0.75;-1.4985685842129408
-0.7273208244010951;-1.4904933617042269
-0.75;-1.478604305951385
-0.75;-1.4386757494282756
-0.7332991119952199;-1.4300501857796626
-0.75;-1.4187114711667212
-0.01639434942093263;-1.3475384812029945
0;-1.338854358120499
-0.42439758145686896;-1.6051108304267707
-0.3158088727381163;-1.6225370117117806
-0.3742903100805751;-1.6115809652578617
-0.1016455028597518;-1.4778640481510519
-0.0384847425846285;-1.3852318008391469
-0.04738523498470191;-1.4051224563153042
-0.0708323279378933;-1.422835241339158
-0.27556918455460877;-1.5779414046296976
-0.22924277797761983;-1.544170558755072
-0.17641870894438802;-1.506496230848911
-0.022498776688976575;-1.3269091774720512
-0.016351523167144055;-1.308080162322534
0;-1.3188900798589454
0;-1.29892580159739
-0.04809945753696682;-1.3645687683610037
-0.10795034073898176;-1.442425340404195
-0.03942387602108287;-1.3452778100324745
-0.1462478813953528;-1.4717997698363383
-0.6369981644369093;-1.5762101985259587
-0.5455270049393447;-1.5774946778856664
-0.4752562140534301;-1.5598730852507243
-0.5921465308644768;-1.5544992564902813
-0.75;-1.4586400276898304
-0.7273023104055711;-1.4505899767826897
-0.7332469767632008;-1.4699656397545957
-0.6363406401286569;-1.533154417450439
-0.6780198190968587;-1.514311568310902
-0.6492788080206624;-1.4947278784774283
-0.7027327095684358;-1.4925021204177522
-0.7114312492073449;-1.4720564421107785
-0.7018502099925851;-1.4522740790765707
-0.7115411203685755;-1.4318572453957292
-0.727831049680824;-1.4107293388139972
-0.75;-1.3987471929051658
-0.7333079872721864;-1.3901769172314051
-0.75;-1.378782914643611
-0.7029531193314271;-1.4123278742278371
-0.4022060105481132;-1.5563462181156955
-0.336340505500249;-1.5637320595133488
0;-1.2789615233358356
-0.022544291946808518;-1.2871354910437436
-0.03849937553632007;-1.3054981236448866
-0.04717154166331827;-1.3252048867854596
-0.07150457431315486;-1.3826923872966215
-0.11465520583677545;-1.4005416676402094
-0.2881661956758574;-1.5113999834722716
-0.23026595692449917;-1.491680738939664
-0.20364691565097345;-1.4519217430547071
-0.07113147566463134;-1.3434238182967708
-0.15628140121655992;-1.4231203162805022
-0.7274917661063659;-1.3707341964950706
-0.75;-1.3588186363820567
-0.733149036843713;-1.3500109671531149
-0.75;-1.3388543581205012
-0.6787361002143802;-1.4343220888393502
-0.711412643581088;-1.3920563932493089
-0.7100794750754903;-1.3516623305781288
-0.7028222181177987;-1.372240054803852
-0.4279558670842715;-1.5093281612601066
-0.5378232063608414;-1.5220946114822886
-0.4773718710810845;-1.487996257938018
-0.5940197948270151;-1.4954279738284746
-0.678895170853349;-1.3938573373712728
-0.6353598803941104;-1.4553255519728712
-0.5914844253095485;-1.4394347445069955
-0.678598122284484;-1.4736773079588303
-0.7268464213529983;-1.3298624781340653
-0.75;-1.3188900798589462
-0.7342048877270666;-1.3084883426611542
-0.75;-1.2989258015973917
-0.5358121467069905;-1.4569456373236895
-0.3650947001139596;-1.4960716168108092
-0.3240138816992285;-1.4518164983611341
-0.4219537312217701;-1.45902838362239
-0.048160145931993255;-1.2850611492430266
-0.07141458086641726;-1.3029459941388906
-0.11652346806744235;-1.358423558722784
-0.10258980848914129;-1.3208063704430206
-0.15878310979718643;-1.3752469205700464
-0.2668389921647777;-1.4400572582627609
-0.21385555231295472;-1.4021861363458106
-0.4742602382970289;-1.4331062093212596
-0.6358381550606739;-1.4139703637670202
-0.6792255814080767;-1.3548892778448927
-0.7008249223688053;-1.332685110155916
-0.6438232613771528;-1.3739154995006142
-0.5605182307134294;-1.408399999739966
-0.60139106386937;-1.3901761911181167
-0.7060298780326778;-1.3067246349324688
-0.7283814285798387;-1.2890587282021653
-0.75;-1.2789615233358371
-0.731439209147644;-1.2690203508368931
-0.5135350579841705;-1.3993148366805608
-0.3713966715796536;-1.428959560832913
-0.3173486896061024;-1.4063518432731104
-0.41660770769274164;-1.399101135956159
-0.11272583531033498;-1.2826030362294953
-0.15176823010096166;-1.3187327471164718
-0.2130406947921564;-1.3473005097710922
-0.266798366894815;-1.3819573001315908
-0.7065638729845283;-1.2779972667371624
-0.6765498092127532;-1.322238497960881
-0.6507041944857498;-1.3416054190223994
-0.5561369320627476;-1.3677077468801677
-0.4626869893679535;-1.3706326492780379
-0.6845471342640304;-1.291428564336369
-0.6082053171798938;-1.3447661548763565
-0.5148065529970403;-1.3374101597063501
-0.362832393498853;-1.3707990056924597
-0.3087060183455417;-1.3608253649922308
-0.406450980576321;-1.3310417576775813
-0.46051316087868926;-1.3065390339420526
-0.26983168983990885;-1.3210240437876943
-0.2142519939301687;-1.2902078136479187
-0.6362122428806736;-1.2943465060624972
-0.5746553974018679;-1.3091772798813164
-0.5191493546384731;-1.2728935175083809
-0.3382520434633215;-1.307286217005628
0;-1.2589972450742803
-0.016699179929952852;-1.2676653277506862
0;-1.219068688551171
-0.016733824583431162;-1.2277481132466868
0;-1.2390329668127262
-0.022615027216154708;-1.2472410388852213
-0.039512978798138906;-1.2656892412620118
-0.75;-1.258997245074282
-0.016350301576028115;-1.1882459703687722
0;-1.1991044102896167
0;-1.1791401320280612
-0.02262927357953579;-1.2073111798631873
-0.039183210233518166;-1.2258761730586245
-0.04759833288009339;-1.2456486281721726
-0.0718808532024187;-1.2643310890776172
0;-1.1392115755049521
-0.016721524588952673;-1.1478065348363262
0;-1.159175853766506
-0.02279158119044547;-1.167104037110545
-0.7354569604652487;-1.2512578369594356
-0.75;-1.2390329668127271
-0.7127901201036774;-1.2534757347361096
-0.03886570806917291;-1.185780169714097
-0.047497209783934576;-1.2057420614774588
-0.07129313855403047;-1.223778140736472
-0.0163889142252113;-1.1086293472620583
0;-1.1192472972433967
0;-1.0992830189818414
-0.022554746101773004;-1.127267171023295
-0.03979564616067875;-1.1455513032297557
-0.022945614060797176;-1.0873161604084678
0;-1.0793187407202876
0;-1.059354462458733
-0.016684488158003375;-1.0678822592841375
-0.11652780253001659;-1.239472319100851
-0.16102765758749735;-1.2594478134850102
-0.04792376110844946;-1.1653645800505794
-0.726347819723771;-1.2305627179225371
-0.75;-1.2190686885511715
-0.7336630254436547;-1.2081097875229858
-0.75;-1.1991044102896171
-0.7004075311610141;-1.230843206469334
-0.674751468879075;-1.257757932131239
-0.7365488504073806;-1.1515570845922531
-0.75;-1.1392115755049526
-0.75;-1.1591758537665071
-0.75;-1.1791401320280623
-0.7291469612761868;-1.1887499702551154
-0.7329989912343488;-1.1678693157032558
-0.07139477112906706;-1.1834588869003688
-0.10309810104056034;-1.20174125972896
-0.03903637142787629;-1.1061134498136298
-0.047371795732293887;-1.1254643164302678
-0.07188561442523939;-1.144080079573419
0;-1.039390184197178
-0.022472399463235232;-1.0473592634180133
0;-0.9794973494125135
-0.016684139806880386;-0.9882621017017805
0;-0.9994616276740682
0;-1.0194259059356228
-0.016632953076857103;-1.028003620326724
-0.02266305233650952;-1.0074338121618005
-0.038943672953072446;-1.0654535088099126
-0.04709390977339723;-1.0857119698809945
-0.46302389444987474;-1.2526854850442128
-0.4031436384515754;-1.2684189891884396
-0.27861628070689526;-1.264881566031828
-0.15339541711030413;-1.2002831783746786
-0.21441995697776978;-1.2314733959805504
-0.7159844059094843;-1.1546438954103568
-0.7079788598987267;-1.205729131232213
-0.7110970322828908;-1.1779919004106094
-0.675742198082621;-1.2173717315930186
-0.5849053421786542;-1.259699661506564
-0.6335011744551866;-1.2403536482110453
-0.7284241456414324;-1.1320947642007726
-0.75;-1.1192472972433978
-0.6840117198305079;-1.1834091227614347
-0.6984026022942839;-1.1613912140431346
-0.6984295022508733;-1.1377774443200148
-0.7336700505076691;-1.1112620377084304
-0.75;-1.099283018981843
-0.5983837133101256;-1.2159610409563606
-0.11377251324343661;-1.1632982906356535
-0.07111522286535878;-1.1036388872235832
-0.11376264816034325;-1.1219469118238674
-0.03941701470102374;-1.0258067789685539
-0.04751890585352668;-1.0450773936329183
0;-0.9395687928894035
-0.016626260150047662;-0.9483528869467629
0;-0.9595330711509582
-0.022829567058087617;-0.9672002442535056
-0.039331744512648294;-0.9857352550263703
-0.04774429171851143;-1.0056195255503566
-0.07123956935168453;-1.063106226403618
-0.016482389969055766;-0.90850648498786
0;-0.9196045146278488
0;-0.8996402363662933
-0.5477750667767046;-1.2163143166436352
-0.4928717226299135;-1.21660276972742
-0.4354653854345153;-1.210964562203837
-0.3375868589743531;-1.243199929448589
-0.38318708691396897;-1.211280239893814
-0.2782305583416019;-1.2045898312690593
-0.1579110069313061;-1.1422486578743485
-0.21350447445451795;-1.174734028727384
-0.5220723938793496;-1.1801100996251201
-0.6403565399848641;-1.1869529424830312
-0.7275237515276602;-1.0914273051745655
-0.75;-1.0793187407202893
-0.7334898071722573;-1.0708058933776181
-0.75;-1.0593544624587339
-0.7113265771185282;-1.11329802665855
-0.6704938517503466;-1.152588663250684
-0.67748409892312;-1.1142736520841083
-0.7276903616424366;-1.0513444485835142
-0.7018858984696585;-1.0927699290274726
-0.7104181147303984;-1.0727148021269537
-0.75;-1.0393901841971789
-0.6340498657322103;-1.1360089474925126
-0.5811150947471094;-1.1653021419250493
-0.10243522218760007;-1.0839636459275221
-0.022694893034563315;-0.9272642510095617
-0.15066258725419418;-1.0847949588441703
-0.11525876785389888;-1.0448484227633812
-0.07097322198421363;-1.0235933572070657
-0.039746413360700304;-0.9455782592301489
-0.048228409401163956;-0.9654159947422908
-0.0721424212747656;-0.9838002472852825
-0.040037778502476515;-0.906002653568946
0;-0.8796759581047395
-0.022929804810405945;-0.8873877567484219
-0.3975335364336127;-1.1693032543702822
-0.46534330333457913;-1.159932201190646
-0.5247908894034391;-1.1273850433242507
-0.33625028633164505;-1.1727856728177226
-0.2721743252341578;-1.1459923442919862
-0.20765058564672295;-1.1170434053423008
-0.20894798060057967;-1.0639469389564007
-0.733524252795547;-1.0308470911617644
-0.75;-1.0194259059356243
-0.7020048302582612;-1.052755881083753
-0.6776586978148009;-1.073543895336598
-0.6450416289639358;-1.096323217183515
-0.7122306847214125;-1.0325515315425469
-0.7280636175826979;-1.011570584790452
-0.75;-0.9994616276740698
-0.7338192707904064;-0.9908489160416706
-0.75;-0.9794973494125152
-0.5868629417824883;-1.099793725543309
-0.7279227514439072;-0.9717011493818121
-0.04896004640454898;-0.9253187282210155
-0.1631510145339367;-1.0260565565909472
-0.11880288033529741;-1.0038829392632649
-0.07238827508242293;-0.9432715379219236
-0.10733811897517423;-0.9632681968402307
-0.07269613729595388;-0.9025429197404153
-0.04941805817154209;-0.8859411690132811
-0.6301510743990839;-1.053214512490507
-0.36769878866530126;-1.1306313089787574
-0.41611758516038283;-1.120021403548285
-0.46654828431446593;-1.0991459477615444
-0.5316419680944416;-1.0756285747330412
-0.31784662069856734;-1.111361089911295
-0.2657350567314729;-1.0871394395514093
-0.2506296418635148;-1.0368067801317506
-0.2128098637660575;-1.004599497801359
-0.6789338486895805;-1.0335603036598586
-0.702226078923976;-1.0125574883914459
-0.7103164488646779;-0.9929666987900293
-0.7022092473367831;-0.9735917261909187
-0.75;-0.9595330711509591
-0.5737923944477287;-1.051293248361302
-0.6789739413555196;-0.9941947221764794
-0.6446087191684607;-1.0114372059230492
-0.7119048520290772;-0.9531126619044965
-0.7337935946375278;-0.9506534974755579
-0.75;-0.9395687928894043
-0.7276016487170126;-0.9318956010994256
-0.75;-0.8996402363662953
-0.7274296371388128;-0.8917656657384777
-0.75;-0.8796759581047398
-0.7333126704659024;-0.9111178632237117
-0.75;-0.9196045146278494
-0.161495674061111;-0.9648424165814016
-0.12013868254688098;-0.9188397475150514
-0.10454642345026312;-0.8793657117399795
-0.7103453942091094;-0.9133945753563545
-0.7018222649346523;-0.9335414061942431
-0.5911363979474015;-1.0073661950546247
-0.6788065192197266;-0.9550716634379842
-0.371708275346267;-1.084911226795495
-0.4240339773143155;-1.0772590574907266
-0.4646109206192316;-1.0423369334209203
-0.5273500556948322;-1.0145706476940881
-0.31843886405839555;-1.0405722326649838
-0.27169432650441144;-0.9891986502896127
-0.22883009320124348;-0.9518219427335433
-0.18381644413188758;-0.9116760084400145
-0.23967544572531366;-0.905404959330413
-0.6352349200735471;-0.9742611582637556
-0.7022602462895893;-0.8942353713254013
-0.5509982743074648;-0.969849755260904
-0.6782644078601135;-0.9157104120340326
-0.5889864193548727;-0.9502524232222603
-0.6336642887378148;-0.9328709966534033
-0.3989003518553823;-1.0223335548552759
-0.4589665955541735;-0.9910619365370287
-0.5043091175282188;-0.9581224715349623
-0.33865152463994674;-0.9732660862378043
-0.28346266770008516;-0.9329661286517871
-0.6787953796318736;-0.8758902501612277
-0.5436217447181898;-0.9285168493739901
-0.6346837138375294;-0.8939232525776895
-0.5909909358366024;-0.9076833942543348
-0.4064192261911128;-0.9545270739343956
-0.4549542932944781;-0.9390744402615238
-0.4861527024891659;-0.9054703625788602
-0.353698269181434;-0.8978741390471808
-0.5376166170058765;-0.8763352106008259
-0.4286633636427902;-0.8973997974715989
-0.016630578946913267;-0.8688156023054351
0;-0.8597116798431844
-0.03977268693605546;-0.8657917848639952
0;-0.8197831233200743
-0.016229187493437883;-0.827159359371736
0;-0.8397474015816293
0;-0.7998188450585201
-0.02178496231170166;-0.8064947985579192
-0.016268338766734378;-0.788116472414998
0;-0.7798545667969654
-0.023694911641042194;-0.8464049064058932
-0.7332473197828668;-0.8712063945255065
-0.75;-0.8597116798431856
0;-0.7399260102738553
-0.016559583388266245;-0.7480698291241866
0;-0.7598902885354104
-0.040409334493837136;-0.8228365582094327
-0.05153506190090563;-0.8437157253008272
-0.07552728977847446;-0.8604434945507357
-0.047369922786281785;-0.7989467852954938
-0.037134218252096944;-0.784903420705319
-0.02277167265944552;-0.7663180837678928
-0.711366116618648;-0.8739877446583618
-0.7273490965137283;-0.8517706032788595
-0.75;-0.8397474015816303
-0.733211914256224;-0.8312158965516407
-0.75;-0.8197831233200755
-0.11856871254734036;-0.8413134387929737
-0.15224437793067463;-0.8733521910929288
0;-0.7199617320123015
-0.022541427405146024;-0.7271090306909875
-0.03740147567805018;-0.7446109134193292
-0.045711219708404305;-0.7640826344729265
-0.07865347945157669;-0.8148129415410724
-0.06405275864285341;-0.7766901339973794
-0.13038597402069313;-0.8045562116443274
-0.727255231159814;-0.8118412407002918
-0.75;-0.7998188450585204
-0.703445346771254;-0.8539730960054428
-0.7111815370715667;-0.8334049171932723
-0.16161194190524975;-0.8234233580248073
-0.21828493285795555;-0.8513873036925644
-0.28426606141551936;-0.8706805065819065
-0.7332299083514322;-0.7907881092885327
-0.75;-0.7798545667969657
-0.726613310462665;-0.770878872276168
-0.75;-0.7598902885354109
0;-0.6401046189660807
-0.017447154960670317;-0.650041624311426
0;-0.6600688972276358
-0.013223917874753474;-0.6674706315794102
0;-0.680033175489191
-0.021067774805271552;-0.6867274214368639
0;-0.6999974537507458
-0.016025478544768317;-0.7080547994356178
-0.03772427953637904;-0.7047761121786861
-0.04723459458640055;-0.7240042396360067
-0.07067955783715649;-0.7420214521954479
-0.03580330408944393;-0.6635826187334418
-0.04608249748297771;-0.683855055551168
-0.11223351902696206;-0.7683226697941989
-0.16589394382664435;-0.772987677567958
0;-0.6201403407045261
-0.02173438437392808;-0.6296738889914633
-0.04209211729044578;-0.6397714934736425
-0.016399707911525126;-0.6107736306120707
0;-0.6001760624429715
-0.7012439179833209;-0.8140970234651267
-0.7097752772458626;-0.792761538430536
-0.6783948169153429;-0.8360368661957931
-0.6465207173638773;-0.8552100745961306
-0.21817802150960938;-0.7934640580243415
-0.2798209968366286;-0.8124376572705435
-0.33095027151590395;-0.8388165406641228
-0.6997881376977537;-0.7729312326345663
-0.7337821782587092;-0.7494414577681463
-0.75;-0.7399260102738565
-0.7283669954211682;-0.729960541748495
-0.75;-0.7199617320123017
-0.7320873231449833;-0.7091890914475405
-0.7068777301837129;-0.7483736908312733
-0.01606430278564447;-0.5689655637913916
0;-0.5802117841814174
0;-0.5602475059198618
-0.023529825230153532;-0.588826727529269
-0.013630011300728722;-0.5277533277939154
0;-0.5402832276583072
0;-0.5203189493967528
-0.07101020455240004;-0.70142630288374
-0.10299921862012433;-0.7161014373908312
-0.06978070278888816;-0.6598876359658996
-0.15699605220402163;-0.7167559585877632
-0.21881230748064998;-0.7356410973767967
-0.04355322490867674;-0.612183147205646
-0.06410335303479833;-0.627945874665066
-0.6772975166701828;-0.7963280718185083
-0.5966611603720444;-0.8549165148079056
-0.6351919548212537;-0.8169160518812638
-0.6758538761549269;-0.7596227125744627
-0.27736510093051936;-0.7584396591832571
-0.34116775999931387;-0.7858073574902468
-0.47638522480816503;-0.8531972417368839
-0.39928851960415496;-0.8292761497073271
-0.75;-0.6999974537507462
-0.7362249742982172;-0.6926282597009887
-0.75;-0.6800331754891917
-0.7067593157546758;-0.7198140389502837
-0.685964918422821;-0.7328266500786912
-0.7134502476729102;-0.6966797768175704
-0.7281101708458426;-0.6726574293341072
-0.75;-0.6600688972276367
-0.7330614725065739;-0.6518063479593649
-0.75;-0.6401046189660821
-0.02175536469319685;-0.5475558701409983
-0.01779755230342085;-0.5104279693425023
0;-0.5003546711351976
0;-0.48039039287364305
-0.021606065768133908;-0.49015281527753896
-0.04079112417815595;-0.5663574332873063
-0.05131107934572626;-0.5856345624345614
-0.03587148608291945;-0.5238589811790849
-0.04718441739795311;-0.5443441564171644
-0.07626768082379627;-0.5990978401518772
-0.11241975473941884;-0.6712221713156585
-0.09588106178300784;-0.6299175574556313
-0.16807731065668158;-0.6574801416249174
-0.2756360095315656;-0.7021012361555397
-0.21445763404272697;-0.6798225365253465
-0.5373592173708928;-0.8225851862631024
-0.6371446832728325;-0.7740521289789455
-0.5879786725301883;-0.7945961373637933
-0.6514884816642483;-0.7310201834042535
-0.3407155524099425;-0.7279389649207967
-0.40252240393145855;-0.7622226203122331
-0.46855852655968044;-0.7907974246927963
-0.5293970824729943;-0.7611046933122632
-0.33370176517220473;-0.6681704212900252
-0.6791553320457688;-0.6992399984661859
-0.7015621120756979;-0.6762008194982384
-0.7266511756022355;-0.6319645624940456
-0.75;-0.6201403407045271
-0.7080191771310635;-0.6539167426095527
-0.7324320591341736;-0.6109389894820488
-0.75;-0.6001760624429731
-0.04154566114943375;-0.49952629888196254
-0.0636752658981755;-0.486384577033421
-0.07322621655643365;-0.5611538843486225
-0.0709259595004761;-0.5192342809241542
-0.11499917666762408;-0.5862362962531611
-0.1448149534860494;-0.6239848467475286
-0.19729411214055423;-0.6231781630588816
-0.2640718307939719;-0.6234744016768365
-0.5939363006535989;-0.7321770453018871
-0.6347951159443204;-0.6919246032090636
-0.39888706546104136;-0.6979027919184757
-0.4640801910368067;-0.7341871792813642
-0.5263763861184215;-0.7041536813324671
-0.389947280417344;-0.6372078740910319
-0.33064241996179344;-0.5955888566122179
-0.6719213411372768;-0.655822959930798
-0.6256753714901937;-0.6553644058085187
-0.7070240507496913;-0.6118662343671348
-0.6995123565741043;-0.6322456647027644
-0.75;-0.5802117841814177
-0.7252423656772408;-0.5901157282049394
-0.75;-0.5602475059198629
-0.7325835990303098;-0.5688781986916381
-0.6408148563535059;-0.6263887050823551
-0.6981973155081556;-0.5915038331472136
-0.75;-0.5203189493967532
-0.75;-0.5402832276583084
-0.728360005704328;-0.5283131306643699
-0.7346412838521419;-0.5099621197214901
-0.728189845746618;-0.5498698972329293
-0.75;-0.5003546711351984
-0.09921774877475538;-0.48738242994621805
-0.12600165452849474;-0.533306607564195
-0.17100716300034885;-0.5786584405366111
-0.22393250885024224;-0.5800362981483479
-0.27419485690862305;-0.5533444619293749
-0.38172948111642024;-0.5776656494994603
-0.5879083511582677;-0.6757968048046797
-0.45479294304199497;-0.6575160021084496
-0.5391230306822404;-0.6417349452285946
-0.4302431482315407;-0.6060028978841682
-0.3427861004232721;-0.5187411801023292
-0.4059653685800263;-0.5362193154272124
-0.7301851681362495;-0.4920236430682309
-0.75;-0.4803903928736436
-0.7124541212254019;-0.5086555955091417
-0.7127850215571407;-0.48331663516071877
-0.5937689549219664;-0.6200602208674848
-0.6745787520195767;-0.6130125064568968
-0.7069206147048465;-0.5669135261014981
-0.7065816976077552;-0.5355100171198052
-0.6350008928294487;-0.5935596869626156
-0.6735197776700022;-0.5747834953706425
-0.6769476839356723;-0.5445743503656297
-0.6843639843450348;-0.5142404858678282
-0.20859242743095568;-0.5168398944238414
-0.2770674179925561;-0.4813144520041579
-0.4362102076646834;-0.5644464119781986
-0.5934267414501879;-0.5726094681942098
-0.5540760829409527;-0.5963172268068877
-0.4910031258255794;-0.5941576386593013
-0.5403092019539851;-0.5530263217069193
-0.4814065835147759;-0.5407880123467768
-0.4356587870630508;-0.5247680935865554
-0.40535110570855365;-0.49179595130696196
-0.6949591049621522;-0.492200976032656
-0.6729679405835228;-0.4885240882444818
-0.6384207101403572;-0.5554817400729143
-0.6523548620484618;-0.518224310192735
-0.5999456793357959;-0.5197354836921786
-0.5383113750552869;-0.49794958181322835
-0.460742344156382;-0.4869873986736243
-0.6373849480314623;-0.48125448449720576
-0.016346255223008296;-0.47116998400061216
0;-0.46042611461208827
0;-0.44046183635053326
-0.023680252858413367;-0.4494375009527012
-0.016968390859038528;-0.4292377418422295
0;-0.4204975580889787
-0.041840734656465595;-0.4722598624595281
-0.04998720384703724;-0.44701265870878615
0;-0.40053327982742437
-0.02267791453024557;-0.40851508503223943
-0.04106073700509486;-0.427152599541871
-0.015862151364240594;-0.39045066214876545
0;-0.3805690015658685
-0.07270200416932218;-0.4600444207855152
0;-0.3606047233043139
-0.023089511242623727;-0.36847358143310127
-0.016776224961883014;-0.3490856868528289
-0.0383418077376214;-0.38714933380306804
-0.048573910042929894;-0.4061771512678789
-0.07222602132074686;-0.42374735326150637
0;-0.3406404450427589
0;-0.32067616678120436
-0.022611666147021616;-0.3284306776598154
-0.01675258456289269;-0.30912387624592896
0;-0.30071188851964936
-0.0475634884503487;-0.36668598553590814
-0.7335603581309988;-0.4693302999945549
-0.75;-0.4604261146120888
-0.7367775534949201;-0.45341526430714485
-0.75;-0.4404618363505346
-0.11428449105383001;-0.4417825211785035
-0.0711165581450417;-0.38435788328164744
-0.03883594366268013;-0.34652583375262647
-0.15579223632339387;-0.4719363610978117
-0.11703179332200589;-0.40093220723898115
-0.039345825031800216;-0.30677243486084294
-0.04786681493949317;-0.32584760727101836
0;-0.2807476102580946
-0.022524628142935838;-0.28823414016911464
0;-0.2607833319965398
-0.016618941633856577;-0.26934542504965897
0;-0.2408190537349848
-0.02230879952505866;-0.24852400571185718
-0.016702446836656348;-0.22932244177978278
0;-0.22085477547343002
-0.07196561685520333;-0.34434881026341047
-0.7340814909210885;-0.41160389422268084
-0.75;-0.4005332798274245
-0.75;-0.42049755808897915
-0.7272093916221495;-0.3919348293348093
-0.7275633526005848;-0.43253987454879983
-0.3200649406112948;-0.4439397588531039
-0.7071343288512938;-0.41360649920281733
-0.3726419819065508;-0.44660198491213476
-0.6982953126468826;-0.4432997799646917
-0.7156907003579195;-0.45732741128595233
-0.6924178464804724;-0.4689923158615166
-0.6825095053413519;-0.42860543346669333
-0.6696396236030704;-0.4561634453975011
-0.75;-0.3805690015658696
-0.7041438047093631;-0.3851083571922813
-0.7270939085037277;-0.3708646805524518
-0.75;-0.36060472330431437
-0.7329329415158214;-0.35010715842344364
-0.75;-0.3406404450427596
-0.736515392767744;-0.33329834812981685
-0.75;-0.3206761667812055
-0.15905667174708266;-0.4177992115942998
-0.10559831186870657;-0.3631975507659295
-0.2210536919619826;-0.44046531389208
-0.2816634453625989;-0.42765688323476625
-0.15499232935684346;-0.36330675794406675
-0.19838685139856058;-0.38662237687896606
-0.03848511347798146;-0.2670426286370755
-0.04762519752235877;-0.2864719955059343
-0.07139028100977596;-0.3038175191460688
-0.04756075105995977;-0.24631839049144055
-0.016603560638463213;-0.19000831149051578
0;-0.20089049721187546
0;-0.18092621895032068
-0.022178692332907642;-0.2088663366022021
-0.03860832226052151;-0.22745162991563928
-0.11682405161028092;-0.32161359285147784
-0.5976868343643592;-0.47383222819790394
-0.7145708772345597;-0.33584055846210026
-0.7288100654804852;-0.31366963362769895
-0.75;-0.30071188851964936
-0.733660889182408;-0.29252734046821405
-0.75;-0.28074761025809525
-0.566263163046666;-0.43823822888753283
-0.44345662629431126;-0.44027060353224867
-0.30602166943546893;-0.3993025159073813
-0.35041471056798956;-0.39591251976908026
-0.6344883101050092;-0.42317243574354746
-0.6779503365572888;-0.39627480480705857
-0.7108179442618088;-0.359425184013213
-0.6895442133009885;-0.371406221110796
-0.6881151814918384;-0.34528275309548984
-0.4152554801608022;-0.39679956359727553
-0.16823615659816632;-0.3173765260751158
-0.25717969034446936;-0.3793616381022402
-0.20897115459043294;-0.3411721219374926
-0.07150209647669206;-0.26342001081586464
-0.10467504205065867;-0.2819232349519982
0;-0.16096194068876546
-0.022758614300446983;-0.16907893349571768
-0.07025548425712735;-0.22441150518390307
-0.03823312317554429;-0.1878134105728857
-0.047085395258209733;-0.2075758104949479
-0.1491226843630708;-0.27974872723479205
-0.510791869058918;-0.4413709766687649
-0.699585270633822;-0.31802331576278986
-0.75;-0.2607833319965409
-0.7333152067321423;-0.25220952770523963
-0.75;-0.24081905373498502
-0.7277481352902049;-0.27281633647580406
-0.7100980747063927;-0.2948191383602421
-0.587034831784688;-0.3872430609210219
-0.5399957607645537;-0.4071282951166598
-0.4831524410329921;-0.3794806844024827
-0.31301741689212587;-0.35195770443672414
-0.26028252056963913;-0.31513320241940423
-0.20675411103674216;-0.27958185501451704
-0.37413760053593015;-0.34523759386200514
-0.6505440938950204;-0.362922665379787
-0.6704708904839023;-0.32577329770917407
-0.43188941970750133;-0.3496959837348479
-0.4668629125912835;-0.3273116314060782
-0.016863528543961222;-0.14972035480047885
0;-0.12103338416565612
-0.02256429790489362;-0.12890677787264115
0;-0.1409976624272109
-0.01609973425674644;-0.11068303562880843
0;-0.1010691059041009
-0.04841909592360982;-0.16723747675849832
-0.039653608131596595;-0.14772324253965574
-0.11519547479881102;-0.23850983929668357
-0.10132472312000902;-0.20029977926494524
-0.07104703578054995;-0.1847881165476204
-0.17061593166850245;-0.23162639274873587
-0.7278857471030441;-0.23285698883965678
-0.75;-0.22085477547343024
-0.7333554401414176;-0.2123706471873461
-0.75;-0.20089049721187568
-0.5463627206823146;-0.36599956051135774
-0.6760635336610571;-0.2945244320594502
-0.7102276115481645;-0.25395826400321697
-0.702483858286421;-0.2740348929142167
-0.6374653730713087;-0.31426046233106053
-0.7024517010809225;-0.23450454994447445
-0.5878404304757329;-0.3374676378684449
-0.42225593921122523;-0.3048223336733078
-0.5260773834882989;-0.32169807020609564
-0.7278266970926563;-0.19321949926324922
-0.75;-0.18092621895032068
-0.7340961283394831;-0.17217230214647583
-0.75;-0.1609619406887659
-0.3238806832427476;-0.2924131224894684
-0.2171255835331724;-0.2254554455126987
-0.2660269755410506;-0.2531685514290827
-0.3751507127232327;-0.2706624595289713
-0.47630925742018;-0.2861822678327519
-0.7115436817809557;-0.214369755866459
-0.04786351884705303;-0.12749950258555276
-0.038648106959294555;-0.10786011833609321
-0.07165300559759874;-0.14522500543970884
-0.1431541387691907;-0.1969219109373601
-0.10861463584969179;-0.1655364114819684
-0.07170168555110408;-0.10500119725366397
-0.1954414954780081;-0.17951177149211572
-0.6444253117397624;-0.2760609357624204
-0.6790712778534815;-0.2545844350632902
-0.589950225934088;-0.2823499403565015
-0.7278629474068622;-0.15345837607703783
-0.75;-0.1409976624272109
-0.7334388345630698;-0.1325218741850589
-0.75;-0.12103338416565679
-0.7117720047646464;-0.17470132191560905
-0.7024592959287136;-0.19483503361965027
-0.679020122743425;-0.2158206181745015
-0.4302007062169792;-0.2644664766020992
-0.5306320124238663;-0.2605998519244319
-0.46783221667316466;-0.23911260042056504
-0.3178709243231267;-0.23101021801259236
-0.2605798386819652;-0.1836272044517202
-0.41207821813236417;-0.2156634235416679
-0.36179368450860583;-0.20581249440226368
-0.75;-0.10106910590410201
-0.11844327081037878;-0.12236513401496318
-0.1584178437177453;-0.14483538768124427
-0.21775264475653672;-0.12692003351975667
-0.7274092523342318;-0.11335490496797185
-0.6293759581968059;-0.23531983550792268
-0.5749095963559334;-0.23477697540756703
-0.701734442792477;-0.15556942384862604
-0.7110024112079895;-0.13515906198559202
-0.6792489248552144;-0.17670638519529835
-0.6450627009995117;-0.19341557643424445
-0.27549650105806023;-0.11357970025203801
-0.3194408979018313;-0.16692286321185135
-0.5202173675185127;-0.19717359374052856
-0.4406089489837802;-0.18302044083487545
-0.38345243199594586;-0.15990633474316973
-0.7020281271154029;-0.11566130129803187
-0.5901756718176651;-0.18745775042519286
-0.6781062478246452;-0.13767326704434035
-0.6361635444839255;-0.15657818575020754
-0.4039446430361808;-0.11164873160140587
-0.5426975706871301;-0.14859764588469093
-0.4810088337875569;-0.13719263858752795
-0.4289660505420958;-0.13905518547586193
-0.4384919708828476;-0.10370695018976384
-0.588356726657513;-0.13134636822009327
-0.6333135513957787;-0.11643980104555807
-0.5370839297557976;-0.1004643633365705
0;-0.02121199285788178
-0.016754837016225533;-0.029700485996985382
0;-0.041176271119436114
0;-0.08110482764254612
-0.02277050266442785;-0.08918654939273885
-0.01631112956340565;-0.07006997011979754
0;-0.061140549380992004
-0.022704286866218323;-0.04916334217837259
-0.03930677022967243;-0.06752702292271873
-0.04822176336336277;-0.08700230653763619
-0.7332466225962296;-0.09272816224527602
-0.75;-0.081104827642547
-0.038357337862525424;-0.02761861443776681
0;-0.0012477145963265546
-0.022197131843980065;-0.009092928035306036
-0.015737576774917546;0.009368533538213875
0;0.018716563665228003
-0.04860450369639852;-0.046923363705381416
0;0.03868084192678234
-0.022536194721432173;0.03068495013185668
-0.07229862256538107;-0.06480857484619351
-0.1064083953156639;-0.08434975425828295
-0.038529022214141936;0.012212475950123203
-0.047852501310459455;-0.0067828733313524125
-0.07179617452626269;-0.02457692141237544
0;0.05864512018833712
-0.016657805417954804;0.05012759421661328
-0.1599528515101913;-0.0851042025612121
-0.72683013367521;-0.07341488366267379
-0.75;-0.06114054938099267
-0.7328164464873361;-0.05213436113937786
-0.75;-0.041176271119437
-0.7111467612523065;-0.09537961239788117
0;0.07860939844989168
-0.02207285884998813;0.07072178284130648
-0.04648961224366487;0.03247210671361778
-0.03808731488369684;0.05219199548108122
-0.11892894942576446;-0.04033078307042515
-0.07018359856445093;0.014587913181463241
-0.1019141601569675;2.667159093423521E-4
-0.016502933468713527;0.09000105244498591
0;0.09857367671144712
0;0.11853795497300146
-0.02237257216196241;0.11048439027367074
-0.016403718440361193;0.12961926103641508
0;0.13850223323455624
-0.22684142318248346;-0.06955280218632787
-0.17762012261640867;-0.029909881510353564
-0.7262257055598909;-0.03256423774476058
-0.75;-0.021211992857882223
-0.710387446565013;-0.0544113434626774
-0.6787458378651432;-0.09803424420905626
-0.699603599758516;-0.03476898173446297
-0.290673488709696;-0.04936876506709087
-0.3449558344309775;-0.09600041267031845
-0.7023941535805757;-0.0756776969927846
-0.7334069206489158;0.04906854963918872
-0.75;0.05864512018833756
-0.75;0.03868084192678234
-0.736787329963876;0.066085143740654
-0.7331874101855759;-0.011196994152806727
-0.75;-0.0012477145963274427
-0.7276030133388929;0.00866054088013124
-0.75;0.018716563665228003
-0.7295555384840984;0.029652392141110484
-0.03806129545355153;0.0918925857941304
-0.046367733779431666;0.07238451649663769
0;0.17843078975766669
-0.016559579476343685;0.16985036037457157
0;0.15846651149611102
-0.07025108716670822;0.05448376359681473
-0.14656661599031437;0.006154493371496095
-0.10792049173440345;0.03528303147569689
-0.04584070699118297;0.11254590131845554
-0.022265240120847855;0.15049113513942336
-0.037443402258953186;0.13211246030590007
-0.23937016231757632;-0.012934345853821139
-0.3022488691131375;0.014073661670307436
-0.19668643531032595;0.024620799231731993
-0.7085728977865443;0.018207652377914663
-0.706107187772041;-0.010097361954248818
-0.6781110807083157;-0.05860045116722157
-0.6459509724422656;-0.0798357449941638
-0.675301257369033;-0.022022897799422125
-0.6854023417438881;0.009177999658950498
-0.35097065042100833;-0.016126963323991106
-0.40976573293630325;-0.0565565917089208
-0.4751281419481907;-0.07207125894844668
-0.7123149681386486;0.041212473900032354
-0.6947387827749759;0.03169748734203903
-0.75;0.0786093984498919
-0.7285017749169259;0.08570880136863335
-0.75;0.09857367671144734
-0.7148980848842645;0.06250517567821179
-0.6907721632448868;0.05187847468614404
0;0.19839506801922124
-0.02246085316942272;0.19035026723513093
0;0.21835934628077625
-0.016712661329827638;0.20981149035150115
-0.15297565306203745;0.05469682325842595
-0.07039566763317305;0.0942549062161282
-0.11396276615217489;0.07766534542682413
-0.03818262716466363;0.171667466947947
-0.06987681658985853;0.13459290504124266
-0.04670806893752276;0.1521633727992069
-0.016144298282070584;0.24934286158857155
0;0.2383236245423308
0;0.258287902803886
-0.022165798767458538;0.23038870424064917
-0.251909534828826;0.047771863495864375
-0.2991172200338796;0.06588276234581025
-0.3520535743842368;0.05214063106452227
-0.20703092903469353;0.08001699615664126
-0.11161798924526548;0.11997814298065701
-0.5919116114150957;-0.07706242766024007
-0.6380470787665085;-0.03937888336680584
-0.6704639280604353;0.03417081728545668
-0.6513563265529637;0.0020911466887545416
-0.5344836452146536;-0.03894380820156407
-0.40905234823766934;0.02152690896519327
-0.4664470841551301;-0.007736157064858196
-0.39890902337383377;0.0905677055074463
-0.7351424546775991;0.10748659345694622
-0.75;0.11853795497300257
-0.7278116289064555;0.1258828102772076
-0.75;0.13850223323455713
-0.7332606835687326;0.14681413558525014
-0.6976115120240055;0.0793922344008533
-0.7105022548416666;0.10351619681720314
-0.6679964517493864;0.06402798083598404
-0.70169141843947;0.12316163865755714
-0.75;0.15846651149611213
-0.07093913205943184;0.17473289657111168
-0.048163014433120634;0.19190698281999508
-0.039369938745956796;0.21189232966216354
-0.1575046534870837;0.10597304932468421
-0.10009972456323979;0.15578268620859181
0;0.2782521810654408
-0.022582664979744926;0.27006751327552503
-0.01672567819100039;0.28951944762380677
0;0.2982164593269956
-0.03930158343416855;0.25165226357360915
-0.04813423109136042;0.23267161915294032
-0.3324681961303056;0.11734799609170321
-0.26422851823969784;0.10889063837816293
-0.21095794788996716;0.14773196426494217
-0.14363962706551725;0.15603775384987562
-0.11113649196654811;0.19033927655560956
-0.5891306513734862;2.569550267532694E-4
-0.6351971177463026;0.04214680302822593
-0.6778797068590774;0.10113678948376026
-0.6462512383739138;0.08045741027110864
-0.5251595100804023;0.032521151678061244
-0.4625543757035635;0.06034880632901496
-0.45194887638071335;0.13116223762753498
-0.3895708581895594;0.15576691672469423
-0.34201937093103013;0.17765113108982766
-0.7273434249809924;0.1662312658395675
-0.75;0.1784307897576669
-0.6777442882906767;0.14099683835928079
-0.7106782707701257;0.14421210757352876
-0.7333182686482104;0.1870457945621402
-0.75;0.1983950680192217
-0.7273571173424587;0.20642513251169148
-0.75;0.2183593462807767
-0.07203178062794004;0.21449530425071428
-0.04825967191745269;0.2721119666278522
-0.039676944655154325;0.291654691630054
-0.07102161004248062;0.2546428272307999
-0.2848918847046478;0.17210045444073496
-0.23464864196075033;0.21011155686786176
-0.17039270719698174;0.21532026678942873
-0.11859869553466279;0.23937093063811554
-0.1021276741930429;0.27848221844874077
-0.323972809318009;0.21366513119663533
-0.28042204019740474;0.23670030055939661
-0.3342537693180029;0.2576704777598524
-0.5876284261346443;0.07599341307541763
-0.6305185904048424;0.11877329637677092
-0.516284418619683;0.10220220818654702
-0.3734660542112609;0.21581059145357662
-0.4357684861756168;0.2011154484566069
-0.5040825989098111;0.17104529482895958
-0.631134054851968;0.1652691661394574
-0.7107071629217389;0.18445128276710632
-0.6773198575619118;0.18217784413399163
-0.7016967770888869;0.16363159501015256
-0.7025871879408201;0.20440166890496636
-0.6780214574492397;0.22394343409612727
-0.7332565418994209;0.22695011867769188
-0.7102394460029109;0.22480109133519943
-0.7020392306001991;0.24480466050688965
-0.7273722124680508;0.24644729158157208
-0.7094307734565121;0.26494808580603024
-0.75;0.2383236245423317
-0.7332773309424113;0.26687413893678946
-0.75;0.25828790280388647
-0.75;0.27825218106544125
-0.07148404604083662;0.29388921161858605
-0.22214787683931242;0.2628589797397267
-0.1548696518503054;0.28429423505985274
-0.2799969344854274;0.2875256015335501
-0.40528515925955855;0.2719224963053588
-0.5729273461992056;0.14725920229605816
-0.48175925310050854;0.24263909939959283
-0.5479397635994893;0.21030286097016537
-0.5997643045539949;0.1970904603600132
-0.6351885362951738;0.20802482167862646
-0.5998827110744047;0.24520990627802286
-0.6782593383008152;0.2632879682223541
-0.6472862076272686;0.24399041088610707
-0.7014725958046173;0.2842617653864714
-0.7276468487265652;0.2860952053423693
-0.75;0.2982164593269958
-0.7332164646896012;0.30677199666162025
-0.4811774220244988;0.30349797700678116
-0.5380113532626737;0.26998604752862776
-0.7110624414935811;0.30475188607297277
-0.6782138551092612;0.30294117142411614
-0.5848988652195094;0.2991177499012645
-0.6367759852599999;0.27960969328490326
-0.01668532312529567;0.3290832927136511
0;0.31818073758855037
0;0.33814501585010515
-0.02229588085601758;0.3099816209984818
-0.03845187905251841;0.331043986455988
-0.046980152965188794;0.3115576815934784
0;0.3581092941116599
-0.02272898393638033;0.34985346839176246
0;0.37807357237321426
-0.016802829527520387;0.3692275532954814
-0.015882369803271363;0.40860357065495356
0;0.39803785063476993
0;0.4180021288963247
-0.022723103183703124;0.390274397988732
-0.04763799000158291;0.3513489566931971
-0.07135128677615557;0.3331062099951081
-0.038871836287291024;0.37117687546762634
0;0.4579306854194347
-0.01683378480174629;0.4494246286578869
0;0.4379664071578795
-0.022703593421619237;0.4300216716432861
-0.03847571173027598;0.41152842834800873
-0.048798910133514256;0.3920104918571423
-0.11109865443685982;0.31514090830098884
-0.07233308202785937;0.3738799792142826
-0.3439874015794401;0.310185625674656
-0.75;0.31818073758855125
-0.03981902918784999;0.45135953497955916
0;0.4778949636809888
-0.022497653363951386;0.470075572540831
-0.10380884013354837;0.35484337212943595
-0.07185128201451586;0.41348317412205926
-0.0478473557709728;0.4321325225423216
-0.01622784122088275;0.4888144617035415
0;0.4978592419425445
-0.02319950056690862;0.5108858174264364
0;0.5178235202040988
-0.218708717381443;0.31700946883032977
-0.15431477095954232;0.350944612705143
-0.1169022637609033;0.3929029291372088
-0.28279030877984335;0.3386368247448577
-0.33916631175129114;0.36212661083031095
-0.4068565210206749;0.34432069201928517
-0.38133665648697523;0.39524801121979447
-0.5358339799138353;0.32549007231796034
-0.7268067833326627;0.32625848061933294
-0.701740382852886;0.3248408765770263
-0.75;0.33814501585010603
-0.732589182722294;0.3475957768558606
-0.75;0.35810929411166015
-0.632438901241032;0.32243497903871554
-0.6768331808797557;0.3424743269674537
-0.708365909884963;0.34592240501354965
-0.72610481173424;0.36762970949599216
-0.75;0.3780735723732158
-0.73423073972779;0.3894649634780396
-0.75;0.39803785063477104
-0.07204875929980586;0.45437753505841205
-0.049088603746784455;0.4712869307127705
-0.039591785962616276;0.49155862734811606
-0.11564683354938171;0.43623122702665285
-0.10250911962114582;0.4755513981070554
0;0.537787798465654
-0.016482461894012698;0.5305922318029186
-0.015960652651453137;0.5695052580698929
0;0.5577520767272088
0;0.5777163549887634
-0.021895998244916375;0.5512401349749747
-0.05099980299855499;0.5137483623789829
-0.03992272417388689;0.5344425592401343
0;0.5976806332503186
-0.02211997419637101;0.5901350167794668
-0.01609650083901985;0.6094272561954528
0;0.6176449115118736
-0.1639503424545925;0.41203681536492565
-0.22001103251944656;0.37946597066003274
-0.2808315454062732;0.4038155942817052
-0.33944057632219105;0.43022806932271473
-0.3941292030182704;0.4298554648879973
-0.4285193301831348;0.40652607542445285
-0.4907867170006418;0.3682790101995015
-0.5515021702424568;0.36574964868920423
-0.6327685398859058;0.361920455244793
-0.5866760168509525;0.34105402619410397
-0.5878880007570167;0.38778707700990456
-0.75;0.4379664071578806
-0.75;0.4180021288963254
-0.7277186907558202;0.42985195102641804
-0.7340936341441564;0.44900333011687166
-0.6706398135352726;0.3816787157403485
-0.6985618158595146;0.3657990757193881
-0.710295630855529;0.45149222266927547
-0.7059224599872124;0.39232475383921783
-0.7061921203238252;0.4230699209721467
-0.7291360744985129;0.40897946743947644
-0.6693554818173502;0.41359844683518987
-0.6350676830469085;0.4030269775958597
-0.737115849944628;0.506006546747571
-0.75;0.49785924194254494
-0.7330355611847802;0.48872020270727656
-0.7300358995711741;0.4668714098967548
-0.7103213167035008;0.48219232861887695
-0.75;0.47789496368099016
-0.75;0.45793068541943494
-0.6862251343705468;0.44266166287042186
-0.6826541521580394;0.4751942920811545
-0.7165405854036649;0.5040088840170056
-0.729967968748822;0.5250349981940023
-0.75;0.5178235202040997
-0.75;0.5377877984656543
-0.734406952686469;0.545509301552215
-0.75;0.5577520767272091
0;0.657573468034983
-0.016700726001648163;0.6491278900898083
0;0.6376091897734282
-0.016408640673420995;0.6888658944705648
0;0.6775377462965377
0;0.697502024558093
-0.022438808848052542;0.6697795690857782
-0.07538572909684584;0.4962508551237177
-0.21735383678446618;0.44276570303782137
-0.27823814411990244;0.47075681348803977
-0.15565200215435854;0.47492319015763496
-0.11685840991528233;0.5132103277354392
-0.4301191459905831;0.45840466780773337
-0.03726027524285756;0.5728097675242856
-0.0467314669008095;0.5584194642230387
-0.0777558601670818;0.5410808572079644
-0.06367142548171167;0.5795688632914051
-0.038144318512618944;0.6512412916591073
-0.02200126166612938;0.6298181381538488
-0.036985855731983805;0.612376781201575
-0.044905945758264856;0.5928188180016032
-0.04762813903528614;0.6320509319043357
-0.3822377888810498;0.4654625037902034
-0.33492362815188864;0.502584949783496
-0.21606958768081164;0.5003887200325232
-0.4864364710942469;0.43123656875556415
-0.4793362197357307;0.4947661577371949
-0.5386865881458545;0.407518411269016
-0.5859784748422285;0.4290820348582951
-0.5380467661863818;0.45669818739931656
-0.689430090315403;0.5039074219903867
-0.6582359709045387;0.5047675032632022
-0.6787698137835284;0.5361902354896382
-0.7054984104366142;0.5207672379455677
-0.7118151476723055;0.5421077897903446
-0.7275424602662521;0.5650277563431338
-0.75;0.5777163549887643
-0.7330780878141628;0.5859355190942668
-0.5812039188994768;0.4727176277799767
-0.6384986360432169;0.4535478521163807
-0.7110650243069688;0.5830831278812174
-0.7017136754561689;0.5611668174937432
-0.6759858929618138;0.5786906925918112
-0.7013421412834427;0.6034775821905412
-0.75;0.5976806332503193
-0.7270328275295128;0.6053552603488346
-0.75;0.6176449115118741
-0.7333195077230672;0.6265151875732726
-0.7108227938032151;0.6243952597399549
-0.75;0.6376091897734286
-0.7275581898962974;0.6457070787330816
-0.75;0.6575734680349838
-0.6087406427063459;0.5121131485784713
-0.6401794656433523;0.5498910902701319
-0.75;0.6975020245580934
-0.7332762533978828;0.7061252674774574
-0.75;0.7174663028196477
0;0.7174663028196477
-0.02233786311963394;0.7096204074750918
-0.03849478880904432;0.6914118827455413
-0.04641181216903236;0.6715365890193381
-0.27201355534480953;0.5317880417289023
-0.16457360713392918;0.529989788008373
-0.12875855989923235;0.5517312792811548
-0.10975692170851131;0.5866299628040843
-0.40846588262761424;0.5189993978111918
-0.06942938701255962;0.6139317521428651
-0.07058738941179032;0.6519217798203718
-0.09743483705397618;0.6357875953725198
-0.4776001937706166;0.5525152616868807
-0.31938288224601946;0.5612184177050845
-0.3663383078920646;0.5587344492834458
-0.2176286527085833;0.5649723179233104
-0.677011819143096;0.6213317352491754
-0.711527460864961;0.6644459322062557
-0.7017623000048145;0.6442407161241899
-0.5432910790217309;0.5207872847624426
-0.6388621056001211;0.6006254711514287
-0.6484418661565917;0.6384169189116826
-0.7106096360750124;0.7039342920086362
-0.7277359169809083;0.6855880396340019
-0.733196889671262;0.6662384355542179
-0.75;0.6775377462965382
-0.6786865003568782;0.6619866837956683
-0.7014469760693529;0.683488033756599
-0.5832498619742159;0.5743330325349842
-0.5245249537976203;0.5835661242761352
-0.6780739828549244;0.7013886536713918
-0.04716551602209913;0.7115841929932769
-0.07098752421865334;0.6933248591239278
-0.27684543116283006;0.5987111870856003
-0.16274719103960333;0.5847910783950736
-0.10760373749578636;0.6718031408121372
-0.1425594736640896;0.6352242546969957
-0.4208874790249917;0.5904423212976266
-0.48172253466224846;0.6207568348916814
-0.34903099233667534;0.6204409436251554
-0.21047359940892305;0.6352576239436356
-0.2862641576501299;0.6630810869101875
-0.1664311388370126;0.699524455008405
-0.6382661913421861;0.6717932226841434
-0.6055150632694922;0.6380085240936753
-0.638077572092213;0.7199314499577167
-0.547881143700348;0.6332917633415762
-0.57846820585738;0.6910154413488767
-0.11008614671596653;0.7208136821764068
-0.24298940184501736;0.7110892184351434
-0.34958099581586977;0.6892240868387387
-0.42004568317047886;0.6722344846750692
-0.505209610368796;0.6942414286162468
-0.7274359239754239;0.7255903089243281
-0.75;0.7374305810812025
-0.7333190159491723;0.7460326800306623
-0.01631892242298319;0.7286366692521473
0;0.7374305810812025
-0.75;0.7573948593427577
-0.7023043290605252;0.7235233067124656
-0.7107033910148468;0.7435346264597951
-0.7274377240174005;0.7654791248396517
-0.75;0.7773591376043127
-0.022367801604542912;0.7494385714945953
0;0.7573948593427575
-0.0376929959184633;0.7309720537668032
0;0.7773591376043121
-0.016677526615151306;0.7688149420154597
0;0.8172876941274223
-0.016580084396483497;0.8086988584623411
0;0.7973234158658671
-0.022508405349313396;0.7893187366461492
-0.03804166827798973;0.7708571667200472
-0.04651706915302226;0.7513072259235758
-0.07051066928939995;0.7329426826598149
-0.02257164187662126;0.8292978229575676
0;0.8372519723889768
-0.016870150356612518;0.8482951454705153
0;0.8572162506505315
-0.6792327698123858;0.7413694234876012
-0.7026426066396133;0.7627291362106767
-0.7333089375707368;0.7859405828190693
-0.710435620124186;0.7834885294639113
-0.7274253432236988;0.8053781054252254
-0.75;0.7973234158658679
-0.75;0.8172876941274219
-0.6473274023388148;0.7578871046856668
-0.04033610471839377;0.8109083962000954
-0.04801585299320139;0.7915013026284933
-0.07080546280453884;0.7733656444228629
-0.0976852900581769;0.7567828354579942
-0.75;0.8372519723889771
-0.7274508782423978;0.8451167196612336
-0.75;0.8572162506505315
-0.7334478758084408;0.8258764479348198
-0.7107412603183888;0.8234811869329378
-0.3052170672977829;0.7240479634929069
-0.047172024282549185;0.8305295871655494
-0.03806594884174541;0.8505855939701064
0;0.9370733636967509
-0.01626906795916677;0.9298513387970985
0;0.9171090854351963
0;0.8971448071736413
-0.017018854238497083;0.8885691225495951
0;0.877180528912086
-0.023375418305251614;0.8699558040192553
-0.1398548586883948;0.7589731885148221
-0.210908459855256;0.7700673940093794
-0.6042213569100106;0.7514005849131395
-0.5534231026681444;0.7381730440919942
-0.6784481383830391;0.7806130943879455
-0.7019580530646483;0.8027546404988807
-0.7332854382223117;0.8657218194723537
-0.75;0.8771805289120866
-0.75;0.8971448071736413
-0.733524681058249;0.9055309604115561
-0.75;0.9171090854351963
-0.7273749435597145;0.8851846972512561
-0.7107781894033236;0.8634675753601099
-0.7018579825456415;0.8428385351998424
-0.6781008029044108;0.8201045875639916
-0.6321686683139967;0.794751662560876
-0.2755691535583199;0.7724779618597719
-0.07190756591962634;0.8126208002796876
-0.10664562651614276;0.7919775021696944
-0.38959837727716096;0.7256554908985533
-0.3494257804560934;0.7384852013174792
-0.32590732444637366;0.7688022526076861
-0.44770758685462153;0.7444006851660596
-0.5065749939027765;0.7675601154683567
-0.02374186185576991;0.9112223271327061
-0.015820991591196907;0.9689174271061153
0;0.9570376419583059
0;0.9770019202198607
-0.07156659672413807;0.8541703545210574
-0.038624025952232154;0.8916119422733028
-0.04803791913735297;0.8714559676008855
-0.021481105686409596;0.9502641909007554
-0.03636442265182434;0.9722476422606976
-0.04088594224557245;0.9347817483932572
-0.04644055533138315;0.9571640448896603
-0.01614793462341101;1.0081601051200524
0;0.9969661984814155
0;1.0169304767429703
-0.2540868259763451;0.8139566990046766
-0.31814487023046395;0.8220356431600735
-0.26488822499412845;0.859602778210114
-0.1552200175077617;0.8121812627592869
-0.1146157956343037;0.8345399053076474
-0.20824762454195847;0.8387179560448356
-0.7273102220215106;0.9252272688574654
-0.75;0.9370733636967511
-0.7332075214337743;0.9457660492438144
-0.75;0.9570376419583061
-0.5692309338504412;0.791205790548982
-0.709487960826323;0.9030037363350187
-0.7018412555726605;0.8831400005688577
-0.7017709298483551;0.922713173310788
-0.7112810844163058;0.9432811645432962
-0.6779816058982724;0.8605384961676994
-0.6437464362663763;0.838318770847027
-0.5973587950278346;0.8345417502148109
-0.7273795801402917;0.9652128438920232
-0.75;0.9770019202198611
-0.7333114898385078;0.985619347512028
-0.75;0.9969661984814155
-0.10427052937370365;0.8731447037577513
-0.013535402730004788;1.0894295134753973
0;1.0768233115276353
0;1.0967875897891897
-0.021265403933796313;1.0698572941952866
0;1.0568590332660803
-0.21665410736043286;0.8902883124367966
-0.3816424650937047;0.7878653748675423
-0.46007222266068476;0.8080791497242815
-0.5354133303423162;0.831050280251717
-0.1551403322494852;0.8709294318446464
0;1.0368947550045253
-0.02205437026010039;1.0289014669671834
-0.016141239940652773;1.0483606223034059
-0.05031954638552838;0.9137621209457452
-0.021621886897298045;0.9891895462563732
-0.07369508913059147;0.895921740578396
-0.1187051027223444;0.9088406300433438
-0.04454148074452404;0.9907788019047024
-0.0774459982356112;0.9387051865510918
-0.06399286499779451;0.976111589819296
-0.12508499404439857;0.9447749472667614
-0.16607670178047912;0.9239449146269201
-0.03722792303800142;1.010089567669297
-0.03891301037572748;1.05064831415911
-0.04643871447191464;1.0296297772279965
-0.3610949109626348;0.8512921195142507
-0.26771641580255395;0.9032875460805814
-0.3150090364793253;0.8784950882282249
-0.677678781520832;0.9011100107262344
-0.5780978005809103;0.8738542117165784
-0.6783862280937071;0.9410459623426217
-0.7276540333502195;1.0047954067235072
-0.75;1.0169304767429703
-0.7108823971989414;0.9836689156609567
-0.7028592639710762;0.963317014825536
-0.7334751942821217;1.0255612789264603
-0.75;1.0368947550045253
-0.7113754256255483;1.0230888112425074
-0.7273919303823617;1.0447480893800636
-0.75;1.0568590332660803
-0.7330681892712749;1.0655365913643835
-0.75;1.0768233115276349
-0.6306468384955755;0.8780571951629547
-0.6435934627749637;0.9209374938992657
-0.6328869350521706;0.9594633276587763
-0.06818268640435692;1.0104416267427383
-0.035556890855431116;1.0921439083627056
-0.10678588941856924;0.9829783112554742
-0.017336909943341472;1.1065897693140696
-0.052056305134250525;1.0741323661254656
-0.07200077532723723;1.0484158276027022
-0.23788552838431923;0.9546926569282367
-0.5923678662774066;0.9220780539435972
-0.5331199906892974;0.9001595986760859
-0.41726768550024507;0.8529716700772756
-0.4803155886130158;0.8730211814582157
-0.373174818637811;0.9101454462507894
-0.16407436415646393;0.9793472204915054
-0.30098445502021487;0.9390593826612098
-0.6789583787994009;0.9811339810323488
-0.7020558795536946;1.0027149355434124
-0.6786247157893631;1.0204585865505247
-0.7014884062792205;1.042380200421139
-0.7267272859498264;1.085754281777833
-0.75;1.0967875897891894
-0.734174646414122;1.1073392185201734
-0.6781332672910593;1.0595288432463024
-0.6343031472905607;1.0003640220283034
-0.5908509423340869;0.9751008589047213
-0.642731278976418;1.0412807540584388
-0.7107811551676109;1.0635210920712486
-0.7000364371543731;1.0831763115249373
-0.09968364127024862;1.030700647645331
-0.06439871818614483;1.1051185453507262
-0.0806791226475049;1.0814046375245074
-0.14795808722020762;1.0270809692261005
-0.11239386062059856;1.065542917503652
-0.2134283774859127;1.0158609758815826
-0.28427968662854197;0.9941235895794654
-0.5982164931855534;1.0239555011288806
-0.4389479321682984;0.9066262928456281
-0.5407316965841429;0.9587111082998477
-0.48655615359770715;0.9383291721893989
-0.35074265138005006;0.9774683223902753
-0.42158195285453565;0.9776809139613137
-0.38822828442020013;1.0262386939613868
-0.3258656364695603;1.0328666180371149
-0.5616051657792074;1.003134583368265
-0.6505579868259669;1.0743991359640337
-0.676376823784548;1.0938153858486426
-0.6059432588465579;1.0704388718394262
-0.25907821157034633;1.0637499579632326
-0.1979618705311159;1.0626571796394693
-0.1559408355315793;1.0882242712097363
-0.3136308169932804;1.0947935510733011
-0.5511280042119638;1.0488694120460424
-0.35966454277082593;1.0701445739971285
-0.4987232772520327;1.0094575396632635
-0.44783518180599974;1.0472982916505127
-0.5084514369281466;1.0789818207346729
-0.3615107589797965;1.1077115586984696
-0.40427126906045574;1.08514602113224
-0.5705353947623704;1.107462142469011
-0.013023656959505253;1.146646316432609
0;1.136716146312299
0;1.1566804245738544
-0.020027028852809797;1.1283106428031042
0;1.1167518680507447
-0.018077167863905407;1.164191540278733
0;1.1766447028354086
-0.04031837727286452;1.1191973987735104
-0.038249239960424015;1.148085336447601
-0.01604421612540529;1.226015873596864
0;1.2165732593585186
0;1.2365375376200727
-0.034768036320769226;1.1726125820854234
-0.75;1.1167518680507447
0;1.1966089810969636
-0.019579007687083927;1.1859377767814232
-0.021444509243388886;1.2066082883726992
-0.06811085475106934;1.137971861125889
0;1.2565018158816281
-0.023341668254711782;1.2471903600092586
-0.05834499992264362;1.1703525590927053
-0.04288638272715562;1.2245571413193987
-0.04201717742303678;1.1944229841810285
-0.016779899123568694;1.267113873448041
0;1.2764660941431827
0;1.2964303724047377
-0.023302111913497583;1.2885366579902091
-0.016622496464359433;1.3071875245237887
0;1.3163946506662927
0;1.3363589289278468
-0.022679819174481818;1.3284415682222508
0;1.3563232071894022
-0.01676988707255593;1.3477945950450896
-0.75;1.1566804245738544
-0.75;1.136716146312299
-0.7316352788629219;1.147058050127408
-0.7359854151207443;1.1643151615231806
-0.75;1.1766447028354086
-0.7288057125411425;1.1266187630553006
-0.7061210453628665;1.1095509067568576
-0.7284524492367818;1.1841870138961539
-0.75;1.1966089810969636
-0.7338041248896645;1.2050665215247218
-0.75;1.2165732593585186
-0.7270445605226132;1.2247648289870545
-0.75;1.2365375376200731
-0.710764707346149;1.1613519064720497
-0.7050374053911291;1.1375293239500444
-0.6759738932065933;1.1581761176349008
-0.6848559107110237;1.1239969288774452
-0.6997385484856536;1.2242983553333353
-0.7074404326667278;1.2440856129114433
-0.10489732238826324;1.1112211786553146
-0.26678372484865326;1.12633480724622
-0.21177037571860857;1.11021994776217
-0.06962765404769844;1.2004666943907383
-0.041674164642638324;1.2693169080638047
-0.10220521262748167;1.1682022813757573
-0.05142105520997979;1.249613048497563
-0.07421665072841911;1.2362634521579032
-0.0484593139060812;1.2903670451006375
0;1.396251763712512
-0.016722510679931912;1.3876915668595897
0;1.3762874854509568
-0.022594019751964615;1.4082225515489588
-0.038928268806637426;1.3098341923213102
-0.047929471748961415;1.3308638221853604
-0.022631031399592407;1.3683450746979366
-0.03844224658926616;1.3499452885587755
-0.7325866030083256;1.2458918880078969
-0.75;1.2565018158816281
-0.7261370585088941;1.2656465229971916
-0.75;1.2764660941431827
-0.7329977852118378;1.2864206731791474
-0.75;1.2964303724047384
-0.7270434456651536;1.3067132900867608
-0.75;1.3163946506662927
-0.7317167770521723;1.3267673536356503
-0.6993465259539683;1.2625370883909741
0;1.4162160419740668
-0.016744194374227132;1.4276686722355523
0;1.4361803202356216
-0.7052554318480885;1.2872027899876215
-0.4019049718353179;1.150590637523834
-0.7075362497963977;1.2033978282713744
-0.7007277185373695;1.1826786400684286
-0.6739589604869862;1.2020005313363438
-0.6391688764586948;1.1690619904867632
-0.625190785434527;1.1986732282375385
-0.5911919711962104;1.163107883761315
-0.6767952829533349;1.2424172712641004
-0.6366158445792913;1.1221636602477447
-0.7361511776864716;1.3440723423217213
-0.7134918414721347;1.3406968532901096
-0.7289402286097261;1.3633746560268367
-0.75;1.3363589289278472
-0.75;1.3563232071894027
-0.75;1.376287485450957
-0.7340153678931969;1.384145857646469
-0.75;1.396251763712512
-0.15185023897391806;1.1401321529899655
-0.21678104349876862;1.1590891404838222
-0.3265538973363965;1.1620010804955785
-0.26189433172191834;1.1768491026302674
-0.3548482865880786;1.2110630443889838
-0.1517656073835179;1.1999076003892526
-0.0999004483513758;1.2114983627622373
-0.12100313621839784;1.2536626140830607
-0.0738673799671773;1.2726850530222178
-0.07193036188460863;1.314076719210973
-0.10773723717004068;1.2951241960890956
-0.039909140537023435;1.4297313273746708
-0.04822037367003519;1.4103602284967085
-0.03915841398064292;1.3900662244644013
-0.07088709436213111;1.3536062395889457
-0.04782159217302113;1.370745950516294
-0.07131340853304331;1.3925728776759017
-0.11726129265084802;1.3404090010800676
-0.7069946489665576;1.3170737708501086
-0.6333749178481364;1.2308505405618504
-0.6714820959320903;1.276927006340028
-0.6453474484805696;1.262541120334361
-0.6795282267132393;1.3378533527611243
-0.6834204678071982;1.3033361271888921
-0.7277660312868581;1.404092260543596
-0.7115026783709859;1.382123605593784
-0.7023247601697613;1.360798959996235
-0.7019872122220376;1.4021168696347543
-0.6776095611295154;1.3783424438701428
-0.4154956377748482;1.2186345616294272
-0.3735135464408912;1.256530880513713
-0.4638914679975116;1.1143865767698165
-0.5261500263095574;1.143762961844518
0;1.4561445984971764
-0.02254429608197676;1.4482188830368494
-0.04740810533064409;1.4499890871935226
-0.03872737190936299;1.4696086103733226
-0.016654173063699346;1.4675979817370641
-0.5889720096399592;1.2183993795666368
-0.47126348745725993;1.1757830508264662
-0.48122936678176725;1.2381484712762245
-0.5315412596961425;1.195766827077025
-0.5431921815588068;1.2414241929485317
-0.75;1.4361803202356216
-0.7273715350229596;1.4441274371141095
-0.75;1.4561445984971764
-0.7332319135251706;1.4247179366846887
-0.75;1.4162160419740668
-0.22771210210334364;1.2154104580811187
-0.18254652541530858;1.2587945469427138
-0.28822530386384104;1.216769595754219
-0.2522827167535773;1.2650586622509268
-0.32078178008348684;1.261628138947144
-0.15611815881075292;1.2979676294400213
-0.17748649139583159;1.3456542145467987
-0.10096991122457073;1.3784545197761724
-0.1437774487501565;1.3843311486827679
-0.10709172713486045;1.4121160898501692
-0.07195835179340784;1.4314340146251547
-0.1128717768603446;1.45264306510241
-0.19917178546582737;1.3987865821977576
-0.5955653500780023;1.2638950543126182
-0.6383980813818162;1.3075187607592023
-0.6465629656454673;1.354352743808314
-0.7332493669851778;1.4646703066295985
-0.7117119633355881;1.4626265130210458
-0.7101121759388129;1.422375512780934
-0.7018092531387714;1.441749828925243
-0.21704187875375827;1.310375000563543
-0.23962073667864342;1.3661103921787483
-0.6778995670324998;1.419524539729243
-0.6305482228702121;1.394777081632688
-0.517819722628051;1.2792526872853698
-0.5815445946369696;1.3054735220801084
-0.5529316069510686;1.2832639062885587
-0.4173054155773381;1.2801716920642012
-0.47103702732706487;1.3062215494824312
-0.2548772164469848;1.433302113377994
-0.29091529481253536;1.3824672390041304
-0.36344304438504593;1.3072917914204267
-0.28941506388970256;1.3196386099848736
-0.1519923250257113;1.4278533047506659
-0.19531414121195834;1.4461792524461117
-0.5912339734163858;1.3496284690969662
-0.6306825093550138;1.4398497703353565
-0.677768359544932;1.4602463387433073
-0.41122557842340823;1.3407830368764142
-0.3477211773270161;1.3624406860090974
-0.32628444846930965;1.4295021616457277
-0.5905467715482803;1.4654335421820628
-0.5841428915050008;1.4123032485373654
-0.533926065481399;1.3278457897664293
-0.5337650439773713;1.3867486372510054
-0.5334296138483247;1.4446161920247134
-0.46902321737932245;1.3640278379260167
-0.47696346590441546;1.4173839620918425
-0.40806157606388116;1.4037593050159831
-0.4388903627220643;1.4581805320015948
-0.38446335490076733;1.470670059826485
-0.015775869293503247;1.5465886066602534
0;1.5360017115433957
0;1.55596598980495
0;1.7156802158973894
-0.01615340927891869;1.7075087020599455
0;1.6957159376358344
-0.021474428926407375;1.8864387872129293
-0.013950827755008572;1.8477243080519232
0;1.8554301637282729
-0.01808161821871475;1.865332229933541
0;1.8753944419898276
0;1.8354658854667183
-0.022750955038318896;1.8269889437578528
0;1.8155016072051633
-0.01608483181290372;1.805305963519976
0;1.7955373289436085
-0.021977084394406543;1.7857020805017336
-0.013326304858418488;1.7480505041095196
0;1.7356444941589442
0;1.755608772420499
-0.017967849339219424;1.765577935119938
0;1.7755730506820533
-0.0221656579854772;1.5281394266117245
0;1.516037433281841
-0.036940539499600786;1.8517137204450353
-0.048516312488389605;1.8301276468044043
-0.042970756745643525;1.8768704897797626
-0.02214059204260944;1.68801027870055
0;1.6757516593742796
0;1.5759302680665055
-0.022715068157049108;1.5680539485812637
-0.016505033150483225;1.5866884629762663
-0.038970161018367776;1.5893313434382679
0;1.59589454632806
0;1.615858824589615
-0.023112711586207025;1.6077571076963735
-0.01673892213718627;1.6672520472006869
0;1.6557873811127244
-0.022658848782269918;1.6477173148037774
0;1.6358231028511696
-0.01678758814260559;1.6271621122064084
-0.039918199986768765;1.6296351185844729
-0.0474018766302602;1.5695177491411552
0;1.4761088767587314
-0.022514204085419983;1.4880796049758156
-0.016695833947610393;1.5074929255295624
0;1.4960731550202861
-0.03814831669281073;1.5095215087160532
-0.047124411264204615;1.4901904646759592
-0.03889053516867491;1.5493510840803582
-0.048194085563100585;1.5299787953570745
-0.75;1.536001711543396
-0.7332704417170275;1.5445978586191327
-0.75;1.5559659898049507
-0.036256776523007954;1.7517564519967963
-0.020978721812616435;1.7282472358588343
-0.03849782616893278;1.7097277912538025
-0.047000707184586654;1.7310615479017057
-0.04803541189785874;1.6901399553821967
-0.04212870808019178;1.7762271715283822
-0.043174180987557896;1.8046038568420824
-0.06310169994196121;1.790534829154286
-0.07310835759013104;1.8186303337082461
-0.04757452328425312;1.6098469571840113
-0.07125665145828684;1.590511511998915
-0.07232672176275189;1.714118089862945
-0.07204219673961773;1.6727106999192025
-0.07175876839289763;1.6305343895076931
-0.11404250474423618;1.6913406935010924
-0.07154472855409355;1.4724863864625737
-0.07047615928394935;1.551349947439752
-0.07091779049468012;1.5128289372781634
-0.11466895638892033;1.5707826690634628
-0.07233591348796076;1.856412068642345
-0.11187238085347902;1.8358148064056814
-0.09892738689888353;1.7906434014805668
-0.07118381515480826;1.7557221465805042
-0.1575887036704016;1.802740665415068
-0.1638363750636406;1.8619730504169438
-0.7275490223168043;1.5640782434443266
-0.7274246034760075;1.5240585347061735
-0.75;1.516037433281841
-0.711753109660195;1.5426457692159978
-0.75;1.5759302680665055
-0.7333351656513561;1.584496094704167
-0.75;1.59589454632806
-0.75;1.6957159376358346
-0.7331815670496664;1.7042751317461584
-0.75;1.7156802158973894
-0.7272524460345561;1.7237436957207306
-0.75;1.7356444941589442
-0.7332062072771905;1.7441829300645995
-0.75;1.755608772420499
-0.7274008627214404;1.7635201181877158
-0.75;1.7755730506820546
-0.75;1.8155016072051637
-0.7332002399852035;1.824023915694559
-0.75;1.8354658854667183
-0.7272809581830402;1.8034203591189488
-0.7332258995383422;1.7840283831373331
-0.75;1.7955373289436087
-0.75;1.875394441989828
-0.72729452463816;1.8833392291703315
-0.7273306233183406;1.8433410856940657
-0.75;1.8554301637282729
-0.7332202281121281;1.8639653277736692
-0.7101731323191507;1.8616407041788965
-0.7015827862323895;1.8414257339223608
-0.7103647832783412;1.7812427414095497
-0.7098704344597807;1.8220575357997513
-0.7021884479263275;1.8011796416389911
-0.7009092366292763;1.7606000795379493
-0.6779030238653628;1.819865041822804
-0.75;1.4761088767587314
-0.75;1.4960731550202861
-0.7332829750305845;1.5046702586563265
-0.7024885338358015;1.522016206305646
-0.7273979401514249;1.4841311444138752
-0.7112961919119509;1.5025345424023746
-0.12021887579867885;1.7452558877922257
-0.17441859169542495;1.7514097573229195
-0.038431976170001936;1.6692160977193944
-0.04724748977923729;1.649375761181476
-0.10275012177097961;1.5322258857138031
-0.75;1.6358231028511698
-0.7274305606504379;1.643630639296657
-0.75;1.6557873811127244
-0.7332403572950237;1.664271099483542
-0.75;1.6757516593742796
-0.7336300180996065;1.624467338900599
-0.75;1.615858824589615
-0.7274851209745482;1.6038558583444216
-0.7111167933753362;1.621724183341104
-0.6791497910011608;1.5397907403947158
-0.7029593154569838;1.5621703995334077
-0.7110050292025469;1.5822704068927913
-0.7027414683819855;1.601650688161981
-0.22416656353434222;1.8381712700200483
-0.21940205740669022;1.779029674970702
-0.20319095809887663;1.728790271185526
-0.16543831035880338;1.7061528405730417
-0.2161624157021585;1.6806527483880345
-0.11476885996608878;1.4953646067716075
-0.1164424767630164;1.6138182670568952
-0.1020119221930074;1.6531973667383648
-0.2721733384448117;1.654228681171844
-0.21469223876351157;1.6239612928962186
-0.15511935073125266;1.6547565145123184
-0.1561655072057676;1.5317474858602038
-0.15776463111461816;1.4765800158830784
-0.1639012708193149;1.593159132559511
-0.26830978814898626;1.7255775632230017
-0.28253853179526117;1.8571708443034174
-0.41296131353255444;1.8844160418625109
-0.28511897756871385;1.7975947522399411
-0.33955722430398655;1.76104029332339
-0.6788618214183576;1.580098181531793
-0.6775975780352477;1.8596799606820578
-0.7020566273796676;1.8813178958418904
-0.5255661495198886;1.8788957227954042
-0.5889907547908939;1.8564305990785501
-0.6350457634902307;1.880026065545441
-0.6317429086120261;1.8376129295342905
-0.6790981385823344;1.6200424664646955
-0.7024627187586712;1.6413068863031204
-0.7276608578274663;1.6837001541185632
-0.7110972289754778;1.6622758312058434
-0.7017848072428119;1.6819803659768633
-0.7097631899067823;1.7021359125769937
-0.677856228975743;1.6993849649409718
-0.6779194681435383;1.6592216117041048
-0.7095526024184083;1.741692596166244
-0.701356259351806;1.721289374052968
-0.5475838692856589;1.824931419198925
-0.6772248073743828;1.7790486068415072
-0.677457929120296;1.739192227580912
-0.6431211474764099;1.7994515245236424
-0.64462023566863;1.7177646498700303
-0.6300319166266298;1.756240516494601
-0.6790326116999704;1.5014716541988697
-0.6498928257176521;1.520554019333876
-0.6375756996251377;1.4829932835126542
-0.7026809737093376;1.4826996125825833
-0.3394791280270476;1.69181621337307
-0.4073787632122575;1.7308426195965532
-0.3331797917266471;1.6206396637510099
-0.5981312555982086;1.5207617865113232
-0.39519837265654656;1.653401345928906
-0.4458582822445441;1.6158682071190518
-0.3849162014072809;1.5870967618313734
-0.5391326220448612;1.497600289587421
-0.48211979860065307;1.477141062454089
-0.4337698252144001;1.5035022101448758
-0.3841065015856373;1.5318340296949737
-0.43941667398395245;1.5562010260135346
-0.48651255045427705;1.5276744322910707
-0.4940872681357395;1.5807186788445424
-0.3276023027047687;1.4991444290732558
-0.2173348732655911;1.5593392111310287
-0.21803680825621038;1.4932547787342412
-0.2801271354652634;1.479794451259498
-0.3295144760859705;1.5592427978126127
-0.2732084262102322;1.5905261557256591
-0.27453600981324705;1.5286859391540761
-0.6325814694238042;1.6723149353985005
-0.5961072590916539;1.7127093733314664
-0.5778929198447152;1.7529270603345648
-0.6490418520989854;1.6343272010771965
-0.6425410638743444;1.6002724196611129
-0.572793015432828;1.6659522234125024
-0.603757813274897;1.6283340858099085
-0.5425001169652622;1.5509623325736042
-0.550982570024345;1.6093452309420555
-0.6368830991998545;1.559784414743523
-0.5960212737911165;1.5793745958148553
-0.39367661765730905;1.787604432623836
-0.5347225387275812;1.7762501486076456
-0.4872884759771451;1.8166459702141549
-0.4756009242724282;1.7491360175005233
-0.461684552443101;1.8663187633602991
-0.4371259008681132;1.7850647767228205
-0.4241236092912718;1.8312640273805338
-0.3517588245293468;1.8387907456040447
-0.5903809551398731;1.800982658997597
-0.5336384109707761;1.7089889550751876
-0.460488274659959;1.6874687107287922
-0.5100049044769277;1.6442195954169623
0;2.2746800072209243
-0.016923505136495123;2.2660525930131703
0;2.2547157289593693
-0.03862391641351479;2.2679436066055167
-0.02295180588532829;2.246534371341413
0;2.234751450697815
-0.016783889214732856;2.2252864502709393
-0.04081879298591003;2.2275175582747555
-0.023851184310380247;2.204714604116811
0;2.21478717243626
0;2.194822894174705
-0.01566058797329656;2.183611964468807
0;2.17485861591315
-0.020580658439065272;2.165117364869076
-0.01951013115602359;2.146311422859558
-0.04115135454252077;2.1531588601782863
-0.033771556008896836;2.134586218376046
-0.018427898019865697;2.124951803483902
0;2.1548943376515957
0;2.13493005939004
0;2.1149657811284857
-0.048341204081276165;2.2480587274426704
-0.07189498010424733;2.270007042881974
-0.10766485922448513;2.2482260707281108
-0.04229344961393337;2.181533288669831
-0.07260649852131597;2.2307889952239757
-0.050037250447411016;2.207621215565985
-0.019867687989937755;2.1083509298894034
0;2.0950015028669307
-0.02019628866443763;2.0857086393731503
-0.03567477778907846;2.100177570934609
-0.07452177852600679;2.192404054140474
-0.06705870200956607;2.1593763666894206
-0.75;2.2746800072209243
-0.75;2.2547157289593693
-0.7274197479241987;2.262472031886411
-0.7108926208976406;2.2808363785102586
-0.7030154812623753;2.260601609947991
-0.7115108737495494;2.240736334377502
-0.7333444361164458;2.2431410675728123
-0.727606362393206;2.2225541390680448
-0.75;2.234751450697815
-0.75;2.2147871724362598
-0.02001342606761485;2.064107843271768
-0.037821390815904965;2.0495140578882434
-0.014522017842497474;2.0464723294886857
0;2.0550729463438215
0;2.075037224605376
-0.021769468778439098;2.0266880141049173
0;2.0151443898207115
-0.01652354715676827;2.006405029171813
0;1.995180111559157
0;2.035108668082267
-0.15169043112896818;2.2444888067549535
-0.04427346082829733;2.0273227592943215
-0.03816522706896686;2.1171542246935866
-0.0540935553779721;2.133001113424024
-0.11802425948413604;2.20480355093964
-0.02287096829373335;1.9865202552824792
0;1.9752158332976022
-0.01536117389727996;1.9646884229240869
0;1.955251555036047
-0.014010541998133907;1.906096820255413
0;1.8953587202513829
0;1.9153229985129379
0;1.935287276774493
-0.02008598186270508;1.9252763764028984
-0.020893517121862392;1.944589266355484
-0.04792354418910572;2.0758771667051477
-0.05882577597257201;2.1052914626299026
-0.09000433599077072;2.12759535069791
-0.09422130525348828;2.1667035979184126
-0.08375168883785479;2.088570904091192
-0.04321191628229317;1.9629571081647206
-0.20150306026471942;2.2419033408922022
-0.23463382276400138;2.269504486098226
-0.6784699589094483;2.279220472578202
-0.6789210631214289;2.238393524317296
-0.7334408987665235;2.2032231167169023
-0.7030662939641014;2.2200782395062615
-0.6797404960425972;2.1984121757647044
-0.7115922384325026;2.200785773601465
-0.7024992290801823;2.180355897582492
-0.7275626866848289;2.182681168980344
-0.7102976760698088;2.1614207882854175
-0.7334025326385524;2.1634702983540706
-0.75;2.1948228941747043
-0.75;2.17485861591315
-0.7276091127266248;2.1430610331323248
-0.7031110236399596;2.1411039993123233
-0.75;2.1548943376515957
-0.75;2.13493005939004
-0.07204466157212945;2.047431308402185
-0.06423574553391656;2.0118326868407364
-0.03675131029711051;2.008152158413933
-0.04714258408158872;1.9917632327424712
-0.13339547360634332;2.1529161917295374
-0.18497971899192203;2.187611793980211
-0.04238318473085238;1.9076484272792165
-0.04484300432142048;1.933767517150823
-0.07546632592116036;1.9809660462785474
-0.12510698659146996;2.1021541683199105
-0.10572740368377075;2.0656418479580574
-0.11027885810192532;2.0136900645203344
-0.18086255838486137;2.1201827816070358
-0.16110274852999806;2.057884233336381
-0.06618281813067708;1.9494987510552697
-0.11516078701860029;1.9511164039037432
-0.07605418970095246;1.9178423960496995
-0.06558890729771907;1.8914516408626625
-0.22700380283020521;2.0782019157627243
-0.25201243210161983;2.2124009091753365
-0.24190338106704418;2.1439644043115735
-0.300980171402433;2.163290861824665
-0.27859717839592063;2.2619287358185995
-0.3158076428793474;2.2249995120368853
-0.44989396078364174;2.254096897863355
-0.49040830564325705;2.2699513988683133
-0.3686907620685796;2.2496829988941602
-0.40994610738523735;2.263441874773223
-0.4118311866042808;2.2140058097884507
-0.36487533327969074;2.1843131179720414
-0.6385421546412042;2.2583751115958304
-0.6368945871814082;2.2133316416736295
-0.6459257304683295;2.179539351405794
-0.5849965414602609;2.22952288144917
-0.5357197102792669;2.262484107758355
-0.49296086810691647;2.2239796129427556
-0.5335699862346993;2.2122589601998
-0.4572492664981075;2.2020810090514273
-0.3581526046931959;2.120063536961426
-0.5025892348461133;2.161814508196569
-0.75;2.075037224605376
-0.7335950555438743;2.083337986845879
-0.75;2.0950015028669307
-0.75;2.0550729463438215
-0.7287721750420213;2.062505580032244
-0.6791697483419575;2.159737788181294
-0.6797495120899192;2.120689858213785
-0.7103595829372106;2.1217627234594487
-0.7027169910675065;2.102333241294902
-0.7334965569039116;2.1236220910772023
-0.75;2.1149657811284857
-0.7276775473018445;2.103107625249761
-0.7120425121713471;2.0812610353717
-0.6786119657943719;2.0819614443630856
-0.6472628970963756;2.0984023549615816
-0.7005010438288107;2.0580445580261064
-0.7167202747574869;2.0410972778579337
-0.6987430080889762;2.0338772329606787
-0.7364202654872339;2.0434319326570325
-0.75;2.035108668082266
-0.7327326881608909;2.026350172999531
-0.75;2.0151443898207115
-0.7107367026314485;2.017553334470034
-0.7289947208125099;2.0053932886848163
-0.75;1.995180111559157
-0.7333970652310986;1.986003241626173
-0.75;1.9752158332976029
-0.7261729514241074;1.9649385671330728
-0.75;1.955251555036047
-0.2914055324291248;2.0937658643945785
-0.1614665160451724;2.0000533514995293
-0.17682711842764776;1.9537819345139966
-0.20908790075653785;2.027066901189405
-0.10945393082437248;1.8900739311385268
-0.16337348254251238;1.9128206222912876
-0.20523308408349694;1.8913395777852506
-0.27278070507703717;2.021855776304926
-0.42559774226248676;2.148381566046714
-0.34296955720962713;2.0506302588152288
-0.3368476108452728;1.9722426414886578
-0.46335043338427273;2.100878909099091
-0.41069435154091616;2.0803156876987745
-0.4010414061325137;2.0140103895220327
-0.4665014729512335;2.0430696288651706
-0.558548987800684;2.1821314994183547
-0.6329537832726058;2.137805000880408
-0.6046727101920284;2.1789321631197254
-0.5648215075495331;2.135744473223796
-0.5996693369173738;2.093795575419656
-0.75;1.8953587202513829
-0.7334251677007341;1.9041346549840856
-0.75;1.9153229985129379
-0.5266966181573892;2.082833955613349
-0.5292180899100691;2.01148552465175
-0.672670963306337;2.0431108222912093
-0.6386761178682574;2.0616410311868174
-0.5847827731257988;2.037342863222305
-0.7079581512682598;1.9882834982898343
-0.6841546352509367;2.0115401930398624
-0.6403302432159291;2.0101236043981867
-0.6747972383538534;1.9777057328000383
-0.7271489643662635;1.9234087210270838
-0.7328442110290543;1.944580583234511
-0.75;1.935287276774493
-0.7004175482284056;1.9625355279918724
-0.7099298463644492;1.9429533065390316
-0.22021131438886615;1.9809170987231428
-0.25368653203537656;1.894353099383699
-0.21368257650950936;1.930597806207154
-0.26985168940004356;1.9512068807250667
-0.4089764025427158;1.9523752444117513
-0.4660179487298992;1.9842699772003909
-0.3122197188053776;1.903603349776469
-0.3661272634432696;1.9126495881422625
-0.4670528425628248;1.9191374762445716
-0.678274341713727;1.9396306375901458
-0.7114724572038872;1.9018292106624255
-0.7028417770044454;1.9220813330101856
-0.6787730995064919;1.899731614086766
-0.5844756052392747;1.9810223328248544
-0.5309674426528912;1.9486142058327127
-0.6316025266930415;1.9587857483028654
-0.6449422018207854;1.9180350865600422
-0.5936192749562317;1.9158286558947797
0;2.505558043953526
0;2.518765032177086
-0.00951507289101687;2.5053925318342514
0;2.4913116253410044
-0.75;2.505558043953526
-0.7395076975842438;2.5092988803462437
-0.75;2.518765032177086
-0.7345290785070278;2.518765032177086
-0.7371112201925192;2.497354645318101
-0.015470921503903414;2.518765032177086
-0.027368255704529717;2.502348159779821
-0.03430961248180937;2.518765032177086
-0.23466588494717988;2.518765032177086
-0.22609259127634418;2.501922357224603
-0.21461950259071771;2.518765032177086
-0.18465697460382532;2.5037437952416233
-0.17452673787779363;2.518765032177086
-0.19457312023425571;2.518765032177086
-0.01646478308995778;2.492724991807038
-0.013044268535868759;2.4808776331062896
0;2.4740104105451017
-0.05424849164428941;2.518765032177086
-0.044292993154171026;2.4989451957730893
-0.03156119992975109;2.4820393403160566
-0.11438759080840724;2.518765032177086
-0.1056186462230947;2.501972950982773
-0.09434120845194509;2.518765032177086
-0.017478711334052204;2.4646670163947464
0;2.454358511574918
-0.2071109281336976;2.496002994454215
-0.27475864966010405;2.518765032177086
-0.26617404041214215;2.5019287484047217
-0.25471226730364205;2.518765032177086
-0.24670974730441694;2.4960125908879376
-0.30524538426171693;2.5035185602710097
-0.2948050320165661;2.518765032177086
-0.3148514143730282;2.518765032177086
-0.3549441790859525;2.518765032177086
-0.34625975121798364;2.5020962676135845
-0.3348977967294905;2.518765032177086
-0.32691841754301576;2.4965404412818133
-0.4351297085118008;2.518765032177086
-0.42690753155414035;2.5024738872596197
-0.4150833261553388;2.518765032177086
-0.40697124617301683;2.496334415534151
-0.3950369437988766;2.518765032177086
-0.75;2.4913116253410044
-0.7253728775904111;2.5059985493619976
-0.7156812463781627;2.518765032177086
-0.7326992217023756;2.4780741024219277
-0.7229121918292185;2.490821411378953
-0.2867665778714242;2.4964387633681078
-0.08536575051622657;2.49494058040333
-0.07429482609548307;2.518765032177086
-0.0651615815112075;2.5020090419615966
-0.22845919318228522;2.4801915899639084
-0.20893035842020824;2.471626314630291
-0.16658057900741494;2.4963409873881415
-0.1544803555213314;2.518765032177086
-0.14564181150163336;2.5025000798006247
-0.13443397316486938;2.518765032177086
-0.1480764064677498;2.4811077433447273
-0.18823931992983484;2.4803214936438356
-0.16801772341683713;2.471903812427457
-0.12640718249171123;2.4962160396473885
-0.062361132616458176;2.473062870513865
-0.03829879836143417;2.4560754273459993
-0.10845651798140518;2.480989350552033
-0.09124291346039483;2.471055051012214
-0.017885232488321454;2.4453984400236246
0;2.434394233313363
0;2.414429955051808
-0.01746925826818011;2.4237637562703194
-0.03228713193125177;2.4349139823736565
-0.01627388285749046;2.4043022299509627
0;2.3944656767902526
-0.01321706491519052;2.387295529273884
0;2.3745013985286985
-0.03465461105646562;2.390515493129799
-0.12857840855156602;2.472869617506911
-0.0598805525367956;2.436531051048206
-0.08392854598022845;2.451064411609393
-0.1138475219053785;2.451523525574071
-0.38635785117597954;2.5021172180277453
-0.37499056144241466;2.518765032177086
-0.36688182301065186;2.4965916614345014
-0.26840981198563246;2.4802458053386367
-0.24863020453706527;2.4722197492942124
-0.30793402157264865;2.480405695487839
-0.28848853408943287;2.4720559376802442
-0.6957326392516335;2.518765032177086
-0.705033258568692;2.4972209429090007
-0.6816111446015678;2.5060316918723573
-0.675686296789346;2.518765032177086
-0.6556399144328839;2.518765032177086
-0.6634546107360842;2.5025991444226166
-0.6462555568372291;2.5054769885622687
-0.6355935320764218;2.518765032177086
-0.6271846857304204;2.4983321370626896
-0.6155471497199597;2.518765032177086
-0.6071536348963331;2.502769143216572
-0.5955007673634977;2.518765032177086
-0.5659465559982182;2.5017749890296477
-0.5554080026505733;2.518765032177086
-0.5754543850070355;2.518765032177086
-0.4671084446927344;2.5054712706737936
-0.45517609086826294;2.518765032177086
-0.47522247322472494;2.518765032177086
-0.5460252608950138;2.495168477501399
-0.5353616202941114;2.518765032177086
-0.5248780197302525;2.5022443121745197
-0.5153152379376492;2.518765032177086
-0.4952688555811871;2.518765032177086
-0.48426684659072416;2.501951166697893
-0.5050909953990427;2.4970371133653377
-0.4696585207284084;2.4853666129303837
-0.44773074679775576;2.4976695811420155
-0.3478278382609578;2.479244549273434
-0.3284193253932727;2.4715683701012483
-0.38793980887508045;2.4806627110090496
-0.3674378590606605;2.472427594817993
-0.5875612073532352;2.4961809979218965
-0.4283606908345026;2.479199146596311
-0.40847825911137237;2.472399445534027
-0.75;2.474010410545101
-0.7316662397064505;2.4607624525347234
-0.75;2.454358511574918
-0.7351758960199012;2.4433407215496565
-0.75;2.434394233313363
-0.7090321038134628;2.4710546314790554
0;2.29464428548248
-0.022627222759339437;2.2867324409278975
-0.14997769747091608;2.4492287874191443
-0.23042441872182434;2.4478335203262853
-0.1896836503825206;2.446941624960022
-0.039665118191425805;2.4148910797881955
-0.06074756661925189;2.4055474026560906
-0.01692207046236177;2.3060905170684
0;2.3146085637440343
-0.020780353970770184;2.3680012230586733
0;2.354537120267144
-0.016038030747730025;2.34706689870033
0;2.334572842005589
-0.022610321650570482;2.3267915920878925
-0.05103280921038516;2.374244107458625
-0.04135428495317056;2.3499594197651787
-0.04890856315642046;2.288400110852903
-0.09365426905908178;2.4182212169880577
-0.07664927230193741;2.34993126999194
-0.07697821366797261;2.3874803630898622
-0.03976887489605461;2.3082249063040554
-0.13014184599104447;2.4240379646948287
-0.26991042956166933;2.4479788921616237
-0.3101186834213249;2.448392192061195
-0.6777112106887971;2.479330411578845
-0.6482111980334574;2.4864295252737785
-0.6292921845169538;2.4753412088892013
-0.5680272849034081;2.4793005805296637
-0.6088447684397365;2.4812500381510065
-0.5477094030013006;2.4684058999895693
-0.5235140607521352;2.4748276966692404
-0.49412093652778394;2.4788789338539443
-0.47765563719811766;2.4664320448774393
-0.4530985350559086;2.468304523516964
-0.3486348618034056;2.448206490372685
-0.38876180364316737;2.4478394699113144
-0.5901896777641065;2.4720644575023134
-0.42801605865679976;2.4482760958561443
-0.6812971560724242;2.442386333590174
-0.7285861262118065;2.423437946044888
-0.7155120804263029;2.443303639712529
-0.7046014109738279;2.4224901899240066
-0.7124327642091957;2.4021244305978176
-0.7335420868796376;2.4034472106982996
-0.75;2.414429955051808
-0.75;2.3944656767902526
-0.727429258491959;2.382728580754274
-0.75;2.3745013985286985
-0.7332276544139544;2.36308531539614
-0.75;2.354537120267143
-0.75;2.334572842005589
-0.7273412304849525;2.342525327036432
-0.7116310089089558;2.361078736730602
-0.7019151545372957;2.339943108516138
-0.12401632239966238;2.376470255355411
-0.16632175596413706;2.408709084217701
-0.25023226492527634;2.415230594799927
-0.21086535919016539;2.4056935906725627
-0.049648529174990554;2.3283997900809372
-0.11085203235745494;2.3289638364858694
-0.07240099900097506;2.30907602015997
-0.12073190472861207;2.2883267670753114
-0.18497831114525226;2.3640075214072787
-0.29283165469738087;2.402659790753867
-0.3304853819002839;2.4165991307579504
-0.2481659003495795;2.3661233383129368
-0.3685564161171964;2.404542131314774
-0.40849090074758104;2.415289399243021
-0.6472722165094875;2.4566261185380336
-0.6127993568077463;2.450064379626581
-0.5726695577078864;2.4460505064037106
-0.6438197939190013;2.422269758045503
-0.6788636418682922;2.400956939044711
-0.7032918528107103;2.3814640379980543
-0.5344107810774649;2.4433872286829375
-0.501010970833225;2.451568771618655
-0.46755418636896984;2.437772037618516
-0.5537716368146638;2.4151141319834517
-0.449422042893875;2.4023022436565884
-0.6774413507730747;2.358832498910864
-0.6782125488634403;2.3181748849385335
-0.7103299142631055;2.3204350142363985
-0.7336887872116212;2.323556038125933
-0.75;2.3146085637440343
-0.75;2.2946442854824793
-0.7273216257517746;2.302566940640699
-0.7332102527045697;2.2831326999387276
-0.7016133143289718;2.3002693156336917
-0.15665081800846278;2.328105328227138
-0.18244049969036905;2.285749455873746
-0.21123310494161085;2.3206716194559927
-0.3311816062677797;2.3844535024310907
-0.30473768414777086;2.350098591402282
-0.2692298367423532;2.3134430744047783
-0.3587775077413335;2.351936927680085
-0.40705336985955565;2.3613982824890978
-0.6345637169772923;2.336458965256644
-0.6478470342982805;2.295836450831294
-0.6344149330390896;2.379146318595458
-0.5946208543897846;2.403389966712713
-0.4661540182132809;2.3470833575191428
-0.5925502337047471;2.350705556904958
-0.5056625705806993;2.4027227421296393
-0.5529076847834046;2.3750768043715444
-0.521621536976137;2.350322592633149
-0.554083673099639;2.3246146605525344
-0.5073812779653308;2.311003905935757
-0.46995418145489837;2.2967582994577196
-0.43119501098933727;2.304299009055521
-0.32871712112167933;2.2902825444420927
-0.3840916057969819;2.3016130132407
-0.6008931386179119;2.293909754311957
% Elements (triangles)
1;2;3
1;4;2
1;5;4
5;6;4
7;8;9
7;9;10
11;12;3
1;3;12
1;12;5
13;11;14
13;12;11
15;5;12
5;16;6
15;16;5
17;6;16
18;19;8
7;18;8
20;10;21
7;10;20
7;20;18
22;23;14
13;14;23
13;23;24
13;24;12
15;12;24
25;26;27
15;28;16
15;24;28
17;29;27
16;29;17
25;27;29
29;16;28
26;30;31
25;30;26
32;33;22
33;23;22
34;31;35
35;31;30
36;37;34
36;34;35
38;39;40
40;41;32
39;41;40
33;32;41
42;43;44
19;45;46
18;45;19
47;46;48
46;45;48
49;50;51
21;52;53
20;21;53
52;54;55
55;53;52
45;18;56
53;56;20
20;56;18
54;44;57
43;57;44
55;54;57
58;59;60
61;62;60
58;60;62
59;63;64
58;63;59
64;65;66
65;64;63
67;68;69
69;70;49
68;70;69
50;49;70
71;72;73
66;74;71
65;74;66
72;71;74
75;76;77
78;79;67
68;67;79
77;80;81
76;80;77
81;82;78
82;81;80
82;79;78
33;41;83
33;83;23
84;24;23
84;23;83
84;85;24
28;24;85
25;29;86
25;86;30
29;28;86
85;86;28
30;87;35
30;86;87
88;89;38
39;38;89
37;90;91
36;90;37
91;92;93
92;91;90
93;94;95
92;94;93
95;96;97
96;95;94
36;35;98
36;98;90
35;87;98
98;87;99
98;100;90
98;99;100
39;89;101
39;101;41
102;83;41
102;41;101
103;89;88
104;103;88
97;105;61
96;105;97
62;61;105
73;106;75
72;106;73
76;75;106
51;107;108
50;107;51
108;109;110
109;108;107
111;112;113
110;114;111
109;114;110
112;111;114
115;47;48
115;116;47
113;117;42
112;117;113
43;42;117
43;117;118
43;118;57
45;119;48
56;119;45
48;120;115
120;48;119
50;70;121
50;121;107
55;57;122
55;122;53
53;122;56
56;122;119
123;122;57
123;57;118
58;62;124
58;124;63
105;125;62
126;125;105
124;62;125
124;127;63
65;63;128
65;128;74
128;63;127
68;79;129
68;129;70
121;70;130
130;70;129
72;74;131
72;131;106
131;74;132
132;74;128
76;106;133
76;133;80
133;106;134
134;106;131
135;80;133
129;79;136
82;80;137
82;137;79
135;137;80
136;79;137
102;138;83
83;138;84
84;138;85
87;86;139
99;87;139
85;139;86
139;85;138
101;89;140
103;141;89
140;89;141
140;142;101
101;142;102
102;142;138
92;90;143
92;143;94
100;143;90
94;144;96
96;144;105
144;94;143
126;105;144
100;145;143
146;99;139
147;145;100
147;100;99
147;99;146
148;149;104
103;104;149
103;149;141
228;229;148
229;149;148
230;231;232
231;233;228
230;233;231
229;228;233
126;144;150
116;151;152
115;151;116
115;120;151
153;151;120
123;154;122
120;119;154
119;122;154
153;120;154
155;107;121
109;107;156
109;156;114
156;107;155
112;114;157
112;157;117
158;157;114
158;114;156
159;118;117
159;117;157
130;160;121
121;160;155
152;161;162
161;152;151
162;163;164
161;163;162
165;164;163
159;166;118
118;166;123
123;166;154
165;167;164
126;168;125
150;168;126
125;169;124
169;125;168
124;169;127
170;127;169
127;171;128
170;171;127
132;128;171
136;172;129
130;129;172
130;172;160
132;173;131
132;171;173
134;131;173
134;174;133
134;173;174
135;133;174
135;175;137
135;174;175
136;137;175
136;175;172
234;235;232
230;232;235
236;237;234
237;235;234
142;176;138
139;138;176
146;139;176
141;149;177
229;233;238
229;238;149
177;149;238
177;178;141
141;178;140
140;178;142
179;142;178
179;176;142
145;180;143
144;143;180
150;144;180
150;181;168
181;150;180
147;182;145
145;182;180
147;146;182
146;176;182
179;183;176
176;183;182
230;235;239
230;239;233
238;233;240
240;233;239
161;151;184
161;184;163
153;184;151
185;163;184
165;163;186
186;163;185
153;187;184
153;154;187
184;187;185
188;154;166
188;187;154
155;189;156
155;160;189
156;189;158
158;190;157
158;189;190
159;157;190
159;190;166
172;191;160
160;192;189
192;160;191
167;193;194
165;193;167
165;186;193
166;190;195
188;166;195
196;194;193
194;196;241
196;242;241
241;242;243
244;243;242
243;244;245
168;197;169
181;197;168
169;197;170
170;198;171
170;197;198
199;171;198
199;173;171
175;200;172
191;172;200
174;173;201
199;201;173
202;175;174
202;174;201
202;200;175
239;235;246
237;236;247
248;247;236
237;247;249
237;249;235
246;235;249
250;251;248
251;247;248
252;253;250
251;250;253
240;254;238
177;238;254
177;254;178
178;254;203
179;178;203
179;203;183
180;182;204
181;180;204
181;204;197
205;204;182
183;205;182
203;206;183
183;206;205
246;255;239
240;239;255
240;255;254
185;207;186
185;187;207
196;193;208
196;208;242
209;208;193
209;193;186
209;186;207
187;210;207
188;210;187
188;195;210
189;211;190
192;211;189
195;190;211
210;212;207
192;191;213
192;213;211
200;214;191
213;191;214
195;211;215
215;212;210
210;195;215
245;256;257
244;256;245
258;257;256
257;258;259
244;242;260
244;260;256
261;260;242
261;242;208
198;197;216
197;204;216
199;198;217
198;216;217
199;217;201
218;201;217
202;201;219
202;219;200
218;219;201
214;200;219
246;249;262
246;262;255
251;253;263
251;263;247
249;247;264
264;247;263
264;262;249
265;253;252
266;265;252
265;266;267
268;269;270
269;267;266
268;267;269
263;253;271
265;267;272
265;272;253
271;253;272
254;255;273
203;254;273
273;206;203
205;220;204
216;204;220
220;205;274
206;274;205
273;275;206
206;275;274
262;276;255
273;255;276
276;275;273
277;278;270
268;270;278
279;280;277
280;278;277
281;276;262
209;221;208
209;207;221
261;208;221
207;212;221
282;256;260
261;283;260
261;221;283
282;260;283
215;211;222
213;222;211
221;284;283
212;284;221
212;215;223
284;212;223
222;223;215
214;219;224
214;225;213
224;225;214
222;213;225
259;285;286
258;285;259
258;256;287
258;287;285
287;256;282
288;286;285
286;288;289
288;290;289
289;290;291
216;226;217
216;220;226
218;217;227
227;217;226
218;227;292
218;292;219
224;219;292
271;293;263
263;293;264
264;293;262
293;281;262
268;278;294
268;294;267
272;267;295
295;267;294
295;296;272
271;272;296
271;296;293
297;298;299
299;300;279
298;300;299
280;279;300
294;278;301
220;274;302
302;226;220
274;275;303
303;302;274
281;304;276
276;304;275
275;304;303
301;305;294
295;294;305
295;305;296
306;307;297
298;297;307
280;300;308
280;308;278
301;278;308
296;309;293
281;293;309
281;309;304
282;310;287
282;283;310
311;310;283
311;283;284
223;222;312
225;312;222
224;313;225
224;292;313
311;284;314
223;314;284
314;223;312
288;285;315
288;315;290
316;315;285
316;285;287
287;310;316
316;317;315
316;310;317
318;290;315
318;315;317
319;312;225
319;225;313
320;290;318
321;291;290
321;290;320
321;322;291
321;323;322
321;320;323
322;323;324
325;326;327
328;307;306
328;306;329
330;313;292
227;226;331
226;302;331
332;292;227
331;332;227
330;292;332
333;296;305
333;309;296
298;307;334
298;334;300
308;300;335
335;300;334
335;336;308
308;336;301
301;336;305
302;303;337
331;302;337
303;304;338
338;337;303
339;304;309
339;338;304
328;329;340
341;342;343
342;340;329
341;340;342
334;307;344
336;345;305
333;305;345
328;340;346
328;346;307
344;307;346
333;345;347
333;347;309
347;339;309
310;348;317
311;348;310
311;314;348
312;349;314
319;349;312
319;350;349
319;313;350
313;330;350
348;314;351
351;314;349
352;353;325
326;325;353
324;354;352
354;324;323
354;353;352
355;317;348
355;348;351
318;356;320
318;317;356
356;317;355
357;356;355
358;323;320
358;320;356
354;323;359
354;359;353
359;323;358
360;353;359
326;353;361
361;353;360
327;362;363
326;362;327
326;361;362
363;364;365
364;363;362
366;362;361
330;332;367
330;367;350
332;331;368
332;368;367
331;337;368
369;370;343
341;343;370
341;370;371
341;371;340
372;346;340
372;340;371
448;449;369
449;370;369
344;373;334
335;334;373
335;373;336
373;374;336
345;336;374
338;375;337
337;375;368
376;338;339
376;375;338
347;377;339
376;339;377
372;378;346
344;346;378
344;378;373
374;379;345
347;345;379
379;377;347
365;380;381
364;380;365
381;382;383
382;381;380
360;384;361
366;361;384
364;362;385
364;385;380
385;362;366
382;380;386
387;386;380
387;380;385
388;350;367
349;389;351
349;350;389
390;389;350
388;390;350
357;355;391
355;351;391
391;351;389
366;392;385
366;384;392
387;385;392
357;391;393
394;393;391
358;395;359
358;356;395
360;359;395
360;395;384
357;395;356
395;393;384
357;393;395
382;396;383
382;386;396
383;396;397
398;397;396
398;399;397
450;451;452
452;453;448
451;453;452
449;448;453
389;400;391
394;391;400
400;389;390
368;375;401
367;368;401
388;367;401
402;401;375
388;403;390
388;401;403
449;453;454
449;454;370
371;370;404
404;370;454
404;405;371
372;371;405
372;405;378
378;406;373
374;373;406
407;378;405
407;406;378
406;408;374
379;374;408
376;377;409
376;409;375
402;375;409
379;408;410
377;379;410
377;410;409
411;400;390
411;390;403
384;412;392
412;384;393
393;394;412
387;413;386
387;392;413
414;396;386
414;386;413
413;392;415
415;392;412
416;394;400
412;417;415
417;412;394
416;417;394
398;396;418
414;418;396
398;419;399
398;418;419
399;419;420
420;421;455
421;420;419
456;457;458
457;459;450
456;459;457
451;450;459
451;459;460
451;460;453
454;453;461
461;453;460
416;400;422
422;400;411
423;403;401
402;423;401
402;409;424
402;424;423
403;425;411
423;425;403
461;462;454
404;454;462
404;462;405
462;426;405
407;405;426
463;464;465
465;466;458
464;466;465
456;458;466
407;426;427
407;427;406
406;427;408
408;427;428
428;410;408
429;409;410
410;428;429
429;424;409
467;455;421
467;468;455
467;421;469
419;430;421
419;418;430
469;421;430
414;431;418
414;413;431
432;431;413
432;413;415
416;433;417
416;422;433
422;411;434
434;411;425
435;418;431
435;430;418
432;415;436
417;436;415
417;433;436
456;466;470
456;470;459
460;459;471
471;459;470
471;472;460
460;472;461
461;472;462
473;474;475
474;476;463
473;476;474
464;463;476
464;476;477
464;477;466
473;475;478
479;478;475
480;481;479
481;478;479
433;422;437
434;437;422
424;438;423
423;438;425
439;424;429
439;438;424
434;425;440
438;440;425
437;434;441
441;434;440
442;429;428
439;429;442
472;482;462
426;462;482
482;483;426
426;483;427
470;466;484
484;466;477
483;443;427
428;427;443
428;443;442
468;485;486
467;485;468
467;469;485
487;486;485
487;488;486
489;485;469
435;431;444
431;432;444
432;436;444
430;490;469
435;490;430
489;469;490
435;444;490
436;445;444
436;433;445
433;437;445
491;492;493
494;488;495
487;495;488
493;494;496
496;494;495
491;493;496
484;497;470
470;497;471
471;497;472
498;472;497
498;482;472
473;478;499
473;499;476
500;477;476
500;476;499
500;501;477
484;477;501
484;501;497
502;503;480
481;480;503
504;505;506
507;508;502
508;503;502
506;509;507
505;509;506
508;507;509
481;503;510
481;510;478
511;499;478
511;478;510
437;446;445
437;441;446
512;446;441
439;442;447
439;447;438
438;447;440
512;441;513
440;513;441
440;447;513
442;443;514
442;514;447
498;515;482
482;515;483
483;515;516
516;443;483
443;516;514
491;496;517
487;485;518
487;518;495
489;518;485
495;519;496
495;518;519
517;496;519
489;520;518
489;490;520
521;444;445
445;446;521
490;522;520
490;444;522
522;444;521
492;523;524
491;523;492
491;517;523
518;520;525
519;518;525
526;517;519
526;519;525
517;527;523
526;527;517
524;528;529
528;524;523
530;522;521
501;531;497
498;497;531
498;531;515
511;532;499
499;532;500
500;532;501
532;533;501
531;501;533
508;509;534
508;534;503
510;503;535
535;503;534
536;537;538
538;539;504
537;539;538
505;504;539
505;539;540
505;540;509
534;509;541
541;509;540
535;542;510
510;542;511
511;542;532
543;544;545
530;521;546
546;521;446
547;546;446
512;547;446
512;513;548
512;548;547
549;447;514
549;513;447
550;513;549
550;548;513
551;514;516
514;551;549
533;552;531
531;552;515
552;553;515
553;516;515
516;553;551
554;546;547
525;520;555
520;522;555
530;555;522
529;556;557
528;556;529
557;558;559
558;557;556
528;523;560
528;560;556
560;523;527
526;561;527
525;555;561
526;525;561
527;562;560
527;561;562
558;563;559
564;556;560
564;560;562
558;556;565
558;565;563
565;556;564
559;563;566
561;567;562
561;555;567
567;555;568
530;568;555
530;546;568
554;568;546
569;532;542
569;533;532
544;570;536
543;570;544
537;536;570
569;571;533
533;571;552
569;542;572
569;572;571
541;573;534
534;573;535
535;573;542
542;573;572
537;570;574
537;574;539
540;539;575
575;539;574
575;576;540
541;540;576
541;576;573
543;577;570
578;579;545
543;545;579
543;579;577
669;579;578
669;578;670
550;580;548
554;547;581
548;581;547
548;580;581
554;582;568
554;581;582
583;549;551
550;549;583
550;583;580
584;551;553
551;584;583
552;571;585
585;553;552
553;585;584
586;585;571
587;566;563
566;587;588
589;563;565
564;590;565
564;562;590
589;565;590
591;562;567
591;590;562
587;563;592
592;563;589
587;593;588
587;592;593
588;593;594
595;594;593
595;596;594
591;567;597
567;568;597
568;582;597
595;598;596
574;570;599
599;570;577
572;600;571
600;586;571
576;601;573
572;573;601
601;600;572
599;602;574
574;602;575
575;602;576
602;603;576
603;601;576
577;604;599
599;604;602
669;671;579
577;579;605
605;579;671
605;604;577
672;673;674
675;676;672
673;672;676
677;676;675
678;677;675
674;679;670
673;679;674
669;670;679
669;679;671
591;606;590
591;597;606
607;580;583
608;581;580
607;608;580
609;582;581
609;581;608
610;597;582
582;609;610
611;583;584
607;583;611
586;612;585
612;584;585
611;584;612
613;612;586
600;614;586
613;586;614
589;615;592
589;590;615
590;606;615
616;593;592
616;592;615
595;593;617
595;617;598
617;593;616
618;598;617
596;598;619
620;606;597
620;597;610
616;621;617
616;615;621
618;617;621
621;615;622
622;615;606
623;598;618
624;625;619
624;619;598
624;626;625
624;598;623
624;623;626
627;628;629
630;628;627
625;626;631
631;630;627
630;631;626
680;629;628
629;680;681
603;632;601
601;632;600
600;632;614
604;633;602
603;602;633
603;633;632
634;633;604
682;683;684
673;676;685
673;685;679
671;679;686
686;679;685
686;687;671
671;687;605
605;687;604
634;604;687
685;676;688
677;689;676
689;688;676
684;690;678
683;690;684
677;678;690
677;690;689
630;626;635
630;635;628
635;626;636
636;626;623
622;606;637
620;637;606
618;638;623
618;621;638
636;623;638
607;639;608
607;611;639
640;609;608
640;608;639
609;641;610
640;641;609
620;610;642
620;642;637
642;610;641
613;643;612
612;643;611
639;611;643
613;614;644
613;644;643
614;632;645
645;644;614
632;633;646
646;645;632
647;645;646
638;621;648
622;648;621
622;637;648
680;628;691
691;628;649
649;628;635
681;692;693
680;692;681
694;693;692
680;691;692
693;694;695
634;687;696
696;697;634
634;697;633
697;646;633
698;699;682
683;682;699
683;699;700
683;700;690
701;689;690
701;690;700
688;702;685
685;702;686
686;702;687
687;702;696
701;703;689
688;689;703
688;703;702
696;702;704
650;637;642
695;705;706
694;705;695
636;651;635
636;638;651
635;651;649
648;637;652
650;652;637
651;638;653
648;653;638
653;648;652
707;692;691
694;692;708
694;708;705
707;708;692
640;654;641
640;639;654
639;643;654
641;655;642
655;641;654
704;709;696
696;709;697
656;642;655
650;642;656
644;657;643
657;654;643
647;658;645
644;645;658
658;657;644
709;710;697
646;697;710
647;646;710
647;710;711
647;711;658
649;659;691
649;651;659
691;659;707
706;712;713
712;706;705
713;714;715
712;714;713
716;717;718
719;720;718
719;718;717
720;721;722
719;721;720
722;723;698
723;722;721
723;699;698
723;721;724
723;724;699
700;699;725
725;699;724
725;726;700
701;700;726
701;726;703
717;727;719
719;727;721
724;721;728
728;721;727
703;726;729
703;729;702
704;702;729
704;729;730
704;730;709
731;732;716
717;716;732
732;733;717
727;717;733
734;732;731
734;731;735
650;660;652
650;656;660
736;705;708
712;705;737
712;737;714
737;705;736
659;651;661
653;661;651
661;653;662
652;662;653
652;660;662
707;738;708
707;659;738
736;708;738
739;738;659
739;659;661
655;654;663
663;654;657
664;656;655
664;655;663
730;740;709
710;709;740
740;741;710
711;710;741
656;665;660
664;665;656
711;666;658
657;666;663
657;658;666
742;711;741
742;666;711
743;714;737
744;745;715
744;715;714
745;746;747
744;746;745
748;747;746
744;714;749
744;749;746
743;749;714
750;751;752
751;753;735
750;753;751
734;735;753
754;755;756
728;757;724
725;724;757
725;757;726
757;758;726
726;758;729
727;733;759
728;727;759
728;759;757
758;760;729
730;729;760
760;761;730
740;730;761
734;753;762
734;762;732
733;732;762
763;733;762
763;759;733
660;667;662
667;660;665
736;764;737
736;738;764
743;737;764
739;661;765
662;765;661
662;667;765
764;738;766
739;766;738
739;765;766
743;767;749
743;764;767
664;668;665
668;663;666
664;663;668
761;768;740
741;740;768
741;768;769
742;741;769
665;770;667
665;668;770
668;771;770
668;666;771
742;771;666
742;769;771
772;747;748
773;772;748
773;774;772
746;775;748
746;749;775
776;749;767
776;775;749
748;777;773
777;748;775
774;778;779
773;778;774
773;777;778
780;779;778
779;780;781
755;782;752
754;782;755
750;752;782
754;756;783
756;784;783
785;786;784
783;784;786
750;782;787
750;787;753
788;762;753
788;753;787
783;789;754
754;789;782
790;787;782
790;782;789
788;791;762
763;762;791
759;792;757
758;757;792
758;792;760
763;791;793
763;793;759
759;793;792
794;760;792
768;761;795
794;796;760
761;760;796
796;795;761
886;785;887
886;786;785
888;889;887
890;889;888
886;887;889
891;890;888
667;797;765
667;770;797
767;764;798
798;764;766
766;799;798
766;765;799
799;765;797
776;767;800
767;798;800
795;801;768
769;768;801
769;801;802
802;771;769
770;803;797
803;770;771
802;803;771
797;804;799
804;797;803
805;801;795
777;775;806
776;806;775
776;800;806
807;778;777
807;777;806
781;808;809
780;808;781
780;778;810
780;810;808
807;810;778
811;809;808
809;811;812
786;813;783
789;783;813
886;889;892
886;892;786
786;892;813
814;813;892
790;815;787
787;815;788
788;815;791
789;813;816
814;816;813
790;789;816
790;816;815
791;815;817
791;817;793
817;818;793
793;818;792
818;794;792
794;818;819
794;819;796
819;820;796
796;820;795
795;820;805
893;892;889
894;895;891
890;891;895
890;895;896
890;896;889
893;889;896
897;895;894
897;894;898
800;798;821
798;799;821
799;804;821
800;822;806
822;800;821
801;805;823
823;802;801
803;824;804
824;803;802
802;823;824
804;825;821
825;804;824
826;823;805
827;805;820
826;805;827
807;828;810
807;806;828
806;822;828
829;828;822
811;808;830
831;830;808
831;808;810
810;828;831
832;812;833
811;833;812
811;830;833
834;832;835
835;832;833
836;828;829
837;833;830
838;839;840
841;838;840
839;834;842
835;842;834
842;840;839
841;843;838
893;899;892
814;892;899
900;901;898
897;898;901
902;901;900
897;901;903
897;903;895
904;896;895
904;895;903
814;899;844
814;844;816
816;845;815
844;845;816
817;815;845
817;845;846
818;817;846
846;819;818
819;846;847
847;820;819
847;848;820
848;827;820
904;905;896
896;905;893
893;905;899
906;902;900
907;908;906
902;906;908
909;908;907
910;909;907
903;901;911
849;826;827
829;822;850
850;821;825
850;822;821
824;851;825
823;851;824
826;851;823
852;850;825
825;851;852
853;851;826
853;826;849
848;854;827
849;827;854
855;849;854
843;856;857
841;856;843
912;857;856
841;840;858
841;858;856
856;859;912
856;858;859
829;850;860
836;829;860
860;850;852
831;861;830
831;828;861
837;830;861
836;861;828
835;833;862
835;862;842
837;862;833
840;842;863
842;862;863
840;863;858
836;864;861
836;860;864
837;865;862
837;861;865
865;861;864
865;866;862
863;862;866
858;863;867
863;866;867
912;913;857
914;915;913
914;913;912
899;905;916
899;916;844
911;917;903
904;903;917
904;917;905
902;908;918
902;918;901
911;901;918
916;919;844
844;919;845
847;846;868
847;868;848
846;845;868
919;868;845
848;868;869
869;854;848
917;920;905
916;905;920
909;921;908
918;908;922
922;908;921
923;924;910
909;910;924
909;924;921
925;926;923
926;924;923
927;928;925
926;925;928
929;928;927
930;929;927
922;931;918
911;918;931
911;931;917
870;853;849
855;870;849
871;864;860
872;871;860
872;860;852
872;852;873
873;852;851
853;873;851
853;870;873
872;874;871
872;873;874
875;874;873
875;873;870
876;875;870
876;870;855
932;933;934
932;935;933
915;936;934
914;936;915
932;934;936
869;937;854
932;936;938
932;938;935
855;877;876
855;854;877
877;854;939
939;854;937
938;936;940
914;912;941
914;941;936
912;859;941
941;940;936
942;941;859
941;942;940
878;858;867
878;859;858
878;942;859
878;867;879
878;879;942
866;865;880
880;865;864
864;871;880
881;866;880
867;866;881
867;881;879
880;871;882
871;874;882
881;880;882
943;938;940
943;940;944
942;944;940
942;879;944
933;935;945
946;935;938
945;947;948
947;945;935
949;948;947
935;946;947
950;948;949
951;952;950
951;950;949
920;953;916
916;953;919
931;954;917
954;920;917
953;955;919
919;955;868
869;868;955
956;869;955
956;937;869
954;957;920
920;957;953
958;953;957
958;955;953
926;928;959
926;959;924
921;924;960
960;924;959
960;961;921
921;961;922
922;961;931
959;928;962
963;964;965
964;966;930
963;966;964
929;930;966
929;966;967
929;967;928
962;928;967
961;968;931
954;931;968
954;968;957
883;882;874
874;875;883
875;884;883
876;884;875
876;877;884
879;885;944
881;882;885
879;881;885
969;882;883
969;885;882
951;949;970
952;971;972
951;971;952
951;970;971
972;973;974
973;972;971
969;883;975
884;877;976
877;939;976
956;977;937
939;937;978
977;978;937
944;979;943
969;975;979
944;885;979
885;969;979
943;980;938
946;938;980
943;979;980
947;981;949
981;947;946
970;949;981
982;981;946
982;946;980
981;983;970
982;983;981
984;976;939
978;984;939
985;957;968
958;986;955
956;955;986
977;956;986
985;987;957
958;957;987
958;987;986
962;988;959
960;959;988
960;988;961
989;961;988
989;968;961
990;991;965
963;965;991
962;967;992
962;992;988
963;991;993
963;993;966
967;966;994
994;966;993
994;992;967
989;995;968
985;968;995
996;975;883
996;883;884
976;996;884
970;997;971
970;983;997
998;999;1000
974;1001;998
973;1001;974
999;998;1001
973;971;1002
973;1002;1001
1002;971;997
1003;979;975
1004;1003;975
1004;975;996
1004;996;1005
996;976;1005
984;1005;976
977;986;1006
977;1006;978
987;1007;986
986;1007;1006
985;995;1008
985;1008;987
987;1008;1007
978;1006;1009
978;1009;984
982;1010;983
982;980;1010
980;979;1010
979;1003;1010
983;1011;997
983;1010;1011
1012;1005;984
1012;984;1009
1013;1005;1012
1014;991;990
1015;1016;1017
1017;1014;990
1014;1017;1016
1018;1015;1019
1018;1016;1015
993;991;1020
1014;1016;1021
1014;1021;991
1020;991;1021
992;1022;988
989;988;1022
989;1022;995
1023;1022;992
1020;1024;993
993;1024;994
994;1024;992
1023;992;1024
995;1022;1025
995;1025;1008
1000;1026;1027
999;1026;1000
1028;1027;1026
1027;1028;1029
1030;1003;1004
1004;1005;1030
997;1031;1002
1011;1031;997
999;1001;1032
999;1032;1026
1033;1032;1001
1033;1001;1002
1033;1002;1031
1011;1034;1031
1011;1010;1034
1035;1026;1032
1034;1010;1036
1036;1010;1003
1003;1030;1036
1012;1037;1013
1012;1009;1037
1030;1038;1036
1030;1005;1038
1013;1038;1005
1028;1039;1029
1029;1039;1040
1041;1040;1039
1041;1042;1040
1006;1007;1043
1006;1043;1009
1044;1008;1025
1044;1045;1008
1007;1008;1045
1007;1045;1043
1043;1046;1009
1037;1009;1046
1013;1047;1038
1013;1037;1047
1028;1026;1048
1028;1048;1039
1048;1026;1035
1101;1102;1103
1049;1021;1016
1104;1105;1019
1018;1019;1105
1018;1105;1050
1018;1050;1016
1049;1016;1050
1106;1104;1107
1106;1105;1104
1103;1108;1107
1102;1108;1103
1106;1107;1108
1049;1051;1021
1020;1021;1051
1020;1051;1024
1023;1052;1022
1052;1025;1022
1106;1108;1109
1106;1109;1105
1051;1053;1024
1023;1024;1053
1023;1053;1052
1049;1050;1054
1049;1054;1051
1050;1105;1110
1110;1105;1109
1110;1054;1050
1052;1055;1025
1044;1025;1055
1056;1031;1034
1033;1057;1032
1033;1031;1057
1035;1032;1057
1031;1056;1057
1056;1034;1058
1036;1058;1034
1036;1038;1058
1042;1059;1060
1041;1059;1042
1060;1061;1062
1061;1060;1059
1041;1039;1063
1041;1063;1059
1063;1039;1064
1064;1039;1048
1035;1065;1048
1035;1057;1065
1064;1048;1065
1066;1047;1037
1066;1037;1046
1067;1058;1038
1047;1067;1038
1047;1068;1067
1068;1047;1066
1069;1043;1045
1043;1069;1046
1044;1055;1070
1044;1070;1045
1045;1070;1069
1066;1071;1068
1066;1046;1071
1072;1071;1046
1072;1046;1069
1073;1111;1112
1102;1113;1108
1114;1115;1101
1102;1101;1115
1102;1115;1113
1116;1114;1117
1116;1115;1114
1109;1108;1118
1118;1108;1113
1054;1074;1051
1053;1051;1074
1074;1075;1053
1053;1075;1052
1075;1055;1052
1119;1120;1117
1116;1117;1120
1118;1121;1109
1110;1109;1121
1110;1121;1054
1121;1122;1054
1122;1074;1054
1116;1120;1123
1116;1123;1115
1113;1115;1124
1124;1115;1123
1124;1125;1113
1118;1113;1125
1118;1125;1121
1126;1127;1119
1127;1120;1119
1055;1075;1076
1055;1076;1070
1122;1128;1074
1074;1128;1075
1075;1128;1076
1062;1077;1073
1061;1077;1062
1111;1073;1077
1057;1078;1065
1056;1078;1057
1056;1058;1078
1079;1078;1058
1079;1058;1067
1080;1059;1063
1061;1059;1081
1061;1081;1077
1081;1059;1080
1064;1082;1063
1064;1065;1082
1080;1063;1082
1082;1065;1083
1083;1065;1078
1076;1084;1070
1085;1070;1084
1085;1069;1070
1072;1069;1085
1067;1086;1079
1067;1068;1086
1068;1087;1086
1071;1087;1068
1087;1071;1088
1072;1088;1071
1072;1085;1088
1112;1129;1130
1111;1129;1112
1131;1130;1129
1130;1131;1132
1111;1077;1133
1111;1133;1129
1133;1077;1089
1089;1077;1081
1134;1135;1126
1127;1126;1135
1136;1123;1120
1127;1135;1137
1127;1137;1120
1136;1120;1137
1125;1138;1121
1122;1121;1138
1122;1138;1128
1136;1139;1123
1124;1123;1139
1124;1139;1125
1140;1125;1139
1140;1138;1125
1141;1135;1134
1142;1141;1134
1143;1144;1142
1141;1142;1144
1145;1143;1146
1145;1144;1143
1147;1076;1128
1076;1147;1084
1148;1128;1138
1148;1147;1128
1132;1149;1150
1131;1149;1132
1083;1078;1090
1079;1090;1078
1079;1086;1090
1080;1091;1081
1080;1082;1091
1089;1081;1091
1091;1082;1092
1083;1092;1082
1083;1090;1092
1131;1129;1151
1131;1151;1149
1089;1152;1133
1089;1091;1152
1153;1149;1151
1084;1147;1154
1154;1155;1084
1084;1155;1085
1088;1085;1155
1093;1088;1155
1094;1090;1086
1095;1086;1087
1094;1086;1095
1096;1095;1087
1096;1087;1088
1096;1088;1093
1096;1097;1095
1097;1096;1093
1156;1151;1129
1156;1129;1133
1133;1152;1156
1157;1158;1159
1160;1158;1157
1161;1162;1150
1161;1150;1149
1162;1163;1164
1161;1163;1162
1159;1164;1165
1165;1164;1163
1157;1159;1165
1141;1144;1166
1141;1166;1135
1167;1137;1135
1167;1135;1166
1168;1169;1170
1167;1171;1137
1137;1171;1136
1136;1171;1139
1140;1172;1138
1172;1148;1138
1171;1173;1139
1140;1139;1173
1140;1173;1172
1174;1166;1144
1170;1175;1146
1169;1175;1170
1145;1146;1175
1145;1175;1176
1145;1176;1144
1174;1144;1176
1147;1148;1177
1177;1154;1147
1154;1177;1178
1172;1179;1148
1179;1177;1148
1163;1180;1165
1161;1149;1181
1161;1181;1163
1153;1181;1149
1180;1163;1181
1092;1090;1098
1098;1090;1094
1152;1091;1099
1092;1099;1091
1099;1092;1098
1156;1182;1151
1156;1152;1182
1153;1151;1182
1183;1182;1152
1183;1152;1099
1153;1184;1181
1153;1182;1184
1185;1181;1184
1185;1180;1181
1178;1186;1154
1154;1186;1155
1187;1155;1186
1097;1093;1187
1093;1155;1187
1097;1188;1095
1097;1187;1188
1094;1100;1098
1094;1095;1100
1095;1188;1100
1165;1189;1157
1189;1165;1180
1190;1189;1180
1190;1180;1185
1160;1191;1158
1160;1192;1191
1191;1192;1193
1160;1157;1194
1160;1194;1192
1189;1194;1157
1189;1195;1194
1190;1195;1189
1196;1197;1168
1169;1168;1197
1198;1199;1196
1199;1197;1196
1172;1173;1200
1200;1179;1172
1174;1201;1166
1166;1201;1167
1167;1201;1171
1201;1202;1171
1173;1171;1202
1202;1200;1173
1169;1197;1203
1169;1203;1175
1176;1204;1174
1174;1204;1201
1176;1175;1205
1205;1175;1203
1205;1204;1176
1206;1207;1208
1207;1209;1198
1206;1209;1207
1199;1198;1209
1179;1210;1177
1210;1178;1177
1211;1178;1210
1178;1212;1186
1211;1212;1178
1179;1200;1213
1213;1210;1179
1204;1214;1201
1202;1201;1214
1183;1099;1215
1098;1215;1099
1215;1098;1100
1184;1182;1216
1183;1216;1182
1183;1215;1216
1190;1217;1195
1190;1185;1217
1184;1218;1185
1184;1216;1218
1185;1218;1217
1100;1219;1215
1219;1100;1188
1186;1220;1187
1212;1220;1186
1188;1221;1219
1188;1187;1221
1221;1187;1220
1212;1222;1220
1223;1193;1192
1223;1224;1193
1224;1225;1226
1223;1225;1224
1227;1226;1225
1194;1228;1192
1194;1195;1228
1223;1192;1229
1223;1229;1225
1229;1192;1228
1195;1230;1228
1195;1217;1230
1231;1225;1229
1226;1227;1232
1203;1233;1205
1205;1233;1204
1203;1197;1234
1234;1233;1203
1199;1209;1235
1199;1235;1197
1234;1197;1235
1214;1236;1202
1200;1202;1236
1236;1213;1200
1237;1204;1233
1237;1214;1204
1238;1239;1208
1206;1208;1239
1240;1239;1238
1241;1240;1238
1206;1239;1242
1206;1242;1209
1235;1209;1243
1243;1209;1242
1322;1323;1324
1211;1244;1212
1212;1244;1222
1210;1213;1245
1211;1245;1244
1211;1210;1245
1323;1325;1241
1322;1325;1323
1240;1241;1325
1213;1236;1246
1245;1213;1246
1237;1247;1214
1214;1247;1236
1247;1246;1236
1237;1233;1248
1237;1248;1247
1218;1216;1249
1216;1215;1249
1219;1249;1215
1217;1218;1250
1217;1250;1230
1218;1249;1250
1228;1251;1229
1228;1230;1251
1231;1229;1251
1252;1251;1230
1230;1250;1252
1249;1219;1253
1253;1219;1221
1254;1253;1221
1220;1254;1221
1220;1222;1254
1222;1255;1254
1222;1256;1255
1257;1256;1244
1256;1222;1244
1227;1258;1232
1232;1258;1259
1231;1251;1260
1227;1225;1261
1227;1261;1258
1261;1225;1231
1231;1260;1261
1262;1259;1258
1259;1262;1263
1262;1264;1263
1263;1264;1265
1243;1266;1235
1235;1266;1234
1234;1266;1233
1233;1266;1248
1242;1239;1267
1240;1325;1268
1240;1268;1239
1267;1239;1268
1267;1269;1242
1243;1242;1269
1243;1269;1266
1322;1326;1325
1327;1268;1325
1327;1325;1326
1328;1329;1324
1322;1324;1329
1322;1329;1326
1330;1331;1328
1331;1329;1328
1332;1333;1334
1333;1335;1330
1332;1335;1333
1331;1330;1335
1245;1246;1270
1245;1270;1244
1257;1244;1270
1271;1270;1246
1326;1329;1336
1248;1272;1247
1247;1272;1246
1271;1246;1272
1269;1273;1266
1248;1266;1273
1273;1272;1248
1274;1273;1269
1275;1257;1270
1271;1276;1270
1275;1270;1276
1275;1276;1277
1250;1278;1252
1250;1249;1278
1249;1253;1278
1252;1279;1251
1251;1279;1260
1252;1278;1279
1280;1278;1253
1254;1280;1253
1280;1254;1255
1257;1281;1256
1257;1275;1281
1275;1277;1281
1256;1282;1255
1281;1282;1256
1283;1280;1255
1255;1282;1283
1279;1284;1260
1262;1258;1285
1262;1285;1264
1286;1260;1284
1285;1258;1287
1287;1258;1261
1287;1286;1285
1287;1261;1260
1287;1260;1286
1288;1264;1285
1285;1286;1288
1288;1286;1289
1290;1265;1264
1290;1264;1291
1288;1291;1264
1288;1289;1291
1292;1291;1289
1290;1291;1293
1292;1294;1293
1292;1293;1291
1265;1290;1295
1290;1293;1295
1296;1293;1294
1295;1293;1297
1296;1297;1293
1297;1296;1298
1327;1299;1268
1267;1268;1299
1267;1299;1269
1274;1269;1299
1336;1337;1326
1327;1326;1337
1327;1337;1299
1331;1335;1338
1331;1338;1329
1336;1329;1338
1339;1340;1341
1341;1342;1334
1340;1342;1341
1332;1334;1342
1332;1342;1343
1332;1343;1335
1338;1335;1344
1344;1335;1343
1271;1272;1300
1271;1300;1276
1337;1345;1299
1274;1299;1345
1344;1346;1338
1336;1338;1346
1336;1346;1337
1274;1345;1301
1274;1301;1273
1273;1301;1272
1300;1272;1301
1302;1276;1300
1276;1302;1277
1277;1302;1347
1347;1303;1277
1281;1303;1282
1281;1277;1303
1279;1278;1304
1284;1279;1304
1304;1278;1280
1280;1283;1304
1282;1303;1305
1282;1305;1283
1306;1304;1283
1306;1283;1305
1307;1284;1304
1307;1304;1306
1289;1286;1308
1284;1308;1286
1308;1284;1307
1307;1309;1308
1307;1306;1309
1292;1310;1294
1292;1289;1310
1311;1310;1289
1311;1289;1308
1311;1308;1309
1294;1310;1312
1296;1313;1298
1296;1294;1313
1312;1313;1294
1298;1313;1314
1315;1314;1313
1314;1315;1348
1340;1349;1342
1350;1351;1339
1340;1339;1351
1340;1351;1349
1352;1337;1346
1352;1345;1337
1344;1343;1353
1344;1353;1346
1343;1342;1354
1354;1342;1349
1354;1353;1343
1355;1350;1356
1355;1351;1350
1355;1356;1357
1358;1357;1356
1300;1301;1359
1300;1359;1302
1352;1360;1345
1345;1360;1301
1301;1360;1359
1346;1353;1361
1352;1346;1361
1352;1361;1360
1362;1302;1359
1362;1347;1302
1363;1347;1362
1347;1364;1303
1363;1364;1347
1365;1364;1363
1305;1303;1316
1303;1364;1316
1306;1317;1309
1317;1306;1305
1305;1316;1317
1366;1317;1316
1315;1367;1348
1315;1313;1318
1315;1318;1367
1318;1313;1312
1368;1367;1318
1312;1319;1318
1312;1310;1319
1368;1318;1319
1320;1309;1317
1317;1366;1320
1310;1321;1319
1311;1321;1310
1311;1309;1321
1321;1309;1320
1348;1367;1369
1370;1369;1367
1369;1370;1371
1321;1372;1319
1372;1321;1320
1368;1319;1373
1373;1319;1372
1370;1367;1374
1368;1374;1367
1368;1373;1374
1370;1375;1371
1370;1374;1375
1371;1375;1376
1377;1378;1376
1377;1376;1375
1349;1379;1354
1354;1379;1353
1349;1351;1380
1380;1379;1349
1355;1357;1381
1355;1381;1351
1380;1351;1381
1379;1382;1353
1382;1361;1353
1383;1382;1379
1384;1385;1358
1385;1357;1358
1386;1387;1388
1387;1389;1384
1386;1389;1387
1385;1384;1389
1381;1357;1390
1385;1389;1391
1385;1391;1357
1390;1357;1391
1392;1393;1388
1394;1393;1392
1386;1388;1393
1394;1392;1395
1361;1382;1396
1361;1396;1360
1396;1397;1360
1397;1359;1360
1359;1397;1362
1398;1362;1397
1362;1398;1363
1399;1363;1398
1365;1363;1399
1365;1399;1400
1400;1401;1365
1365;1401;1364
1366;1316;1402
1316;1364;1402
1401;1402;1364
1403;1366;1402
1404;1373;1372
1372;1405;1404
1405;1372;1320
1405;1406;1404
1405;1320;1366
1403;1406;1405
1403;1405;1366
1407;1408;1409
1410;1407;1409
1411;1373;1404
1412;1375;1374
1374;1373;1412
1412;1373;1411
1410;1409;1413
1377;1375;1414
1412;1414;1375
1412;1411;1414
1409;1415;1413
1408;1378;1416
1377;1416;1378
1416;1409;1408
1377;1414;1416
1409;1416;1415
1416;1414;1415
1411;1417;1414
1415;1414;1417
1417;1411;1418
1418;1411;1404
1418;1404;1406
1419;1420;1421
1410;1413;1422
1421;1422;1423
1422;1413;1423
1420;1424;1421
1421;1424;1422
1410;1425;1407
1425;1422;1424
1410;1422;1425
1426;1413;1415
1426;1415;1417
1426;1427;1413
1423;1413;1427
1419;1421;1428
1428;1421;1423
1419;1428;1429
1419;1430;1420
1419;1429;1430
1430;1429;1431
1432;1431;1429
1432;1433;1431
1434;1435;1436
1437;1438;1439
1438;1440;1434
1437;1440;1438
1435;1434;1440
1390;1441;1381
1381;1441;1380
1380;1441;1379
1383;1379;1441
1442;1397;1396
1397;1442;1398
1443;1398;1442
1398;1443;1399
1383;1444;1382
1382;1444;1396
1396;1444;1442
1383;1441;1445
1383;1445;1444
1400;1446;1401
1386;1393;1447
1386;1447;1389
1391;1389;1448
1448;1389;1447
1448;1449;1391
1390;1391;1449
1390;1449;1441
1441;1449;1445
1448;1447;1450
1448;1450;1449
1435;1440;1451
1436;1452;1395
1435;1452;1436
1394;1395;1452
1435;1451;1452
1394;1452;1453
1394;1453;1393
1454;1447;1393
1454;1393;1453
1454;1450;1447
1453;1452;1455
1455;1452;1451
1400;1456;1446
1400;1399;1456
1457;1399;1443
1456;1399;1457
1458;1442;1444
1442;1458;1443
1459;1402;1401
1446;1459;1401
1446;1460;1459
1403;1461;1406
1403;1402;1461
1461;1402;1459
1406;1462;1418
1462;1406;1461
1461;1463;1462
1461;1459;1463
1459;1460;1463
1428;1423;1464
1427;1464;1423
1464;1427;1465
1464;1465;1466
1467;1429;1428
1467;1428;1464
1467;1464;1466
1432;1429;1468
1467;1468;1429
1467;1466;1468
1433;1469;1470
1432;1469;1433
1471;1470;1469
1432;1468;1469
1472;1462;1463
1426;1473;1427
1417;1418;1473
1426;1417;1473
1427;1473;1465
1418;1462;1473
1462;1472;1473
1471;1469;1474
1474;1469;1475
1475;1469;1468
1468;1466;1475
1475;1476;1474
1475;1466;1476
1474;1476;1477
1470;1471;1478
1478;1479;1480
1471;1479;1478
1471;1474;1479
1477;1479;1474
1481;1480;1479
1481;1479;1482
1482;1479;1477
1480;1481;1483
1481;1484;1483
1481;1482;1484
1483;1484;1485
1465;1473;1486
1472;1486;1473
1466;1487;1476
1487;1465;1486
1466;1465;1487
1488;1489;1490
1489;1544;1490
1490;1544;1545
1546;1545;1544
1491;1492;1439
1437;1439;1492
1547;1492;1491
1547;1491;1548
1437;1492;1493
1437;1493;1440
1494;1451;1440
1494;1440;1493
1495;1443;1458
1443;1495;1457
1445;1496;1444
1496;1458;1444
1445;1449;1497
1497;1496;1445
1450;1498;1449
1497;1449;1498
1545;1546;1549
1446;1499;1460
1456;1499;1446
1456;1457;1499
1455;1500;1453
1454;1453;1500
1454;1500;1450
1450;1500;1498
1494;1501;1451
1455;1451;1501
1455;1501;1500
1502;1500;1501
1500;1502;1498
1460;1499;1503
1504;1457;1495
1505;1499;1457
1504;1505;1457
1496;1506;1458
1495;1458;1506
1477;1507;1482
1477;1476;1507
1508;1484;1509
1509;1484;1482
1509;1482;1507
1472;1463;1510
1472;1510;1486
1510;1463;1460
1460;1503;1510
1476;1511;1507
1476;1487;1511
1512;1507;1511
1489;1513;1544
1489;1488;1514
1489;1514;1513
1515;1485;1484
1515;1484;1508
1515;1508;1514
1485;1515;1516
1516;1514;1488
1515;1514;1516
1509;1517;1508
1509;1507;1517
1512;1517;1507
1513;1514;1518
1518;1514;1508
1518;1508;1517
1511;1487;1519
1487;1486;1519
1510;1519;1486
1520;1519;1510
1520;1510;1503
1550;1544;1513
1518;1521;1513
1518;1517;1521
1513;1521;1550
1546;1544;1551
1551;1544;1550
1546;1552;1549
1546;1551;1552
1549;1552;1553
1547;1548;1554
1555;1554;1548
1547;1554;1556
1547;1556;1492
1493;1492;1522
1522;1492;1556
1522;1523;1493
1493;1523;1494
1494;1523;1501
1495;1506;1524
1504;1495;1524
1497;1498;1525
1497;1525;1496
1525;1506;1496
1501;1523;1526
1502;1501;1526
1502;1526;1527
1502;1527;1498
1525;1498;1527
1557;1558;1555
1558;1554;1555
1559;1560;1561
1561;1562;1557
1560;1562;1561
1558;1557;1562
1558;1562;1563
1558;1563;1554
1556;1554;1564
1564;1554;1563
1564;1565;1556
1522;1556;1565
1522;1565;1523
1528;1503;1499
1505;1528;1499
1560;1559;1566
1567;1566;1559
1568;1566;1567
1569;1568;1567
1520;1503;1529
1528;1529;1503
1504;1524;1530
1505;1530;1528
1505;1504;1530
1527;1531;1525
1525;1531;1506
1506;1531;1524
1524;1531;1532
1524;1532;1530
1526;1533;1527
1527;1533;1531
1517;1534;1521
1512;1534;1517
1512;1511;1535
1512;1535;1534
1511;1519;1535
1536;1521;1534
1535;1519;1537
1520;1537;1519
1520;1529;1537
1534;1538;1536
1535;1538;1534
1535;1537;1538
1550;1570;1551
1550;1521;1570
1521;1536;1570
1571;1552;1551
1551;1570;1571
1572;1553;1552
1572;1552;1573
1573;1552;1571
1572;1573;1574
1553;1572;1575
1572;1574;1575
1575;1574;1576
1577;1570;1536
1565;1539;1523
1523;1539;1526
1539;1533;1526
1533;1540;1531
1532;1531;1540
2403;2404;2405
2403;2405;2406
1560;1566;1578
1560;1578;1562
1563;1562;1579
1579;1562;1578
1579;1580;1563
1564;1563;1580
1564;1580;1565
1581;1565;1580
1581;1539;1565
1582;1583;1584
1576;1585;1582
1585;1576;1574
1585;1583;1582
1585;1574;1586
1585;1586;1583
1541;1530;1532
1587;1532;1540
1587;1541;1532
1529;1528;1542
1541;1542;1530
1528;1530;1542
1537;1529;1543
1529;1542;1543
1538;1537;1543
1588;1578;1566
1568;1589;1566
1588;1566;1589
1590;1591;1592
1593;1594;1595
1595;1596;1569
1594;1596;1595
1568;1569;1596
1568;1596;1589
1581;1597;1539
1539;1597;1533
1597;1598;1533
1540;1533;1598
1577;1536;1599
1599;1536;1538
1600;1599;1538
1600;1538;1543
1571;1601;1573
1571;1570;1601
1577;1601;1570
1586;1574;1602
1602;1574;1573
1573;1601;1602
1584;1603;1604
1603;1584;1583
1605;1606;1607
1604;1608;1605
1603;1608;1604
1606;1605;1608
1603;1583;1609
1603;1609;1608
1609;1583;1610
1610;1583;1586
1602;1611;1586
1602;1601;1611
1586;1611;1610
1601;1612;1611
1577;1612;1601
1577;1599;1612
2407;2408;2409
2408;2410;2409
2408;2407;2411
2412;2405;2404
2405;2412;2413
2414;2413;2412
1598;1613;1540
1587;1540;1613
2415;2416;2417
2418;2419;2420
2421;2405;2413
2421;2406;2405
2421;2422;2406
2422;2423;2406
2424;2425;2414
2413;2414;2425
2413;2425;2426
2421;2426;2422
2421;2413;2426
2427;2428;2429
2422;2430;2423
2422;2426;2430
2423;2430;2431
1588;1614;1578
1578;1614;1579
1579;1614;1580
1580;1614;1615
1581;1580;1615
1581;1615;1597
2417;2432;2420
2416;2432;2417
2418;2420;2432
2433;2434;2435
2435;2436;2415
2434;2436;2435
2416;2415;2436
2437;2438;2439
2440;2441;2442
2442;2443;2439
2441;2443;2442
2437;2439;2443
2444;2445;2446
2446;2447;2448
2445;2447;2446
2449;2411;2407
1616;1542;1541
1617;1541;1587
1617;1616;1541
1618;1587;1613
1617;1587;1618
1619;1543;1542
1616;1619;1542
1600;1543;1620
1620;1543;1619
1592;1621;1593
1591;1621;1592
1594;1593;1621
1622;1623;1624
1589;1625;1588
1588;1625;1614
1594;1621;1626
1594;1626;1596
1589;1596;1627
1627;1596;1626
1627;1625;1589
1623;1628;1590
1622;1628;1623
1591;1590;1628
1622;1629;1628
1628;1630;1591
1591;1630;1621
1630;1628;1631
1631;1628;1629
1632;1633;1634
1635;1613;1598
1635;1636;1613
1618;1613;1636
1635;1637;1636
1615;1638;1597
1638;1598;1597
1625;1639;1614
1615;1614;1639
1639;1638;1615
1640;1598;1638
1635;1640;1637
1635;1598;1640
1606;1641;1607
1607;1641;1642
1642;1643;1644
1643;1642;1641
1599;1645;1612
1599;1600;1645
1600;1620;1645
1606;1608;1646
1606;1646;1641
1646;1608;1647
1647;1608;1609
1648;1641;1646
1643;1641;1649
1649;1641;1648
1610;1650;1609
1610;1611;1650
1647;1609;1650
1611;1651;1650
1651;1611;1612
1651;1612;1652
1652;1612;1645
1643;1653;1644
1643;1649;1653
1644;1653;1654
1655;1654;1653
1654;1655;1656
2450;2451;2410
2408;2450;2410
2408;2411;2450
2411;2449;2452
2453;2411;2452
2450;2411;2453
2438;2454;2433
2437;2454;2438
2434;2433;2454
2429;2455;2456
2428;2455;2429
2457;2424;2456
2457;2456;2455
2457;2425;2424
2416;2436;2458
2416;2458;2432
2459;2432;2458
2419;2460;2461
2418;2460;2419
2462;2463;2461
2462;2461;2460
2462;2460;2464
2418;2432;2465
2418;2465;2460
2459;2465;2432
2464;2460;2466
2466;2460;2465
2463;2467;2427
2462;2467;2463
2428;2427;2467
2462;2464;2467
2457;2455;2468
2457;2468;2425
2425;2468;2426
2430;2426;2469
2469;2426;2468
2428;2467;2470
2428;2470;2455
2471;2468;2455
2471;2455;2470
2472;2431;2430
2430;2469;2472
2431;2472;2473
2474;2473;2475
2473;2472;2475
2476;2475;2472
2476;2472;2469
2477;2474;2475
2477;2478;2474
2479;2478;2477
2479;2480;2478
2479;2477;2481
2482;2470;2467
2482;2467;2464
2476;2469;2483
2469;2468;2483
2471;2484;2468
2484;2483;2468
2482;2485;2470
2471;2485;2484
2471;2470;2485
1657;1639;1625
1658;1659;1660
1659;1661;1662
1658;1661;1659
2448;2486;2487
2486;2448;2447
2487;2488;2440
2486;2488;2487
2441;2440;2488
2434;2454;2489
2434;2489;2436
2490;2458;2436
2490;2436;2489
2437;2443;2491
2437;2491;2454
2492;2489;2454
2492;2454;2491
2493;2451;2494
2450;2494;2451
2453;2494;2450
2495;2496;2493
2493;2494;2495
2497;2496;2498
2495;2498;2496
2499;2500;2497
2499;2497;2498
2500;2501;2502
2499;2501;2500
2503;2504;2502
2503;2502;2501
2505;2506;2507
2508;2509;2510
2506;2511;2512
2505;2511;2506
2513;2514;2512
2513;2512;2511
2510;2515;2516
2508;2510;2516
2515;2514;2517
2513;2517;2514
2516;2515;2517
2508;2516;2518
2509;2519;2444
2508;2519;2509
2445;2444;2519
2508;2518;2519
2441;2488;2520
2441;2520;2443
2491;2443;2521
2521;2443;2520
2486;2447;2522
2486;2522;2488
2523;2520;2488
2523;2488;2522
2504;2524;2507
2503;2524;2504
2505;2507;2524
2445;2519;2525
2445;2525;2447
2526;2522;2447
2526;2447;2525
2527;2452;2449
2452;2527;2528
2529;2528;2527
2530;2528;2529
2530;2529;2531
1663;1637;1640
1616;1664;1619
1617;1664;1616
1618;1664;1617
1618;1636;1664
1620;1619;1665
1619;1664;1665
1645;1666;1652
1645;1620;1666
1620;1665;1666
1657;1667;1639
1639;1667;1638
1638;1667;1640
1640;1667;1663
1668;1669;1634
1632;1634;1669
1670;1668;1662
1670;1662;1661
1670;1669;1668
1626;1621;1671
1671;1621;1630
1633;1672;1624
1632;1672;1633
1622;1624;1672
1622;1672;1629
1671;1673;1626
1626;1673;1627
1627;1673;1625
1657;1625;1673
1657;1673;1674
1657;1674;1667
1629;1672;1675
1631;1676;1630
1630;1676;1671
1671;1676;1673
1673;1676;1674
1675;1677;1629
1631;1629;1677
1631;1677;1676
1678;1674;1676
1678;1679;1674
1674;1679;1667
1679;1663;1667
1632;1669;1680
1632;1680;1672
1675;1672;1680
1670;1661;1681
1670;1681;1669
1680;1669;1682
1682;1669;1681
1683;1664;1636
1684;1637;1663
1684;1685;1637
1685;1636;1637
1683;1636;1685
1647;1686;1646
1647;1650;1686
1646;1686;1648
1687;1652;1666
1648;1688;1649
1648;1686;1688
1656;1689;1690
1655;1689;1656
1655;1653;1691
1655;1691;1689
1692;1691;1653
1692;1653;1649
1649;1688;1692
1690;1693;1694
1693;1690;1689
1693;1689;1695
1694;1696;1697
1693;1696;1694
1693;1695;1696
1698;1697;1696
1697;1698;1699
1650;1700;1686
1651;1700;1650
1651;1652;1700
1687;1700;1652
1686;1701;1688
1701;1686;1700
1701;1702;1688
2452;2528;2532
2453;2452;2532
2453;2532;2494
2187;2188;2189
2533;2534;2187
2188;2187;2534
1682;1703;1680
1675;1680;1703
1675;1703;1677
1658;1704;1661
1677;1703;1705
1677;1705;1676
1678;1676;1705
2466;2535;2464
2482;2464;2535
2482;2535;2485
2490;2536;2458
2459;2458;2536
2459;2537;2465
2459;2536;2537
2466;2465;2537
2466;2537;2535
2475;2538;2477
2476;2538;2475
2481;2477;2538
2476;2483;2538
2538;2539;2481
2538;2483;2539
2540;2534;2533
2541;2540;2533
2480;2542;2543
2479;2542;2480
2479;2481;2542
2544;2543;2542
2543;2544;2545
2545;2546;2541
2544;2546;2545
2540;2541;2546
2481;2547;2542
2481;2539;2547
2544;2542;2548
2544;2548;2546
2548;2542;2547
2188;2534;2190
2190;2534;2549
2484;2550;2483
2484;2485;2550
2539;2483;2550
2548;2547;2551
2547;2552;2551
2552;2547;2539
2552;2539;2550
2540;2546;2553
2540;2553;2534
2549;2534;2553
2554;2550;2485
2554;2485;2535
1761;1762;1763
1762;1764;1765
1761;1764;1762
1660;1765;1706
1706;1765;1764
1658;1660;1706
1658;1706;1704
1761;1763;1766
1763;1767;1766
1681;1661;1707
1704;1707;1661
1707;1708;1681
1682;1681;1708
1682;1708;1703
1764;1768;1706
1706;1768;1704
1761;1766;1769
1761;1769;1764
1764;1769;1768
1770;1771;1772
1773;1769;1766
2492;2555;2489
2490;2489;2555
2490;2555;2536
2521;2556;2491
2492;2491;2556
2492;2556;2555
2495;2557;2498
2495;2494;2557
2532;2557;2494
2499;2498;2558
2499;2558;2501
2498;2557;2558
2559;2501;2558
2505;2524;2560
2505;2560;2511
2503;2501;2561
2503;2561;2524
2559;2561;2501
2562;2511;2560
2513;2511;2563
2513;2563;2517
2562;2563;2511
2517;2564;2516
2517;2563;2564
2516;2564;2518
2565;2518;2564
2525;2519;2566
2518;2566;2519
2518;2565;2566
2523;2567;2520
2521;2520;2567
2521;2567;2556
2526;2568;2522
2523;2522;2568
2523;2568;2567
2569;2560;2524
2569;2524;2561
2525;2566;2570
2525;2570;2526
2526;2570;2568
2557;2532;2571
2530;2531;2572
2530;2572;2573
2530;2573;2528
2528;2573;2532
2573;2571;2532
2573;2572;2574
2574;2572;2575
2574;2571;2573
2576;2575;2572
2577;2572;2531
2576;2572;2577
2576;2577;2578
2576;2578;2579
2576;2579;2575
2580;2579;2578
2581;2579;2580
2582;2581;2580
2583;2584;2582
2581;2582;2584
2581;2584;2585
2581;2585;2579
2585;2584;2586
1663;1679;1709
1684;1663;1709
1701;1700;1710
1701;1710;1702
1687;1710;1700
1687;1711;1710
1687;1666;1711
1712;1665;1664
1683;1712;1664
1713;1666;1665
1711;1666;1713
1712;1713;1665
1683;1714;1712
1683;1685;1714
1678;1705;1715
1678;1715;1679
1715;1709;1679
1684;1709;1716
1684;1716;1685
1685;1716;1714
1692;1717;1691
1692;1688;1717
1688;1702;1717
1695;1689;1718
1718;1689;1691
1718;1691;1717
1718;1719;1695
1718;1717;1719
1720;1696;1695
1720;1695;1719
1698;1721;1699
1699;1721;1722
1723;1774;1722
1723;1722;1721
1720;1719;1724
1717;1725;1719
1725;1717;1702
1702;1726;1725
1726;1702;1710
1724;1719;1727
1727;1719;1725
1698;1696;1728
1698;1728;1721
1728;1696;1720
1720;1724;1728
1729;1721;1728
1729;1728;1724
2552;2587;2551
2552;2550;2587
2554;2587;2550
2189;2191;2192
2188;2191;2189
2188;2190;2191
2193;2192;2191
2193;2191;2194
2193;2194;2195
2193;2196;2192
2193;2195;2196
2197;2196;2195
2198;2197;2195
2198;2199;2197
2198;2200;2199
2201;2200;2202
2203;2204;2201
2203;2201;2202
2199;2200;2205
2201;2205;2200
2205;2201;2206
2206;2204;2207
2204;2206;2201
2208;2194;2191
2208;2191;2190
1730;1703;1708
1703;1730;1705
1768;1731;1704
1704;1731;1707
1707;1732;1708
1732;1707;1731
1730;1733;1705
1715;1705;1733
1732;1734;1708
1730;1708;1734
1730;1734;1733
1715;1733;1735
1735;1709;1715
1767;1775;1776
1776;1766;1767
1773;1766;1776
1771;1777;1775
1770;1777;1771
1776;1775;1777
2535;2537;2588
2554;2535;2588
2554;2588;2587
2589;2536;2555
2537;2536;2590
2589;2590;2536
2588;2537;2590
2553;2546;2591
2591;2546;2548
2591;2548;2551
2592;2551;2587
2591;2593;2553
2591;2551;2593
2549;2553;2593
2551;2592;2593
2592;2594;2593
2549;2209;2190
2549;2593;2209
2208;2190;2209
2209;2593;2594
2210;2209;2594
2198;2195;2211
2198;2211;2200
2200;2211;2202
2208;2212;2194
2208;2209;2212
2212;2209;2210
2213;2211;2195
2213;2195;2194
2194;2212;2213
2207;2214;2215
2214;2207;2204
2216;2215;2214
1769;1778;1768
1731;1768;1778
1779;1780;1772
1770;1772;1780
1773;1781;1769
1769;1781;1778
1770;1780;1782
1770;1782;1777
1777;1783;1776
1777;1782;1783
1773;1776;1783
1773;1783;1781
1784;1780;1779
1784;1779;1785
1786;1787;1785
1784;1785;1787
1788;1786;1789
1788;1787;1786
1790;1791;1789
1788;1789;1791
1792;1793;1790
1793;1791;1790
2217;2216;2214
2213;2218;2211
2213;2212;2218
2219;2211;2218
2202;2211;2219
2588;2590;2595
2588;2595;2587
2556;2596;2555
2589;2555;2596
2597;2556;2567
2597;2596;2556
2589;2596;2598
2589;2598;2590
2590;2598;2595
2568;2599;2567
2597;2567;2599
2600;2568;2570
2600;2599;2568
2558;2557;2601
2571;2601;2557
2559;2558;2601
2559;2602;2561
2559;2601;2602
2561;2602;2569
2569;2603;2560
2569;2602;2603
2562;2560;2603
2601;2571;2604
2601;2604;2602
2574;2575;2605
2574;2605;2571
2605;2604;2571
2606;2575;2579
2606;2579;2585
2606;2605;2575
2562;2607;2563
2562;2603;2607
2563;2607;2608
2564;2563;2608
2565;2564;2608
2566;2609;2570
2565;2609;2566
2565;2608;2609
2610;2607;2603
2609;2611;2570
2600;2570;2611
2586;2612;2585
2585;2612;2606
2606;2612;2605
2586;2613;2612
2586;2584;2614
2586;2614;2613
2615;2584;2583
2615;2614;2584
2615;2583;2616
2617;2618;2616
2615;2616;2618
2615;2618;2614
2619;2618;2617
2220;2619;2617
2614;2618;2620
2620;2613;2614
2221;2222;2220
2619;2220;2222
2619;2222;2223
2619;2223;2618
2620;2618;2223
2224;2223;2222
2224;2222;2225
2226;2222;2221
2226;2227;2225
2226;2225;2222
2228;2226;2221
2226;2228;2227
2229;2227;2228
1709;1735;1736
1736;1716;1709
1725;1737;1727
1737;1725;1726
1738;1713;1712
1738;1712;1714
1711;1739;1710
1726;1710;1739
1739;1711;1740
1711;1713;1740
1738;1740;1713
1716;1736;1741
1741;1714;1716
1738;1742;1740
1741;1742;1714
1738;1714;1742
1743;1742;1741
1744;1741;1736
1741;1744;1743
1794;1795;1796
1797;1798;1794
1797;1794;1796
1774;1799;1795
1723;1799;1774
1796;1795;1799
1723;1721;1800
1723;1800;1799
1729;1800;1721
1745;1737;1726
1745;1726;1739
1798;1801;1802
1797;1801;1798
1803;1804;1802
1803;1802;1801
1804;1805;1806
1803;1805;1804
1796;1807;1797
1797;1807;1801
1799;1808;1796
1808;1799;1800
1807;1796;1808
1746;1724;1727
1729;1747;1800
1729;1724;1747
1746;1747;1724
1807;1808;1809
1810;1800;1747
1810;1808;1800
1810;1809;1808
1746;1727;1748
1748;1727;1737
1811;1812;1805
2230;2231;2232
2232;2233;2230
2215;2216;2234
2233;2234;2230
2230;2234;2216
2232;2231;2235
2236;2237;2238
2237;2236;2235
2232;2239;2233
2239;2235;2236
2232;2235;2239
2592;2587;2621
2592;2621;2594
2621;2587;2595
2621;2622;2594
2210;2594;2240
2240;2594;2622
2241;2235;2231
2214;2204;2242
2203;2242;2204
2217;2214;2242
2203;2202;2243
2203;2243;2242
2202;2219;2243
2218;2212;2244
2210;2244;2212
2210;2240;2244
1749;1736;1735
1744;1736;1749
1750;1735;1733
1750;1749;1735
1732;1731;1813
1732;1813;1734
1731;1778;1813
1734;1813;1751
1734;1751;1733
1750;1733;1751
1752;1744;1749
1752;1749;1814
1750;1751;1815
1814;1749;1815
1750;1815;1749
1783;1782;1816
1783;1816;1781
2238;2245;2246
2237;2245;2238
2247;2246;2245
2247;2248;2246
2249;2250;2251
2251;2252;2253
2249;2251;2253
2252;2248;2254
2247;2254;2248
2253;2252;2254
2216;2255;2230
2217;2255;2216
2231;2230;2255
1784;1787;1817
1784;1817;1780
1781;1818;1778
1778;1818;1813
1781;1816;1818
1819;1782;1780
1819;1780;1817
1819;1820;1782
1782;1820;1816
1821;1817;1787
1822;1823;1824
1823;1822;1825
1788;1791;1826
1788;1826;1787
1821;1787;1826
1826;1791;1827
1824;1828;1792
1823;1828;1824
1793;1792;1828
1793;1828;1829
1793;1829;1791
1827;1791;1829
2217;2242;2256
2217;2256;2255
2242;2243;2256
2243;2257;2256
2243;2219;2257
2258;2219;2218
2258;2218;2244
2219;2258;2257
2256;2259;2255
2256;2257;2259
2247;2245;2260
2247;2260;2254
2261;2240;2622
2622;2621;2623
2623;2595;2598
2595;2623;2621
2622;2623;2262
2261;2622;2262
2597;2599;2624
2597;2624;2596
2596;2625;2598
2624;2625;2596
2626;2598;2625
2626;2623;2598
2262;2623;2626
2624;2599;2627
2624;2627;2625
2600;2611;2628
2600;2628;2599
2627;2599;2628
1830;1806;1805
1830;1805;1812
1806;1830;1831
2613;2629;2612
2224;2263;2223
2620;2223;2263
2620;2263;2613
2630;2613;2263
2630;2629;2613
2612;2631;2605
2631;2612;2629
2604;2605;2631
2603;2602;2632
2602;2604;2632
2610;2603;2632
2631;2632;2604
2611;2633;2628
2629;2634;2631
2631;2634;2632
2608;2607;2635
2610;2635;2607
2608;2635;2609
2609;2635;2611
2611;2635;2633
2610;2632;2636
2610;2636;2635
2636;2632;2634
2637;2633;2635
2636;2637;2635
2634;2638;2636
2637;2636;2638
1831;1832;1833
1830;1832;1831
1830;1812;1832
1834;1833;1832
1834;1835;1833
1834;1836;1835
1837;1835;1836
1838;1837;1836
1839;1832;1812
2639;2633;2637
2637;2638;2639
2640;2633;2639
2225;2264;2224
2224;2264;2263
2265;2227;2229
2225;2227;2266
2266;2264;2225
2266;2267;2264
2265;2268;2227
2266;2227;2268
2266;2268;2267
2269;2267;2268
2265;2270;2268
2268;2270;2269
2269;2270;2271
2272;2271;2270
2273;2265;2229
2265;2273;2270
2274;2270;2273
2272;2270;2274
2272;2275;2271
2276;2271;2275
2277;2272;2274
2272;2277;2275
2278;2275;2277
1737;1753;1748
1745;1753;1737
1754;1744;1752
1754;1743;1744
1745;1755;1753
1739;1740;1755
1745;1739;1755
1740;1742;1755
1756;1755;1742
1743;1756;1742
1753;1755;1757
1756;1757;1755
1758;1754;1752
1759;1756;1743
1754;1759;1743
1754;1758;1759
2231;2255;2279
2255;2259;2279
2231;2279;2241
2241;2279;2280
2237;2235;2281
2237;2281;2245
2241;2281;2235
2241;2280;2281
2282;2260;2245
2282;2245;2281
2282;2281;2280
1840;1825;1822
1841;1825;1840
1842;1841;1840
1960;1961;1962
1834;1832;1843
1834;1843;1836
1839;1843;1832
1758;1844;1759
1748;1753;1760
1753;1757;1760
1803;1801;1845
1803;1845;1805
1811;1805;1845
1846;1845;1801
1846;1801;1807
1846;1807;1809
1846;1847;1845
1846;1809;1847
1845;1847;1811
1809;1848;1847
1848;1849;1847
1848;1850;1849
1811;1851;1812
1811;1847;1851
1839;1812;1851
1810;1747;1852
1747;1746;1852
1810;1852;1809
1848;1809;1852
1746;1748;1852
1848;1852;1850
1850;1852;1760
1748;1760;1852
1853;1838;1854
1853;1854;1855
1856;1837;1838
1853;1856;1838
1853;1857;1856
1853;1855;1857
1857;1855;1858
1858;1859;1860
1859;1858;1855
1963;1964;1965
2249;1966;2250
1967;1968;1969
2250;1966;1970
1968;1970;1969
1969;1970;1966
1967;1971;1968
1967;1972;1971
1971;1972;1973
1974;1973;1972
1974;1975;1973
1974;1976;1975
1977;1978;1979
1977;1979;1980
1975;1976;1981
1979;1981;1980
1980;1981;1976
2258;2283;2257
2258;2244;2283
2283;2244;2284
2240;2284;2244
2261;2284;2240
1861;1813;1818
1861;1751;1813
1751;1861;1815
1815;1861;1862
1815;1862;1814
1752;1814;1863
1758;1752;1863
1758;1863;1844
1864;1814;1862
1864;1863;1814
1863;1865;1844
1818;1866;1861
1861;1866;1862
1867;1816;1820
1867;1818;1816
1867;1866;1818
2249;2253;2285
2249;2285;1966
2253;2254;2286
2254;2260;2286
2286;2285;2253
2282;2287;2260
2282;2280;2287
2257;2283;2288
2257;2288;2259
2289;2279;2259
2289;2259;2288
1867;1820;1868
1867;1868;1866
1821;1869;1817
1819;1817;1869
1819;1869;1820
1820;1869;1868
1827;1870;1826
1826;1870;1821
1821;1870;1869
1871;1869;1870
1871;1868;1869
1841;1872;1825
1873;1825;1872
1823;1825;1874
1823;1874;1828
1874;1825;1873
1827;1829;1875
1827;1875;1870
1829;1828;1876
1876;1828;1874
1876;1875;1829
1873;1877;1874
1876;1874;1877
1876;1877;1875
1961;1982;1983
1960;1982;1961
1875;1878;1870
1871;1870;1878
2279;2289;2290
2280;2279;2290
2280;2290;2287
2283;2291;2288
2283;2284;2291
2289;2288;2292
2289;2292;2290
2288;2291;2292
1969;1984;1967
1967;1984;1972
1985;1972;1984
1966;1986;1969
1966;2285;1986
1984;1969;1986
2293;2260;2287
2293;2286;2260
2293;2287;2294
2287;2290;2294
2286;2295;2285
2293;2295;2286
2293;2294;2295
2296;2285;2295
2296;1986;2285
2291;2297;2292
2261;2262;2298
2261;2298;2284
2291;2299;2297
2291;2284;2299
2298;2299;2284
2633;2641;2628
2640;2641;2633
2299;2298;2300
2301;2262;2626
2301;2298;2262
2626;2625;2642
2625;2627;2642
2301;2626;2642
2301;2642;2302
2302;2300;2298
2301;2302;2298
2627;2628;2643
2641;2643;2628
2643;2642;2627
2640;2303;2641
2640;2639;2304
2304;2303;2640
2643;2305;2642
2305;2302;2642
2306;2643;2641
2306;2641;2303
2306;2305;2643
2306;2307;2305
2306;2303;2307
2302;2305;2308
2307;2308;2305
2302;2308;2300
2630;2644;2629
2629;2644;2634
2638;2634;2644
2263;2264;2309
2630;2263;2309
2630;2309;2644
2267;2310;2264
2309;2264;2310
2311;2310;2267
2310;2312;2309
2309;2312;2644
2312;2313;2644
2638;2644;2313
2639;2638;2313
2304;2639;2313
2304;2313;2314
2304;2314;2303
2315;2313;2312
2315;2314;2313
2316;2303;2314
2316;2307;2303
2308;2317;2300
1836;1879;1838
1836;1843;1879
1854;1838;1879
1851;1847;1880
1849;1880;1847
1839;1881;1843
1839;1851;1881
1881;1851;1882
1882;1851;1880
2315;2318;2314
2316;2314;2318
2319;2320;2321
2322;2323;2319
2320;2319;2323
2276;2324;2271
2269;2271;2324
2269;2324;2267
2324;2311;2267
2276;2325;2324
2276;2275;2326
2326;2325;2276
2327;2325;2326
2328;2275;2278
2328;2326;2275
2329;2328;2278
2321;2330;2329
2320;2330;2321
2328;2329;2330
2328;2330;2326
2327;2326;2330
2320;2323;2331
2320;2331;2330
2327;2330;2331
2327;2331;2332
2327;2332;2325
2332;2333;2325
2331;2323;2334
2334;2332;2331
2335;2334;2323
2335;2336;2334
2337;2323;2322
2337;2335;2323
2337;2322;2338
2337;2338;2339
2337;2339;2335
2338;2340;2339
2339;2341;2335
2336;2335;2341
2339;2340;2342
2342;2341;2339
2340;2343;2342
2344;2342;2343
2344;2343;2345
2344;2345;2346
2347;2346;2345
1854;1879;1883
1884;1843;1881
1884;1879;1843
1879;1884;1883
1859;1885;1860
1859;1855;1886
1859;1886;1885
1886;1855;1887
1887;1855;1854
1887;1854;1883
1888;1885;1886
1887;1889;1886
1887;1883;1889
1888;1886;1889
1890;1844;1865
1891;1890;1865
1757;1756;1892
1759;1892;1756
1759;1844;1892
1760;1893;1850
1893;1760;1757
1757;1892;1893
1964;1987;1965
1965;1987;1988
1989;1990;1962
1960;1962;1990
1991;1990;1989
1991;1992;1990
1991;1989;1993
1994;1995;1993
1991;1993;1995
1991;1995;1992
1996;1988;1987
1988;1996;1997
1997;1998;1999
1996;1998;1997
1999;2000;1994
2000;1999;1998
2000;1995;1994
2000;1998;2001
2000;2001;1995
2002;1990;1992
1894;1895;1842
1841;1842;1895
1841;1895;1872
1896;1872;1895
1896;1895;1897
1898;1895;1894
1898;1897;1895
2003;1898;1894
1898;2003;2004
1898;2004;1897
2005;1983;1982
1983;2005;2006
2006;2004;2003
2005;2004;2006
2005;1982;2007
2005;2007;2004
1897;2004;2008
2008;2004;2007
1960;1990;2009
1960;2009;1982
2009;1990;2002
2007;1982;2010
2010;1982;2009
1849;1899;1880
1849;1850;1899
1900;1893;1892
1892;1844;1900
1890;1900;1844
1901;1900;1890
1893;1902;1850
1899;1850;1902
1902;1893;1900
1900;1901;1902
1903;1899;1902
1903;1902;1901
2011;2012;2013
1904;1905;1906
1907;1905;1904
1860;1885;1908
1908;1907;1904
1907;1908;1885
1980;2014;1977
1978;2015;1963
1977;2015;1978
1964;1963;2015
1977;2014;2015
1964;2015;2016
1964;2016;1987
2016;2015;2017
2017;2015;2014
2018;1987;2016
1976;2019;1980
2014;1980;2019
1974;1972;2020
1974;2020;1976
1985;2020;1972
2019;1976;2020
2021;2019;2020
1985;2022;2020
2021;2020;2022
2297;2299;2348
2300;2348;2299
2300;2317;2348
1862;1866;1909
1864;1862;1909
1868;1910;1866
1910;1909;1866
1864;1909;1911
1864;1911;1863
1863;1911;1865
1909;1910;1912
1912;1911;1909
1911;1912;1913
1913;1865;1911
1891;1865;1913
1871;1878;1914
1871;1914;1868
1914;1910;1868
1914;1878;1915
1877;1916;1875
1916;1878;1875
1916;1917;1878
1917;1915;1878
1916;1877;1918
1916;1918;1917
1896;1919;1872
1873;1872;1919
1873;1919;1877
1919;1918;1877
1992;1995;2023
2023;1995;2001
2023;2024;1992
2002;1992;2024
2017;2025;2016
2016;2025;2018
2018;2025;2026
2023;2001;2027
2023;2027;2024
2026;2025;2028
2008;2029;1897
1897;2029;1896
1896;2029;1919
2002;2030;2009
2002;2024;2030
2010;2009;2030
2010;2031;2007
2010;2030;2031
2008;2007;2031
2008;2031;2029
2029;1920;1919
1918;1919;1920
2024;2032;2030
1917;1921;1915
2349;2290;2292
2290;2349;2294
2350;2294;2349
2351;2292;2297
2351;2349;2292
1984;1986;2033
2296;2033;1986
1985;1984;2033
1985;2033;2022
2295;2352;2296
2295;2294;2352
2296;2352;2033
2352;2294;2353
2353;2294;2350
2022;2033;2034
2033;2352;2034
2021;2022;2035
2022;2034;2035
2014;2019;2036
2019;2021;2036
2017;2014;2036
2017;2036;2025
2021;2035;2036
2034;2037;2035
2034;2352;2038
2353;2038;2352
2034;2038;2037
2354;2038;2353
2351;2297;2355
2297;2348;2355
2316;2318;2356
2316;2356;2307
2307;2356;2308
2308;2356;2317
2348;2357;2355
2357;2348;2317
2357;2358;2355
2359;2356;2318
2317;2360;2357
2359;2360;2356
2360;2317;2356
2361;2358;2357
2361;2357;2360
2359;2362;2360
2360;2362;2361
2315;2312;2363
2315;2363;2318
2325;2364;2324
2333;2364;2325
2311;2324;2364
2311;2364;2365
2311;2365;2310
2365;2312;2310
2363;2312;2365
2365;2364;2366
2363;2365;2366
2363;2366;2318
1882;1880;1922
1899;1922;1880
1899;1903;1922
1881;1923;1884
1881;1882;1923
1884;1923;1883
1882;1922;1923
1924;1889;1883
1924;1883;1923
2012;2039;2013
2012;2011;2040
2041;2040;2011
2012;2040;2042
2012;2042;2039
2013;2039;2043
2043;2044;2045
2044;2043;2039
2333;2367;2364
2367;2366;2364
2368;2369;2370
2046;2047;2048
2366;2367;2371
2366;2371;2318
2359;2318;2371
2359;2371;2362
2372;2362;2371
2047;2049;2048
2048;2049;2050
2051;2050;2049
2050;2051;2052
2051;2053;2052
2052;2053;2054
2055;2056;2057
2056;2055;2058
2059;2054;2053
2054;2059;2060
2060;2058;2055
2059;2058;2060
2061;2062;2368
2369;2368;2062
2057;2063;2064
2056;2063;2057
2064;2065;2061
2065;2064;2063
2065;2062;2061
2065;2063;2066
2065;2066;2062
2066;2063;2067
2334;2373;2332
2336;2373;2334
2373;2374;2332
2333;2332;2374
2333;2374;2367
2367;2374;2375
2375;2371;2367
2372;2371;2375
2344;2346;2376
2344;2376;2342
2342;2376;2341
2341;2376;2377
2336;2341;2377
2336;2377;2373
2377;2378;2373
2373;2378;2374
2374;2378;2375
2376;2379;2377
2377;2379;2378
2369;2380;2370
2381;2346;2347
2370;2380;2382
2382;2381;2347
2381;2382;2380
2383;2376;2346
2383;2379;2376
2381;2380;2384
2381;2384;2346
2383;2346;2384
2059;2053;2068
2059;2068;2058
2056;2058;2069
2056;2069;2063
2067;2063;2069
2070;2069;2058
2070;2058;2068
2068;2053;2071
2070;2072;2069
2067;2069;2072
1906;1925;2073
1925;1906;1905
2074;2075;2041
2075;2040;2041
2042;2040;2076
2073;2077;2074
1925;2077;2073
2075;2074;2077
1925;1905;1926
1925;1926;2077
2075;2077;2078
2075;2078;2040
2076;2040;2078
1907;1885;1927
1907;1927;1905
1927;1885;1888
1926;1905;1928
1928;1905;1927
1915;1929;1914
1910;1914;1929
1929;1912;1910
1929;1915;1930
1921;1930;1915
1888;1931;1927
1888;1889;1931
1927;1931;1928
1889;1932;1931
1924;1932;1889
1933;1903;1901
1934;1923;1922
1934;1922;1935
1935;1922;1903
1935;1903;1933
1890;1936;1901
1891;1936;1890
1937;1901;1936
1933;1901;1937
1921;1938;1930
1939;1930;1938
1891;1913;1940
1891;1940;1936
1930;1941;1929
1939;1941;1930
1912;1929;1941
1941;1913;1912
1913;1941;1940
2036;2079;2025
2035;2079;2036
2028;2025;2079
2035;2037;2079
2080;2079;2037
1996;1987;2081
1996;2081;1998
2081;1987;2018
2018;2026;2081
2082;2001;1998
2082;1998;2081
2082;2027;2001
2081;2026;2082
2082;2026;2027
2083;2031;2030
2083;2030;2032
2084;2085;2086
2086;2087;2088
2087;2086;2085
2089;2084;2090
2089;2085;2084
2045;2091;2090
2044;2091;2045
2089;2090;2091
2089;2091;2092
2089;2092;2085
2076;2093;2042
2094;2039;2042
2094;2042;2093
2044;2039;2095
2044;2095;2091
2095;2039;2094
2092;2091;2096
2096;2091;2095
2038;2097;2037
2354;2097;2038
2098;2037;2097
2080;2037;2098
2080;2098;2099
2028;2079;2100
2080;2100;2079
2099;2100;2080
2099;2101;2100
2031;2102;2029
2083;2102;2031
1920;2029;2102
1920;1942;1918
1917;1918;1942
1942;1921;1917
2027;2103;2024
2032;2024;2103
2104;2027;2026
2104;2026;2028
2104;2103;2027
2101;2105;2106
2104;2028;2107
2104;2107;2103
2100;2107;2028
2100;2101;2107
2101;2106;2107
1943;1921;1942
1943;1938;1921
2083;2032;2108
2083;2108;2102
2102;2109;1920
2102;2108;2109
1942;1920;2109
1943;1942;2109
2103;2110;2032
2103;2107;2110
2032;2110;2108
2110;2107;2106
2351;2355;2385
2350;2349;2385
2351;2385;2349
2354;2386;2097
2350;2387;2353
2387;2350;2385
2354;2353;2387
2354;2387;2386
2385;2388;2387
2385;2355;2388
2386;2387;2388
2388;2355;2358
2099;2111;2101
2099;2098;2111
2101;2111;2105
2389;2358;2361
2390;2362;2372
2389;2361;2390
2390;2361;2362
2386;2388;2391
2388;2358;2391
2112;2097;2386
2112;2386;2391
2392;2358;2389
2392;2391;2358
2392;2389;2113
2390;2393;2389
2393;2113;2389
2098;2097;2114
2112;2114;2097
2098;2114;2111
2114;2115;2111
1924;1923;1944
1924;1944;1932
1934;1944;1923
2094;2116;2095
2094;2093;2116
2096;2095;2116
2384;2394;2383
2383;2394;2379
2067;2117;2066
2067;2072;2117
2369;2062;2395
2369;2395;2380
2396;2384;2380
2396;2380;2395
2396;2394;2384
2395;2397;2396
2396;2397;2394
2395;2062;2118
2118;2062;2066
2118;2397;2395
2066;2117;2118
2118;2117;2397
2375;2378;2398
2375;2398;2372
2399;2372;2398
2399;2119;2393
2393;2390;2399
2372;2399;2390
2379;2394;2400
2379;2400;2378
2400;2398;2378
2401;2394;2397
2401;2400;2394
2401;2402;2400
2400;2402;2398
2399;2402;2119
2398;2402;2399
2120;2119;2402
2117;2121;2397
2401;2397;2121
2401;2121;2402
2121;2120;2402
2072;2122;2117
2121;2117;2122
2122;2120;2121
2096;2123;2092
2096;2116;2123
2124;2085;2092
2124;2092;2123
2088;2125;2046
2087;2125;2088
2047;2046;2125
2087;2085;2126
2087;2126;2125
2126;2085;2124
2127;2125;2126
2047;2125;2128
2047;2128;2049
2128;2125;2127
2127;2129;2128
2124;2130;2126
2124;2123;2130
2127;2126;2130
2127;2130;2129
2051;2049;2131
2051;2131;2053
2071;2053;2131
2131;2049;2132
2132;2049;2128
2128;2129;2132
2133;2119;2120
2071;2134;2068
2068;2134;2070
2070;2134;2072
2132;2135;2131
2132;2129;2135
2071;2131;2135
2071;2135;2134
2136;2072;2134
2136;2122;2072
2137;2135;2129
2135;2138;2134
2137;2138;2135
2136;2134;2138
1945;1931;1932
2076;2078;2139
2076;2139;2093
2140;2093;2139
2140;2139;2141
1928;1946;1926
1928;1931;1946
1946;1931;1945
2139;1946;2141
2141;1946;1945
2078;2077;2142
2142;2077;1926
2142;2139;2078
2142;1926;1946
2142;1946;2139
1936;1947;1937
1940;1947;1936
1939;1948;1941
1948;1940;1941
1940;1948;1947
1939;1938;1949
1939;1949;1948
2105;2111;2143
2143;2111;2115
2115;2144;2143
2145;2105;2143
2140;2141;2146
1945;1950;2141
2141;1950;2146
1932;1951;1945
1932;1944;1951
1950;1945;1951
1934;1952;1944
1935;1952;1934
1935;1933;1952
1933;1937;1952
1952;1953;1944
1951;1944;1953
1951;1954;1950
1953;1954;1951
1953;1952;1955
1937;1955;1952
1955;1937;1947
1956;1953;1955
1954;1953;1956
1956;1955;1957
1947;1957;1955
1947;1948;1957
1948;1949;1957
2147;2145;2143
2143;2144;2147
2147;2148;2149
2149;2145;2147
1950;2150;2146
2150;1950;1954
2150;1954;2151
2151;1954;1956
1958;1956;1957
1958;2151;1956
1958;2152;2151
2152;2153;2154
2154;2149;2148
2153;2149;2154
2151;2155;2150
2151;2152;2155
2154;2155;2152
2155;2154;2156
2156;2154;2148
2157;1959;1949
1958;1957;1959
2152;1959;2153
1959;2157;2153
1959;1957;1949
1958;1959;2152
2110;2158;2108
2110;2106;2158
2158;2159;2108
2109;2108;2159
1943;2109;2159
1943;2159;1938
2160;1938;2159
2160;2157;1949
2160;1949;1938
2145;2149;2161
2161;2153;2157
2153;2161;2149
2105;2162;2106
2162;2105;2145
2158;2106;2162
2161;2162;2145
2158;2163;2159
2162;2163;2158
2160;2159;2163
2160;2163;2157
2163;2162;2161
2157;2163;2161
2130;2164;2129
2137;2129;2164
2137;2164;2165
2137;2165;2138
2166;2138;2165
2167;2130;2123
2167;2164;2130
2116;2168;2123
2167;2123;2168
2165;2164;2169
2167;2168;2170
2167;2170;2164
2170;2169;2164
2171;2146;2150
2150;2155;2171
2156;2171;2155
2170;2172;2169
2171;2156;2172
2116;2093;2173
2140;2173;2093
2168;2116;2173
2140;2146;2173
2173;2174;2168
2173;2146;2174
2170;2168;2174
2174;2172;2170
2174;2146;2171
2172;2174;2171
2175;2144;2115
2133;2176;2177
2176;2178;2177
2133;2177;2119
2179;2393;2119
2179;2119;2177
2179;2113;2393
2180;2178;2144
2175;2180;2144
2180;2177;2178
2179;2177;2181
2179;2181;2113
2180;2181;2177
2180;2175;2181
2112;2182;2114
2114;2182;2115
2112;2391;2182
2175;2115;2182
2175;2182;2181
2181;2182;2113
2392;2113;2182
2392;2182;2391
2136;2138;2183
2136;2183;2122
2166;2183;2138
2122;2183;2120
2166;2176;2183
2133;2183;2176
2133;2120;2183
2169;2184;2165
2166;2165;2184
2166;2184;2176
2176;2184;2178
2178;2184;2185
2148;2147;2185
2185;2144;2178
2185;2147;2144
2169;2186;2184
2172;2186;2169
2186;2185;2184
2172;2156;2186
2186;2148;2185
2156;2148;2186
% Data (solid.pmGp (N/m^2))
-82844.9160136031
-81966.13729036777
-74343.66962280788
-76304.7776435301
-86382.51843242059
-77747.75300017932
35626.48878426267
30972.298221072368
33136.89983984302
34948.91975034549
-76029.58305828988
-81408.83449797834
-81911.44419729189
-79359.50668732396
-85897.24453749454
-87744.04460549762
-76946.76188369682
37953.0491416194
33135.57806762185
40254.92149240804
36714.132286512366
-82616.61884830553
-83481.65054907951
-84033.43180695955
-84186.98890673244
-73379.49779522914
-75382.68167044487
-85991.4461340813
-87981.43347428483
-84969.50866147161
-71120.51874814637
-86552.0392388123
-86225.4650923607
-69253.31322404118
-80647.30434299332
-76968.52053317963
-65895.48765655539
-95440.08631316626
-93102.27704228616
-90624.3764802515
-89147.3693474582
30863.05686688069
36841.86813858517
33729.74073005241
39872.163484483324
35872.18843053013
38117.98983851511
40700.54285516946
8310.29295293522
11461.88206604961
13228.77713393883
36759.69745246259
42288.556888377214
35455.124368747514
41123.38374639273
41527.22229569932
39922.29504482165
-48233.75768408775
-39414.78600677437
-43851.67316150642
-47907.76683062641
-53096.526350316715
-44572.57713087233
-35611.12965259106
-39199.11675506916
-30381.815410536405
-388.1179325272103
1634.3116013105246
4675.064909693693
6473.407693820234
-26933.18815788477
-28936.93718816212
-21699.71187702031
-34712.20043055095
-17935.72212024734
-18630.14786416066
-13306.381262854973
-4298.319077769152
-3639.2359126999986
-14104.234446102015
-9009.87826606396
-8371.715460493873
-86260.19003160403
-84774.34901479621
-85010.61069613548
-85399.86964226713
-82672.33124753226
-100118.88665124222
-96722.97872562414
-75702.28543936228
-62531.26129023376
-70051.45034228323
-59423.35500816
-67611.06447057483
-55147.856478430615
-61830.409416230475
-51484.23889619191
-79126.12667632686
-79945.03316281551
-76214.27107343076
-91826.53039820312
-88175.0133369172
-101440.08705949022
-105343.51981699641
-59739.80962740523
-24288.650549066744
16202.440681763392
16671.76548720481
20919.27791866684
20850.188795138238
23844.16151564902
30135.35771298987
28245.607453292414
25589.668111691288
40979.61804000925
40118.341292624726
33468.40129803593
36396.94644055692
42395.50709015017
42194.757042207995
11021.110786420535
41753.7949015913
38992.22983805853
-49949.361150483484
-55298.29624660206
-59640.69904329773
-45871.34928107386
-40251.41961460945
1019.2482595637316
5860.4159250508765
-29874.570596214264
-35462.893411472905
-19623.248215136933
-25069.150159347617
-14714.617792146135
-4454.13977059736
-9254.448817318318
-85700.00203013707
-83518.81038655549
-94207.23708681451
-99029.23973934147
-89139.34183100973
-70725.24278707257
-65420.328078596576
-73648.21645896234
-80000.42021123641
-77078.69602674733
-110448.41381229593
-105367.81912237601
-61986.64729075842
42309.28198590794
41910.918169849
41419.49701772894
39980.93799732236
15328.220589977685
20548.881730828023
29269.005653258562
24605.034642929564
32666.11918411617
8880.978522129086
42469.00075028951
43182.79015083446
42741.79174436336
44767.08365127796
43283.21443785634
34434.64577306765
45692.82196750763
-58059.39017253712
-52570.71738666777
-48504.863498813516
-41077.42693922416
-974.9779584567781
-31278.30252802932
-21074.414484528428
-10836.661551318224
-83196.7842137309
-101685.1229877308
-94732.60502074854
-88537.93372571321
-68418.33573219417
-61673.32690927006
-75613.86329473335
-83385.93831475188
41517.21527820822
39873.66566426691
40668.865203415364
37489.18139985866
34228.39186932886
18310.184770591637
27132.116254073644
203.4981054470459
9415.3059307776
42771.03767425771
47056.45337750877
27831.623667386975
44368.53999759369
-56428.605007388825
-47009.76433998036
-38403.66105921486
-9890.754834956095
-29661.154120207964
-17832.96434051406
-91720.38906820769
-66126.20644162016
-75681.3305948443
-86190.29340318227
34937.38338911516
39662.57499642304
38517.23732863582
29876.13678032268
16880.50336618617
25019.40166414103
2539.6619739015914
-9959.5723540101
20195.76867623233
-56875.544503823796
-44093.31033099371
-35474.31306022319
-22686.699769882776
-67800.04002430335
32132.00892749629
6987.005560358906
12316.683950299835
-20668.659096212978
-10166.764384366852
-57882.02737385664
-47275.60834267454
-115820.08075437014
-110831.46872410947
-120500.80930738508
-121201.35595987171
-126563.62525539199
-114558.22553414383
-131828.6186525488
-124323.85694039414
-137107.9016674812
-130389.381520349
-107334.4660062288
-116199.62540766806
-109927.7424188497
47642.67877192981
42939.07597405476
49005.3392235624
45033.94689910333
49504.0289194175
-118629.05739057872
-133787.058796023
-142116.27417747577
-125131.85274643589
-147012.95676909437
-140006.94610449596
-151718.1203085703
-142856.78489203152
-101668.20154351978
-109466.80705344409
43368.41128770735
50501.59100209879
45780.3374352356
51598.99251031309
38672.81889769341
37187.38442834922
-117574.5702737775
-133776.9552978776
-127236.59156222179
-148836.3315492727
-156130.282299098
-151251.34123297175
-156892.4479038249
-160367.82298296833
-164278.3704516023
-135380.79621723454
-141903.4213817032
-96836.16887094137
-79214.65989303142
-92046.8877438454
-103389.99501983514
-167882.3983707004
-158418.65830480465
-171210.0931377376
-163721.6437256259
-112980.018799892
36158.243088956646
30173.455240907122
20486.328045961924
44198.30303126881
52206.5015558401
38840.314449366735
46922.19495589573
53536.09243176714
45253.28409925387
54251.863869951914
-33956.08398390621
-125111.83610106262
-149757.48519934583
-142871.98196851378
-132607.7002992995
-176836.7831771366
-169363.0760629301
-174215.47945745953
-164711.9554055569
-150165.09115786548
-70809.57432322246
-83658.89622992436
-101379.23863749036
-139348.41923817297
-179143.9397949607
-169463.81546439993
-155873.45316210922
-117550.01762352775
28602.965551947684
20690.193160652932
-2756.2847791302215
-26308.803765407283
6842.415558728814
38807.517515023814
35822.90464467731
27459.618024833977
35829.88272316519
-16699.923810112145
39706.140454486704
48492.226659738444
55684.882378017785
46801.251343837816
56523.530983634795
59307.12563490908
52622.36423728538
61017.17513840808
-173791.42363889582
-181085.6432543296
-39227.6049960797
-60778.44688161121
-49707.35055464206
-128100.15539430671
-161292.42939259304
-155605.8846420822
-145218.3137950467
-74872.02174591999
-88774.28270628286
-105232.55719654962
-173091.7964720782
-176793.10855468578
-182686.25544320582
-183914.95386005557
-159837.4859484331
-131176.7987951564
-164848.38608060215
-116975.26236291562
14649.271477833727
-11973.53173530173
-32245.865162814443
-601.649389527572
58150.94684403334
48717.78749053921
50125.01876613836
12534.26748731587
27042.277129325794
16434.395712003043
36752.12805040922
41011.53105140756
37867.95797499882
42937.67351443847
51582.975843404434
62506.68865590626
55494.843626794755
64421.63833344247
40468.04187512175
-49948.95488492876
-63994.4704014622
-184798.46594309257
-175241.4888016803
-167952.66595226116
-163379.77516269227
-149648.74085159958
-133982.45537379052
-80265.10778846797
-94967.73539246715
-105130.6517817647
-153173.29508569842
-119851.87647195013
54635.995292800966
66203.33759342051
59045.03060373316
68309.7923526473
28943.537045717316
45528.50037533124
48313.66031728164
43217.23999245896
-48966.14919970355
-19016.736318299427
-37695.63539046979
-2904.586697979194
31057.917416604087
11335.877951497905
-4417.782010533817
27724.659111505945
58220.74859209323
70421.16000043567
63937.131204081306
72748.55562636322
-22417.853399422707
-64736.62999507437
-77613.78912044056
-53532.01504121069
-164903.12613347243
-155417.5478351456
-136881.66729063803
-143599.49977420722
-123056.56311535853
-91524.20633718814
-106851.45896813976
-40774.26403785855
12437.19810661202
34149.24817491616
45779.03772032226
17713.809636395894
-14783.214631260887
442.3281402189926
50873.0767056018
63433.64032660063
75087.88116423874
67361.38374688389
-29562.729781773207
-67325.3673126683
-81376.6220839196
-56775.47612772469
-141254.07094503575
-127983.67313371728
-109724.37848506337
-94855.82650492323
54414.785551431
35819.6158285171
22994.18473593213
-14766.013708648874
-44084.38657037632
42657.68758741681
5439.412812803369
-26833.62706989079
-70973.48043595017
-84620.12247881459
-58887.33514715653
-42190.90105796224
-94947.1501850392
-109940.7700808003
21302.558069773855
-4217.58699543553
-20518.532431657255
-76411.55047655622
-185356.9820601115
-178313.7525992276
-185474.18512347608
-178598.65139771573
-185545.40688298005
-176107.34150817056
-168890.41530577352
77682.02338946858
-177787.51195856044
-184997.96322018534
-184313.71677436167
-175742.83757167164
-169148.66303729874
-165851.01286662673
-156265.5838316528
-182012.61798987354
-175561.03659075793
-183269.02458736766
-174130.85361805372
71528.15568944161
80268.10215443774
60459.1084060693
-168212.57831571376
-165316.79917052184
-156293.12929862412
-172646.68171572857
-180453.60600374502
-178696.32300955875
-171565.7905277939
-165610.61590916922
-167801.83009880307
-176646.25607935304
-174507.3226917082
-168487.03268744057
-139920.5228196058
-125520.80069225893
-163422.65547213904
69978.05950082872
82977.81441863338
76536.03654562881
85718.54873805192
57626.18926142836
42269.94225282154
86210.53993645676
94394.03915102004
91475.48559832636
88551.371074885
77114.50275377354
82033.24982106367
-154968.60724391398
-143686.85904780924
-162810.6240233905
-160994.1711873297
-152448.3707616644
-172033.24104470844
-163591.776087659
-163979.4078624187
-158296.56199262972
-166780.99474463717
-169546.84388284583
-163664.8865676222
-158440.4491898011
-158759.26454285037
-157502.8881281324
-36840.03517892104
-56313.18688393548
-91122.43804044365
-126002.64567814996
-108109.94026245964
75952.63319178455
64676.79964248881
70187.9206342693
48200.711169792725
4741.147226494507
26500.55009418147
85289.05592145227
97419.10382810689
56805.488648272265
66847.67965466957
70449.37391480926
90940.27192296195
100394.57791532035
15458.606180834797
-137790.0013305662
-149420.28021148118
-134544.2644536695
-153854.88536634177
-152813.26053142783
-157922.1668333714
-152380.40511708014
-160937.7537634429
-152648.34902290854
-148473.1252749175
-147706.38220161555
-145189.04772748396
-146190.01703848015
-154691.21598202141
-151481.72192071806
-3767.0899874949137
-23058.52424788736
-40984.65466962042
-73281.97087550664
-57001.166946601974
-87426.94401484479
-120534.05588250422
-104767.85782064528
-7882.696272186571
36965.5020249969
91160.6339207442
103402.15260669088
97043.76026460159
106328.94903351415
80201.49614372957
55382.66196769766
64753.25796942692
97390.75753278013
79186.95538336644
86255.36390826809
109394.33294230785
42350.02507567942
16283.52962760716
-135186.83685276902
-146648.42339235515
-117463.79795327643
-125913.65337736777
-140605.04519196154
-142447.1451173681
-141907.8966664804
-134809.34649776883
-136169.73776215242
-148093.43318792505
-140133.5924882182
-47743.73628077839
-24483.190580383747
1062.700415034189
-67056.81235348084
-83821.77893771819
-101307.55284549808
-94687.31725693494
103259.73127912614
112270.15722669249
85610.40511450397
71473.065806978
53605.731855326136
93419.55412531916
103660.54083260083
115187.93796280991
109333.92661666797
118105.55336282025
29215.86720390963
109539.08705257635
-135570.158722434
-105850.96728147891
-119347.90463024662
-128872.3117221472
-118024.4975708394
-122502.20074692847
-129150.40780661411
54596.59727748996
-52042.44649474684
-34763.88098597092
-14836.526751142292
12420.040435060548
-65342.633229449595
-78773.83768730982
-76918.42154834652
-85355.7980037844
78613.78213499111
92095.3781390432
98690.31865880208
98176.84554763924
120888.34332706367
32449.21353081964
84920.62329618917
67750.0731595831
105390.76405647643
115091.35524731773
123583.43430650527
115133.1533671905
128799.37267067208
120511.46706464983
131412.17712356985
120468.2174632763
126299.62839845946
-98064.02641848048
-106540.92559805352
-106397.71216745842
110491.03471470556
104026.06746215149
46933.01907046106
91148.78587641365
-44188.968559357054
-25769.32907663035
-5990.89255044164
21357.64651775276
-55013.371174758
-62781.373167477876
-71922.77527742843
-81827.62907950107
-60942.057081768755
70041.94514734256
109831.0268004154
38005.94221897908
96856.11605175144
55714.47588917159
76186.29385885152
-25219.393678199653
867.8859384448451
22711.428732382014
-37542.940390997894
-50080.49389302469
102887.21194128497
42269.745370630466
82763.89645164482
63613.67395369535
-11226.387796933255
8428.947335932311
25161.027047576437
-20101.431321039647
48659.56415164616
5949.7441419455545
-139597.2363203209
-144752.37963020624
-129732.8765439412
-137833.06335368674
-132687.02626593807
-141270.23219109842
-134289.00198295258
-126869.81681629234
-125898.38570520577
-130795.94362891412
-132943.33305090718
125742.69595616816
133941.14007058865
-123692.60804248374
-118767.56864221371
-127210.6746790587
-122330.39235163853
-121402.53682704161
-114659.87000914106
-115508.16870434958
-117131.12604325118
-119505.15141106893
116333.43306032398
125656.75809871257
136131.02270532347
130465.07904433485
138579.80624938585
-95008.3450203464
-87424.7412974329
-120076.21629686713
-112722.43378639025
-110103.62703945511
-110227.16598082424
-105983.66888675526
-105263.07101421738
-84714.8190986707
130434.98783590076
140632.1137401675
115746.77236899026
121534.902305923
-76185.4538723183
-60095.79687524518
-39844.40174448155
135124.85622081897
142795.02627648535
134771.9227939185
144803.68879741363
-105919.42658636752
-101239.72350368304
-109490.78515958774
-105830.79044080796
-112975.62064232035
-106283.71460057555
-116591.26990359773
-111908.7487508666
-103105.6349617197
-102768.6765221992
-96916.69465463675
-96768.35682092562
-96383.94537727573
-85584.07260812893
-66553.49241176329
-102462.60698648711
-96146.7985140172
-90392.41554761252
-94830.25461385131
-98943.52289736048
119977.86190545287
125800.02681789051
108199.28373277195
92984.08588878124
-50966.344065933656
-32244.729602333202
-18438.90430881075
124291.90014062573
139740.06608508914
146816.09786357943
139627.6807234089
148536.7044228187
142991.62652339225
129685.57925987084
-87818.09841583572
-95518.07516820556
-92046.56212646747
-88535.68257706413
-81802.5515258189
-88693.77757173263
-85287.01572104545
-90006.3565825025
-80485.5537158849
-83539.38011306814
-60888.424497046326
-41750.58678622975
-85226.754897132
-80385.25496678104
112907.19067999437
74027.85215248297
94115.51393280942
116675.79483119235
-24676.288852970425
-6683.904632698836
30083.707685951755
6779.697028094828
150443.13889485973
145959.37298127986
152022.1012671618
132600.02271456106
123514.05013049692
137333.39732053605
144789.90429688216
153710.97394907908
148307.88810524426
155259.98219616755
-82245.9367594712
-77476.25186058444
-81982.20573733798
-78674.12563157419
-72886.06275454872
-78606.11090718613
-78026.39889924596
-73398.87779286398
-72774.70407330416
-71307.73864434125
-69836.66622571125
-69230.60054814344
-47779.21907686295
-16790.968670612776
-34843.6081674325
56806.35787156887
100454.46903162274
79499.04373836014
110960.26595733881
1890.4258570366358
18235.286915202614
37051.00112005591
62910.183050416905
8118.140923536431
124612.97730046597
134905.57128700998
147593.65157016704
156750.16680726895
139230.30363857324
151263.8518399766
158004.14387397355
-67538.89108656702
-57928.2271965696
-66280.0745696984
-60505.57432902632
-55513.85136020172
-50861.61922762069
-32407.93528456011
-9498.503084208272
89928.26601422219
109322.37831652789
26264.016763684907
43770.517779192196
69579.22703186593
31298.190961703658
16827.772350776864
126245.33999091333
109994.73445389999
142363.2910840513
138084.7492093964
159392.74554584737
150208.71855536284
160504.00205310617
154312.33352763575
118139.38176308319
140890.41952525987
162781.4631799493
161843.411369291
155326.24280611068
158423.73341861743
153895.31504699893
163863.71104664152
-46066.847855700675
-43686.86551230093
-34934.89989756417
-17055.11257901684
3468.321693831358
36126.13409752584
94496.47588221238
50765.76610567449
81507.30450850222
48854.362879215914
30334.801452495736
48863.749401624285
157888.90038620014
164828.3911750354
151251.1810901678
152739.51250313452
102529.31856895311
130995.90449582986
145712.15745626105
147627.81755389072
119143.20768738496
133748.0316567142
137221.53929356355
141716.9239935235
-13504.947738263805
13481.612357556683
55708.74253783275
106999.34776048198
91442.76470810597
70485.94303858826
91193.47671194463
73087.49974499394
59842.76985095836
53480.55001601492
146565.18876180975
139670.31172721853
123560.08481338453
130976.96463491372
113802.21109368617
95745.05265496837
71804.66711395822
128753.80791506481
-71619.42061474334
-75409.78288942143
-72188.16320850624
-65689.8681458462
-64759.95955736147
-69001.32930849779
-63139.48334323651
-56495.01574612064
-65855.41949949076
-59663.8064290828
-56456.85981977695
-59119.20063424681
-62748.67757919382
-50894.21221012224
-59681.28747807451
-53475.706575069045
-52601.3413099366
-51334.76276835861
-50827.66779653865
-45664.54550846022
-56659.68379771913
-53677.259593404684
-47723.215997069485
-46776.33188476002
-50742.68638366562
-45368.17069160069
160118.0196770304
165799.79257338864
161963.4740955756
166507.1131479009
-34446.633289193625
-40322.84179299232
-45231.179683078924
-24947.980547718773
-27877.862742552123
-39435.032856169695
-39451.49138117044
-47845.81820376617
-42008.300358445566
-44992.39879448394
-41163.013870900126
-42184.54494052123
-36575.98550184335
-35639.256968084395
-39429.81443916316
-34459.69489572153
162831.610526961
168024.70170725792
167374.90917490722
161434.546219554
159872.3525671435
31565.685910821066
154432.36632274542
47917.26332807638
150251.4789391499
155053.92741527865
147045.54584534394
146108.33911170586
140542.28244656546
168719.87593766642
154743.13138619545
162164.27398509445
169325.2427953838
164542.7973891121
169891.00063822785
166154.38965087157
170349.14744027104
-16581.26018008304
-26356.727162798303
474.47869682171716
21241.323458437306
-10865.92812197904
-126.20390210905626
-34232.06882603453
-34093.7585199839
-29133.12797350236
-28720.49110392459
-30441.233678332683
-36711.74812472915
-34044.77194768306
-31295.07008220824
-28920.37784795449
-17445.44239096749
116562.75115842631
159597.39932416132
164360.16649169795
170787.0985710278
166309.5887617213
171102.02873437936
109331.98813778737
70752.69673677019
31995.24307881572
46175.328151251575
131547.0462997952
146326.47860516227
157691.5977101185
150904.9756927488
151489.59292089258
66028.45137427731
-1085.2738396501652
19076.64530737713
8600.384387293723
-23777.37887007229
-16143.081763462455
-31414.63810143062
-25969.07692616585
-19166.5710181086
-23915.076735876093
-23845.299876797446
-2478.5963797505397
91801.33141048504
155803.058843066
171486.56952859857
167010.61095435655
171780.00964861774
164993.58658255474
159531.0040563191
119224.80716369224
103494.45220634175
88251.79844279625
39055.05229842864
26958.376459035422
14747.729211395197
58195.36067501035
139614.61894695222
147069.69867891257
75160.37487593605
87259.50236443029
-25187.945080837584
-26300.72113286438
-21008.76212487789
-28835.341306621052
-20555.739262717907
-23806.90211632779
-18419.64566167615
-18525.52052092055
-7688.536979102262
-7227.275713819382
-14071.934289075993
9297.393687157979
165779.88067781576
171925.7716369079
167556.04259621905
172200.39438047213
108236.26489547019
149786.07374748093
160534.9369547004
157886.79910046703
137940.63653295222
158760.20495321686
122372.1442177075
75831.66938779391
105095.11506923044
166256.6827485972
172196.94153309296
168089.6952753992
172356.40398925837
48000.291593426875
23416.716711389883
34748.315054683946
64790.4472221927
92899.81589173853
161633.69875605998
-13793.046161217793
-14041.320231200429
-9254.733418021418
5208.024079459289
-1143.961943376278
-4639.883663198547
21809.019961178343
141466.81589136398
151850.5767563169
125696.40026229546
166566.3199366773
172301.22229115167
168147.22933662726
172350.69479184676
162198.0589176367
159460.4855838854
152771.66037955927
81105.72629804304
109908.89512804098
93436.3365128435
51719.835373862996
39691.95374872558
79334.31308978777
66068.03090135641
172174.57573432734
6272.312288927732
14994.554321328325
32922.44730043917
166562.70007718558
138663.93300775735
123624.75261652232
159772.3026286606
162310.8430380315
153588.77171236082
144127.43097847496
49525.82611082549
57246.28207888334
110194.13157663282
89250.31267056952
75177.90286381352
160147.57910383778
129524.62562615759
153838.1918608751
142583.71916869795
83526.59990874809
118337.9627229148
102505.77561130069
88645.76047646649
92930.833356634
130735.92237368746
142636.697191105
118455.35438952681
-14301.304855943627
-10901.12184704845
-16607.971500392752
-21359.08553157133
-16161.874486984407
-15644.156823430647
-18958.9976575359
-11534.934774070949
-9205.99780275126
-9006.134953429435
168022.70969128818
172104.17706151822
-5036.651586977791
-12048.081212885421
-7203.526845597929
-6858.116700691628
-9837.360260276915
-4460.895915115423
-7674.485511530732
-2872.434594098891
-92.43884477133994
6953.705322519117
-772.5253592539997
-380.05655591739367
3982.5525890950407
-5543.860618708804
-2329.2005837482093
21224.567167220957
166339.32882336885
171889.60065759768
167647.05881155547
171693.20935137873
162536.21564659258
-3476.842296751362
1076.5564032280074
3287.855409916803
3157.2282917888733
14637.530517603549
7482.704737102673
14127.570509555735
1656.6153422756895
-1436.2864372035144
530.1813533372243
5043.90794043296
5440.793132521665
2476.1482117225164
40206.19527955343
30751.285728936626
165896.2783895614
171391.23075756102
162208.51971638776
154370.93000186593
159544.29676737273
58157.25961040866
69080.12000816109
160343.60231654224
166339.36218159646
169794.9305997214
170323.65271069497
166657.67511885084
167298.33954687533
171088.6840015069
165710.75543059516
170690.911524289
165854.1471894059
7009.379365091787
7156.2866188754615
6210.699400100919
9158.062582310009
4349.3395683102535
11303.8408138981
25922.14437604499
18861.612796596924
10786.763203768223
8742.696174376275
10588.35107539051
47753.34744015863
65010.356059593374
39872.51150566104
161200.11149107016
160947.87483504406
154385.03303105818
146368.66019776656
153713.14479309102
155939.270631153
75326.22467634559
87921.4968771593
103735.98119261058
161725.5515189552
157872.2121929747
169345.86484652266
164438.53328912842
168742.31922869326
161932.12534082055
156707.79599473628
8000.552625598015
12286.888687929732
9740.868599895706
12670.144711899044
31515.989400179304
14968.883533639559
23959.361419837547
14223.70981103991
18328.763588407677
14466.120485191152
15806.39976208063
11442.416229685652
13122.469534778551
15573.976459060837
54893.55460499372
67122.55628822187
78903.7510160818
46259.87911861376
26800.80734903393
132942.82004929552
144708.07239291994
152327.24605269966
148006.43267467144
119542.15248931902
91140.19337319596
103869.6984413771
91242.30874374318
165316.68526836668
168137.0812713538
163193.40413064617
167445.49741080005
163722.23225935572
157810.79309743337
160103.3429408664
151460.44657034418
157752.30063021503
166822.96931689497
21852.803669956797
18133.77415514231
17804.939765396168
36492.36779059087
26951.70633356891
14705.819379916677
18787.6519351262
19050.73982935012
16292.45047829838
20902.739448135773
21329.611668090227
77210.95047426027
61336.83867710134
51435.470245609744
36822.70741757376
31950.249559053176
133419.67560386975
144267.54524555453
153146.2797068925
146463.17874701798
118878.90148664698
104971.44664615655
104112.42238992608
91105.05601994572
81503.10384007484
161844.0649272851
165978.28431357877
152329.03711691234
159123.2329342619
162306.46828865597
165208.89819665282
160425.48924605222
164351.65798276963
25130.5020347789
24298.06292236505
23917.90425490914
27824.30220408104
68962.5536177456
59922.90659676584
46468.92907474236
36877.78312774873
35852.17505532331
78803.8724646562
70525.61308228511
82103.63494715969
133545.65348854713
142687.07694773292
117894.35449108086
89140.60268257749
101747.00426597329
115709.11550299515
142146.9073800887
157909.83650355323
151221.43374515846
156724.02763735314
155592.1138813227
150128.69185042853
160764.1958568054
156357.11226649352
154043.19204002517
158795.16662279898
154620.64752372736
163495.25295262583
159005.1737537611
162483.92235692608
161565.71289039476
30571.960412902674
59667.72311437395
47020.41311071478
72113.85670752129
96411.58179734343
130253.03415206133
111324.67835133827
124626.40964244398
135247.0188541428
142153.788448589
134438.88624434583
148868.56587678965
143569.28610699633
152337.8378148783
157014.58307363218
160510.28172207208
157077.88051723782
111032.29123347806
122119.86269390151
153152.38844629042
147277.39639822286
130364.1840735473
140552.19852107196
21935.20931776475
17798.756783683213
19274.089253328788
21703.824970904094
26392.46059729101
26783.539248449804
20690.378946869416
24545.925201570673
22078.809294600313
24702.12428397932
27014.684716969805
23410.422652263678
24677.298638307522
27212.436952379066
29506.227251923905
33021.11809309935
29066.13151783725
27118.708767324773
29639.07174428017
25932.164025545422
29574.103184876778
31390.040776464695
32171.158493400162
39852.20891195163
35608.47238325523
85102.60823114209
159382.27677767506
33836.59798536758
28237.64585018434
31738.82769639094
40610.94203729421
37651.35286313122
34240.90350471718
31673.454336428164
29369.059079804767
33928.85704146997
30386.919722718372
61133.62359115386
50109.11227775012
44946.648567675584
74042.28859058955
84888.40488776771
97149.49749802447
92590.8749370208
120812.07994154382
154890.7527947963
150523.6613998849
158302.9929807752
154713.2674535623
157054.93452858995
138314.65853537276
145347.20803360213
150645.2008186935
152486.17772929883
155879.96482225563
152552.17392253893
154545.3537057511
39686.457958992825
36455.67775128491
35791.664909065694
46614.70540546844
45887.26575619409
31427.929935884153
33787.86249273298
35412.21258616704
32360.630176348768
33244.27420736887
35576.958226241455
38732.697609532166
37768.973578981204
34113.0299490675
37208.56447705166
37023.26923252829
34911.57050941107
54345.659497991604
63487.40607114538
74987.33210636994
85454.06755375011
94715.63666340733
100759.31046244102
112017.29716966965
122700.60555136467
136871.2408779175
129641.03034127237
128266.31037941067
151864.9888102879
153261.17373739314
148929.8081386664
148629.80214208583
142414.1581754661
147921.53438386015
144812.19933602316
147723.58978518372
145939.49352940847
150483.27709745464
140576.01192234873
135508.3762573017
144956.4992042227
147457.17456582826
145637.42544804997
146796.19196877352
142770.07659007894
148950.36815294568
150440.58672108466
141629.17449018674
139074.6427791063
142142.33116746132
142497.4910697333
145900.17279626173
144230.53002284557
141465.81807399084
142596.9349041997
36369.43175991007
38488.526011938986
35657.69798724534
39630.46402032445
36983.38278732312
37614.32893046868
39909.48930371645
42097.54150661486
64686.11354623842
75376.49375826986
54964.85450075899
49649.97432871661
100295.54481152531
38909.21743624349
39864.571123496265
44214.658556613664
43268.430441068354
41622.360014216225
38663.08560180083
40283.3080721345
40833.85033513643
42464.063580348404
92499.68897498498
84608.2921168805
65566.12769949145
110060.02451026397
107286.47164865285
119357.56303485653
126374.25634526841
117650.85814518006
138232.77148674996
133626.5602779114
134480.71279185562
139357.18829412555
138642.1164194053
138948.56233122438
140850.1464832093
137927.8233171589
123807.77420127061
133594.23384993797
135314.77457289654
135817.37996413343
131045.8678906747
132402.2054798499
139094.3386126102
135487.02876423023
137226.26388915806
134420.5077297662
131816.99200722645
135377.12914892996
131921.721398495
133458.43304178157
126015.62721788354
128236.41490041926
129435.37530307694
126722.94509712633
127291.52091119444
38128.86078407405
40923.64728045108
42690.95907643488
43326.06095713602
74771.34075090807
57835.18479128478
52667.60297412325
50560.57054135727
95829.05734068416
45178.09164252637
46284.55385842951
49782.61694879258
105163.67791441611
81845.24937943646
88813.59866536975
66575.84671326158
127891.51636499593
128340.16414948349
128982.8825614887
115959.46861117776
124621.07045409417
123000.71365309364
124488.57221885193
128159.83738782335
130675.5186658296
131435.28663621307
124736.7433577713
125410.50961081454
118936.92070779033
110418.75291386347
121180.37049293381
44278.56120854667
47145.34857359602
75323.5755604557
58523.770834208764
51845.56896707256
56202.85689415556
95870.63727759606
102955.67044462186
85132.88240494307
65869.6726854045
75836.77418187897
59862.740353200956
119198.7609630605
117775.7920001264
115206.48953304841
110899.98390260548
110784.6380669981
52643.363860796126
69536.77409781585
83307.879116069
92761.9482209032
102042.20956727884
124111.6321818176
125183.04146784313
122551.74983660984
40531.3745877309
38610.39618605788
122961.70767088968
121686.37995602861
120543.46660459418
119894.84299195989
120696.4218818675
41729.47973779694
39042.14099871218
43363.47468679811
39400.36871849324
41346.76549768288
39927.998146934195
41782.746681669065
39703.555892788754
42274.90819740573
43965.530363034886
44793.03091572019
47611.60865275865
42619.96500545543
40057.85678744938
42031.73250368916
40275.67502428858
117573.07573311783
117766.77868386517
118185.57731999285
116312.15902789756
115426.32569375938
118404.1553223151
116023.21707056434
112751.949947598
44567.17987905137
45340.447574419915
47976.27669702117
51177.79765029151
113575.35174204345
110755.59883588752
111093.90006132283
113557.0617627084
111884.03182572594
76785.36992016294
45354.266761211
44349.498606711546
40006.49456835798
41631.77257091059
40131.47891246385
40279.396502109565
42063.05568003581
40248.24847298851
42758.65194284738
56311.119538566076
64527.244644563485
108941.25079026044
104588.74640343219
113617.98286766734
113425.84389225661
108715.45561012781
108519.9912100061
105913.6621963313
103644.52949908437
103227.02511272742
105829.52784054003
107210.34448928446
108911.6329779141
109411.99230341797
107762.54410253974
71892.38243796474
48159.814503364454
52217.5985650646
86821.42106203288
81544.9953527449
77651.12490083836
92522.37876287849
97473.63931420947
42483.398559439214
40916.466154820555
39699.4635566569
39420.75836155537
47887.61912835495
44172.49287637507
45301.981643616266
41736.25348522596
42587.705282459596
43791.80684660661
43797.07902201578
39966.13034427502
38996.018561294084
38471.21756588447
68094.50439498902
74503.06474496053
67338.02685484059
57496.41437493635
52737.88528163047
62503.60614091961
100631.99332469262
100507.49287457496
98244.4598379873
97701.27181028848
102017.978591013
102248.30568138145
104144.22859278801
99205.57086889539
97167.02003395469
104920.79051822229
104484.4196156833
100769.21156253917
95192.32786758142
94831.4664399018
92658.49387302346
91920.55108465906
51046.36918607756
36780.63158324619
36444.04225990671
35706.65103463013
38151.19465680216
37241.6593312575
61436.17493770141
82923.5933612949
89801.98781073691
95443.04958904684
56182.90763728583
37945.22266867997
39760.380081840594
38630.32977722221
45034.94544887242
40899.60133875031
47601.781484272135
51603.60833633606
42699.95689862705
46980.55366868994
44735.357818947356
50990.39909072472
55347.50966726258
41582.049820940025
40125.00396913234
41493.361082550095
77255.99516186856
65518.265835671606
71199.29687249662
100197.15681886849
95295.32364126253
95315.99790901128
89572.04047583452
88931.0959437049
91644.46201157685
93952.59366904026
86826.16789975134
85901.62900983449
86067.26800686402
83642.64753378896
82786.73756858899
80720.53255284324
79656.07875589702
99216.90236037016
95312.73528687326
89983.7773169973
43856.143723631474
37946.054808089386
47932.15387167019
36215.641318578964
39879.287728386924
42395.41416667896
60088.14674567171
91399.75413760275
89019.67125433305
82498.18184794599
86832.7743842468
74482.07888889847
52638.84486334745
66315.59850819851
90120.23217338703
88485.9146667781
84744.36272086382
82772.06284453034
77308.1731970063
76426.1348457597
74170.29507624342
79161.41026953163
84961.3558065676
85314.51884926776
79962.26782904309
80054.56519099692
76606.47595993339
45232.71780333199
38837.042430086556
41150.94769698674
48810.02982901669
44074.04992777866
54186.960026461915
61060.585239422355
79790.73728320915
80471.18787752245
83577.43056934759
81576.04584890575
67515.2758003047
72856.08610502907
65793.20882672428
60910.29827260049
80113.09208816318
75727.85691849486
74007.52871860367
74064.91197540307
53582.86235273555
49725.409240265624
45168.12252573602
54108.2579334782
73891.21194186379
59520.08893850844
75168.88146939155
67636.02738874742
67660.82422742568
55610.47863253504
60748.372765074695
67239.33223805357
33709.62153057549
33758.071929542835
32683.905391954537
35204.548961343484
34708.19239494205
32995.00724163996
31422.017117587286
36736.97955121924
34841.56311079685
28690.51767474439
28890.056931403815
27525.668824012664
33070.40170213556
73194.50435744261
30215.015859058392
31638.166094464177
30238.7267090173
36854.49076358491
26011.101865251407
27203.254010723555
34108.51451857222
29454.253738197527
31758.725390663196
25565.314835850026
24651.25528762631
22967.15373529535
23833.61781461104
22329.845266994504
21488.73112382086
19788.634707232624
20428.736651704006
18237.771536616103
18737.143197865724
66538.91165385602
69866.24852627848
67612.64251199026
64858.45555749283
63140.61113630383
70858.57299797634
72773.35513419138
61328.723500643515
59757.845048982126
57934.652348316355
56317.512127603746
54445.90712600787
52867.08672341666
64618.87212136806
68331.2960404916
64085.598451422135
69731.2158599175
53952.582914231534
50801.54251591497
40591.71357727968
48159.25339967188
46564.774755476355
32185.563372851204
25658.271946747267
36026.45614081857
27512.910863142162
29169.812112127915
23885.41243873884
14995.136682787474
15437.34696308388
16549.055555480412
13484.075750517088
22081.248608434613
20176.52717741379
16960.34183239845
18441.63335560485
50952.00714053871
49428.53279830593
47472.25962381233
45988.15448435867
44042.47211266856
42555.41089819448
40538.97169884397
39171.2802647065
37239.22875865542
47567.593547879806
13282.382116842587
11984.22620565974
11876.50769768768
43517.075586981606
52878.32159724228
57635.70001913877
60823.542285397394
56980.64323880889
61111.248875328885
56045.1572042373
60239.231465127305
50484.13147782931
68168.89611636543
34369.32666214239
34754.608401182006
31218.641112814137
35782.33521164965
32536.379341574375
29235.255000852787
27888.51708982435
26128.451006703533
40619.09952956955
42109.878936341775
47500.99966685818
42389.796006014694
42813.32196528355
35084.45904326027
32182.39434412169
28689.342891607546
25838.46774190554
21833.443030414997
24059.164399486606
11287.223668819834
12831.708965717584
14821.994282391375
17938.888798572352
16412.569320875024
14134.058436568332
19450.28095920657
38620.8769846584
51246.39562461756
44698.63271892039
46477.28983042743
34914.42162793945
40556.21109666113
24786.202012021422
28118.692286977806
31430.663469705032
24986.220043598474
28490.216416368563
44634.517650228954
37639.07897013768
60718.838002640834
60156.02760551639
10214.495866700418
10123.632264753973
9299.72574821802
8003.333956491697
8815.23652197906
51821.13046966563
53107.48214575192
44793.190658281674
53031.8205049916
46727.546670300326
20080.543681863874
18853.33976074131
17174.13753803577
21683.804313075194
23005.51901833988
36507.974746191976
29851.555724140682
39075.241854950524
31575.311445095194
34682.6046648396
24689.0631524544
19676.02262439732
15261.46702089886
14836.983101829428
11943.117210661008
10400.826435741577
7873.629066331247
13796.950235731936
44983.509234834644
39116.221797725084
31903.785084617964
15970.973205077355
16261.547250750888
21985.561896842555
19188.137462550516
24792.38317051889
18649.57026464627
22293.405192110607
25490.647850310273
40144.94534010268
38119.274602328274
40614.52525933322
36191.999470663875
34541.352209324716
10825.858185473035
17951.167063447065
30250.198048106056
25929.265268393105
10171.019409229957
8411.609306255426
31594.716883441968
19040.97214002578
16549.372226103467
27501.290377812697
22278.41253660271
12997.134010039907
15226.80006070037
22242.474850832416
33428.19134479117
24833.46121264722
16860.23275310251
26111.41392931728
19030.34150035749
18753.670794668957
12780.407950532175
9782.252448530471
3430.7692967019784
4781.445287322265
3621.624201324034
-2357.019223896514
-3056.536331829667
-1990.0234820588314
-3710.0924521934976
-3742.8965045500227
-3065.9377753932677
-3766.6924221564173
-2891.865656182843
-3141.4157876073114
-4234.605205883198
-3185.97685564172
-3990.0875810963653
-3168.3628178850945
-4249.930719050576
-3561.939209183519
-2725.7975742598755
-2913.2900333057064
-3943.0562022724516
-3107.7289073512115
4289.630563782655
6041.360818541485
-4721.849052690312
-5359.875577175437
-4669.462579182947
-2979.2378801041423
-1423.0823429819895
2488.103715049433
1833.708336240606
1089.2779049996436
-80.47417340259564
1515.6551141198445
600.6455621315173
-222.77709702129818
-2141.9139396497035
-924.703465507017
-1840.692580613329
-166.01216594722234
-727.3599563589858
-2019.405671045942
621.3242003111404
8774.497392339823
7050.405275739171
5962.641754332253
7448.728210033096
4912.304661515892
6034.961639693314
2217.695489261676
3054.9751448125644
7090.222935602953
6181.5045152439125
4957.3334405424475
-4827.034720216178
-3741.728387569676
-4300.628606205261
-5070.215672408635
-4369.839536488546
-5223.1766766407045
-5269.97873554411
-6148.519773492906
-6443.142163751169
-1532.3500313557993
-1543.3109840932877
-5966.722127905668
-4963.685750593177
-3471.3304664874886
-6872.0903515902355
6771.578444431408
805.6505126249821
3533.4817570137934
-1619.933151780316
-6076.912124820592
-7511.443513410818
-7470.730966490323
-6381.110489547305
-8858.637392486198
-8204.8712980178
4194.790865967748
8497.14582467611
9420.068425472533
6490.4085661525905
2956.070334782448
2207.1787546940955
1135.4436000382061
-5503.120171899815
-5758.911996558463
-6358.5507734520315
-6441.3957303903735
-7054.3890452165
-7152.841604583104
-7651.807220234977
-7564.811978918767
-8041.232956069543
-8564.951474118176
-8413.887073513784
-8700.681079475382
-8176.833185864726
-8027.216107642531
-8401.474570459832
-8562.367399369457
-8174.931360272318
-8353.47514406008
-8653.695635787097
-8408.39425072464
-8041.033818849712
-7959.940257919303
-7657.91801902058
-8059.219543523678
-7770.402310337488
-7145.15099557447
-7613.410604516337
14482.947413883625
11852.251835513065
10768.061720565205
8828.351013737722
13401.302494631105
11093.456500909519
-7926.881060853387
-9059.652314177982
-3322.204554194539
-3133.143186069784
1211.9971536603643
-2011.3863957115798
-2406.3639194453363
-3336.1207104038926
-3723.4721482375107
-4502.070631947706
-1102.7460259591855
-513.4109504131646
555.7277148007569
-714.2966617211085
6907.990744965879
4532.716573397681
2548.7916227020683
913.5620622426388
-9129.351922071346
-9511.388253110052
-9036.273478250198
-8269.994962395811
-8047.776266608228
3926.65892269032
-4198.206898173026
-5447.696215778795
-7022.2880237814925
-5830.069951326757
-6674.403260963891
457.47820841574907
5158.773824184825
-3831.058528782219
-9161.781588952636
-8931.864758540516
-7652.018069024661
-9553.964121753585
-9065.140345925174
2919.0461977339833
-7584.001816864283
-7764.693849151491
-6948.006023538602
-7045.039863389815
-7035.802829680965
-7248.149121337558
-390.5083926770702
-2051.6626292421834
-4744.417375125419
-3421.2317333875185
-4396.86175992896
-5373.752224019376
-4974.324547449659
-2977.213582907458
-6789.915832204871
-6078.553150817226
-7212.734218043845
-7222.898015747022
-6375.110493695199
-7190.705356417218
-5426.966707728365
-6507.825487989407
11284.06424587812
9083.6234148091
13434.566172211249
13611.392250899056
-7748.904240228297
-7782.912878659124
-4565.290314468486
8693.521980921725
-5328.733301406627
-2154.2705622131884
-1341.3488552810686
10448.9876972886
11596.110178761191
7496.397833416675
3346.393723015028
2395.446062557065
6120.997640642757
1346.9922125771852
5330.034736062794
-1800.8356273445672
3851.6399837836952
6210.214694018087
-335.59716518029967
-3524.028775543151
1375.2738560677371
-3500.834696701481
-5258.649426066304
-6425.595524526244
-1322.020306621654
1262.243554604887
-3339.1631966282307
-888.5272552645107
4855.740225070149
46.45045006554215
4868.4383622727455
2844.8011313846077
-8520.277997917552
-7038.354141218982
-7626.255480418556
-7200.191215587453
-7518.799876053272
-8055.279814217718
-8125.02264997158
-8801.764395903436
-7039.084424393582
-5548.96617617057
-5684.092279688778
-2881.8892906181172
2227.6167708444987
2060.4424151991257
2105.8785282715367
1925.5892138272518
1849.573146923906
1944.4396835647506
1706.1439703699932
1498.8913433761536
1396.3843539871239
1770.9057837128018
1564.7085873585538
1239.9622445302607
1339.1739013653812
919.8891099376802
665.9897730459269
436.1910762567522
243.6549005033474
353.9494661615053
1087.5614648554752
820.7951650626541
537.0120890882964
1660.8541660130402
1743.910839787727
1306.1019711529475
866.2963758496273
1279.1443019821236
1154.5809477844846
56.48254933029339
240.159494878445
-337.9258970838584
-395.0262157444246
687.8281894870096
194.45359606573302
-441.0617155285958
-785.3059498667426
-234.58890895139112
358.4460443221736
167.3505530065027
-340.379930764309
-672.5092927424206
-977.5244348385006
-1164.2982885298609
-1554.4596792696477
-716.3129275291477
-1415.8272613371348
-898.5760278563697
-389.5796355418022
-68.83285500506813
-1439.0729832550915
-1032.8340521229363
-1655.272272261441
-1347.1574078477618
-704.0977452224564
1104.8498763485243
-2017.0244998886938
-130.65676644996867
-115.12654186984723
551.2132424460491
-2199.1094818072047
-1649.1899601658367
-2333.6378154931726
-1949.9268335947825
-3149.026789264777
-2700.740983323252
-2483.6760608248833
-2228.1250809519993
-3114.037504110815
-2839.203708561024
-1107.5275989304137
-719.2348354134651
-722.2909141813271
35.71248849900145
-1484.5458220426406
-3278.0172854018315
967.3700684644682
1424.0738849024808
812.6182949077565
120.09166284767575
-1477.0434422623025
-591.175137309722
-669.0303809661857
-1133.7973561376596
-1413.3082611083505
-1820.4967250923044
-1976.3633690936956
-2379.0975602779667
-1983.9510429889813
-2409.0813463901463
-2724.1275119546344
-2332.345886211343
-2891.2744568140947
-3356.1592885302853
-2223.0725614603125
-2847.4998366552377
-2203.5719040204935
-2817.4556861177903
-606.1860535433431
-80.929093649754
-4217.140146823163
-3871.52508933573
-3816.5925683534047
-1716.0865113971156
-2367.0380235402286
-3771.5169877639005
-1695.3402895006936
-3248.1247914156143
-4245.49006682077
-5438.934820828562
-5160.365865503481
-5302.57607805508
-3003.90161952067
376.8957246302849
-1257.6208635988407
-714.2248459581039
1328.876605449766
718.5422295493266
1476.0722871656033
1758.8890316686789
1283.0592211507746
1608.2207771151839
668.0974650328751
-78.67343096434992
956.655908936899
178.35873744473963
-660.759599780219
852.7066958896855
1587.0231879046403
949.3348795430007
699.3805952742266
515.6737789693777
-1761.0337449663593
-372.35286513466394
-4836.036794741181
-4330.315680214447
-4329.089220477138
-5332.959309181859
-4746.042161694989
-1513.1049994316095
-2452.569235348237
-2929.7458808278734
-3268.1179403697897
-3337.52044826681
-3861.640135433994
-3695.605654369564
-3958.359974797803
-3387.1746832277213
-2542.7327724442475
-4312.124183511909
-5012.048346588922
-4879.003467708103
-5359.716932648407
-5821.823730277356
-5667.209252047851
-6268.208353672887
-5488.10530740995
-6148.7274940566485
-6759.759015485894
-6601.930202170448
-7121.024923056689
-6931.098727155682
-7563.402454997718
-2647.7738787501285
-4842.208070134972
-6275.1202569521265
-4475.919163088204
-6653.787925165309
-7177.671179761494
-8047.0500897231395
-4748.697585677668
-803.3602404207
-3812.557238546507
-6080.222229727902
-1952.4297902198093
-2682.0644830244746
-4597.178028416821
-3523.852683053026
11.40385849701654
-1455.8370821300393
-288.9601676961929
-1104.1126404076467
-2302.203149618684
-8393.432842963843
-8062.097814762082
-8211.296323853947
-2330.052361897502
-4205.798508340363
-4261.818586944658
-3391.5590046779603
-3644.8048375389058
-6125.194250885058
-5192.461654283454
-4685.254724613006
-5828.364847803776
-7695.963727464795
-7450.052640232006
-7851.528407864763
-6520.564306732767
-7045.523595715992
-5889.665733160688
-8254.37045077273
-7195.56361143024
-6841.372725451386
-6249.433230356164
-5138.711312997548
-7910.000744029986
-7432.86357580024
-6615.794973917139
-6641.0613534777285
-7694.143010154115
-7294.726916512669
-7247.707856492327
-5037.416720264214
-5732.90714529042
-5753.462921255944
-6603.496308458134
-6350.533278412157
652.8604900200387
66.02842840821194
630.9107208275992
1090.2868338421176
567.4722081906093
437.4367490174145
66.30706375428608
39.08581082886003
840.3718831242462
19.5211135411812
708.7448905913312
11.136310917236322
347.7899977579648
1002.4554901243664
299.922010244571
855.1902702275454
196.09959640358784
247.47978340549378
1045.03484693993
1337.8106562629714
1469.00276776223
-32.367053774575645
827.1442397538257
1331.160085677045
63.12568399772105
767.7381814375137
13.634594479047104
1651.7807408667834
1780.6006636730733
1222.339061365625
409.53841427923527
1106.942261869023
344.1095593799039
1312.4579321590802
1140.5016717346393
415.9307962256348
453.8247396151705
513.7157907216573
1256.4497071361736
477.48772185978333
1429.7050666092894
508.4174275973744
1268.4211710355858
527.0131508947113
1531.8891969926365
535.7235969881154
832.7897033039757
616.7239320699279
49.71492956039621
1174.0231841644181
1069.3637236492316
1382.1380056108842
996.0603804906275
-4.927611683022469
709.1674236287212
1695.617604157581
1821.95911839452
1112.8840909574772
133.8233763849074
833.4667201252962
86.98408217175738
1481.439567649143
1608.277560111865
1733.1788650573537
1030.5210356229973
1548.5943020727764
1805.932510612072
1418.1281808589529
1607.7727437237295
1926.712019274901
2010.7398208183015
2184.7850743942354
2125.3986503553424
2042.3830388653266
2258.541756815252
2308.2931786592612
2338.6825818864754
2389.14474196394
2314.965379115842
1629.3443024097887
2053.483759797064
1907.9523750729884
1941.9594609537005
1282.2099845722944
531.3601906007124
1476.3941526385352
1774.7255652007364
1893.1335807720156
1852.1321685107087
1980.4842479778476
59.344744136113455
987.1689936920903
686.9331726895076
98.31511000930296
103.53488715764483
900.041415016285
790.5343923773114
208.18522944333048
1171.2444088460284
229.86781672695054
997.0452536984507
356.68444038527514
1200.9309145288669
368.89698014771494
328.34613145022917
1139.893301066662
500.6805928778869
473.92392909794603
1476.2365086690422
442.86178845503565
1216.7828965702424
462.24643879692013
526.3911045205025
1291.568993956571
1440.1856639577807
1853.306037023401
1488.3085634789284
1922.8454341815132
2079.057844301451
1953.2714567690418
2107.033946222876
1360.7625549925149
2027.8529302488948
2151.861976044408
999.0500523565603
1330.2517749016417
1087.3769342451158
1318.4865558440786
1097.3786647217464
1473.8266347681533
2324.752611725495
2160.1883934116763
2028.3631826048647
2221.965712792813
2139.1100146205554
2204.2997306576513
2262.208991214018
2294.1777080552115
2391.597103448645
2382.3750716305317
2419.462915248731
2393.4552092023005
2423.026057209659
2341.1465034429343
2337.8052112289934
2335.945480690241
2029.3391093753999
2218.2774858925673
2282.9447588992107
2326.692637254524
2201.9982150133364
2230.1361500955704
2281.763971198048
2372.292322865821
1557.6730954819104
1509.1987441581193
1806.338990256891
1910.3658243174393
1780.5449718304455
2170.4160421527613
2092.2426670771483
2015.9316272498097
2285.3216983217217
2230.2888446842835
2431.5087455999333
2486.6342138247815
2024.4335120584535
2516.702592804014
1941.8610484715555
1405.4330290129496
1578.7614342802315
1728.7085707956853
1564.476948983165
1271.5216749926954
1036.6716498908581
953.919725123445
1238.8080376410774
799.8883187449519
1006.1086877670638
615.1162276854134
427.43458578631476
896.2357207516105
1327.7019153501772
1265.8350412481927
2332.2941700912065
2353.2323482443594
2485.216207211618
2423.012576166357
2261.5347207633
2144.320588870861
2088.241560301471
1777.0190349625643
2332.0610142351256
2568.808599192593
2612.9875523662217
2422.30588703284
2734.7617885502236
2758.8567859663094
2032.387955295347
2250.594902330316
2439.050188971752
2280.628300268032
1981.9280871226813
1596.7205660072484
2554.6700032197164
2520.683213221347
2646.9516902321143
2681.464926984141
2822.831704411286
1772.7236934735233
1344.954205254909
929.1060972872712
562.4545129574866
154.92519674773925
-108.93665506107767
409.8587261961858
-8.571584862044869
793.6432202800661
2105.6894487963814
1653.4815382313652
2066.4533448117822
2626.2579500669294
2429.0080734765893
2044.6893879811935
2545.5624095823655
2683.008879393751
1996.819396729632
1394.2100040747287
2307.9597626664568
2580.478246335165
2645.67904170854
2428.1951415007547
2820.8894218199403
2685.035613674645
2641.4537300827674
2328.377222219779
2293.9341341945187
2109.713176529113
2218.878696892762
1856.673993230836
2112.9125013678427
1772.3250176260694
