% Model:              K-Totem.mph
% Version:            COMSOL 6.4.0.293
% Date:               Jun 1 2026, 19:49
% Dimension:          2
% Nodes:              2001
% Elements:           3602
% Expressions:        1
% Description:        Pressure
% Length unit:        m
% Coordinates
-0.012971298318657589;0.014855005591806447
-0.019906578153937066;0
0;0
0;0.019965984825893998
-0.01573115474784531;0.03132252545863867
0;0.03993196965178798
0;0.059897954477682
-0.016429074407211135;0.05338676939298598
-0.013148160779431877;0.06858199467084569
0;0.07986393930357599
-0.039813156307873875;0
-0.033437391890773674;0.01960804249336235
-0.05243236490232285;0.014848131048164136
-0.05971973446181094;0
-0.7476259373788521;0.0028514278567683396
-0.75;0
-0.746047432584062;0
-0.75;0.0035710982749162044
-0.7472933166798965;0.0056500931450052016
-0.7434586011485663;0.004452552185648188
-0.740741855548898;0
-0.0143506288139062;0.10870256721559805
0;0.09982992412946998
-0.01970586736678655;0.08849168776530077
-0.0376224064370002;0.04753170826815188
-0.03250165007432297;0.06741866578032944
-0.09165809585335466;0.015662505304479796
-0.09953289076968468;0
-0.07962631261574787;0
-0.054338406168651876;0.03553272701429524
-0.07251653713840325;0.020587104646550135
-0.75;0.007612183641974551
-0.7336027626393787;0
-0.7368183300684482;0.006222936699004948
-0.7453872066064079;0.009484438895653171
-0.7398773460911264;0.010751851833602418
-0.13119588118098185;0.015935128809810354
-0.13934604707755882;0
-0.11943946892362174;0
-0.11191508078007796;0.02184865761593267
-0.038116106745527865;0.1062798743177968
-0.045218506787480454;0.08520336729272691
-0.06286208838468942;0.06484633053907232
-0.09381786676082433;0.036976596670958664
-0.07570289140257389;0.04531494680972475
-0.75;0.012765347546550027
-0.7239965217607548;0
-0.7287996422000669;0.008469088136787492
-0.7336959365359319;0.012133977450739339
-0.7363068635630067;0.01791155760632279
-0.7437397683307143;0.01535738156491624
-0.1712484027892646;0.015339965470165681
-0.17915920338543267;0
-0.1592526252314956;0
-0.1516218665256117;0.021736445870327716
-0.2284890097294979;0.016842051074598945
-0.23887893784724368;0
-0.2189723596933067;0
-0.2112929904563873;0.012981025128912622
-0.19906578153936963;0
-0.19159166602329278;0.020275076469758804
-0.13403052169463076;0.03765047877128007
-0.11435995034359901;0.045708603990121506
-0.07317304659425684;0.10257226399791723
-0.09635845030364218;0.06785528630408597
-0.75;0.019732060131639043
-0.7174170712253575;0.01097917181831599
-0.7111287443168924;0
-0.7273911346989064;0.016795931673217922
-0.7302976260433989;0.02763122443329991
-0.7413535799575888;0.024394257670576625
-0.3583184067708656;0
-0.3384118286169287;0
-0.34977181291747106;0.01680194173629093
-0.26881729219732625;0.016867020972754235
-0.2786920941551177;0
-0.25878551600118077;0
-0.2496142746800232;0.022231373925165887
-0.31850525046299166;0
-0.29859867230905457;0
-0.3092617131690846;0.016815836899736383
-0.2896617768821108;0.02325806092990638
-0.33046200671965015;0.02298827718360241
-0.17371656266950622;0.03852284405717819
-0.15426134822752094;0.047184652939241865
-0.2377040343609473;0.04151026893554769
-0.21414331851409002;0.03564610164335039
-0.19424477923294534;0.04526036203270332
-0.13621171771594937;0.07042439447143284
-0.11857842085598055;0.10552277104704456
-0.7032295371920237;0.013612227702611678
-0.6948783490967726;0
-0.75;0.02914313552988539
-0.715033520592656;0.02656238862890075
-0.7240440539876961;0.03957087358375185
-0.7387387003344963;0.03538847531834125
-0.3981315630787397;0
-0.3782249849248026;0
-0.38964211411111116;0.01674472118621816
-0.37040319394379745;0.022445277799074122
-0.47775787569448763;0
-0.45785129754055054;0
-0.46919215696595157;0.01675160907783817
-0.41803814123267663;0
-0.41028307405470266;0.022333806304455438
-0.4379447193866136;0
-0.4292164564847891;0.01651134879364253
-0.44988804842167057;0.022682566571124427
-0.35190104025387864;0.03964023359659467
-0.26792119859421804;0.043399515769269106
-0.3114011327271669;0.04015118064023426
-0.29182759607257447;0.050022885766197484
-0.3328004245458337;0.04812226752213906
-0.25220226766428566;0.06263531054441962
-0.1762418655939193;0.07104825844929553
-0.21778895368037451;0.06839827670350053
-0.6763707557699304;0
-0.6846314666338265;0.017284139397197126
-0.6568498334457101;0
-0.6370103873363205;0
-0.6472109131467868;0.01860923743391101
-0.6664215610169648;0.019546743002715347
-0.6950024870662;0.034587041355836165
-0.75;0.04172523407052374
-0.706328589871885;0.04610229376245139
-0.7207666744538411;0.05334253113649192
-0.7350498323494131;0.04945370790693813
-0.5175710320023615;0
-0.49766445384842456;0
-0.5088302155388712;0.01655982444516383
-0.4897196325891089;0.022657347390170574
-0.5573841883102355;0
-0.5374776101562986;0
-0.5492421184625252;0.016807812956741545
-0.5296689820089501;0.022893511779787958
-0.5898971480948064;0.013827468666760809
-0.5971973446181095;0
-0.5772907664641725;0
-0.6171039227720464;0
-0.6254247325903997;0.01949087590095843
-0.6069949505434775;0.01770709984502935
-0.5705267267046386;0.02176406418553296
-0.3916983958880927;0.038825154746782636
-0.37213303399881137;0.04739492976228513
-0.47146143537685703;0.03921493057661889
-0.41210450421745976;0.04817802553388203
-0.43131448427245633;0.03888864862131499
-0.45161222247828897;0.04761736536222776
-0.3545961740403361;0.07132883208955702
-0.2785806622982498;0.0739168933724036
-0.31501280573102747;0.07206182418358584
-0.24955073785600843;0.09608807957917191
-0.6355948012926762;0.03427836532473214
-0.6543620981165085;0.04047306698651017
-0.675993478778008;0.038781419279783735
-0.6871939387369663;0.05465001191529257
-0.75;0.05788665775470511
-0.7052572722738478;0.06949181506152179
-0.7302645716770296;0.06861460646364191
-0.5113569113596611;0.03971588612291737
-0.49178634023705287;0.047997317545550804
-0.5518865115302206;0.041785266145958934
-0.5317532602747486;0.049927535528932886
-0.5930715496332989;0.036885188381501344
-0.6166931776561333;0.040544781187017126
-0.5725862026607994;0.04846867924981968
-0.3945777422198484;0.07108329573639777
-0.4730853480832326;0.07192300869580999
-0.43345430385962236;0.07094153844660356
-0.3760174395646053;0.10085687510126724
-0.29192896600998247;0.11054718882898358
-0.6357492814633674;0.058743412467011986
-0.6617511307245856;0.060646952512225606
-0.6798354024065543;0.08132019134441647
-0.75;0.07818622817152597
-0.7003660222772932;0.09107569208873253
-0.7255787264958282;0.08759752732025983
-0.5134947164869089;0.07253363373263626
-0.5535646372942;0.07494238927332333
-0.5988505807589303;0.07357448966190384
-0.41520695777048744;0.11090383316594314
-0.45431885274736666;0.10224898608249994
-0.6787610653142016;0.11085346350330276
-0.6422154155372509;0.09250239644005473
-0.75;0.10346483557827141
0;0.119795908955364
0;0.13976189378125797
0;0.15972787860715199
-0.01639825744991383;0.14806021135908545
-0.021464347359960886;0.1273869791731212
-0.016381820094020273;0.18844866792027842
0;0.179693863433046
0;0.19965984825893998
-0.02224516633870356;0.16771713103666777
0;0.21962583308483394
-0.023569804551896997;0.20822707877181618
-0.016763010998656614;0.2293784132987839
0;0.239591817910728
0;0.25955780273662193
-0.022933266918280255;0.24999629295598422
0;0.27952378756251595
-0.018728928111985;0.26992114946793105
-0.014641655673896211;0.2875606161754198
0;0.2994897723884099
-0.037931342500938534;0.14600919413246932
-0.04748284354292561;0.12588969888877574
-0.037841343844220325;0.18579935578041598
-0.045473758352578324;0.16606640921040614
-0.04820222374831982;0.20228625668257355
-0.04447228890724936;0.22976748480667206
0;0.31945575721430386
-0.02296984068559313;0.3076160693579636
-0.01623124492710599;0.3301364768123549
0;0.33942174204019787
0;0.35938772686609194
-0.021583350338439816;0.34900017365091507
-0.04272108245142491;0.26033793080297724
-0.036899658885190596;0.2847932748174736
-0.07098314117810986;0.14491828124015735
-0.06557258594414074;0.18038288815027065
-0.10178253263017163;0.1340727347029635
-0.07930332857975966;0.21557072688373924
-0.06667793432773618;0.24644313432831158
0;0.3793537116919858
-0.021137219845148752;0.36931646813154223
0;0.39931969651787985
-0.02011988453967641;0.3880332417386615
0;0.4192856813437738
-0.018848457539139434;0.4090768021275225
-0.015058318593046353;0.4264766323607028
0;0.43925166616966765
-0.048075653655397226;0.30620973569327115
-0.04252883060390302;0.331211250737571
-0.042288906030375474;0.3589828635472463
-0.07043831476412124;0.28107336257179993
-0.10348627356278767;0.17564757204696152
-0.13772696712152027;0.14383102889556262
-0.16284246984441694;0.11290423569271288
-0.11882407951046471;0.21352176375184936
-0.20596003057631893;0.114214040994018
0;0.4592176509955618
-0.02183426932111327;0.44604835994531616
0;0.47918363582145573
-0.016702033130100876;0.4672215881049346
0;0.4991496206473497
-0.022675214961148542;0.4867711020460082
-0.10592421228819729;0.251822936883235
-0.03485154774604881;0.39938680977583124
-0.04122990979918361;0.381680924006518
-0.039691389245568864;0.4237089499195614
-0.07562003055759421;0.3208271613363926
-0.07177661937775466;0.35197580537527795
-0.060615345284272724;0.3744886202680122
-0.11346370451155809;0.30475809924524844
-0.15181131675074516;0.18899822723650064
-0.19080228853470452;0.16121162184397372
-0.1603907161683102;0.2440385346745497
-0.3370433821683022;0.11538055013742037
-0.2559011110726863;0.15062372684344771
-0.045458258366368846;0.4436323671139473
-0.03767685378271741;0.4645816834089344
-0.0467986920083218;0.4842227818900724
-0.1463775254732513;0.2825133996546055
-0.06364728081569637;0.3996014526111819
-0.06168018699760235;0.4312229920424075
-0.11021183515835475;0.3446950436640336
-0.09081163132634382;0.3806834341135082
-0.16109436785836034;0.3312156700530441
-0.20113062076263716;0.22507292554337172
-0.24264393594555012;0.19789752086449774
-0.20265851002600818;0.2812235162468189
-0.49138992163439416;0.11629596226931001
-0.3789687630754671;0.15333236822189197
-0.3175127119164754;0.15872578270864768
-0.29282915026431516;0.19816934033447786
-0.07083506339200243;0.4610742906335726
-0.09915601572025833;0.42683900844131345
-0.1454502427619148;0.3892012695117137
-0.203551038475126;0.37404564349090424
-0.21728876130930821;0.3325375945281092
-0.261175636341627;0.2569697125830494
-0.24717517830902644;0.31072206088705706
-0.7150385272688417;0.1194862565000396
-0.6850856790219256;0.13752299954252772
-0.5343124372463519;0.12024392158515287
-0.572330681973245;0.12208852076441243
-0.614226343738311;0.11710938526901414
-0.6488794609510222;0.1330973501257201
-0.5093793856777125;0.15194550651124805
-0.4504536694397164;0.15899709301763182
-0.4011086986835575;0.20215708427802231
-0.3528984994053555;0.20675836464100067
-0.32851239419395256;0.2567343212938028
-0.1141031570504796;0.48094622986429236
-0.155645622329955;0.45638169057342354
-0.20237435428918019;0.42799753703541793
-0.2439593854819088;0.4002765273984458
-0.2564989635644458;0.35725233729800765
-0.30740482074058395;0.31441675053746404
-0.75;0.13501134808059037
-0.7093206896826029;0.1585773536436137
-0.6689996609572108;0.17487055814468216
-0.549538296742845;0.16780544788879714
-0.6078894310727598;0.16780209877324764
-0.50379108774177;0.1994904890071232
-0.4475951652599487;0.23130423879719209
-0.390772576309732;0.24661119625432273
-0.38189321706031587;0.3009461740281748
-0.2078357492330882;0.4848135848298597
-0.26042398727764027;0.4497317532323889
-0.30726843771732065;0.39678016392063703
-0.37042280600262706;0.3647582733705291
-0.75;0.17463900155143494
-0.7054057092449293;0.20514684761970742
-0.648555913869306;0.2204364102801484
-0.5694691684785992;0.2330199812744503
-0.5033660828264588;0.2653217733697853
-0.44412725012761156;0.2840941022686911
-0.4200509384916698;0.3355141503869491
-0.319735904447547;0.47005336617502347
-0.3727950657189476;0.43223005607116916
-0.43406589013107255;0.39423272620392474
-0.75;0.22456320395860557
-0.7014821744435699;0.2585697305316261
-0.632089046071972;0.28452900843339723
-0.5677242891259043;0.31333676912095165
-0.4918273808580165;0.3422656518953093
-0.3794188802683927;0.5025504628280394
-0.43758211486279647;0.46659122234334915
-0.5011124062340271;0.4258935213013926
-0.75;0.28691582966690804
-0.6957134869060819;0.32376553696586025
-0.6292920714207041;0.356243583931938
-0.5629506999796974;0.3892789140215898
-0.499715975401933;0.5011439962800269
-0.563287905262254;0.4640017930441116
-0.75;0.3578832225473918
-0.6875241848686731;0.39408444735857207
-0.6250442054195684;0.4302855136848394
-0.6250400409677341;0.5027018606989045
-0.75;0.4302856721697523
-0.6875200204838668;0.46649376643432855
-0.75;0.5027018606989047
0;0.5191156054732436
-0.01675302669690197;0.5075693318213221
-0.016476884463807594;0.5477931593025396
0;0.5390815902991376
0;0.5590475751250316
-0.02258963374993745;0.5269032067076381
0;0.5790135599509256
0;0.5989795447768197
-0.01659271242972787;0.5877112173339526
0;0.6189455296027138
0;0.6389115144286077
-0.01657636870502377;0.6274537695092752
-0.022395870746665526;0.6069359253364144
0;0.6588774992545015
0;0.6788434840803956
-0.01646035794850522;0.6672914415191973
-0.022179348131056615;0.6466603940556778
-0.01613811479267871;0.7072571988896384
0;0.6988094689062896
0;0.7187754537321837
-0.02218037524070873;0.6864835314345902
0;0.7387414385580774
0;0.7587074233839713
-0.016568845989261578;0.7472083569664154
-0.022423243929220592;0.7267767976179759
-0.01635024356376458;0.7873574186787307
0;0.7786734082098654
0;0.7986393930357591
-0.02259941104999925;0.7665118679926862
0;0.8186053778616532
0;0.8385713626875473
-0.016750969058035383;0.8272155486816024
-0.022777694359325314;0.8063588513738941
0;0.9384012868170172
0;0.9583672716429111
-0.016698214751463342;0.9468627085448579
-0.022724230711395906;0.5669531897718972
-0.03943520970687466;0.5051384716081773
-0.03975513528813973;0.5452064033887267
-0.04787343488079545;0.5250013390452245
-0.038524022117367496;0.5853479009382695
-0.04849548090385909;0.5647054528936695
-0.038660988316779554;0.6254758712937801
-0.04843771660691927;0.6048002437985829
-0.03902268092729817;0.6652000020051723
-0.04726981752024601;0.6454200438125183
-0.047505346089359954;0.6843489682882468
-0.038975940136169174;0.7045935431124735
-0.03993098047192459;0.7448382931314376
-0.04740348880059715;0.7241312768391628
0;0.8585373475134411
0;0.8785033323393352
-0.016680883339409605;0.8670402407239214
-0.022564291514789177;0.8463000716132385
-0.016253008682058197;0.9069919423954929
0;0.8984693171652293
0;0.9184353019911231
-0.022533151543307896;0.8863433666262713
-0.02263325729741591;0.9263218858022225
-0.03918141751777272;0.7843517980725668
-0.04808665512077099;0.7640408450983585
-0.03856544618692009;0.8247420542709428
-0.04746075404906211;0.8039751952769546
-0.03874425281645917;0.9444216654162316
-0.07214042510784303;0.5027986372345896
-0.07196361360690542;0.5435678960067425
-0.07186105283272154;0.5830885711611671
-0.07176120062450154;0.6230216063053253
-0.07056082958805743;0.6632518416937179
-0.07131132076449233;0.7021345414024297
-0.07163360396337008;0.7426435853305899
-0.039750777385526494;0.864741734675506
-0.048003300538919;0.8440942165479673
-0.040398193193996935;0.9040508599341496
-0.04859006749259828;0.8838840955928658
-0.048305575871005306;0.9238726989471795
-0.07162184591931514;0.7820883133723041
-0.07096777561345126;0.821845248239347
-0.0713754477602655;0.9421340699767257
-0.10271236062709442;0.5220566087748116
-0.11649341692155399;0.5596814813496785
-0.11642113154140112;0.6032161274348298
-0.11372922676858835;0.6441882861475124
-0.1019562564919381;0.6828202732556944
-0.11420126737238888;0.719237389284083
-0.11393856081780832;0.7608288582587488
-0.0722001173607064;0.8613378902735772
-0.07294482069521667;0.9022074560984186
-0.10787746228671748;0.8022534052870929
-0.10154075559702465;0.8365620138348028
-0.1067819694371777;0.9217237000090286
-0.15598354548097854;0.5209515331560912
-0.15940897982805183;0.5770127602074042
-0.1590357033074238;0.6266959394465746
-0.1554947149030929;0.6834597523074405
-0.15943986150364373;0.7380545762238648
-0.15521879865532703;0.7852715212446265
-0.11928420988019586;0.8769673756289028
-0.14663837222176146;0.8300544544487256
-0.16138531979218423;0.9227644697115203
-0.21082708737372857;0.5460510448852142
-0.26532780762094765;0.5114767405172351
-0.21116853468144442;0.6022904886075282
-0.2087967989597188;0.658109277598624
-0.2170943540436135;0.7192195888836292
-0.1949844573859981;0.7669435212158905
-0.20044765940687861;0.8107356085006935
-0.1825834624059357;0.8666100900952439
-0.22045448447352703;0.8986351046702005
-0.21872755174184505;0.9583320783034224
-0.26714806512430406;0.5755485397551372
-0.3209822917145667;0.5422905917656295
-0.26614732695804566;0.6344323856088274
-0.2530654646473445;0.6837919705408907
-0.2700977391002036;0.7235740306185161
-0.2516789325865856;0.7786575476485774
-0.24095603355619621;0.8385434225827961
-0.271702213155435;0.882306972226598
-0.26793813507068887;0.9337969755232735
-0.31979336508430356;0.6124666067178494
-0.3798270518274255;0.5750705022030396
-0.4375989659090536;0.5389082421432635
-0.3132982463632378;0.6818655098986343
-0.31894640313728184;0.7547032605444024
-0.3123787729118339;0.8289671455444009
-0.3229534970422922;0.901581820815478
-0.3099508466675225;0.9581394437590203
-0.3769906901313621;0.6476221531747133
-0.43760010241933556;0.6113261434926326
-0.5000800819354685;0.5751180492280571
-0.5625600614516013;0.538909954963481
-0.37583201449186604;0.7213292854843798
-0.37594411323961757;0.7934498672223639
-0.380134950775159;0.872380051088708
-0.3725009172199831;0.9507153438518892
-0.43760010241933506;0.6837423320217857
-0.5000800819354682;0.6475342377572091
-0.5625600614516014;0.6113261434926331
-0.6250400409677344;0.5751180492280571
-0.6875200204838672;0.5389099549634806
-0.4376001024193358;0.7561585205509381
-0.4407880035913451;0.8322084191751871
-0.4369593033232678;0.9056714469989986
-0.5000800819354683;0.7199504262863622
-0.5625600614516011;0.6837423320217857
-0.6250400409677341;0.6475342377572091
-0.6875200204838672;0.6113261434926331
-0.75;0.5751180492280569
-0.5000800819354686;0.7923666148155136
-0.5000793528292308;0.8648039029823384
-0.5002509451148703;0.9390942232817868
-0.5625600614516014;0.7561585205509377
-0.6250400409677341;0.7199504262863616
-0.6875200204838668;0.6837423320217857
-0.75;0.6475342377572092
-0.5625600614516014;0.8285747090800897
-0.5629747702672606;0.9009127214045688
-0.6250400409677344;0.7923666148155136
-0.6875200204838672;0.7561585205509377
-0.75;0.7199504262863615
-0.6250400409677342;0.8647828033446657
-0.6249733881547963;0.9370695381762206
-0.6875200204838672;0.8285747090800897
-0.75;0.7923666148155138
-0.6875200204838672;0.9009908976092417
-0.75;0.8647828033446657
-0.75;0.9371989918738182
0;0.978333256468805
-0.02250799409437859;0.9661971448232873
0;0.9982992412946989
-0.016674030188613572;0.9868192527470601
0;1.018265226120593
0;1.0382312109464868
-0.01661026728992556;1.0267554483451329
-0.02227507669869688;1.0061400669789817
0;1.058197195772381
0;1.0781631805982752
-0.0166464953481369;1.0666294840273998
-0.022327214502088896;1.0460340050386054
0;1.0981291654241692
0;1.1180951502500633
-0.01672681654473915;1.1065943797343574
-0.02252635885610248;1.0859486250958343
0;1.2977890136831096
0;1.257857044031321
0;1.277823028857215
-0.016696975543822008;1.2663875744498962
-0.022390335767550996;1.2857750836236093
0;1.138061135075957
0;1.1580271199018513
-0.016749423821050487;1.146643113044287
-0.022624020507228795;1.1260006705222063
0;1.1779931047277452
0;1.1979590895536394
-0.01662879714947312;1.1865990316098136
-0.02264439302205348;1.1661352398779716
0;1.237891059205427
-0.022427664340423877;1.2458001655220294
0;1.2179250743795331
-0.016667148209190758;1.2264339224306318
-0.02255730384537431;1.2059574740788226
-0.04714338416371216;0.9641515009667209
-0.038685478146625644;0.9847638078584781
-0.038532384269827;1.024763564760555
-0.04761630249749534;1.0045469000017992
-0.038731736705776135;1.0643231354350797
-0.04687751029181131;1.0441268759776134
-0.03990051694255881;1.1041947094400513
-0.04765703040546375;1.0838119593866244
-0.03850672023120091;1.3041441933188345
-0.03817275365890665;1.2644089149409656
-0.0477912063189384;1.283764590730161
-0.03918380661491773;1.1443190054838792
-0.04832779857309483;1.1238192246831755
-0.03964027269440702;1.184210200532552
-0.04758751238709598;1.1641893191246477
-0.046390916070984126;1.2444001595953162
-0.03827777767817709;1.2243671794339233
-0.047838235684306334;1.2039738814911407
-0.07138648519887876;0.9829159060600923
-0.07086547682338114;1.0222794061209926
-0.07069231368248051;1.0624619734289302
-0.07215748126718118;1.102448008336719
-0.07104204626098848;1.301771632247729
-0.0704229176584939;1.263294803476897
-0.07225831126713188;1.1424775791918311
-0.07204528940142017;1.1836355316035028
-0.07111084539952763;1.2229622236029938
-0.1188261762030206;0.9626411270500119
-0.11332270303483272;1.0041574209184292
-0.10105782522662755;1.041987261108941
-0.1139456896057597;1.0783503594270283
-0.11640629242730233;1.1221801486998482
-0.1142732139866032;1.2818168977359838
-0.1028996007713746;1.2437843210897461
-0.11746835689862388;1.1642022918611061
-0.11474597610706506;1.2049618435992917
-0.15924611826837573;1.3034156672053643
-0.16381911723495773;0.9861357625999645
-0.15155469294216725;1.0421471410232994
-0.1614851074845663;1.097387441555222
-0.16264708507345169;1.1427112117625018
-0.153818851267909;1.2441827283259315
-0.16074952697134318;1.1903328644496807
-0.21014228286729406;1.2780349777423323
-0.21308581900047463;1.0149894531282542
-0.20787925690662704;1.0690268416606563
-0.21324336450264714;1.118581038718286
-0.21758386344223193;1.1688189089988121
-0.21569193131028297;1.224730736474586
-0.27201856493002613;1.2572196380634209
-0.309228946181105;1.2872243432689894
-0.24764654702731292;1.0447315488991646
-0.2676365095437262;0.9974221367143961
-0.2584242692064495;1.089541020324097
-0.269619573520387;1.1417231800315852
-0.2772395753676683;1.2026609288235306
-0.3270694131376696;1.2442678499396698
-0.36639163596854285;1.292511452083305
-0.29654293245782026;1.048831040414522
-0.3310394581759983;1.002313916476578
-0.3228003783324739;1.1022715247205799
-0.34171736127841296;1.1676109044746898
-0.39126741477717064;1.2325017133001774
-0.42245815717882496;1.2743680979797083
-0.3630488827315813;1.0586687620400759
-0.38500600494553017;1.0071132524833035
-0.3903015656727113;1.1129218937277008
-0.42307244337630334;1.1753289429953313
-0.4534222721039643;1.2314632915603232
-0.47692755398122466;1.2924386612953853
-0.6928800522660823;1.3039160834245227
-0.4387817973048372;0.9761990183604137
-0.43626262412600725;1.0538194382099764
-0.4665184623117782;1.122288878885026
-0.6380959681925614;1.2989134698017093
-0.49700757670211204;1.1800892509583785
-0.5353648192394458;1.2423561615456522
-0.5881876879063255;1.2791903093202994
-0.7274158488999108;1.3017035564818729
-0.735305882283873;1.3035489030797858
-0.7089867411707593;1.2985317128654321
-0.7213994896936463;1.2958213173038262
-0.6979290422146256;1.2892456695334389
-0.6730822728181942;1.2886452265779473
-0.5013825422221354;1.0094015486055188
-0.5122738330416099;1.072237698349057
-0.533803440939693;1.1328426415462773
-0.6389035742874656;1.261305277992389
-0.5689260645376492;1.1846939608473177
-0.6024838275693187;1.227498140402584
-0.7312056775769309;1.2948869499576776
-0.7414042495648887;1.2980616982669968
-0.75;1.3017422981964761
-0.7119322803003136;1.2844059960448777
-0.727371752638861;1.2857634913257474
-0.694925621196848;1.2723240327856362
-0.677328039895371;1.2557916693788231
-0.564947696351062;0.9721901335509604
-0.5693373086976831;1.0379181727805329
-0.5662215730515381;1.0926553138616275
-0.5958347795107772;1.1379734507904642
-0.6556470075864133;1.2268387569545305
-0.6281704469263094;1.1875794191674123
-0.7393133460282098;1.2885410087443707
-0.75;1.2938840186772187
-0.7182276823765364;1.270340098111854
-0.7365118224030764;1.2758424388118355
-0.7083987442855411;1.2524986366111361
-0.6970950238982925;1.229103686662855
-0.6255682518087311;1.0056768561309246
-0.6264648312624592;1.0766455976768534
-0.6583463082674783;1.1485338401014622
-0.6790204465637092;1.1943841856349833
-0.75;1.2832824226262984
-0.7320401832187358;1.2582658499687718
-0.75;1.2689797327710661
-0.7269209000311644;1.2363574601427663
-0.6922306149273881;0.9697820614372428
-0.7201699298608903;1.205993273946547
-0.6953969059657588;1.0398226646593085
-0.6989342615144907;1.1073214714899682
-0.7113753134658503;1.1654877194550828
-0.75;1.2496838701377921
-0.75;1.2236516813746567
-0.75;1.0095355039364906
-0.75;1.1885314653032995
-0.75;1.0797838343302855
-0.75;1.1411541507380558
-0.016238299136336183;1.5460037480367221
0;1.5373808315938373
0;1.5573468164197313
0;1.5174148467679431
-0.022674035469216834;1.5253698044377966
-0.016450156349962913;1.506114907227017
0;1.4974488619420492
0;1.477482877116155
-0.02246814077737291;1.4854859793487496
0;1.4575168922902613
-0.016639266311565495;1.4661090891098467
0;1.377652952986685
0;1.3976189378125794
-0.016546297115061934;1.3861612004771535
0;1.4175849226384731
-0.022539634178529486;1.4056079124821241
0;1.4375509074643675
-0.016675975617198007;1.4261770511074094
-0.02241854739905243;1.445593970477157
0;1.3377209833348975
0;1.3576869681607915
-0.01661339180857705;1.3461586134477879
-0.02242265470929577;1.365492802899584
-0.038202575993287316;1.5433034726001689
-0.04636640496640617;1.563519429607408
-0.04705968094211973;1.522690654235771
-0.03856476216261;1.5033409368841453
-0.04756232169643768;1.4832200747904623
-0.0392151116411915;1.4637900972190516
-0.04816161374846668;1.443737788663205
-0.03860918718404753;1.4240702825515423
-0.038058308666732266;1.3838330804431758
-0.047016039482176926;1.4035394342877803
0;1.3177549985090034
-0.022403316885234618;1.3255948993133546
-0.016558323459329262;1.3063857822758433
-0.038747556558391995;1.3438096346850266
-0.047216034815671055;1.362962622259289
-0.07161829379120849;1.5413485757853633
-0.07065237984847351;1.500466583843094
-0.07112899547589313;1.4614073678245
-0.07173447039316745;1.4222128289401168
-0.07097508426343574;1.3808891506550514
-0.11489499304118521;1.5584243636997923
-0.047516782439371456;1.323565366109439
-0.07091288560991824;1.3409840896236243
-0.11432156873317394;1.5156507273570121
-0.1000426781323017;1.4786276087123449
-0.11071018354852437;1.4401324274043037
-0.11366447837251309;1.4008195348263957
-0.10224937835341162;1.3617199278590248
-0.7335065061980511;1.552065758016601
-0.75;1.5609120768570703
-0.75;1.5409880832618261
-0.16045092823536167;1.5300610703688589
-0.75;1.5210640896665821
-0.75;1.5011400960713381
-0.7333134306964936;1.5124830312035178
-0.7275811783791499;1.5329023249767177
-0.11416654199699758;1.321810373588844
-0.1532327972577179;1.476331444791569
-0.15653074574807638;1.4207988512358602
-0.15221744132066628;1.3622758961910921
-0.7110993626936483;1.5543636302912094
-0.6783373463970269;1.5566973922208138
-0.7018512528526102;1.5348838309802364
-0.7337101118647392;1.4721684317530204
-0.75;1.481216102476094
-0.75;1.46129210888085
-0.7273760549511477;1.4931506199283284
-0.7107077314157021;1.5147513525433243
-0.19864373428899373;1.4976520977119525
-0.21853992372482026;1.5382207687424336
-0.2726299961809294;1.5376738585840335
-0.75;1.441368115285606
-0.7271473383295994;1.4531117728782648
-0.20796969932980683;1.4507563583596006
-0.20960043523737643;1.3926510066686524
-0.21158021230626925;1.338330354870058
-0.6320774791872582;1.5378943365751387
-0.6781075676638885;1.516907946714477
-0.710571883137198;1.474611755486594
-0.7025106387925787;1.4951036410534606
-0.26039456824660057;1.4910121199811035
-0.31533139105747093;1.5150355334974368
-0.3684626431108664;1.5437588731550802
-0.7330807764087227;1.4318822937433975
-0.75;1.4214441216903617
-0.473913491211484;1.5559459960480733
-0.5894865805745158;1.5172920087880495
-0.5326557090799218;1.5388164456829034
-0.7100776773569711;1.4335231939580928
-0.7026304374486649;1.4545210830899582
-0.2663957835125756;1.422107199723326
-0.2681706621191618;1.3652434272056355
-0.2681639869399606;1.3133095762703184
-0.6324039360458288;1.4972310069853187
-0.6784505774799365;1.4761966543498604
-0.3646444853784647;1.4961338744947348
-0.32449829159317;1.454092418313295
-0.42143219408661353;1.5095747359867457
-0.75;1.4015201280951177
-0.727041341546887;1.412530804745574
-0.7344042890160098;1.3912015895565557
-0.75;1.3815962218726374
-0.75;1.3618205865796733
-0.7300688803226694;1.3723104444761742
-0.4879655028502035;1.4963178267731285
-0.5896022327208535;1.4705005062639478
-0.5428064893632849;1.4888880257255432
-0.7007179389308248;1.414176270085215
-0.6790613238432545;1.4371485804899085
-0.32267443323603656;1.3913077378043979
-0.3208593299926981;1.3352067585501588
-0.6348581558944052;1.456871534655971
-0.39081148404876914;1.4504757056576374
-0.36566313730363575;1.4078207489740624
-0.4527810648672569;1.4481919245852537
-0.75;1.3444087711012767
-0.734359046382557;1.353646698498272
-0.7376905141678203;1.337957812767653
-0.7085133921387174;1.3891463690596904
-0.7130380711489073;1.3623688261974012
-0.5962696556192831;1.4288900754586509
-0.5076523146257055;1.455420642406894
-0.5481258593053064;1.4376652335936215
-0.6768998449434332;1.4004642487841479
-0.6375856015394089;1.4184839514271537
-0.37013005564447554;1.3573203442112642
-0.6094882463153275;1.3969239675691345
-0.4256249030413647;1.3946195405358728
-0.5002973396283158;1.4032765968450247
-0.5617504985954733;1.394725761835914
-0.75;1.330993931292876
-0.7408565752894267;1.3255831432824
-0.7189838097694631;1.3435529450015593
-0.7273423544207315;1.3277742910912855
-0.6838794261357977;1.368636782108449
-0.6930771213923638;1.3446364622064473
-0.6428213442263663;1.3730857649483337
-0.42210362231562176;1.3254118964414554
-0.5989584660813387;1.364816562503428
-0.4846507694153985;1.3437779911367478
-0.5285187359968222;1.3606756243685927
-0.5633674353722992;1.35383432663584
-0.7332981310821746;1.3177908843916166
-0.75;1.3209054000895732
-0.7432391359843289;1.3169091822730021
-0.7108238852039624;1.3273687833477248
-0.721198590259078;1.3166314738713483
-0.6657372954870733;1.3431641836065729
-0.6789627854895719;1.3267512311837535
-0.6948296680219505;1.3206147262072236
-0.6338603298085836;1.3364706333353078
-0.5934600340703311;1.321806932490059
-0.5364792306210912;1.313474629042634
-0.7288725093528986;1.309387673319921
-0.7385080477025675;1.31070309033548
-0.75;1.3133182900117155
-0.744766932654407;1.310630282615189
-0.7080032457140767;1.3129936941320681
-0.7193707644219518;1.306034392660176
-0.66022437912216;1.3156951427630457
-0.6802848425664764;1.3128204147688924
-0.7431404271751656;1.3053235717789353
-0.75;1.3075850967158236
-0.016304402480706318;1.8455665198620936
0;1.8368706039822473
0;1.856836588808141
-0.01622825658783613;1.805399197580492
0;1.7969386343304592
0;1.8169046191563536
-0.022502897406444948;1.8247135457328307
-0.038542145583249324;1.8431347269773393
-0.046488418358833945;1.8627041556691406
-0.75;1.8597719807857314
-0.7332545268223268;1.850530574084294
-0.75;1.8398479871904874
-0.75;1.8199239935952434
-0.7265220169286121;1.831059103653021
0;1.7769726495045648
-0.02210557290922664;1.7847028041541444
-0.015715845420727806;1.7649484123406376
0;1.757006664678671
-0.03780586415643714;1.8028502448741939
-0.04632937705460092;1.8227382927480715
-0.07054454198955742;1.841368784083114
-0.013636118810269141;1.7247475964972228
0;1.7170746950268831
0;1.7370406798527773
-0.021040063880947348;1.7448184317161048
-0.01814540497392976;1.7074387531253912
0;1.6971087102009894
-0.7101843593867817;1.8530535476270658
-0.7332443461468217;1.8100790889310532
-0.75;1.7999999999999994
-0.6782935384185734;1.8581773355568072
-0.6995732086470359;1.8339010300667564
-0.75;1.7800760064047552
-0.7277314907887031;1.7909848185085468
-0.75;1.7601520128095112
-0.7326113072955919;1.7700209808560197
-0.7062556246175807;1.8092987394513593
-0.7370116523215215;1.7525444404538917
-0.75;1.7402280192142672
-0.047583649951750975;1.7820325210676864
-0.038828064173899654;1.7624651749040805
-0.10772770272531247;1.8591814916737401
-0.07131852624092877;1.8001670878717146
-0.10015842878409222;1.8191549905842872
0;1.6172447708974131
0;1.637210755723307
-0.016457836500186604;1.6257103078115307
-0.022980207815328158;1.6871523286658212
0;1.6771427253750952
-0.016503460517596852;1.666621670295243
0;1.6571767405492008
-0.02315152015967981;1.6453954001833884
-0.035802965660023195;1.721564804818468
-0.04558965430957939;1.7419628468362596
-0.04232645274204357;1.697338438959888
-0.015680833280655636;1.5860105173743113
0;1.577312801245625
0;1.5972787860715192
-0.02233946023627634;1.6051513738317889
-0.6381817585801427;1.8381560455382306
-0.6747208979000291;1.820720530897196
-0.7142609780191287;1.7561735624020833
-0.7080113406435817;1.780542969517767
-0.6862649661407709;1.7939564091917222
-0.75;1.720304025619023
-0.7292398234763653;1.7329726627314739
-0.7342381749178664;1.7124420470785835
-0.75;1.7003800320237787
-0.7038167762800743;1.7359554686115024
-0.07096915331934636;1.760284459248606
-0.15201323293401242;1.8234875536596564
-0.11380651869475918;1.7816493208107274
-0.022269573571746908;1.5651382809654337
-0.03664279476860902;1.622972929179372
-0.04509374851853217;1.6670190475766735
-0.04735064926587763;1.6384492353568643
-0.06948603413669047;1.7181688730879274
-0.06692806226371895;1.6830246503682362
-0.03779777169057902;1.5825525156580555
-0.04478275904248456;1.6016635636350263
-0.2067839338064828;1.8538735347676576
-0.6442243127875938;1.7910817119346059
-0.5956090082724985;1.819562263332074
-0.6804853163421848;1.7596702690799568
-0.75;1.6804560384285347
-0.75;1.6605320448332908
-0.7335485627122951;1.672011514640929
-0.7109553842593266;1.7148792096882866
-0.72790414682446;1.6929531085112994
-0.542410173445812;1.839529969768756
-0.4927650193706187;1.8597922038257617
-0.75;1.6406080512380465
-0.7274879111759128;1.6526060049234301
-0.710635254163305;1.674373104938939
-0.7017293355415201;1.6951253398948511
-0.6778615961809814;1.7178063129041479
-0.11415324213335544;1.7410724155497677
-0.20839301206449973;1.790340813946347
-0.15947548937684924;1.7609608003254724
-0.14894967983633098;1.7181367884301173
-0.06394611551233688;1.6160090598732473
-0.08029091995326294;1.6493735945226253
-0.11024307238450295;1.6899614232848168
-0.0693508524284112;1.5820092352119381
-0.27556322342617673;1.814922499640064
-0.25201678354959667;1.7541296217425617
-0.6405908374850244;1.7433519483083821
-0.5567124148059281;1.7936339735119322
-0.5916073766592929;1.7665124369816214
-0.387423175593445;1.8412314042899935
-0.4410590398237736;1.8177877156474858
-0.3428804138023963;1.8115376637070328
-0.75;1.6206840576428025
-0.73322502069614;1.6321043302621685
-0.5013540885742965;1.793460718719487
-0.4504240163190558;1.767955541253455
-0.7103157168541961;1.634586694830804
-0.7015041107063821;1.6549669251689372
-0.6782113296645783;1.6776123273660504
-0.6410978397079055;1.698797064297447
-0.2029657376379557;1.722488340335524
-0.16613641575630056;1.6752732387889682
-0.75;1.6007600640475583
-0.7272499016056666;1.6127892101720953
-0.10711837245199925;1.6069554369968657
-0.1350912117270077;1.6398758242668765
-0.31976197751475227;1.749205824945709
-0.2670845154556904;1.7007659208585855
-0.5893708525910165;1.7202831943698993
-0.5418390778649429;1.7501891563939227
-0.3915134294513851;1.7739850731105224
-0.75;1.5808360704523143
-0.7331913899069077;1.5922598222595514
-0.7013924795219804;1.6151609604741113
-0.43097407014420175;1.729984119746403
-0.48923659775781403;1.7248608511292864
-0.677778674134746;1.6377086757273807
-0.6476172063405684;1.6630545181088965
-0.6028704065645604;1.6687816650870992
-0.1839173991070552;1.6330598501926532
-0.22594600340295348;1.6650170103125714
-0.7272624812681625;1.5728822143363848
-0.7102077525577113;1.594742283626027
-0.1660904638764334;1.585417944738272
-0.29013387084534425;1.6359173148392168
-0.3835386568654178;1.7066555863994417
-0.33331701004393405;1.6738803037825984
-0.5495154442684889;1.6911894192466248
-0.6772640601806305;1.5969400601704073
-0.44086515101475676;1.6793163692254873
-0.5083804957341516;1.65757685718234
-0.6309094407178766;1.6219308575507727
-0.5709774397474312;1.633260187393778
-0.2362019969887877;1.593655711468515
-0.70176353187381;1.5748894963545255
-0.6434394860508992;1.577262491023309
-0.30781479095426695;1.5772203344062916
-0.3514120878525118;1.610356283152665
-0.39728857914940874;1.6446300129970786
-0.45829217521965393;1.616608655138043
-0.5264539555722808;1.5953495982229517
-0.5913859167382415;1.5764843285351169
-0.4149788164382469;1.5785146056569512
0;2.096428406718869
-0.023282568149109752;2.104523846609469
-0.016842477702212307;2.0862980413959376
0;2.076462421892975
-0.05167666770941806;2.0994629415989476
-0.03932779508065739;2.0835770754638667
0;2.0564964370670804
-0.023893908400862147;2.064941752208603
-0.016164260591616186;2.0452401310334962
0;2.036530452241187
-0.75;2.098859903928661
-0.7271578018922927;2.1107461442622917
-0.732535698000022;2.089916053989927
-0.7104414094153029;2.0906716218820423
-0.75;2.0789359103334166
-0.10147133221434228;2.1148225438834065
-0.0750192812405459;2.0951747407154837
-0.75;2.0590119167381724
-0.727600735165483;2.070603988764751
-0.7333920187886538;2.0500920283822417
-0.75;2.039087923142928
-0.75;2.0191639295476844
-0.7278110551065174;2.031180036851446
-0.06660546967240569;2.074213951414096
-0.04722241890789629;2.062031241572432
0;1.9965984825893992
0;2.016564467415293
-0.015952684667115594;2.004258896361523
-0.023170996703898755;2.0238766661569434
-0.039558216202657766;2.041082528938395
-0.015929076977648168;1.9646031961416102
0;1.956666512937611
0;1.976632497763505
-0.021824436113118083;1.9834274466005473
-0.015325510924728109;1.9253834462182318
0;1.9167345432858234
0;1.9367005281117173
-0.698654180052717;2.1148641687868026
-0.6830003800452857;2.0985002804118675
-0.7123345817354118;2.0518937820676095
-0.6990111721263104;2.0739294767204473
-0.7046124723729186;2.0354979208749473
-0.7103012326373614;2.013754890416682
-0.13072594050795242;2.0966858005916365
-0.15712976231371736;2.0979793412758876
-0.10072305722877072;2.07273804203973
-0.4832057857323164;2.1104611551366075
-0.7336696878156539;2.010636632137604
-0.7271579627417347;1.9916453339742477
-0.75;1.99923993595244
-0.75;1.979315942357196
-0.7331913417392852;1.9705015426676733
-0.75;1.9593919487619518
-0.75;1.9394679551667078
-0.727742313129229;1.9514139947657128
-0.021887778239122968;1.9441382930931854
-0.0161659847718618;1.8853817549017104
0;1.8768025736340355
0;1.8967685584599292
-0.021992533545676953;1.9044964997893745
-0.022247715173667575;1.8647301873402733
-0.14564139326728973;2.064780712160919
-0.07391805131747411;2.0407197388619567
-0.03983494995142839;1.999380495026559
-0.04979892262531606;2.0211553448115462
-0.03554750668391485;1.9610908192810577
-0.04635883358045111;1.9758167925086583
-0.04492628958593993;1.9409897506713714
-0.03704132675842656;1.9219734821504242
-0.7010293136266639;1.993169100906252
-0.7105405593088207;1.9724747236387214
-0.6511425727603751;2.1012238219449593
-0.6737208777161109;2.0792043736204344
-0.6856006816010016;2.053419606990706
-0.6453932120569673;2.058737143361475
-0.6159931128888144;2.0908589453638258
-0.5734784780505272;2.1038758625006264
-0.5251194381891313;2.1090000194693186
-0.6750807967031145;2.016418295232373
-0.23758311546531333;2.1110178192355464
-0.1906486159099328;2.075385746824491
-0.12881289279706593;2.0254346061141253
-0.16979828739243072;2.038819817017
-0.4960208682062574;2.0820746356432527
-0.4540441653268641;2.0817993820374556
-0.28785506994989024;2.090326349634554
-0.7336342512867391;1.930861464479722
-0.75;1.9195439615714636
-0.75;1.8996199679762196
-0.75;1.8796959743809756
-0.7333324974571964;1.8911651087540726
-0.7276962439767738;1.9116064124184176
-0.70976578844704;1.9330110790301955
-0.7020288956218856;1.9523482393765292
-0.03776724184114828;1.8829314379600983
-0.04596919285601117;1.9024164567099648
-0.07965597334128793;1.994172351320488
-0.06360669991298981;1.9533251513113707
-0.06886826917628473;1.9199602605179753
-0.13264073417236696;1.981282801697263
-0.6778016627286617;1.9748448392027367
-0.5953454691199739;2.059107353019529
-0.6162274227238056;2.0238419360458795
-0.5334537868632533;2.05940172121871
-0.563715238471156;2.0201297115856987
-0.7270913598136368;1.8719719738363567
-0.632450569241441;1.983749088406217
-0.5818186108665072;1.9873089630184313
-0.24849901103688654;2.0623095042922435
-0.21184360478130906;2.028669357732647
-0.1715986399131759;1.9958946436896365
-0.40094186914409485;2.0905419976692095
-0.3446541613312708;2.082618857748557
-0.4858092222996983;2.0451023867795
-0.42940178068288304;2.0447918010039143
-0.30255889138329806;2.0431340665946385
-0.7106232954785011;1.8937702643679775
-0.7017794162860729;1.9142659089586573
-0.6788090045258603;1.9350838293310222
-0.6446747194065181;1.9527829645987398
-0.513655251334117;2.0137310667371975
-0.5403380629685816;1.9823298965105758
-0.5617993685763013;1.9582084973416123
-0.07016884358465023;1.8807909826262263
-0.11177367292699716;1.9434946416639343
-0.09775828277501156;1.8949265946101947
-0.16347881318486537;1.9424836950827482
-0.7020269427911863;1.8746309211002417
-0.59700907345783;1.9499558539742607
-0.26002088112795607;2.010837233104735
-0.2189713587376109;1.9895608709019394
-0.20260897002791375;1.957070896766347
-0.3678690483455512;2.0322169039220266
-0.4626953734899708;2.0008511818597645
-0.4129721498994047;1.998502124425475
-0.3136254805580733;1.9853907378991011
-0.678978743006301;1.896660729166091
-0.6337264777617911;1.9125849447243213
-0.6482566431010814;1.8757164331526968
-0.5865367760810748;1.9126106938248248
-0.5647761728889238;1.933131323313776
-0.4926433018935261;1.9645631750662464
-0.5294285750849155;1.9411091950031731
-0.1511602049109348;1.8940586709229041
-0.20810409333434884;1.910965490637941
-0.2542808301649458;1.9508214499749936
-0.37085023256758265;1.966971497064544
-0.4320648286523424;1.9461766398452616
-0.3190986349405768;1.9274816847540739
-0.5954619339372913;1.8713882762926228
-0.545995895629112;1.8954805426577055
-0.4910313846642118;1.9125550409978112
-0.26416561894541296;1.8877183063342005
-0.3800311546535091;1.9059801900408129
-0.4378313376230714;1.8829239401156888
-0.3272972782012869;1.8664402132213618
0;2.2370683847283517
0;2.224494999632453
-0.010404908459013413;2.2276334545934855
0;2.2102673359781564
-0.012819237327440676;2.2157893490684724
-0.011682419762286388;2.199997738561613
0;2.1941677405628024
-0.027594016408037193;2.2263601186897732
-0.04436473978646453;2.235930727393666
-0.06082691560636595;2.2345079232445118
-0.0313623249756014;2.202149250741464
0;2.1759499235819098
-0.016315396769244317;2.1848955817787474
-0.05096672822393247;2.216530724426148
-0.015486494874994166;2.165882175326295
0;2.156299159852022
-0.2051365368398838;2.2381960749718686
-0.18492320571073778;2.2385566411157733
-0.22327061912831786;2.236880546190393
-0.10554502582775532;2.2336481832943993
-0.15312623662950983;2.2346591590227316
-0.0808108677216525;2.213825376291851
-0.2386973415209923;2.2377910756485684
-0.34096530123587404;2.238830124400613
-0.2799825624303016;2.237388430364623
-0.26423602940499075;2.227564959962114
-0.75;2.2381794134203266
-0.13234002735346279;2.2292285637874505
-0.04036230771917919;2.1708644446919494
-0.060625048305816984;2.190993663764059
0;2.136360363331569
-0.023580407477969616;2.14583326543493
0;2.116394391544763
-0.017332769246395645;2.126043611932036
-0.75;2.2184037781273616
-0.7332219390097955;2.2265540108053696
-0.7117958577424941;2.237335896858158
-0.49021077598872426;2.2371396852207472
-0.46297932241479833;2.237945720874964
-0.6591652878773095;2.2385758666794784
-0.5452701385501224;2.235944695089398
-0.504763163411306;2.227467423874502
-0.529324494192267;2.2371400833068535
-0.2143912285165436;2.223959520899946
-0.1737188310426021;2.223276951159885
-0.19563840350430278;2.2221130565881424
-0.20776256414910368;2.2096420677922097
-0.23205753694102996;2.220565636194728
-0.22079208084066124;2.2094466132519255
-0.11766690299853226;2.2069239406495624
-0.15330558389139778;2.2048335635609737
-0.09717158662716771;2.1822896431772825
-0.07445326315127397;2.1629039061557727
-0.05254250467390927;2.1435501422031398
-0.42471358775069284;2.236074440320809
-0.44625040435607444;2.2352625373453407
-0.4759687523164491;2.2272908362713397
-0.459409265735827;2.2264961135109878
-0.2479369552407825;2.221453127442458
-0.3125533758983097;2.2383502615286264
-0.38254524199591733;2.2388636317406467
-0.3682850613915443;2.2295537822937925
-0.34869571540567934;2.2254288917795653
-0.32925822589644926;2.2262206055418097
-0.4911392033686475;2.215354792123293
-0.2605806475710254;2.212189127931189
-0.29591762432248764;2.2240956710885817
-0.2778325571340256;2.2144493812811343
-0.039514889187438534;2.125254735004937
-0.75;2.198479871904881
-0.7323706581583115;2.2070661995715253
-0.7328706172332968;2.188524418151858
-0.75;2.178555878309637
-0.6937883829256055;2.2275130763378272
-0.7097471843180464;2.2160653039017117
-0.7096228489462796;2.197631563868333
-0.7138987694557706;2.1743409946949748
-0.6687132511015116;2.221135824257526
-0.5859923306485555;2.2298006313468854
-0.6102345903520533;2.2222118168186964
-0.6411674422857375;2.2237307400952133
-0.563739129386057;2.2352626269317857
-0.5546808564763647;2.223326343524609
-0.5712724029710918;2.2174112784755495
-0.5231947225175422;2.22218327661085
-0.5399849824967348;2.2198505565517324
-0.5089369891042139;2.213002140174776
-0.75;2.158631884714393
-0.75;2.138707891119149
-0.7279873321910912;2.1510685491172246
-0.7364138706280543;2.1710382607149223
-0.18958390950427248;2.1982644619901412
-0.21511812732309304;2.191335301662952
-0.24089567241452797;2.198496088328606
-0.16942530486617638;2.179009313964096
-0.1399497871162227;2.1692443883267107
-0.10276223494207175;2.1497957076226104
-0.07905048892675853;2.138502366923093
-0.06815917735610286;2.117583078322417
-0.497905785153334;2.1900254220079276
-0.41511829553725965;2.2187275663563337
-0.44188910406922116;2.213846840037721
-0.4687622906106921;2.2041630734387967
-0.4241188685089927;2.199629038325305
-0.313406272830992;2.214153605876429
-0.38923080561482865;2.218729861917803
-0.40584813799639174;2.197811578977839
-0.36409988356196904;2.206693078071423
-0.3366140965756356;2.2069591546271057
-0.2915529396828012;2.2014572083651456
-0.26733934485032085;2.1944208446385107
-0.7334229807902668;2.1295262813274514
-0.75;2.1187838975239046
-0.6863034808545843;2.207822894445079
-0.7112330653864967;2.1313853367809377
-0.6602040739584024;2.200965453034385
-0.6826553141974238;2.183075092244883
-0.6986443340218658;2.1567990997804576
-0.5925130110420553;2.206433391360211
-0.6223931636110752;2.193996861093472
-0.553684830537027;2.205515267104646
-0.5724948140567638;2.1987375761885426
-0.5282947106450898;2.198076917364888
-0.5881993199366106;2.177651888754808
-0.555310035583879;2.1767984347528277
-0.5205216498287236;2.167680459362141
-0.20077342287940453;2.1746661338202213
-0.2266153008526348;2.175243874799152
-0.25342899471567193;2.179063446894027
-0.17190957862479367;2.1526530387227276
-0.14222241562686033;2.1306083144445944
-0.47132943984900433;2.177946720117788
-0.4863739637673035;2.1604425889888543
-0.4445027083680014;2.181881039962458
-0.4194316846215981;2.1823702279098054
-0.3154707735181928;2.186629912834612
-0.38213941623260933;2.188300050999079
-0.4041853024376179;2.1761796693615723
-0.35125577624044557;2.176354184507064
-0.2822856586449884;2.169512466428551
-0.6842789518705034;2.1390066278638242
-0.6510901439718679;2.174102130092042
-0.6742155187905109;2.1590602589988896
-0.6757550897256178;2.119041629750688
-0.6531655238698908;2.139240290813709
-0.6176142084536714;2.157834174159082
-0.5800393149309561;2.148874199560575
-0.5070744345745148;2.1369362179292994
-0.5438888884143068;2.1412155656165335
-0.21154513208513137;2.148581052445105
-0.25104091547508184;2.152785451097915
-0.1855797689592055;2.1191688599078966
-0.4563144035370204;2.1567184495513416
-0.4776172733369601;2.138975160383803
-0.4223373315219054;2.157752815289231
-0.31873066120652266;2.160076226395445
-0.3888774094716434;2.1560493690350433
-0.3475440882877178;2.1480481628135966
-0.28322570252046964;2.131338924422683
-0.6150453927560012;2.1245496264484296
-0.4441353878029341;2.1198289662104184
-0.4032384829795914;2.132157466278614
-0.32807911220901365;2.1237850943367684
-0.3661184688273767;2.123934344774133
0;2.266677108995416
-0.027327662847977455;2.267858866846142
-0.009060084515183918;2.2620943134480083
0;2.257999339708651
-0.009132262811770589;2.25294119286205
0;2.248179837500908
-0.021862355107914157;2.255795078835772
-0.03628011374134062;2.2612234134779237
-0.04591511899422638;2.2674914832417983
-0.08114130291344418;2.267613272025715
-0.013377575759611135;2.2413447068498926
-0.04996862135127232;2.2568745489993627
-0.02989915031685543;2.241193343388469
-0.03741037611001392;2.2495837905544063
-0.05880002070222763;2.264676883453873
-0.07107278194788724;2.265278270886421
-0.1404488153670378;2.2662329144334357
-0.19069645609132918;2.266787626005952
-0.18153555904632487;2.262908313265692
-0.20246486951978984;2.2661492272180803
-0.2144556524645225;2.267894005778191
-0.11034088361115268;2.266990866115788
-0.10129503053696365;2.2649620579494814
-0.09046345811948334;2.264531651846726
-0.17099074382028112;2.2633727111974355
-0.161172045894918;2.2665086187345023
-0.1500844412057596;2.2627912867174165
-0.05150264152714646;2.245638236300919
-0.06498936614296456;2.2520079562340523
-0.22485181197713605;2.264116065632578
-0.2343033638972881;2.26661207715319
-0.34977730183614053;2.2633981539889034
-0.2861536312240486;2.268007007449023
-0.26569447606721164;2.2624913491828567
-0.2758819692939842;2.264748889835397
-0.75;2.269006068707124
-0.11877149574087612;2.2632235814545143
-0.13049757996675254;2.2637113447274326
-0.1391468108558809;2.256066592704039
-0.0809652938689468;2.256882588961604
-0.7034092319994787;2.26842623434492
-0.7157335163199867;2.2684703108511943
-0.727825181468183;2.269722635769043
-0.7365254063099104;2.2601662790999115
-0.48131364578137825;2.2666827576773247
-0.47164114411634395;2.2630359743266575
-0.6607941753645061;2.266711674655303
-0.6107876847984733;2.2670940368135497
-0.6201606429817472;2.2653530944326703
-0.6308633453024092;2.2655212058741845
-0.6397581728550599;2.2677287165395024
-0.650873501602036;2.2636713144699114
-0.6604956181080799;2.259145528331621
-0.6011282291036962;2.263585897523911
-0.5899940745376656;2.264763366116572
-0.5786992164876967;2.2668159064377025
-0.7074958099984422;2.2611495761927993
-0.24422545081734848;2.2619544114777543
-0.25518554755122586;2.261946799022432
-0.1771130598170747;2.2516127763720086
-0.19279587694149136;2.253956575201257
-0.21321125924999593;2.254004912521008
-0.10958763659338741;2.2557710838657097
-0.09408673608144062;2.2530597839700195
-0.16167243530223704;2.2519225690611058
-0.14820514206624408;2.2506102663050274
-0.08188549250880964;2.2403052347048216
-0.42999961055752084;2.2659133260627424
-0.45127578489032816;2.2656710448339212
-0.4610296561912507;2.2632218611501584
-0.2317450760030262;2.252408788253033
-0.32753006790684236;2.266817659330566
-0.31569109796922146;2.2654288353832954
-0.41904039048995534;2.2637085421619236
-0.40945644393073327;2.268077696112278
-0.40137850882460363;2.2666702682779896
-0.3605596456321103;2.2641995106436394
-0.3704691833695381;2.266868862270208
-0.39005702016011734;2.2636558566242013
-0.4403644662792223;2.262081197536296
-0.33759441858942546;2.2615565095962684
-0.35488105420605887;2.2555424237994712
-0.3453994557734429;2.2520208872870295
-0.25907717335735564;2.2511564071556296
-0.2995951774168605;2.2646688929750995
-0.285970694098983;2.255121447462804
-0.2722559746670526;2.252677402556731
-0.75;2.255591228898723
-0.12434452666949512;2.2479271228640396
-0.13944716048585834;2.2441008164331713
-0.6919281108085673;2.2668137944525806
-0.6828840698427794;2.2674591406027202
-0.6988320137608216;2.261085410212766
-0.7193183450372139;2.2544866175665295
-0.7346628732223286;2.2435838663801406
-0.5014242715764751;2.2625930411023973
-0.4905858818662555;2.2642449343493394
-0.4676502188424658;2.2522861662400593
-0.48232530354110037;2.2536429338721855
-0.6712718718538457;2.2623038119443404
-0.6116605600241998;2.254638171473493
-0.6248899895711602;2.257354357534747
-0.63836437140329;2.254700030569427
-0.6682723573866237;2.249490316131146
-0.6542961494721016;2.2511354530967
-0.5213394149766996;2.266374847726547
-0.49611000251227316;2.2521269610257146
-0.5692875501948277;2.265858270487484
-0.5606319028700909;2.267344292100702
-0.5524192538172097;2.2632936011203397
-0.5974167806822974;2.254226311539107
-0.5842858913724819;2.256910218452759
-0.57467221332924;2.258939139230978
-0.5119700502893136;2.263442558441482
-0.541673627056664;2.2619855074048445
-0.5314283121575964;2.2633606648707114
-0.509058341392856;2.252245784774636
-0.503361551860974;2.2418748882465627
-0.7034512823384085;2.250224243775621
-0.24758731734666298;2.2505465724742524
-0.17094012401059425;2.241667049048409
-0.38070185131560874;2.2629178544294333
-0.42871155001572697;2.2544311417911334
-0.45222696477176;2.252047994865357
-0.4752484630624144;2.2414608369885305
-0.3352388106959147;2.2492042060380566
-0.25425152651194816;2.2389790494247133
-0.32338763834886736;2.253951388295997
-0.30980751100046855;2.2551166865854704
-0.417042270392904;2.2515241277319054
-0.4076401450289016;2.2579101737608003
-0.39689279730043425;2.2569593103709598
-0.386401917589077;2.2512782337372936
-0.36928936721459926;2.2519441024934452
-0.4394917770127423;2.248359601847492
-0.3549268989236543;2.242108222458677
-0.26512096484920333;2.2422727480047757
-0.29706309692715055;2.2467989962419774
-0.686600981999912;2.2536059407817266
-0.6945976113328367;2.2416083020200723
-0.6770583252013083;2.238943798493589
-0.6032366877108928;2.240688030577021
-0.6249743992651992;2.241858393531243
-0.6432626089288099;2.243473161226039
-0.5213282589246294;2.2538949615586352
-0.536323716623436;2.2506085677988223
-0.5627950038557228;2.2546535481838754
-0.5498609487976078;2.249583954154647
-0.5893246365453444;2.2465974711952623
-0.5761194585632912;2.246085506811591
-0.5150419170643367;2.2390709606258974
-0.3291838190011271;2.2418702470274416
-0.4020926138567804;2.2417508429971345
0;2.2811230196893524
-0.031024699851219684;2.281231285112843
-0.008333024518852384;2.2778625665533214
-0.02506577007836495;2.2755563881378356
-0.016876786697256833;2.2776619535780362
0;2.274345896902974
-0.006691986524248194;2.2703034491658354
-0.04205678000761066;2.2805992789453273
-0.05112730525463782;2.2806707231279573
-0.03615728986686209;2.2737903250745757
-0.045727433856325383;2.275492609465322
-0.07152900939780872;2.280465235520378
-0.1981576614297054;2.281738741636577
-0.2051448474739469;2.281870398470069
-0.10169118354440138;2.2805609304300547
-0.09144527110983326;2.2805459313587075
-0.08153109715795143;2.2802488724336225
-0.1814318863613703;2.2802106418635013
-0.1714923738981306;2.2802745695903335
-0.15142527177459533;2.280505401576861
-0.16155487782868513;2.2804812407317283
-0.2262757552864975;2.2804786765795813
-0.11142202417230546;2.2806656154556273
-0.14136266620804638;2.280799497626322
-0.12133701139083031;2.280416040948599
-0.13143186717228425;2.280729788017275
-0.061350241927551244;2.2801145940815055
-0.015965006245876923;2.270427823420435
-0.05561073697425996;2.274047301722586
-0.07643983668581472;2.2742780627553927
-0.06591434638005028;2.2742538106914822
-0.7206493530975479;2.281493442617735
-0.6215238195305465;2.280317076444068
-0.6315267926053194;2.280421286763025
-0.6516527454589969;2.280777122341917
-0.5802779210674305;2.281889333693555
-0.5910490624452795;2.281286576555539
-0.23638252585491712;2.280566303442991
-0.267006564456029;2.2795571973493782
-0.2564304972545907;2.28010074913947
-0.24635779088868792;2.28044176233816
-0.21611443697503713;2.281022329673361
-0.19156731171796285;2.279985074790562
-0.1857969743538375;2.2742343668115144
-0.19506694289268778;2.2741081405288854
-0.20191744840907425;2.2768295112085095
-0.21042781764897117;2.2751791144438984
-0.10607762473462026;2.2749072309453084
-0.09614419455155615;2.2745301780003615
-0.08613431554557742;2.2746364296771655
-0.17613147606686305;2.274306503929997
-0.16625238485901997;2.2744637510449826
-0.14581810789153263;2.2746877376629984
-0.1559714526859559;2.274387604428087
-0.47150444351745974;2.2803266502178476
-0.46155636345232504;2.280603957239272
-0.2206407901265747;2.274574276257433
-0.23068408217233025;2.274402665251347
-0.3615072314671639;2.2805417803788126
-0.4014713419151071;2.2806430695428705
-0.3413269947504326;2.280499857536065
-0.33093393602365084;2.2807309217794334
-0.35151594027209804;2.2803623759573313
-0.2809642904714411;2.2819673965933673
-0.2735712626983383;2.281499697251858
-0.28538778525433683;2.276621757194402
-0.2704741377353941;2.27339156624925
-0.3057657920260685;2.2815131485817535
-0.11607187678322568;2.274642217166322
-0.13595579554866127;2.2748852069791954
-0.1258417356041321;2.274577642525314
-0.7020613895758765;2.2813257149405732
-0.6920681625230264;2.2810955334972682
-0.7156908911515635;2.277278308236878
-0.7233756593004012;2.276299866612532
-0.7311625253595255;2.2796440036652377
-0.740037785278139;2.274876608884506
-0.75;2.2790945999104264
-0.481449244984768;2.280550188746491
-0.4914983933887211;2.280437642326433
-0.43133647624676646;2.2802950535568836
-0.441413738096;2.28021696060474
-0.4759777032740544;2.2745247804298665
-0.6613073784661933;2.2806074758253736
-0.6716721306237461;2.280575492690158
-0.611408374120028;2.280535482924369
-0.6161320376138452;2.2744011632363446
-0.6414898613510441;2.2806694929428817
-0.6258324496984942;2.2745380116181892
-0.6358541553667002;2.2746169434408627
-0.6562472923355611;2.2748443521992154
-0.6460930920360428;2.2746756949915565
-0.6015028055632331;2.2804858418892167
-0.6057880719537112;2.274519223831768
-0.5584926514710821;2.2818737835264313
-0.5661741488029768;2.2812717127776927
-0.5955346658904238;2.274405746086423
-0.5855792536997998;2.2756899407348032
-0.5774734852518033;2.2767322042261027
-0.521516668697131;2.2802931539301907
-0.5518142109905698;2.2801637402971515
-0.5414854704316235;2.2803792351024943
-0.5314856577132354;2.2802527868158977
-0.6818699607580208;2.2807875211500206
-0.7066882463058998;2.275784882397769
-0.4514476638908044;2.2802586794027366
-0.4213687086201259;2.280626951488429
-0.41146248489364606;2.280419558850039
-0.24074406859398312;2.2747555119640794
-0.26101254862441636;2.2738317802026793
-0.2507436272310438;2.274399120652946
-0.37144668779879403;2.2806260226871107
-0.38141711895847275;2.280441396438397
-0.4660421515596327;2.2745107838513583
-0.45587393824492145;2.2744748025367367
-0.3247072010263971;2.2748236105673136
-0.31586566463852755;2.2769721029681143
-0.42568913987066226;2.27450542951604
-0.4060388802114674;2.274641838952479
-0.35607354326886165;2.27435661399352
-0.3662034772771138;2.2745827817649666
-0.39162634049094547;2.2806066203976565
-0.3960790533828414;2.2746617109674765
-0.3457403648680921;2.274367199963385
-0.3351729598469775;2.2743841538269716
-0.27849469070540056;2.273742148105846
-0.30040575630679206;2.2774030875057614
-0.29235582377644176;2.275296828748593
-0.30864850888389317;2.274490244607412
-0.6968309736354388;2.2751225785521245
-0.6867074912380409;2.274876709300789
-0.511489620196471;2.280696480013641
-0.5014163780737002;2.2802343181582407
-0.48582939250590573;2.2745677253454466
-0.49621055070389364;2.274228755945321
-0.4356870375791389;2.274237006982434
-0.4457906887504685;2.2742131990049743
-0.6662394693601114;2.2743401683853177
-0.6764987552701989;2.274467896486295
-0.5710152821695365;2.2735161503037378
-0.55559467348705;2.2734071160774474
-0.5635231735962857;2.2735653698602247
-0.5061824958811189;2.2743911340196687
-0.526438303965793;2.2743095334265315
-0.5164962210352652;2.2744533265107076
-0.546064287399195;2.2744388244371314
-0.536211520745588;2.2744926215162025
-0.41572558347586386;2.2747210058024225
-0.38581818884857727;2.2744327067746
-0.37588055191576114;2.2747416991314093
-0.03189824858907709;2.28725442766837
-0.01752826310255118;2.2876599407202436
-0.009903234734489943;2.2851947413425377
-0.02596517018700489;2.283921351264913
0;2.287112166843653
-0.00500883687992581;2.2844662501949693
-0.014587065239783216;2.2828707595925612
-0.04193917035252413;2.2869880230842297
-0.05195188499940448;2.2868043865780137
-0.036712433564275615;2.282777013516338
-0.046769506899399196;2.2828668598717923
-0.07203102494014567;2.2867157925460533
-0.2024901235377871;2.2870525101669634
-0.10200230506675172;2.2867622052725376
-0.08204377965762667;2.2867217119580046
-0.09200014284826781;2.2867521185310493
-0.1519868031415113;2.2867418662264107
-0.16198421864718796;2.286739627143081
-0.17201230634373482;2.286726685139675
-0.11199275945919986;2.2867937232325635
-0.14193223560773002;2.2867678102529223
-0.13187951145495677;2.286785941451951
-0.12197932394247832;2.286791104286085
-0.06197016343796576;2.2867203937856866
-0.020273009183331258;2.2824141779674263
-0.05650218742187507;2.282471510577784
-0.0766002057098417;2.2825247351838898
-0.06648877364429188;2.282623887775566
-0.6519863124674569;2.2867950382748337
-0.5825397311508043;2.288084640581108
-0.2622354919743393;2.288089488863295
-0.2570225114204554;2.2866900255433826
-0.24698833983878488;2.2868001487444443
-0.22691706173448298;2.2867823974579196
-0.23681086106819338;2.286717259728256
-0.21689067516255967;2.2870368452083887
-0.19223566606898523;2.286377612245236
-0.1820035825632792;2.286716615031525
-0.18670381144452547;2.282460727765236
-0.2109283176725131;2.2834538435702667
-0.10667624668826825;2.2828462100009137
-0.0966212926636658;2.2828325857233196
-0.08654159180397009;2.28270255982245
-0.17662168611155932;2.282411203876556
-0.16671857156363304;2.2823717410089297
-0.1465614447984637;2.2828150974073047
-0.15659185253770638;2.282672712494641
-0.462029408749209;2.286749719789803
-0.22140075375312832;2.2828284810539174
-0.23147773410537226;2.28275092299108
-0.3620376003148318;2.2867818856794613
-0.3417173925413028;2.286708664645871
-0.33173362714203736;2.2872027643661235
-0.35202898210787065;2.286755862250267
-0.26735337365390294;2.286465102597535
-0.2779504027468155;2.2873604268188457
-0.2829401442043028;2.2869036944287218
-0.2922764718576089;2.287313175102705
-0.29756317889097345;2.2880321119970786
-0.3173414980995826;2.2868962402883146
-0.3070664995792426;2.2869742916574847
-0.11646657143683826;2.2828162905097824
-0.1365427999739526;2.2828492768470094
-0.1264693230530799;2.282765062578284
-0.7022232769428999;2.2870775244144452
-0.6922419560467528;2.2869858133060537
-0.7120563069312699;2.2869616118764218
-0.7218098807373265;2.287033612084053
-0.7166915202924522;2.283611600798656
-0.7319945925980099;2.286776737289552
-0.7264694341204714;2.2832162205683155
-0.75;2.2866817099882844
-0.7446926755412839;2.284038632690867
-0.7376567509935359;2.2836106037180164
-0.48197841740649666;2.286742443802352
-0.49198192353707976;2.2867190050775603
-0.4720304074179568;2.286753949292915
-0.4420262060214016;2.286767268155416
-0.4765983162722967;2.282649549231885
-0.6320070897553689;2.286778076038914
-0.6619305005958361;2.2867843428667807
-0.6720648976800331;2.2867610774589227
-0.611998596821317;2.2867437397380153
-0.6220392786483881;2.2867497996125064
-0.616538246502751;2.282702668567492
-0.6420102235081064;2.28678831013884
-0.6267227784737728;2.2828307557402927
-0.6366377906814068;2.282866204926249
-0.6565830280694478;2.2826665256468335
-0.6466735137737655;2.2828991422912255
-0.6019415946162953;2.286759107483369
-0.5918753745899499;2.2871428787541315
-0.5774904672075537;2.287256778566582
-0.5964667859747729;2.2828668917432884
-0.522001175525253;2.286735438715889
-0.5862426513049642;2.2835271159482025
-0.5678940058487921;2.2869823208009694
-0.5624623274664857;2.2872989842849103
-0.5523542170464091;2.2864589356579463
-0.5419982855498634;2.2867115236096085
-0.5320238265640155;2.2867218228211983
-0.6821482513344799;2.2868334038287035
-0.7067985596865183;2.2837765998462607
-0.7119194104112383;2.282129940450351
-0.4519389830213411;2.2867296198833604
-0.4319843072739505;2.286761354776172
-0.42198542974305614;2.28679373076829
-0.4119267067782678;2.2867390496472098
-0.24159161308623114;2.282884233629734
-0.2618015747973382;2.282462509607204
-0.2516137000809882;2.282779511854534
-0.3719958486849079;2.28680472268151
-0.38199567479466356;2.286802842367427
-0.4666180788532862;2.2826321907580596
-0.4566503849984063;2.2828059057859216
-0.32577069478539405;2.283457782874992
-0.31979533981364966;2.282174473650811
-0.4020124731606959;2.2867870121564997
-0.42651852143190216;2.282664473186506
-0.4065328659405217;2.282767231393403
-0.3566059521593005;2.2825087595319484
-0.3665743678298227;2.2826081306927573
-0.3919862131531216;2.2868011786469813
-0.3966207456996536;2.2828914910993943
-0.3466442329640853;2.2827867282739187
-0.33635241943341715;2.282990517038831
-0.30162992942124217;2.2841207631989078
-0.2880887934764002;2.2824894297979514
-0.2951147443302838;2.2821295648119104
-0.3123293841016574;2.282006717006605
-0.6969919641348458;2.2832370929271755
-0.6870348173094988;2.283122915127998
-0.5120114922789001;2.2867226384691546
-0.5019755485425991;2.2867260178202162
-0.48658170860230837;2.2827813787476288
-0.4965172915924727;2.2823900298900917
-0.4364862506188469;2.282481470505159
-0.4465307522366926;2.282473283074778
-0.6665485062669991;2.282743954820996
-0.676810456477416;2.282851299959313
-0.6065837433050685;2.2827949321826244
-0.5726151164896053;2.2824182515873748
-0.506458604488556;2.2826781190381045
-0.5265766120423215;2.2824784892547814
-0.5166310335497207;2.2824834498551385
-0.5467849230181565;2.282561511303292
-0.5365654094972231;2.2823306538851256
-0.41662392437124457;2.282879206790359
-0.3866425628786939;2.282879939450533
-0.3766693823536674;2.282725861799721
-0.008033164690979746;2.288948503904347
-0.005000000000000015;2.2924149032841763
-0.01000000000000003;2.2924149032841763
-0.0037526353935794393;2.289273528047062
0;2.2924149032841763
-0.015000000000000045;2.2924149032841763
-0.01304078797719082;2.288158677787893
-0.026924610587730984;2.28918852776903
-0.02500000000000001;2.2924149032841763
-0.030000000000000023;2.2924149032841763
-0.03500000000000004;2.2924149032841763
-0.022677598883673145;2.2883880915586543
-0.019999999999999997;2.2924149032841763
-0.04500000000000007;2.2924149032841763
-0.050000000000000086;2.2924149032841763
-0.04713054074801826;2.2882596816143526
-0.036954596984915475;2.288453106610206
-0.040000000000000056;2.2924149032841763
-0.0550000000000001;2.2924149032841763
-0.07000000000000008;2.2924149032841763
-0.0750000000000001;2.2924149032841763
-0.06500000000000006;2.2924149032841763
-0.0671398891361252;2.288199853846452
-0.08000000000000004;2.2924149032841763
-0.0771622880006255;2.288200938311271
-0.1977501782856303;2.2883315266482795
-0.19499999999999998;2.2924149032841763
-0.19999999999999998;2.2924149032841763
-0.21178799916313407;2.2891912257312494
-0.21;2.2924149032841763
-0.215;2.2924149032841763
-0.2050000000000001;2.2924149032841763
-0.20754734909166844;2.2880963021149587
-0.10500000000000012;2.2924149032841763
-0.1100000000000001;2.2924149032841763
-0.10713426224284402;2.2882463890148736
-0.1000000000000001;2.2924149032841763
-0.09500000000000008;2.2924149032841763
-0.09713548299150812;2.288221997834787
-0.08500000000000006;2.2924149032841763
-0.09000000000000008;2.2924149032841763
-0.08731077263232913;2.288424505573071
-0.16500000000000004;2.2924149032841763
-0.16999999999999993;2.2924149032841763
-0.16713658227493025;2.288204497507646
-0.14500000000000013;2.2924149032841763
-0.15000000000000016;2.2924149032841763
-0.14711182174957266;2.2882245601883398
-0.15500000000000005;2.2924149032841763
-0.16000000000000006;2.2924149032841763
-0.157127178320882;2.2882205143389327
-0.22;2.2924149032841763
-0.225;2.2924149032841763
-0.22204067570845662;2.2882520395685884
-0.22999999999999987;2.2924149032841763
-0.2349999999999999;2.2924149032841763
-0.23212349876539476;2.2882342170116403
-0.17499999999999993;2.2924149032841763
-0.17999999999999997;2.2924149032841763
-0.1771489907088814;2.2882036609189336
-0.11500000000000012;2.2924149032841763
-0.12000000000000001;2.2924149032841763
-0.11713573538990898;2.2882464166655048
-0.14000000000000015;2.2924149032841763
-0.13500000000000015;2.2924149032841763
-0.13710483964126313;2.2882488675133437
-0.13000000000000003;2.2924149032841763
-0.1250000000000001;2.2924149032841763
-0.12713722518322698;2.2882660078292774
-0.05743963949717487;2.2886148887175457
-0.060000000000000046;2.2924149032841763
-0.7271211117188068;2.288329011983039
-0.725;2.2924149032841763
-0.7300000000000001;2.2924149032841763
-0.7373963459269951;2.28865545298973
-0.735;2.2924149032841763
-0.74;2.2924149032841763
-0.615;2.2924149032841763
-0.62;2.2924149032841763
-0.6171625286575634;2.2882121956739137
-0.6249999999999999;2.2924149032841763
-0.6300000000000001;2.2924149032841763
-0.6271538293755059;2.288237687592013
-0.655;2.2924149032841763
-0.66;2.2924149032841763
-0.6570981285020006;2.28825927494611
-0.65;2.2924149032841763
-0.645;2.2924149032841763
-0.6471392504909934;2.2882578289162607
-0.5869298312598918;2.289191270406258
-0.5850000000000001;2.2924149032841763
-0.59;2.2924149032841763
-0.5800000000000001;2.2924149032841763
-0.7072515677762061;2.2884911017628573
-0.7050000000000001;2.2924149032841763
-0.7100000000000001;2.2924149032841763
-0.475;2.2924149032841763
-0.4800000000000001;2.2924149032841763
-0.47713814504365326;2.2882244299882273
-0.23999999999999988;2.2924149032841763
-0.24499999999999988;2.2924149032841763
-0.2421568029384667;2.2882744113556717
-0.25999999999999995;2.2924149032841763
-0.2649999999999999;2.2924149032841763
-0.24999999999999992;2.2924149032841763
-0.25499999999999995;2.2924149032841763
-0.2521407427688832;2.2882385733048642
-0.18499999999999997;2.2924149032841763
-0.19000000000000006;2.2924149032841763
-0.18719467758996486;2.2881637739552017
-0.45999999999999996;2.2924149032841763
-0.4650000000000001;2.2924149032841763
-0.45500000000000007;2.2924149032841763
-0.4571447542918871;2.288218476281224
-0.3267416859265477;2.2892044403566696
-0.325;2.2924149032841763
-0.33;2.2924149032841763
-0.32256014420867785;2.288136579547659
-0.31999999999999995;2.2924149032841763
-0.4274197648672362;2.2886491570961067
-0.42500000000000004;2.2924149032841763
-0.43;2.2924149032841763
-0.3572738889046424;2.288428362625081
-0.35500000000000004;2.2924149032841763
-0.36000000000000004;2.2924149032841763
-0.36500000000000005;2.2924149032841763
-0.3950000000000001;2.2924149032841763
-0.4;2.2924149032841763
-0.39713494432985774;2.288249798928499
-0.3674349317678078;2.288654361975986
-0.37000000000000005;2.2924149032841763
-0.345;2.2924149032841763
-0.35000000000000003;2.2924149032841763
-0.34715081703749917;2.2882132459400077
-0.335;2.2924149032841763
-0.34;2.2924149032841763
-0.33706497725321205;2.288294484891735
-0.26999999999999996;2.2924149032841763
-0.27999999999999997;2.2924149032841763
-0.2749999999999999;2.2924149032841763
-0.2728222293362665;2.288487730191642
-0.285;2.2924149032841763
-0.2876942438404003;2.288516469097968
-0.29;2.2924149032841763
-0.295;2.2924149032841763
-0.29999999999999993;2.2924149032841763
-0.31500000000000006;2.2924149032841763
-0.31245521104905916;2.2884551969758187
-0.30999999999999994;2.2924149032841763
-0.30205672083068646;2.288990706845136
-0.305;2.2924149032841763
-0.745;2.2924149032841763
-0.7419202725645958;2.2881521578362367
-0.75;2.2924149032841763
-0.7461855306000849;2.2888212287407232
-0.6973085876371055;2.2884405797977734
-0.6950000000000001;2.2924149032841763
-0.7000000000000001;2.2924149032841763
-0.6872757433750757;2.288344769557102
-0.685;2.2924149032841763
-0.69;2.2924149032841763
-0.7150000000000001;2.2924149032841763
-0.7200000000000001;2.2924149032841763
-0.717159375118148;2.2885139002444075
-0.48500000000000004;2.2924149032841763
-0.49000000000000005;2.2924149032841763
-0.4871207041323643;2.2882009518218993
-0.495;2.2924149032841763
-0.5;2.2924149032841763
-0.49712066156413;2.2882046628927624
-0.435;2.2924149032841763
-0.43999999999999995;2.2924149032841763
-0.4371403827542309;2.2882300561913187
-0.47000000000000003;2.2924149032841763
-0.46715710999238863;2.288227982830993
-0.4473207039876587;2.288417505731963
-0.44500000000000006;2.2924149032841763
-0.45000000000000007;2.2924149032841763
-0.635;2.2924149032841763
-0.6400000000000001;2.2924149032841763
-0.637143266417184;2.288235602316854
-0.665;2.2924149032841763
-0.6672671568277119;2.288447666488333
-0.6699999999999999;2.2924149032841763
-0.675;2.2924149032841763
-0.6799999999999999;2.2924149032841763
-0.6771939203883457;2.2882489152675847
-0.605;2.2924149032841763
-0.61;2.2924149032841763
-0.6071211635648811;2.2882190309209527
-0.5950000000000001;2.2924149032841763
-0.6;2.2924149032841763
-0.5970633738304789;2.2882804316765997
-0.5750000000000001;2.2924149032841763
-0.5724273871398103;2.288566460650787
-0.5700000000000001;2.2924149032841763
-0.5577284855609258;2.288469379395993
-0.555;2.2924149032841763
-0.56;2.2924149032841763
-0.515;2.2924149032841763
-0.52;2.2924149032841763
-0.5171421909818227;2.288210411872083
-0.525;2.2924149032841763
-0.5650000000000001;2.2924149032841763
-0.55;2.2924149032841763
-0.545;2.2924149032841763
-0.5472274851228859;2.2881123554278404
-0.54;2.2924149032841763
-0.535;2.2924149032841763
-0.5371443150043068;2.2882024660912847
-0.53;2.2924149032841763
-0.5271449053654224;2.288206500094077
-0.405;2.2924149032841763
-0.4100000000000001;2.2924149032841763
-0.4071502746372268;2.2882511111153554
-0.4150000000000001;2.2924149032841763
-0.42000000000000004;2.2924149032841763
-0.41714133246975027;2.2882557532830887
-0.385;2.2924149032841763
-0.39000000000000007;2.2924149032841763
-0.3871292394245011;2.288264757773357
-0.3750000000000001;2.2924149032841763
-0.38000000000000006;2.2924149032841763
-0.37713457030662584;2.288256626831965
-0.505;2.2924149032841763
-0.51;2.2924149032841763
-0.5071305789115997;2.288199049681401
% Elements (triangles)
1775;1776;1777
1778;1779;1776
1778;1776;1775
1780;1781;1777
1775;1777;1781
1782;1783;1784
1784;1785;1625
1782;1784;1625
1786;1787;1783
1782;1786;1783
1787;1626;1780
1781;1780;1626
1786;1626;1787
1627;1775;1781
1782;1628;1786
1782;1625;1628
1778;1629;1779
1778;1630;1629
1778;1775;1630
1627;1630;1775
1629;1630;1475
1781;1626;1631
1627;1781;1631
1788;1789;1790
1791;1785;1792
1791;1625;1785
1792;1788;1632
1791;1792;1632
1790;1632;1788
1789;1793;1633
1790;1789;1633
1791;1634;1625
1791;1632;1634
1476;1625;1634
1476;1628;1625
1790;1635;1632
1790;1633;1635
1794;1795;1636
1796;1794;1797
1797;1794;1636
1795;1798;1799
1799;1636;1795
1800;1801;1802
1803;1804;1805
1802;1806;1637
1800;1802;1637
1804;1807;1806
1807;1637;1806
1803;1807;1804
1808;1809;1810
1811;1808;1638
1810;1638;1808
1812;1811;1813
1813;1811;1638
1798;1814;1639
1799;1798;1639
1815;1812;1640
1813;1640;1812
1816;1814;1815
1816;1639;1814
1816;1815;1640
1817;1818;1819
1820;1821;1822
1823;1824;1825
1821;1823;1641
1822;1821;1641
1825;1641;1823
1824;1817;1642
1825;1824;1642
1819;1642;1817
1826;1827;1828
1829;1830;1831
1818;1832;1643
1819;1818;1643
1832;1833;1834
1834;1643;1832
1835;1836;1837
1809;1835;1644
1810;1809;1644
1837;1644;1835
1838;1820;1645
1822;1645;1820
1839;1838;1840
1840;1838;1645
1841;1839;1646
1840;1646;1839
1836;1842;1647
1837;1836;1647
1842;1841;1843
1843;1647;1842
1843;1841;1646
1844;1793;1845
1844;1633;1793
1845;1796;1648
1844;1845;1648
1797;1648;1796
1626;1786;1649
1631;1626;1649
1628;1649;1786
1630;1477;1475
1630;1627;1477
1627;1631;1477
1649;1628;1478
1476;1478;1628
1631;1479;1477
1631;1649;1479
1649;1478;1479
1475;1477;1480
1481;1480;1477
1322;1480;1481
1635;1482;1632
1482;1634;1632
1844;1650;1633
1844;1648;1650
1483;1633;1650
1483;1635;1633
1634;1484;1476
1476;1484;1478
1634;1482;1484
1482;1635;1485
1482;1485;1484
1635;1483;1485
1799;1651;1636
1799;1639;1651
1651;1486;1636
1797;1652;1648
1797;1636;1652
1486;1652;1636
1846;1847;1848
1849;1850;1851
1852;1853;1854
1855;1856;1857
1858;1859;1860
1861;1858;1653
1860;1653;1858
1862;1861;1863
1863;1861;1653
1864;1865;1866
1865;1654;1867
1864;1654;1865
1868;1869;1870
1871;1872;1873
1874;1875;1876
1877;1878;1655
1879;1880;1881
1880;1877;1656
1881;1880;1656
1655;1656;1877
1875;1879;1657
1876;1875;1657
1881;1657;1879
1827;1829;1658
1828;1827;1658
1831;1658;1829
1830;1874;1659
1831;1830;1659
1876;1659;1874
1805;1826;1660
1803;1805;1660
1828;1660;1826
1882;1883;1884
1883;1801;1661
1884;1883;1661
1800;1661;1801
1833;1882;1662
1834;1833;1662
1884;1662;1882
1884;1663;1662
1884;1661;1663
1800;1487;1661
1800;1637;1487
1807;1803;1664
1803;1660;1664
1637;1807;1488
1637;1488;1487
1664;1488;1807
1810;1665;1638
1810;1644;1665
1665;1489;1638
1813;1666;1640
1813;1638;1666
1489;1666;1638
1666;1490;1640
1491;1651;1639
1816;1667;1639
1816;1640;1667
1667;1491;1639
1490;1667;1640
1834;1668;1643
1834;1662;1668
1663;1492;1662
1492;1668;1662
1819;1669;1642
1819;1643;1669
1668;1493;1643
1493;1669;1643
1822;1670;1645
1822;1641;1670
1825;1671;1641
1825;1642;1671
1671;1494;1641
1494;1670;1641
1495;1642;1669
1495;1671;1642
1885;1886;1672
1887;1885;1888
1888;1885;1672
1828;1673;1660
1828;1658;1673
1831;1674;1658
1831;1659;1674
1674;1496;1658
1496;1673;1658
1889;1890;1891
1892;1893;1890
1889;1892;1890
1894;1895;1896
1897;1898;1899
1899;1900;1675
1897;1899;1675
1901;1902;1903
1904;1900;1905
1904;1675;1900
1906;1907;1908
1909;1910;1911
1910;1906;1676
1911;1910;1676
1908;1676;1906
1891;1909;1677
1889;1891;1677
1911;1677;1909
1907;1898;1678
1908;1907;1678
1897;1678;1898
1878;1912;1679
1655;1878;1679
1913;1680;1914
1915;1912;1914
1915;1679;1912
1915;1914;1680
1916;1681;1913
1680;1913;1681
1917;1916;1918
1917;1681;1916
1918;1919;1682
1917;1918;1682
1920;1683;1919
1683;1682;1919
1921;1893;1684
1892;1684;1893
1922;1923;1921
1922;1921;1684
1924;1920;1925
1924;1683;1920
1925;1923;1685
1924;1925;1685
1922;1685;1923
1851;1926;1927
1849;1851;1927
1926;1928;1929
1929;1927;1926
1837;1686;1644
1837;1647;1686
1686;1497;1644
1497;1665;1644
1498;1645;1670
1840;1687;1646
1840;1645;1687
1498;1687;1645
1499;1686;1647
1500;1646;1687
1843;1688;1647
1843;1646;1688
1688;1499;1647
1500;1688;1646
1652;1501;1648
1501;1650;1648
1323;1478;1484
1481;1477;1502
1479;1502;1477
1479;1478;1502
1478;1323;1502
1481;1324;1322
1481;1502;1324
1325;1322;1324
1324;1326;1325
1327;1325;1326
1326;1324;1328
1324;1502;1328
1323;1328;1502
1323;1484;1329
1323;1329;1328
1483;1650;1503
1483;1503;1485
1501;1503;1650
1485;1330;1484
1485;1503;1330
1330;1329;1484
1486;1651;1504
1491;1504;1651
1501;1652;1505
1501;1505;1503
1486;1505;1652
1486;1504;1505
1930;1931;1932
1932;1869;1689
1930;1932;1689
1868;1689;1869
1933;1934;1935
1935;1931;1690
1933;1935;1690
1930;1690;1931
1870;1936;1691
1868;1870;1691
1937;1847;1692
1846;1692;1847
1938;1936;1937
1938;1691;1936
1938;1937;1692
1938;1693;1691
1938;1692;1693
1506;1693;1692
1848;1850;1694
1846;1848;1694
1849;1694;1850
1846;1695;1692
1846;1694;1695
1692;1695;1506
1929;1928;1696
1929;1696;1697
1927;1929;1697
1849;1698;1694
1849;1927;1698
1927;1697;1698
1872;1939;1699
1873;1872;1699
1939;1940;1941
1941;1699;1939
1942;1943;1944
1940;1942;1700
1941;1940;1700
1944;1700;1942
1945;1946;1947
1948;1871;1701
1873;1701;1871
1886;1948;1949
1949;1672;1886
1949;1948;1701
1950;1951;1952
1946;1951;1702
1947;1946;1702
1950;1702;1951
1873;1703;1701
1873;1699;1703
1856;1953;1704
1857;1856;1704
1953;1954;1955
1955;1704;1953
1859;1956;1705
1860;1859;1705
1957;1956;1958
1957;1705;1956
1958;1959;1706
1957;1958;1706
1959;1960;1961
1961;1706;1959
1962;1963;1964
1963;1852;1707
1964;1963;1707
1854;1707;1852
1853;1855;1708
1854;1853;1708
1857;1708;1855
1854;1709;1707
1854;1708;1709
1954;1862;1710
1955;1954;1710
1863;1710;1862
1857;1711;1708
1857;1704;1711
1711;1507;1708
1507;1709;1708
1508;1711;1704
1955;1712;1704
1955;1710;1712
1712;1508;1704
1860;1713;1653
1860;1705;1713
1509;1653;1713
1863;1714;1710
1863;1653;1714
1509;1714;1653
1965;1966;1967
1966;1962;1715
1967;1966;1715
1964;1715;1962
1866;1965;1716
1864;1866;1716
1967;1716;1965
1968;1867;1717
1654;1717;1867
1969;1970;1968
1969;1968;1717
1971;1972;1973
1967;1718;1716
1967;1715;1718
1974;1975;1976
1975;1977;1719
1976;1975;1719
1717;1654;1510
1864;1720;1654
1864;1716;1720
1720;1510;1654
1511;1716;1718
1511;1720;1716
1970;1721;1978
1969;1721;1970
1973;1978;1722
1971;1973;1722
1722;1978;1721
1979;1972;1723
1971;1723;1972
1980;1979;1981
1981;1979;1723
1982;1980;1724
1981;1724;1980
1983;1982;1984
1984;1982;1724
1977;1985;1986
1986;1719;1977
1985;1983;1725
1986;1985;1725
1984;1725;1983
1960;1934;1726
1961;1960;1726
1933;1726;1934
1868;1727;1689
1868;1691;1727
1728;1691;1693
1728;1727;1691
1952;1887;1729
1950;1952;1729
1888;1729;1887
1896;1945;1730
1894;1896;1730
1947;1730;1945
1987;1988;1989
1990;1991;1992
1991;1895;1731
1992;1991;1731
1894;1731;1895
1988;1990;1732
1989;1988;1732
1992;1732;1990
1876;1733;1659
1876;1657;1733
1733;1512;1659
1512;1674;1659
1655;1734;1656
1655;1679;1734
1734;1679;1513
1881;1735;1657
1881;1656;1735
1734;1514;1656
1514;1735;1656
1735;1515;1657
1515;1733;1657
1516;1660;1673
1516;1664;1660
1517;1661;1487
1517;1663;1661
1492;1663;1518
1517;1518;1663
1517;1487;1519
1517;1519;1518
1520;1519;1487
1520;1487;1488
1664;1521;1488
1488;1521;1520
1516;1521;1664
1489;1665;1522
1497;1522;1665
1490;1666;1523
1489;1523;1666
1489;1522;1523
1491;1667;1524
1491;1524;1504
1490;1524;1667
1490;1523;1524
1493;1668;1525
1492;1525;1668
1492;1518;1525
1495;1669;1526
1493;1526;1669
1493;1525;1526
1498;1670;1527
1494;1527;1670
1494;1671;1528
1494;1528;1527
1495;1528;1671
1495;1526;1528
1993;1994;1995
1905;1996;1736
1904;1905;1736
1996;1997;1998
1998;1736;1996
1997;1993;1737
1998;1997;1737
1995;1737;1993
1949;1738;1672
1949;1701;1738
1703;1529;1701
1529;1738;1701
1530;1672;1738
1888;1739;1729
1888;1672;1739
1530;1739;1672
1516;1673;1531
1516;1531;1521
1496;1531;1673
1496;1674;1532
1496;1532;1531
1674;1512;1532
1892;1889;1740
1889;1677;1740
1684;1892;1741
1740;1741;1892
1902;1987;1742
1903;1902;1742
1989;1742;1987
1894;1743;1731
1894;1730;1743
1989;1744;1742
1989;1732;1744
1897;1745;1678
1897;1675;1745
1904;1746;1675
1904;1736;1746
1746;1533;1675
1533;1745;1675
1994;1901;1747
1995;1994;1747
1903;1747;1901
1903;1748;1747
1903;1742;1748
1744;1534;1742
1534;1748;1742
1908;1749;1676
1908;1678;1749
1911;1750;1677
1911;1676;1750
1535;1676;1749
1535;1750;1676
1750;1536;1677
1536;1740;1677
1745;1537;1678
1537;1749;1678
1681;1538;1680
1915;1539;1679
1915;1680;1539
1513;1679;1539
1680;1538;1539
1924;1751;1683
1924;1685;1751
1917;1752;1681
1917;1682;1752
1681;1752;1538
1682;1683;1753
1682;1753;1752
1683;1751;1753
1922;1754;1685
1922;1684;1754
1684;1741;1754
1540;1538;1752
1513;1539;1541
1542;1685;1754
1542;1751;1685
1497;1686;1543
1497;1543;1522
1499;1543;1686
1500;1687;1544
1687;1498;1544
1498;1527;1544
1499;1688;1545
1499;1545;1543
1688;1500;1545
1500;1544;1545
1331;1504;1524
1158;1327;1332
1326;1332;1327
1326;1328;1332
1159;1158;1160
1332;1160;1158
1330;1333;1329
1334;1332;1328
1334;1328;1335
1329;1335;1328
1329;1333;1335
1503;1505;1336
1333;1330;1336
1503;1336;1330
1337;1505;1504
1505;1337;1336
1331;1337;1504
1930;1755;1690
1930;1689;1755
1727;1546;1689
1546;1755;1689
1933;1756;1726
1933;1690;1756
1547;1690;1755
1547;1756;1690
1728;1693;1548
1693;1506;1548
1506;1695;1549
1506;1549;1548
1694;1698;1550
1695;1694;1550
1695;1550;1549
1698;1697;1551
1698;1551;1550
1697;1696;1552
1697;1552;1551
1999;2000;2001
2000;1974;1757
2001;2000;1757
1976;1757;1974
1943;1999;1758
1944;1943;1758
2001;1758;1999
1941;1759;1699
1941;1700;1759
1759;1553;1699
1553;1703;1699
1944;1760;1700
1944;1758;1760
1760;1554;1700
1554;1759;1700
1555;1743;1730
1947;1761;1730
1947;1702;1761
1761;1555;1730
1950;1762;1702
1950;1729;1762
1762;1556;1702
1556;1761;1702
1529;1703;1557
1553;1557;1703
1558;1713;1705
1957;1763;1705
1957;1706;1763
1763;1558;1705
1559;1763;1706
1961;1764;1706
1961;1726;1764
1764;1559;1706
1964;1765;1715
1964;1707;1765
1709;1560;1707
1560;1765;1707
1560;1709;1561
1507;1561;1709
1714;1562;1710
1562;1712;1710
1507;1711;1563
1507;1563;1561
1508;1563;1711
1508;1712;1564
1508;1564;1563
1562;1564;1712
1509;1713;1565
1558;1565;1713
1562;1714;1566
1562;1566;1564
1714;1509;1566
1509;1565;1566
1765;1567;1715
1567;1718;1715
1567;1765;1568
1560;1568;1765
1560;1561;1568
1969;1766;1721
1969;1717;1766
1717;1510;1766
1971;1569;1723
1971;1722;1569
1721;1570;1722
1722;1570;1569
1570;1721;1766
1511;1718;1571
1718;1567;1571
1567;1568;1571
1720;1572;1510
1511;1572;1720
1511;1571;1572
1573;1766;1510
1510;1572;1573
2001;1767;1758
2001;1757;1767
1986;1768;1719
1986;1725;1768
1976;1769;1757
1976;1719;1769
1768;1574;1719
1574;1769;1719
1575;1723;1569
1981;1770;1724
1981;1723;1770
1575;1770;1723
1770;1576;1724
1984;1771;1725
1984;1724;1771
1576;1771;1724
1771;1577;1725
1577;1768;1725
1578;1726;1756
1578;1764;1726
1546;1727;1579
1727;1728;1579
1728;1548;1579
1739;1580;1729
1580;1762;1729
1992;1772;1732
1992;1731;1772
1743;1581;1731
1581;1772;1731
1772;1582;1732
1582;1744;1732
1512;1733;1583
1512;1583;1532
1515;1583;1733
1514;1734;1584
1513;1584;1734
1513;1541;1584
1515;1735;1585
1515;1585;1583
1514;1585;1735
1514;1584;1585
1544;1527;1338
1339;1518;1519
1518;1340;1525
1339;1340;1518
1520;1341;1519
1519;1341;1339
1520;1521;1341
1342;1521;1531
1521;1342;1341
1343;1522;1543
1523;1522;1344
1343;1344;1522
1524;1523;1345
1331;1524;1345
1344;1345;1523
1526;1525;1346
1346;1525;1340
1347;1528;1526
1347;1526;1346
1527;1528;1348
1338;1527;1348
1347;1348;1528
1333;1349;1335
1349;1333;1350
1336;1350;1333
1336;1337;1350
1995;1773;1737
1995;1747;1773
1586;1746;1736
1998;1774;1736
1998;1737;1774
1586;1736;1774
1773;1587;1737
1587;1774;1737
1530;1738;1588
1529;1588;1738
1529;1557;1588
1580;1739;1589
1530;1589;1739
1530;1588;1589
1531;1532;1351
1342;1531;1351
1532;1583;1352
1352;1351;1532
1740;1590;1741
1536;1590;1740
1591;1754;1741
1741;1590;1591
1581;1743;1592
1555;1592;1743
1534;1744;1593
1582;1593;1744
1537;1745;1594
1745;1533;1594
1533;1746;1595
1533;1595;1594
1586;1595;1746
1748;1596;1747
1596;1773;1747
1596;1748;1597
1534;1597;1748
1534;1593;1597
1535;1749;1598
1537;1598;1749
1537;1594;1598
1536;1750;1599
1536;1599;1590
1535;1599;1750
1535;1598;1599
1598;1594;1353
1541;1539;1600
1538;1600;1539
1540;1600;1538
1751;1601;1753
1542;1601;1751
1540;1752;1602
1753;1602;1752
1753;1601;1602
1542;1754;1603
1542;1603;1601
1591;1603;1754
1540;1602;1354
1540;1354;1600
1541;1355;1584
1600;1356;1541
1356;1355;1541
1600;1354;1356
1552;1357;1551
1543;1545;1358
1343;1543;1358
1545;1544;1359
1359;1358;1545
1338;1359;1544
1338;1360;1359
1338;1348;1360
1331;1361;1337
1331;1345;1361
1337;1361;1350
1161;1159;1162
1160;1162;1159
1161;1162;1163
1163;1164;1161
1160;1165;1162
1160;1332;1165
1334;1165;1332
1334;1166;1165
1335;1166;1334
1349;1166;1335
1547;1755;1604
1546;1604;1755
1546;1579;1604
1578;1756;1605
1547;1605;1756
1547;1604;1605
1362;1604;1579
1548;1549;1363
1579;1363;1362
1548;1363;1579
1550;1551;1364
1549;1550;1364
1549;1364;1363
1551;1357;1365
1364;1551;1365
1606;1757;1769
1606;1767;1757
1767;1607;1758
1607;1760;1758
1553;1759;1608
1553;1608;1557
1554;1608;1759
1554;1760;1609
1554;1609;1608
1607;1609;1760
1555;1761;1610
1555;1610;1592
1556;1610;1761
1556;1762;1611
1556;1611;1610
1580;1611;1762
1580;1589;1611
1366;1557;1608
1557;1367;1588
1366;1367;1557
1558;1763;1612
1558;1612;1565
1559;1612;1763
1559;1764;1613
1559;1613;1612
1578;1613;1764
1578;1605;1613
1368;1565;1612
1369;1568;1561
1561;1563;1370
1369;1561;1370
1563;1564;1371
1371;1370;1563
1372;1564;1566
1372;1371;1564
1566;1565;1373
1372;1566;1373
1368;1373;1565
1368;1374;1373
1568;1375;1571
1369;1375;1568
1571;1376;1572
1376;1571;1375
1766;1614;1570
1573;1614;1766
1575;1569;1615
1615;1569;1616
1570;1616;1569
1616;1570;1614
1573;1377;1614
1573;1572;1377
1377;1572;1376
1607;1767;1617
1607;1617;1609
1606;1617;1767
1574;1768;1618
1577;1618;1768
1606;1769;1619
1606;1619;1617
1574;1619;1769
1574;1618;1619
1576;1770;1620
1575;1620;1770
1575;1615;1620
1577;1771;1621
1577;1621;1618
1771;1576;1621
1576;1620;1621
1378;1362;1363
1582;1772;1622
1582;1622;1593
1581;1622;1772
1581;1592;1622
1583;1585;1379
1352;1583;1379
1585;1584;1380
1380;1379;1585
1355;1380;1584
1340;1381;1346
1339;1382;1340
1339;1341;1382
1340;1382;1381
1342;1383;1341
1342;1351;1383
1341;1383;1382
1343;1384;1344
1343;1358;1384
1345;1344;1385
1345;1385;1361
1344;1384;1385
1347;1386;1348
1347;1346;1386
1346;1381;1386
1387;1348;1386
1387;1360;1348
1349;1167;1166
1349;1350;1167
1350;1388;1167
1361;1388;1350
1361;1385;1388
1587;1773;1623
1596;1623;1773
1596;1597;1623
1586;1774;1624
1586;1624;1595
1587;1624;1774
1587;1623;1624
1592;1610;1389
1589;1390;1611
1588;1391;1589
1390;1589;1391
1391;1588;1367
1351;1352;1392
1352;1379;1392
1351;1392;1383
1590;1599;1393
1603;1591;1394
1591;1590;1394
1393;1394;1590
1622;1592;1395
1389;1395;1592
1396;1593;1622
1396;1622;1395
1397;1597;1593
1396;1397;1593
1594;1595;1398
1398;1353;1594
1399;1595;1624
1399;1398;1595
1623;1597;1400
1397;1400;1597
1610;1611;1401
1389;1610;1401
1390;1401;1611
1599;1598;1402
1393;1599;1402
1353;1402;1598
1403;1353;1398
1353;1404;1402
1403;1404;1353
1380;1355;1405
1602;1406;1354
1601;1603;1406
1603;1394;1406
1601;1406;1602
1354;1407;1356
1354;1406;1407
1355;1356;1408
1408;1356;1407
1355;1408;1405
1409;1365;1357
1358;1359;1410
1358;1410;1384
1360;1410;1359
1411;1410;1360
1387;1411;1360
1163;1162;1168
1162;1165;1168
1169;1164;1170
1163;1170;1164
1163;1168;1170
1168;1165;1171
1166;1171;1165
1166;1167;1171
1412;1605;1604
1604;1362;1412
1413;1613;1605
1413;1605;1412
1362;1378;1414
1414;1412;1362
1364;1365;1415
1363;1364;1415
1378;1363;1415
1365;1409;1416
1365;1416;1415
1617;1417;1609
1608;1609;1418
1366;1608;1418
1418;1609;1417
1367;1419;1391
1366;1420;1367
1366;1418;1420
1367;1420;1419
1612;1613;1421
1368;1612;1421
1413;1421;1613
1374;1368;1421
1369;1422;1375
1369;1370;1422
1423;1370;1371
1423;1422;1370
1372;1424;1371
1372;1373;1424
1371;1424;1423
1374;1421;1425
1374;1426;1373
1374;1425;1426
1373;1426;1424
1427;1619;1618
1417;1428;1418
1418;1428;1420
1614;1429;1616
1429;1614;1377
1430;1615;1616
1430;1616;1429
1615;1431;1620
1430;1431;1615
1375;1432;1376
1375;1422;1432
1376;1432;1433
1433;1377;1376
1434;1377;1433
1434;1429;1377
1619;1435;1617
1435;1417;1617
1427;1435;1619
1620;1436;1621
1431;1436;1620
1618;1621;1437
1427;1618;1437
1437;1621;1436
1435;1438;1417
1417;1438;1428
1439;1428;1438
1378;1415;1440
1378;1440;1414
1172;1173;1169
1169;1170;1172
1379;1380;1441
1379;1441;1392
1405;1441;1380
1442;1386;1381
1174;1382;1383
1381;1382;1175
1442;1381;1175
1382;1174;1175
1392;1176;1383
1174;1383;1176
1384;1410;1177
1384;1177;1385
1385;1177;1388
1387;1386;1178
1411;1387;1178
1442;1178;1386
1388;1177;1179
1388;1179;1167
1167;1179;1171
1623;1443;1624
1399;1624;1443
1400;1443;1623
1389;1444;1395
1389;1401;1444
1390;1445;1401
1390;1391;1445
1391;1419;1445
1446;1419;1420
1404;1447;1402
1441;1180;1392
1180;1176;1392
1405;1448;1441
1441;1448;1180
1393;1449;1394
1393;1402;1449
1447;1449;1402
1450;1406;1394
1450;1394;1449
1451;1395;1444
1396;1452;1397
1396;1395;1452
1451;1452;1395
1453;1400;1397
1397;1452;1453
1400;1454;1443
1453;1454;1400
1399;1455;1398
1399;1443;1455
1403;1398;1455
1443;1454;1455
1456;1401;1445
1456;1444;1401
1403;1457;1404
1403;1455;1457
1447;1404;1181
1404;1457;1181
1458;1405;1408
1458;1448;1405
1407;1406;1459
1450;1459;1406
1408;1407;1182
1407;1459;1182
1458;1408;1182
1458;1183;1448
1458;1182;1183
1184;1416;1409
1410;1185;1177
1411;1185;1410
1411;1178;1185
1172;1170;1186
1170;1168;1186
1187;1186;1168
1171;1187;1168
1171;1179;1187
1188;1173;1189
1172;1189;1173
1172;1186;1189
1190;1188;1191
1191;1188;1189
1414;1440;1460
1413;1460;1421
1421;1460;1425
1412;1460;1413
1412;1414;1460
1461;1460;1440
1192;1193;1184
1416;1184;1193
1416;1193;1194
1415;1416;1194
1440;1415;1194
1440;1194;1461
1446;1420;1195
1428;1195;1420
1439;1195;1428
1419;1196;1445
1446;1196;1419
1460;1461;1462
1462;1425;1460
1432;1422;1463
1423;1424;1464
1422;1464;1463
1423;1464;1422
1465;1464;1424
1465;1424;1426
1425;1462;1197
1426;1425;1197
1426;1197;1465
1427;1466;1435
1427;1437;1466
1438;1435;1466
1436;1467;1437
1437;1467;1466
1430;1468;1431
1434;1468;1429
1430;1429;1468
1431;1469;1436
1467;1436;1469
1468;1469;1431
1470;1433;1432
1432;1463;1470
1470;1471;1433
1434;1433;1471
1434;1471;1468
1438;1466;1472
1439;1438;1472
1469;1198;1467
1439;1472;1199
1439;1199;1195
1472;1466;1200
1467;1200;1466
1200;1467;1198
1201;1174;1176
1442;1202;1178
1442;1175;1202
1203;1175;1174
1175;1203;1202
1174;1201;1203
1204;1203;1201
1180;1205;1176
1201;1176;1205
1204;1201;1206
1206;1201;1205
1177;1207;1179
1185;1207;1177
1185;1208;1207
1178;1208;1185
1202;1208;1178
1179;1209;1187
1209;1179;1207
1187;1210;1186
1210;1187;1209
1211;1189;1186
1211;1186;1210
1451;1444;1212
1444;1456;1212
1456;1445;1213
1456;1213;1212
1196;1213;1445
1446;1195;1214
1446;1214;1196
1215;1213;1196
1215;1196;1214
1447;1473;1449
1447;1181;1473
1448;1216;1180
1183;1216;1448
1205;1180;1216
1450;1217;1459
1450;1449;1217
1473;1217;1449
1453;1474;1454
1453;1452;1474
1452;1451;1474
1451;1212;1474
1454;1218;1455
1454;1474;1218
1457;1455;1219
1218;1219;1455
1181;1457;1220
1457;1219;1220
1473;1181;1221
1181;1220;1221
1473;1221;1217
1214;1195;1222
1199;1222;1195
1223;1216;1183
1182;1459;1224
1217;1224;1459
1224;1225;1182
1183;1182;1225
1223;1183;1225
1191;1189;1226
1226;1189;1211
1002;1190;1003
1191;1003;1190
1191;1226;1003
1004;1002;1003
1004;1005;1002
1227;1228;1192
1193;1192;1228
1228;1227;1229
1229;1227;1230
1461;1194;1231
1461;1231;1462
1228;1232;1193
1194;1193;1232
1231;1194;1232
1228;1229;1233
1232;1228;1233
1234;1233;1229
1462;1231;1235
1462;1235;1197
1470;1236;1471
1470;1463;1236
1463;1464;1237
1463;1237;1236
1197;1235;1238
1464;1238;1237
1465;1197;1238
1465;1238;1464
1471;1239;1468
1468;1239;1469
1471;1236;1239
1198;1469;1239
1240;1198;1239
1241;1239;1236
1240;1239;1241
1200;1242;1472
1472;1242;1199
1242;1200;1243
1240;1243;1198
1198;1243;1200
1244;1199;1242
1244;1222;1199
1245;1246;1247
1248;1230;1245
1248;1229;1230
1248;1245;1247
1248;1234;1229
1248;1247;1234
1202;1249;1208
1203;1249;1202
1204;1249;1203
1204;1250;1249
1206;1250;1204
1205;1216;1251
1206;1205;1251
1206;1251;1250
1223;1251;1216
1252;1208;1249
1207;1253;1209
1208;1253;1207
1252;1253;1208
1210;1209;1254
1254;1209;1253
1255;1211;1210
1255;1210;1254
1226;1211;1256
1255;1256;1211
1244;1257;1222
1212;1258;1474
1213;1259;1212
1215;1259;1213
1258;1212;1259
1215;1214;1260
1214;1222;1260
1215;1260;1259
1222;1257;1260
1261;1258;1259
1224;1217;1262
1221;1262;1217
1218;1474;1263
1218;1263;1219
1263;1474;1258
1258;1264;1263
1261;1264;1258
1219;1265;1220
1219;1263;1265
1221;1220;1266
1220;1265;1266
1221;1266;1262
1225;1224;1267
1224;1262;1267
1225;1267;1268
1223;1225;1268
1223;1268;1251
1226;1006;1003
1006;1226;1256
1004;1003;1007
1007;1003;1006
1008;1005;1009
1004;1009;1005
1004;1007;1009
1010;1011;1008
1010;1008;1009
1;2;3
1;3;4
1269;1246;1270
1269;1247;1246
1270;1012;1013
1269;1270;1013
1232;1233;1271
1231;1232;1271
1271;1235;1231
1269;1272;1247
1269;1013;1272
1235;1271;1273
1235;1273;1238
1233;1234;1274
1271;1233;1274
1271;1274;1273
1272;1275;1247
1234;1247;1275
1275;1274;1234
1276;1236;1237
1241;1236;1276
1238;1273;1277
1237;1238;1277
1237;1277;1276
1240;1241;1278
1240;1278;1243
1279;1241;1276
1279;1278;1241
1242;1243;1280
1243;1278;1280
1244;1242;1280
1244;1280;1257
1276;1277;1281
1279;1276;1281
1279;1281;1282
1279;1282;1278
1278;1282;1280
1014;1013;1012
1014;1015;1013
1012;1016;1014
1280;1282;1283
1280;1283;1257
1249;1284;1252
1284;1249;1250
1250;1285;1284
1250;1251;1285
1286;1285;1251
1286;1251;1268
1252;1287;1253
1252;1284;1287
1253;1288;1254
1287;1288;1253
1255;1017;1256
1255;1254;1017
1017;1254;1288
1018;1006;1256
1018;1256;1017
1289;1260;1257
1257;1283;1290
1289;1257;1290
1259;1260;1291
1261;1259;1291
1289;1291;1260
1261;1292;1264
1292;1261;1291
1262;1293;1267
1262;1266;1293
1265;1263;1294
1264;1294;1263
1295;1294;1264
1292;1295;1264
1265;1296;1266
1265;1294;1296
1266;1296;1293
1268;1267;1297
1268;1297;1286
1267;1293;1297
1016;1019;1020
1014;1016;1020
1014;1020;1015
1021;1020;1019
1021;1019;1022
1022;1023;1024
1021;1022;1024
1007;1006;1025
1018;1025;1006
1026;1009;1007
1026;1007;1025
1027;1028;1029
1028;1011;1030
1029;1028;1030
1010;1030;1011
1010;1031;1030
1010;1009;1031
1026;1031;1009
1032;1033;1034
1034;1027;1035
1032;1034;1035
1029;1035;1027
1036;1037;1038
5;4;6
1;4;5
7;8;6
6;8;5
9;7;10
9;8;7
11;2;12
1;12;2
1;5;12
13;11;12
13;14;11
15;16;17
18;16;15
15;19;18
20;17;21
15;17;20
19;15;20
1015;1039;1013
1272;1013;1039
1298;1275;1272
1272;1039;1298
1273;1274;1299
1299;1277;1273
1298;1300;1275
1300;1274;1275
1300;1299;1274
1301;1298;1039
1039;1015;1040
1040;1301;1039
1021;1041;1020
1021;1024;1041
1041;1042;1020
1015;1020;1042
1015;1042;1040
1300;1298;1302
1300;1302;1299
1301;1302;1298
1277;1299;1303
1303;1281;1277
1299;1302;1303
1281;1303;1304
1281;1304;1282
1305;1290;1283
1304;1306;1282
1283;1282;1306
1283;1306;1305
1043;1024;1044
1043;1041;1024
1045;1017;1288
1284;1307;1287
1284;1285;1307
1285;1308;1307
1286;1297;1308
1286;1308;1285
1287;1309;1288
1309;1287;1307
1045;1288;1046
1046;1288;1309
1018;1047;1025
1018;1017;1047
1045;1047;1017
1289;1290;1310
1289;1310;1291
1311;1290;1305
1311;1310;1290
1292;1291;1312
1291;1310;1312
1292;1312;1295
1293;1313;1297
1313;1293;1296
1294;1314;1296
1295;1314;1294
1295;1312;1314
1315;1313;1296
1315;1296;1314
1311;1305;1048
1297;1316;1308
1297;1313;1316
1049;1024;1023
1049;1044;1024
1049;1050;1044
1049;1023;1051
1051;1052;1050
1049;1051;1050
1053;1050;1052
1052;1054;1053
1054;1055;1056
1053;1054;1056
1038;1033;1057
1036;1038;1057
1032;1057;1033
1058;1059;1060
1060;1037;1061
1058;1060;1061
1036;1061;1037
839;840;841
841;1059;1062
839;841;1062
1058;1062;1059
1045;1063;1047
1046;1063;1045
1026;1064;1031
1026;1025;1064
1025;1047;1064
1035;1029;1065
1029;1030;1065
1031;1066;1030
1066;1065;1030
1066;1031;1064
1032;1067;1057
1032;1035;1067
1065;1068;1035
1068;1067;1035
1067;1069;1057
1036;1070;1061
1036;1057;1070
1069;1070;1057
22;23;186
10;23;24
9;10;24
22;24;23
8;25;5
5;25;12
9;26;8
9;24;26
26;25;8
27;28;29
13;12;30
30;12;25
29;14;31
27;29;31
13;31;14
13;30;31
19;32;18
33;34;21
20;21;34
19;35;32
19;20;35
34;36;20
35;20;36
1071;1044;1050
1053;1072;1050
1053;1056;1072
1072;1071;1050
1301;1040;1073
1301;1073;1302
1074;1040;1042
1074;1073;1040
1042;1041;1075
1042;1075;1074
1043;1075;1041
1074;1075;1076
1074;1076;1073
1302;1073;1317
1303;1302;1317
1303;1317;1304
1073;1076;1077
1077;1317;1073
1077;1078;1317
1304;1317;1078
1304;1078;1306
1306;1078;1079
1305;1306;1079
1305;1079;1048
1043;1044;1080
1043;1080;1075
1071;1080;1044
1075;1080;1076
1307;1081;1309
1308;1081;1307
1308;1316;1081
1046;1082;1063
1309;1081;1082
1046;1309;1082
1047;1083;1064
1063;1083;1047
1063;1084;1083
1084;1063;1082
1311;1048;1318
1311;1318;1310
1310;1318;1312
1319;1312;1318
1319;1314;1312
1320;1316;1313
1315;1320;1313
1315;1321;1320
1321;1315;1314
1319;1321;1314
1085;1048;1079
1048;1085;1086
1318;1048;1086
1316;1087;1081
1316;1320;1087
1088;1055;1089
1088;1056;1055
1090;1091;1092
1089;1090;1093
1088;1089;1093
1092;1093;1090
1088;1094;1056
1088;1093;1094
1094;1095;1056
1095;1072;1056
1058;1096;1062
1058;1061;1096
1070;1097;1061
1097;1096;1061
842;843;844
844;840;845
842;844;845
839;845;840
839;846;845
839;1062;846
1096;847;1062
847;846;1062
1068;1065;1098
1065;1066;1098
1066;1064;1098
1064;1083;1098
1069;1067;1099
1068;1099;1067
1068;1098;1099
1097;1070;1100
1069;1100;1070
1069;1099;1100
1101;1098;1083
187;188;189
186;187;190
22;186;190
189;190;187
191;192;193
188;192;194
189;188;194
191;194;192
37;38;39
39;28;40
37;39;40
27;40;28
22;41;24
22;190;41
41;42;24
26;24;42
26;43;25
30;25;43
42;43;26
27;44;40
27;31;44
30;45;31
45;44;31
45;30;43
32;35;46
47;48;33
34;33;48
49;34;48
36;34;49
49;50;36
35;51;46
36;51;35
51;36;50
52;53;54
54;38;55
52;54;55
37;55;38
56;57;58
59;58;60
59;56;58
60;53;61
59;60;61
52;61;53
1071;1072;1102
1071;1102;1080
1072;1095;1102
1077;1076;1103
1077;1103;1078
1076;1080;1104
1104;1103;1076
1078;1103;1105
1079;1078;1105
1085;1079;1105
1103;1104;1106
1106;1105;1103
1091;848;1107
1092;1091;1107
849;848;850
849;1107;848
1102;1108;1080
1108;1104;1080
1104;1108;1109
1109;1106;1104
1081;1110;1082
1110;1081;1087
1084;1082;1111
1111;1082;1110
1101;1083;1112
1084;1112;1083
1084;1111;1112
1318;1086;1113
1319;1318;1113
1319;1113;1321
1320;1114;1087
1320;1321;1114
1321;1113;1114
1085;1105;1115
1085;1115;1086
1086;1115;1116
1086;1116;1113
1087;1117;1110
1087;1114;1117
1092;1118;1093
1092;1107;1118
1118;1119;1093
1119;1094;1093
850;851;852
849;850;852
1095;1094;1120
1095;1120;1102
1119;1120;1094
1120;1121;1102
1121;1108;1102
1105;1106;1122
1115;1105;1122
1109;1123;1106
1123;1122;1106
1124;1123;1109
853;843;854
842;854;843
855;856;853
855;853;854
847;1096;1125
1097;1125;1096
1097;1100;1125
842;857;854
842;845;857
858;845;846
858;857;845
858;846;859
846;847;859
847;1125;859
860;861;862
862;856;863
860;862;863
855;863;856
861;864;865
860;864;861
1100;1099;1126
1099;1098;1126
1101;1126;1098
1127;1125;1100
1100;1126;1127
1101;1128;1126
1101;1112;1128
193;195;196
191;193;196
197;195;198
197;196;195
199;200;198
197;198;200
201;202;199
202;200;199
203;201;204
203;202;201
189;205;190
189;194;205
205;206;190
206;41;190
191;207;194
191;196;207
208;194;207
208;205;194
37;62;55
37;40;62
44;63;40
63;62;40
42;41;64
42;64;43
206;64;41
63;44;65
45;65;44
45;43;65
43;64;65
46;51;66
67;47;68
48;47;67
69;48;67
49;48;69
49;69;50
69;70;50
51;71;66
50;71;51
50;70;71
72;73;74
75;76;77
77;57;78
75;77;78
56;78;57
79;80;81
80;76;82
81;80;82
75;82;76
73;79;83
74;73;83
81;83;79
52;84;61
52;55;84
62;85;55
85;84;55
78;56;86
59;87;56
59;61;87
87;86;56
88;61;84
88;87;61
1129;1118;1107
849;866;1107
849;852;866
1129;1107;866
867;851;868
867;852;851
1121;1130;1108
1130;1109;1108
1124;1109;1130
1111;1110;1131
1131;1110;1117
1132;1112;1111
1132;1111;1131
1133;1128;1112
1132;1133;1112
1116;1134;1113
1114;1134;1117
1114;1113;1134
1115;1122;1135
1135;1116;1115
1136;1116;1135
1136;1134;1116
1117;1137;1131
1117;1134;1137
1119;1118;1138
1119;1138;1120
1118;1129;1138
1129;866;869
1129;869;1138
870;866;852
870;869;866
868;871;872
867;868;872
873;874;871
874;872;871
867;875;852
867;872;875
870;852;875
876;874;873
876;873;877
1138;1139;1120
1121;1120;1139
1121;1139;1130
1140;1138;869
1140;1139;1138
1141;1130;1139
1142;1130;1141
1124;1130;1142
1123;1143;1122
1135;1122;1143
1124;1144;1123
1142;1144;1124
1144;1143;1123
857;878;854
855;879;863
855;854;879
878;879;854
859;1125;880
1127;880;1125
878;857;881
857;858;881
858;859;881
882;881;859
882;859;880
883;884;885
865;886;887
864;886;865
888;889;887
888;887;886
884;889;890
885;884;890
888;890;889
860;891;864
860;863;891
892;863;879
892;891;863
886;864;893
891;893;864
894;895;896
896;883;897
894;896;897
885;897;883
1127;1145;880
1127;1126;1145
1128;1145;1126
1128;1146;1145
1133;1146;1128
209;207;196
197;210;196
197;200;210
209;196;210
204;211;212
203;204;212
213;211;214
213;212;211
214;215;216
213;214;216
200;202;217
200;217;210
203;218;202
203;212;218
218;217;202
206;205;219
206;219;64
205;208;219
208;207;220
208;220;219
209;220;207
219;221;64
85;62;89
62;63;89
63;65;89
89;65;90
65;64;90
221;90;64
91;68;92
67;68;91
66;71;93
67;91;94
69;67;94
70;69;94
70;94;95
71;96;93
96;71;70
70;95;96
97;98;99
98;72;100
99;98;100
74;100;72
101;102;103
104;97;105
99;105;97
106;104;107
107;104;105
102;106;108
103;102;108
107;108;106
74;109;100
74;83;109
75;110;82
75;78;110
78;86;110
81;111;83
81;82;111
112;82;110
112;111;82
113;83;111
113;109;83
114;110;86
88;84;115
85;115;84
85;89;115
87;116;86
86;116;114
87;88;116
88;115;116
1133;1147;1146
1133;1132;1147
1132;1131;1147
1131;1137;1147
1148;1137;1134
1136;1148;1134
1135;1143;1149
1136;1135;1149
1136;1149;1148
1137;1148;1150
1137;1150;1147
117;118;92
91;92;118
119;120;121
119;122;117
118;117;122
121;122;119
1140;869;898
870;875;899
870;899;869
899;898;869
874;876;900
872;874;901
872;901;875
900;901;874
902;899;875
902;875;901
877;903;904
876;877;904
876;904;900
905;904;903
905;903;906
1140;1151;1139
1140;898;1151
1141;1139;1151
1141;1151;1152
1142;1141;1152
1142;1152;1144
1144;1152;1153
1144;1153;1143
1143;1153;1149
907;900;904
892;879;908
878;908;879
878;881;908
882;880;909
880;1145;909
881;910;908
882;910;881
882;909;910
673;674;675
675;895;911
673;675;911
894;911;895
676;674;677
673;677;674
678;679;676
678;676;677
680;679;681
678;681;679
682;680;683
683;680;681
684;685;686
885;912;897
885;890;912
888;913;890
888;886;913
886;893;913
914;890;913
914;912;890
891;915;893
892;915;891
892;908;915
916;913;893
893;915;916
894;917;911
894;897;917
918;897;912
918;917;897
919;909;1145
1146;919;1145
1146;1154;919
1146;1147;1154
1154;1147;1150
209;210;222
209;222;220
223;222;210
223;210;217
215;224;225
225;216;215
224;226;227
227;225;224
226;228;229
229;227;226
230;228;231
230;229;228
232;218;212
213;233;212
213;216;233
232;212;233
216;225;234
216;234;233
218;235;217
217;235;223
232;235;218
220;236;219
220;222;236
221;219;236
221;236;237
221;237;90
115;89;238
90;238;89
237;238;90
239;236;222
118;123;91
94;91;123
93;96;124
95;94;125
125;94;123
126;95;125
96;127;124
127;96;95
95;126;127
128;129;130
129;101;131
130;129;131
103;131;101
132;133;134
133;128;135
134;133;135
130;135;128
136;137;138
139;140;120
121;120;140
137;141;139
141;140;139
136;141;137
138;132;142
136;138;142
134;142;132
99;143;105
99;100;143
144;100;109
144;143;100
103;145;131
103;108;145
143;146;105
107;147;108
107;105;147
146;147;105
147;148;108
148;145;108
144;109;149
109;113;149
112;110;150
114;150;110
113;111;151
113;151;149
112;151;111
112;150;151
114;152;150
114;116;152
116;115;240
152;116;240
238;240;115
902;920;899
899;920;898
898;920;921
921;1151;898
1155;1150;1148
1148;1149;1155
1156;1149;1153
1156;1155;1149
1157;1154;1150
1150;1155;1157
685;687;688
686;685;688
687;689;690
690;688;687
689;682;691
690;689;691
683;691;682
153;121;140
121;154;122
153;154;121
122;155;118
123;118;155
155;122;154
900;922;901
901;922;902
907;922;900
902;922;920
923;924;925
905;926;904
907;904;926
906;923;927
905;906;927
925;927;923
905;927;926
1152;1151;928
921;928;1151
928;929;1152
1153;1152;929
929;1156;1153
924;930;931
925;924;931
925;932;927
925;931;932
932;933;927
933;926;927
907;926;934
907;934;922
933;934;926
908;935;915
935;908;910
919;936;909
935;910;937
910;909;937
937;909;936
938;935;937
692;693;694
693;684;695
694;693;695
686;695;684
673;696;677
673;911;696
917;697;911
697;696;911
696;698;677
678;699;681
678;677;699
698;699;677
699;700;681
683;701;691
683;681;701
700;701;681
701;702;691
690;703;688
690;691;703
702;703;691
686;704;695
686;688;704
703;705;688
705;704;688
918;912;939
914;939;912
914;913;940
914;940;939
916;940;913
916;941;940
916;915;941
915;935;941
938;941;935
697;917;942
918;942;917
918;939;942
936;919;943
1154;943;919
1157;943;1154
944;936;943
231;241;242
230;231;242
241;243;244
244;242;241
245;344;345
243;245;246
244;243;246
345;246;245
223;247;222
239;222;247
223;235;247
248;227;229
227;249;225
234;225;249
248;249;227
230;250;229
230;242;250
248;229;250
232;233;251
232;251;235
251;233;252
234;252;233
249;253;234
253;252;234
251;254;235
235;254;247
239;255;236
237;236;255
240;238;256
238;237;256
255;256;237
239;247;257
239;257;255
155;156;123
125;123;156
124;127;157
126;125;158
156;158;125
127;159;157
126;159;127
126;158;159
130;160;135
130;131;160
145;161;131
161;160;131
134;162;142
134;135;162
160;163;135
163;162;135
136;164;141
136;142;164
140;141;165
153;140;165
164;165;141
166;142;162
166;164;142
146;143;167
143;144;167
144;149;167
161;145;168
148;168;145
148;147;169
148;169;168
146;169;147
146;167;169
170;167;149
149;151;258
170;149;258
150;171;151
150;152;171
171;258;151
171;152;259
152;240;259
240;256;259
922;934;945
945;920;922
946;928;921
945;947;920
921;920;947
946;921;947
948;1157;1155
1155;1156;948
1156;929;949
949;948;1156
950;943;1157
950;1157;948
153;172;154
153;165;172
154;173;155
155;173;156
173;154;172
346;347;348
344;347;349
345;344;349
346;349;347
350;351;352
353;354;355
351;353;356
352;351;356
355;356;353
357;358;359
354;357;360
355;354;360
359;360;357
361;362;363
358;362;364
359;358;364
361;364;362
365;366;367
363;365;368
361;363;368
367;368;365
369;370;371
366;370;372
367;366;372
369;372;370
373;374;375
371;373;376
369;371;376
375;376;373
930;951;952
952;931;930
946;953;928
928;953;929
949;929;953
954;949;953
952;955;931
955;956;931
956;932;931
933;932;957
933;957;934
956;957;932
934;957;958
958;945;934
938;937;959
937;936;959
944;959;936
938;960;941
938;959;960
377;378;379
378;511;512
379;378;512
511;513;514
514;512;511
515;516;517
513;515;518
514;513;518
517;518;515
519;520;521
516;519;522
517;516;522
521;522;519
523;524;525
520;523;526
521;520;526
525;526;523
706;692;707
694;707;692
527;706;708
708;706;707
528;529;530
529;527;531
530;529;531
708;531;527
532;533;534
524;532;535
525;524;535
534;535;532
536;537;538
533;536;539
534;533;539
538;539;536
540;528;541
530;541;528
542;540;543
543;540;541
537;542;544
538;537;544
543;544;542
694;709;707
694;695;709
704;710;695
710;709;695
698;696;711
696;697;711
697;942;711
700;699;712
699;698;712
698;711;712
702;701;713
701;700;713
700;712;713
705;703;714
702;714;703
702;713;714
710;704;715
705;715;704
705;714;715
951;961;962
952;951;962
952;962;955
939;963;942
939;940;963
940;941;964
963;940;964
964;941;960
711;942;716
963;716;942
944;943;965
950;965;943
944;966;959
944;965;966
348;350;380
346;348;380
352;380;350
260;250;242
244;261;242
244;246;261
260;242;261
345;381;246
345;349;381
262;246;381
262;261;246
263;257;247
263;247;254
249;248;264
248;250;264
253;249;264
260;265;250
265;264;250
252;266;251
254;251;266
253;264;267
252;267;266
253;267;252
266;268;254
263;254;268
257;269;255
255;269;256
270;259;256
270;256;269
263;271;257
269;257;271
263;268;271
173;174;156
156;174;158
175;157;159
176;158;174
159;177;175
159;158;177
176;177;158
163;160;178
161;178;160
161;168;178
166;162;179
163;179;162
163;178;179
164;180;165
165;180;172
166;180;164
166;179;180
168;272;178
169;167;181
170;181;167
182;168;169
182;272;168
182;169;181
170;273;181
170;258;273
258;171;274
258;274;273
171;259;274
275;274;259
270;275;259
958;967;945
947;945;967
947;967;968
946;947;968
946;968;953
954;969;949
950;969;965
950;948;969
949;969;948
961;970;971
971;962;961
176;174;183
174;184;183
172;180;184
172;184;173
173;184;174
346;382;349
346;380;382
382;383;349
383;381;349
352;384;380
352;356;384
384;385;380
385;382;380
355;386;356
355;360;386
386;387;356
387;384;356
359;388;360
359;364;388
388;389;360
389;386;360
390;388;364
361;391;364
361;368;391
391;390;364
367;392;368
367;372;392
393;368;392
393;391;368
394;395;396
374;394;397
375;374;397
396;397;394
398;399;400
395;399;401
396;395;401
398;401;399
400;377;402
398;400;402
379;402;377
369;403;372
369;376;403
403;404;372
404;392;372
375;405;376
375;397;405
405;406;376
406;403;376
972;955;962
973;969;954
968;974;953
954;953;974
954;974;973
956;955;975
956;975;957
972;975;955
976;957;975
976;958;957
976;977;958
977;967;958
960;978;964
978;960;979
960;959;979
979;959;966
379;407;402
379;512;407
545;407;512
514;546;512
514;518;546
546;545;512
517;547;518
517;522;547
547;548;518
548;546;518
521;549;522
521;526;549
549;550;522
550;547;522
525;551;526
525;535;551
551;552;526
552;549;526
709;717;707
708;553;531
708;707;553
717;553;707
530;554;541
530;531;554
553;555;531
555;554;531
534;556;535
534;539;556
556;557;535
557;551;535
538;558;539
538;544;558
558;559;539
559;556;539
560;541;554
543;561;544
543;541;561
560;561;541
561;562;544
562;558;544
717;709;718
709;710;718
710;715;718
712;711;719
716;719;711
720;713;712
720;712;719
714;713;721
720;721;713
714;722;715
721;722;714
723;718;715
723;715;722
724;725;726
970;725;980
971;970;980
724;980;725
971;981;962
971;980;981
981;972;962
716;963;982
964;982;963
978;982;964
719;716;727
727;716;982
966;983;979
969;984;965
973;984;969
983;966;985
966;965;985
985;965;984
260;261;276
260;276;265
261;262;276
262;381;408
262;408;276
381;383;408
264;277;267
265;277;264
265;276;277
267;278;266
267;277;278
266;278;268
278;279;268
280;271;268
280;268;279
271;281;269
270;281;275
270;269;281
282;281;271
280;282;271
175;177;185
177;283;185
176;283;177
176;183;283
284;283;183
179;178;285
272;285;178
285;286;179
179;286;180
287;184;180
287;180;286
284;183;288
183;184;288
287;288;184
289;285;272
182;290;272
182;181;290
181;273;290
272;290;289
291;290;273
292;273;274
274;275;292
291;273;292
292;275;293
281;293;275
967;977;986
967;986;968
968;986;974
728;729;730
726;728;731
724;726;731
730;731;728
972;981;987
972;987;975
383;382;409
383;409;408
385;409;382
385;384;410
385;410;409
387;410;384
387;386;411
387;411;410
389;411;386
389;388;412
389;412;411
390;412;388
390;391;413
390;413;412
391;393;413
393;392;414
393;414;413
392;404;414
396;415;397
396;401;415
415;416;397
416;405;397
398;417;401
398;402;417
417;418;401
418;415;401
407;419;402
419;417;402
404;403;420
404;420;414
403;406;420
406;405;421
406;421;420
416;421;405
973;974;988
973;988;984
986;989;974
974;989;988
975;987;990
976;975;990
976;990;977
977;990;991
977;991;986
986;991;989
978;979;992
978;992;982
983;992;979
419;407;422
407;545;422
545;546;563
545;563;422
548;563;546
548;547;564
548;564;563
547;550;564
550;549;565
550;565;564
552;565;549
552;551;566
552;566;565
557;566;551
555;553;567
717;567;553
717;718;567
560;554;568
555;568;554
555;567;568
557;556;569
557;569;566
559;569;556
559;558;570
559;570;569
562;570;558
562;561;571
562;571;570
560;571;561
560;568;571
718;732;567
723;732;718
720;733;721
720;719;733
727;733;719
722;721;734
734;721;733
723;735;732
723;722;735
722;734;735
724;736;980
724;731;736
736;993;980
993;981;980
993;987;981
994;990;987
993;736;737
993;737;987
987;737;994
738;736;731
738;737;736
739;740;741
729;740;742
730;729;742
739;742;740
730;743;731
730;742;743
743;738;731
744;733;727
727;982;745
744;727;745
745;982;992
983;995;992
995;983;996
985;996;983
988;997;984
996;985;997
984;997;985
408;294;276
276;294;277
423;408;409
423;294;408
277;295;278
294;295;277
295;296;278
279;278;296
297;279;296
280;279;298
297;298;279
280;298;282
282;299;281
293;281;299
282;298;299
300;185;283
283;301;300
284;301;283
284;302;301
284;288;302
285;303;286
289;303;285
288;304;302
287;304;288
286;303;304
287;286;304
289;305;303
289;290;305
305;290;306
291;306;290
291;307;306
291;292;307
292;293;307
293;299;308
307;293;308
409;410;424
423;409;424
411;425;410
425;424;410
411;412;426
426;425;411
427;412;413
427;426;412
413;414;428
427;413;428
414;420;429
429;428;414
416;415;430
416;430;421
415;418;430
418;417;431
418;431;430
417;419;431
419;422;431
420;421;432
432;429;420
433;421;430
433;432;421
998;988;989
988;998;997
999;989;991
989;999;998
994;1000;990
1000;991;990
991;1000;999
745;992;746
746;992;995
431;422;434
563;572;422
434;422;572
564;573;563
573;572;563
574;564;565
574;573;564
741;747;748
739;741;748
565;566;575
574;565;575
566;569;576
575;566;576
568;567;577
732;577;567
578;571;568
578;568;577
570;579;569
576;569;579
571;580;570
580;579;570
578;580;571
732;581;577
732;735;581
734;733;749
744;749;733
734;750;735
749;750;734
581;735;751
751;735;750
994;737;752
994;752;1000
738;743;753
738;753;737
737;753;752
739;754;742
739;748;754
755;742;754
755;743;742
743;755;753
744;756;749
746;756;745
744;745;756
746;757;756
746;995;757
996;758;995
757;995;758
998;1001;997
758;996;1001
997;1001;996
423;435;294
423;424;435
294;435;295
296;295;309
309;295;435
296;309;310
297;296;310
298;311;299
297;310;311
297;311;298
308;299;312
312;299;311
313;300;301
301;314;313
301;302;314
302;315;314
302;304;315
304;316;315
303;316;304
303;305;316
317;316;305
306;317;305
318;317;306
306;307;318
308;318;307
319;308;312
319;318;308
424;425;436
424;436;435
426;437;425
437;436;425
759;748;747
759;747;760
427;438;426
427;428;438
437;426;438
428;429;439
428;439;438
429;432;440
440;439;429
430;431;441
433;430;441
434;441;431
433;442;432
433;441;442
442;440;432
761;998;999
998;761;1001
752;762;1000
999;1000;763
762;763;1000
763;761;999
434;443;441
434;572;443
572;573;582
572;582;443
574;583;573
574;575;583
573;583;582
759;764;748
765;748;764
765;754;748
575;576;584
575;584;583
579;585;576
585;584;576
578;586;580
578;577;586
577;581;586
580;587;579
585;579;587
587;580;586
581;588;586
588;581;751
749;756;766
750;749;766
751;750;767
766;767;750
768;751;767
751;768;588
769;752;753
752;769;762
755;754;770
755;770;753
754;765;770
753;770;769
771;757;758
766;756;772
757;772;756
771;772;757
1001;761;773
758;1001;773
771;758;773
436;444;435
444;309;435
310;309;445
309;444;445
310;320;311
310;445;320
312;311;321
320;321;311
319;312;322
312;321;322
323;313;314
314;324;323
314;315;324
315;325;324
315;316;325
326;325;316
317;326;316
317;327;326
318;327;317
319;322;327
319;327;318
437;446;436
446;444;436
437;438;447
446;437;447
760;774;775
759;760;775
759;775;764
776;774;777
776;775;774
777;778;779
776;777;779
447;438;448
439;448;438
449;439;440
449;448;439
440;442;450
449;440;450
443;451;441
442;441;451
442;451;450
761;763;780
780;773;761
762;769;781
781;782;762
782;763;762
782;780;763
451;443;452
582;583;589
452;443;453
582;453;443
589;453;582
590;589;583
584;590;583
783;764;775
765;764;784
765;784;770
764;783;784
584;585;591
590;584;591
587;592;585
591;585;592
587;586;593
592;587;593
593;586;588
593;588;594
594;588;768
767;766;785
785;766;772
768;767;786
785;786;767
595;594;768
595;768;786
770;784;787
787;769;770
787;781;769
771;773;788
771;788;772
789;785;772
789;772;788
780;790;773
788;773;790
446;454;444
454;445;444
445;455;320
455;445;454
320;328;321
328;320;455
322;321;329
328;329;321
322;330;327
322;329;330
324;331;323
324;332;331
324;325;332
333;332;325
325;326;333
333;326;334
326;327;334
330;334;327
447;456;446
454;446;456
457;447;448
457;456;447
778;791;792
792;779;778
793;792;791
457;448;458
776;794;775
776;779;794
783;775;794
779;792;795
795;794;779
449;450;459
449;459;448
458;448;459
452;460;451
450;451;460
450;460;459
781;787;796
797;780;782
797;790;780
796;798;781
782;781;798
797;782;798
461;460;452
462;452;453
461;452;462
596;589;590
453;597;462
596;597;589
589;597;453
596;590;598
591;598;590
783;794;799
783;799;784
799;800;784
800;787;784
800;796;787
592;599;591
598;591;599
593;600;592
599;592;600
594;600;593
594;601;600
595;601;594
786;785;801
789;801;785
595;602;601
786;801;602
595;786;602
802;796;800
789;803;801
789;788;803
790;803;788
797;798;804
797;804;790
790;804;803
802;805;796
805;798;796
798;805;804
454;463;455
456;463;454
455;464;328
455;463;464
328;465;329
465;328;464
335;330;329
329;465;335
330;336;334
336;330;335
332;337;331
332;338;337
338;332;333
338;333;339
333;334;339
339;334;336
791;806;793
807;793;806
456;466;463
457;466;456
458;466;457
792;793;808
808;795;792
807;809;793
809;808;793
458;467;466
458;459;467
810;799;794
795;810;794
808;811;795
811;810;795
461;468;460
467;459;468
460;468;459
461;469;468
461;462;469
470;469;462
470;462;597
596;598;603
596;603;597
603;604;597
470;597;604
603;598;605
598;599;605
810;812;799
799;812;800
802;800;812
605;599;606
600;606;599
600;601;606
601;607;606
602;607;601
801;803;813
813;602;801
608;602;813
608;607;602
802;812;814
814;805;802
813;803;815
804;815;803
816;804;805
816;815;804
817;805;814
817;816;805
463;471;464
463;466;471
464;472;465
472;464;471
465;473;335
473;465;472
335;474;336
474;335;473
339;336;340
340;336;474
338;341;337
341;338;342
339;342;338
342;339;340
818;809;807
819;807;806
820;807;819
820;818;807
471;466;475
467;475;466
809;821;808
821;811;808
818;822;809
822;821;809
467;476;475
476;467;468
823;812;810
811;823;810
824;823;811
825;811;821
824;811;825
476;468;477
469;477;468
469;478;477
470;478;469
470;604;478
605;609;603
604;603;609
610;604;609
610;478;604
609;605;611
605;606;611
823;826;812
812;826;814
611;606;612
607;612;606
613;612;607
608;613;607
614;813;815
608;614;613
608;813;614
827;814;826
814;827;817
815;828;614
816;828;815
816;817;828
817;827;828
471;479;472
479;471;475
472;480;473
480;472;479
473;481;474
481;473;480
474;482;340
482;474;481
340;483;342
483;340;482
342;343;341
343;342;483
829;822;818
830;818;820
818;830;829
831;820;819
832;820;831
832;830;820
475;484;479
484;475;476
833;821;822
833;825;821
829;834;822
834;833;822
476;485;484
485;476;477
823;835;826
824;835;823
836;824;825
836;835;824
825;833;615
836;825;615
477;486;485
486;477;478
616;486;478
610;616;478
609;611;617
610;617;616
610;609;617
617;611;618
612;618;611
835;619;826
826;619;827
618;612;620
613;620;612
620;613;621
828;621;614
614;621;613
827;619;622
622;621;828
827;622;828
479;487;480
487;479;484
480;488;481
488;480;487
481;489;482
489;481;488
482;490;483
490;482;489
483;491;343
491;483;490
623;834;829
623;829;624
624;829;830
832;837;830
830;837;624
831;838;832
832;838;837
484;492;487
492;484;485
834;625;833
625;615;833
623;626;834
626;625;834
627;615;625
485;493;492
485;486;493
627;628;615
835;628;619
615;628;836
836;628;835
494;493;486
486;616;494
629;494;616
616;617;629
618;630;617
630;629;617
630;618;631
620;631;618
619;628;632
619;632;622
631;620;633
633;620;621
634;622;632
633;621;634
622;634;621
487;495;488
495;487;492
488;496;489
496;488;495
489;497;490
497;489;496
490;498;491
498;490;497
623;624;635
623;635;626
837;636;624
624;636;635
838;637;837
837;637;636
492;499;495
499;492;493
625;626;638
625;638;627
635;639;626
626;639;638
627;638;640
627;640;628
499;493;500
500;493;494
640;641;628
641;632;628
642;500;494
494;629;642
642;629;643
630;643;629
644;630;631
644;643;630
644;631;645
645;631;633
646;632;641
632;646;634
647;634;646
645;633;647
634;647;633
495;501;496
501;495;499
496;502;497
502;496;501
497;503;498
503;497;502
648;635;636
635;648;639
637;649;636
636;649;648
499;504;501
504;499;500
638;639;650
638;650;640
648;651;639
639;651;650
650;652;640
640;652;641
500;505;504
642;505;500
652;653;641
641;653;646
654;505;642
643;654;642
643;655;654
644;645;655
644;655;643
645;656;655
647;656;645
657;646;653
656;647;657
646;657;647
501;506;502
506;501;504
502;507;503
507;502;506
658;648;649
648;658;651
504;508;506
508;504;505
659;650;651
650;659;652
660;651;658
651;660;659
659;661;652
652;661;653
508;505;662
505;654;662
661;663;653
653;663;657
662;654;664
654;655;664
664;655;665
656;665;655
663;666;657
656;666;665
657;666;656
506;509;507
509;506;508
508;510;509
662;510;508
667;659;660
659;667;661
668;661;667
661;668;663
662;669;510
664;669;662
663;668;670
663;670;666
664;671;669
665;671;664
666;670;672
665;672;671
666;672;665
% Data (solid.pmGp (N/m^2))
-759210.7480408859
-2274364.4605853837
-2496234.511376745
-581756.8200381494
-640513.2117138967
-583495.3318415368
-553855.1708278296
-552049.1180955478
-529253.905541593
-529395.0273976827
-2012081.8856727742
-606543.254748336
-746113.8565871664
-1926620.2157408658
4355510.247013174
1.671566776956865E7
1.235684055377066E7
3969510.339652853
3527259.126147239
3390360.5585717517
8799035.392332545
-488523.81360824907
-514692.8795048569
-497863.5623648892
-539337.6139943412
-510017.1296607883
-700129.8082759047
-1480769.7471007674
-1601815.2368101294
-562248.0931642032
-519042.1626184113
2837107.544410925
6771690.045313168
2705830.894123179
2639111.4348229826
2402412.350592693
-578651.3404132745
-1279241.6178417965
-1480850.5062890023
-448472.28171473753
-454761.71854753926
-464279.1062316032
-470728.0555462007
-497153.35216645896
-498915.8675817116
2253130.380644771
5359877.97712726
2186517.3816912975
2146526.655932899
1863379.2552789133
2097462.0774364383
-465594.93305055687
-1070540.8937994016
-1263328.7269378162
-341588.3297181516
-315832.7073222365
-644544.7688373883
-787551.4560701805
-348691.22046867677
-958691.5138206793
-335946.3229795917
-411721.35405607085
-423736.395625577
-408287.1827507915
-416762.15087764664
1797886.751242227
1815914.0808900262
4540513.428439031
1792753.6527082582
1481018.4170270544
1646720.1967651432
76930.96993620424
-48066.70746732441
6622.149638263525
-205646.939479683
-408108.08320484037
-566796.7610128173
-174938.54688661962
-173253.741672404
-296919.6501641273
-98291.50915921168
-118390.13260234833
-35153.8291998654
-326435.442339739
-355409.5114820357
-210420.51959640966
-261219.22510035356
-279409.78842063784
-349122.8157001772
-340148.31504372275
1534907.7016364103
3642669.791045917
1494183.815094026
1366652.0813172678
1226199.7458334279
1356061.7458087946
326897.5456478316
221277.01146539368
116791.63127091427
42444.539069712904
879821.1836521238
798674.3641978385
342984.4926153233
465420.54213749414
137414.00623950124
595049.5731080737
226350.05130254827
199534.0936066234
6918.2456191366155
-153016.03262866283
-71806.18068674294
-105134.54398293358
-29387.724512171822
-168935.32222231984
-282898.59135149483
-219406.72130949757
2856914.626730243
1300150.241473912
2568439.6167659755
2248983.090770097
842982.8935627422
941501.8369309129
1087247.4056932232
1241954.160762189
1042711.3573503409
1047673.0305598236
1133492.3853986487
1278299.224652892
1125281.8649892015
462192.81366567017
273434.66901730455
1319679.6591256876
1248052.0115751743
572900.7961922705
374569.831402034
841145.433524322
2071335.687088352
1689541.8869615041
2141608.096145571
848241.9335753984
777833.117103692
546068.5909269211
86064.34217166601
45498.41198931505
257760.95735620466
124194.97634926582
169560.17954512403
198491.43414697036
12029.982572250123
-115978.46382679918
-56413.68454157773
-153228.61338158272
775703.0764258128
819533.6921308358
923848.9010896297
889902.5251151841
1054594.3528900153
876218.4408876672
951197.1446662155
344420.2235956712
281710.6731510267
443698.3039583411
386961.3909764245
585139.5594097987
650629.6061823083
495312.56853966694
82154.90136239039
227732.88827686937
155197.62169994664
48677.76759764535
-82113.1359591562
662574.2929525197
757664.0779010406
742204.5327638037
912702.9896258252
760029.9600019992
835784.8739833786
314808.63048251363
404819.6500327489
519399.5784907588
111157.48667944797
179289.8025130454
646292.5882258129
595156.5412891739
791750.7798863432
-502620.9742872777
-493463.7499760164
-484283.2680050303
-463237.4238216644
-466048.7829460095
-445176.1531130407
-476254.8559985477
-467348.81939526694
-445072.59602631204
-458500.7652147508
-425407.19069904566
-426821.6654821328
-449081.5206686733
-439297.6115941287
-407984.7964646788
-428893.0867073969
-404929.1564444685
-402388.7586939194
-418096.96583803504
-430298.9804220584
-427411.4260628133
-412790.75431509624
-409518.73561457696
-390008.3574677234
-383930.19805347145
-406664.008298676
-379864.66649666475
-377336.670086102
-394762.35994766536
-382388.0801676046
-359466.8829584548
-373325.3314265374
-370888.43463033164
-381456.07979739195
-373162.16638417105
-345687.00040346413
-339461.6473743758
-345057.3514130385
-369691.6845858719
-348406.44363853504
-356673.2940503071
-338646.72111808404
-343314.19599851087
-327376.2698040794
-320808.43794308015
-329564.3674730109
-345301.3020775734
-340772.6783314744
-326998.17484527593
-325717.0101618543
-321711.01889312774
-289011.13801395585
-271098.45708804997
-285490.6311579436
-208014.91052921998
-315614.79137250286
-300666.1549508194
-301506.65139607113
-292302.06497540826
-286937.3147901378
-273411.44397899223
-289144.24104697147
-313976.6656610744
-316182.38761200034
-294413.8440098561
-302430.5957894139
-293443.12067776493
-296421.368296821
-260970.84566131906
-250511.737712477
-208719.1085632046
-221861.67487577847
-13304.44543958254
-123545.15993787404
-276536.1910884995
-272307.4225816615
-251498.90639243025
-227664.52926254628
-280244.84763578454
-266000.19982737664
-250143.0847052829
-258186.90311414268
-195701.45601170696
-175705.05401815686
-130029.65005005177
-160191.73430435182
241074.55909419362
52185.138330689304
-35906.48177122688
-63258.33820780224
-240888.18865469773
-228625.36694169915
-194513.89791971238
-137140.04945934875
-131665.98945890856
-94379.41212505568
-102173.87371678512
694226.5406878756
600071.1291240216
318699.5279293616
391116.3502295872
486964.4667887765
539529.6671266909
259470.38758450252
158891.1589585206
82060.43075803055
16703.643317393078
-12122.08673671516
-190027.6206508923
-161242.29538237277
-125170.6508997091
-90326.64833982909
-84592.51968424347
-33343.197398106255
694907.3277984393
593555.7099885129
506895.2290005463
317963.4145407988
416172.1048270128
229630.67478365204
141402.32448980078
66271.68231176444
52711.64504710795
-105916.66831396586
-66489.03357947315
-27535.00241989249
36414.92760323768
608435.2172612102
514028.97000664147
425392.09521428676
308893.0637748827
207008.49371457534
128138.32867478165
92521.62093006265
-12110.80224800423
35718.96203337484
98436.45620121267
534178.0787723833
449573.881255381
352398.50683036796
263852.9298544178
169692.7354383425
37518.2943019573
89511.63140865347
154867.54659736707
466517.62261744123
387558.2091175881
304768.9793751857
225129.2931779163
132292.68397092543
195331.08818468358
405850.5996126847
332537.8033341238
261470.09579930702
225720.64545833904
356260.2806235697
289784.5684997606
310790.8787412501
-272409.29726695205
-265069.22423010814
-237484.76156893568
-257661.31164859983
-242879.25386386728
-246675.56896458325
-227801.52019759244
-212843.33202697974
-209464.6175032296
-197653.30080872556
-182557.8337669993
-181084.35177829678
-191845.5564729906
-167352.40040045744
-152147.58247534742
-152582.08607011734
-164169.78218029367
-124032.49343520826
-136907.45708977434
-121758.98381956754
-136232.63358962143
-106596.18643044964
-91555.25565744354
-95388.05187203406
-107879.81267118613
-66917.41837021646
-76404.74442871734
-61583.24547925179
-80173.27545898606
-46718.2437031616
-32152.972741554946
-39212.434487783976
-52777.33924784995
37959.65099991798
51088.01861401601
39708.32734910803
-219281.311818268
-245716.71378488265
-220191.06229679403
-225962.57012638348
-195258.89508067266
-201042.58947705917
-168954.16826031424
-176003.14273064068
-142575.34085111404
-150975.67648779188
-126088.39023359092
-116707.17036428292
-89919.45644747299
-100827.86714283572
-17597.006964244047
-3354.0647662403594
-11978.345458997372
-25826.15599240831
14436.45438622988
10739.617282024972
24492.958588377674
461.35789136241976
25803.737202428245
-64520.34517162215
-75340.16296226201
-38710.11013870696
-50574.98327501768
33844.35223467319
-217385.95733457085
-195128.68957059179
-172994.6875890228
-150215.4625848276
-127663.72585464963
-104848.39721721162
-81298.38705044902
-13598.751216242223
-25889.093889691947
10138.677444357743
-2161.0574452841984
20810.171618290122
-58848.91408928284
-36584.94529950738
27476.952287969336
-181225.84623584212
-152686.91914626837
-132664.49947727937
-114984.68208884141
-101793.47456569775
-78736.36673472395
-59165.97668214992
-14723.97013622905
6962.512091956143
-40836.49015366461
-25096.193720834483
14316.858071597202
-138088.12449403995
-114873.63775163009
-96600.57704804417
-76731.0110570337
-54333.972503571356
-37712.0913309909
-5318.615605431659
-22178.682359029935
12109.838703692423
-87872.68078990733
-53093.869646245264
-72841.61776833858
-59090.96022860659
-39308.22942976694
-33511.02325576106
-19451.321682967377
-5529.16930592071
5240.79538490441
18807.819145329828
-41915.32730187191
-7551.873972906138
-33445.29386681581
-31829.844651945943
-17963.873189059545
-14874.89355854358
-5883.621170961349
4830.165966672577
11744.013752076416
-4693.536449142717
33383.047623627695
77484.25890951495
-4066.2013290971154
2341.230420115156
4700.699463897593
9171.311020695446
12290.919836520678
27273.239595924122
65426.62423847282
112334.47426118307
166286.585357159
22646.725445094296
18493.421556735062
14102.296101773894
8731.292862325277
53488.46869209028
92452.73146577434
139177.03433726213
191924.8236820883
250090.1041505984
40855.16216814759
27874.719124617168
13757.614233777136
72342.98150390504
111907.90321129456
158586.64822117487
211398.27742277426
268331.20462565986
51682.735471266096
30178.58578049461
7125.441238022921
83935.75255527066
124874.62292468814
172719.98886932278
225929.64808727405
54748.56198104208
24099.82432392657
89400.97954521945
132483.95500290464
182451.1262444424
51582.89045046002
10773.440014981194
89723.19735995705
136484.39903290058
43160.315332598104
86712.4125529194
31028.503031406308
63859.30242925492
49929.021621809086
76165.79301778982
63638.34391769014
88080.80991770222
99498.79281496965
86130.20567611138
72847.9452545635
110404.92136971588
120762.3790484628
106656.96947530327
93907.88422590762
130469.91605234938
139590.15878461665
125068.1435387906
112980.1802318444
191517.12537948941
184992.54635111336
188742.44245007852
175440.2790661578
175247.14375569104
148095.43238215114
155934.49263140507
141372.28149487654
130057.91848605602
163076.3352543698
169592.1511756869
155205.54487772463
144909.50276416048
180459.91065211836
167427.25864759486
175307.5969873519
166571.32612721607
157395.19316933682
43198.94738137237
56234.37183756228
77005.95648100923
63988.860587651725
95780.7403299096
83419.47944164394
112440.89155403158
100565.83533114978
168536.58935663122
161988.47378426892
159962.37734162464
128126.18505471719
116130.78715391034
141063.74384394832
130614.543270457
153136.12628338096
152952.39278199532
142370.23902481547
47434.28248242672
65598.93575933782
82806.15230038356
97730.75316914916
150436.8044272053
143943.8509892147
111471.46603694372
124146.70116570804
134794.38713579412
30477.08762617179
47624.67684608145
65041.23519872736
74091.59939030312
86923.17929476422
125782.2183082081
123838.43672988622
98363.96537223745
109812.42110861698
109338.13346367411
32189.722277375036
51849.451685476684
64442.66125294555
75476.09747988878
100956.77023568316
87218.70771159063
83947.96727232427
31912.08682155891
44722.73583692676
53376.5532468886
61561.752076630735
72526.43731772057
55881.989864171665
46050.14621683371
30766.922527725477
20290.225388741634
35115.727614468495
39480.87020794278
45373.43456756263
32361.618769870318
23776.36639526529
21140.853073906565
12233.126451718885
19053.014181647326
17703.940353757855
4481.555552790562
-3838.6530738596425
6645.491715737127
4280.212325209841
-1101.6070677314176
-13323.750714523776
-24506.123918975503
-26843.841763833945
-238560.8857132335
1438.9437220238926
-10430.585043591158
-29255.785866613583
-148080.09343607028
-48533.979394224705
-70394.38668516879
-105306.53706113779
-434154.8435781528
-527933.6826673975
-314949.5373253503
-407966.81873029604
-298096.16823012737
-217694.21613167893
-14612.324402832099
-35702.71923361605
-61057.76154500461
-172445.95451856425
-94536.59950852366
-129620.9705711167
-543422.4358476967
-782147.2832379156
-1290546.6986879464
-371468.1336882138
-492695.34651228745
-299917.4952493203
-245876.83168842993
-7898.045161167062
-39274.48623687616
-61955.80498096261
-96518.78849626846
-196485.8012939768
-144625.85884840626
-650093.3890225259
-911729.175036694
-403208.33552556863
-539235.3991835959
-339956.0670749222
-276584.6815184843
-30143.489448150223
-76223.90707313153
-144740.63990077967
-208030.56689100826
-711354.0356207945
-437777.3076319509
-574034.4670745629
-356286.16704758356
-4668.294681399361
-277046.28753295384
-61660.61339920216
-127084.34437931552
-203564.29760838582
-455680.13501345576
-356469.26490824245
-31188.662589123767
-270296.67677668924
-103682.34095361445
-182285.43265901515
184439.3390470547
192156.77650731496
190336.10587707045
193659.88202636372
183833.39849095457
186907.22538392834
195310.78503866677
196807.8355591729
185748.5562778585
197534.6074648461
188659.12084705388
198138.93916873974
198866.25049272567
188679.62014727225
198859.39559078493
186088.1056736968
198301.93813276014
189563.48122685743
186461.38492075316
196016.22136927667
197641.6787215901
186421.2441376991
184327.232748894
176915.42891467063
173053.41987535235
174069.84370168
177962.27916094605
174561.06961678102
178232.82912030016
174043.50655229454
178207.78752546673
176839.02701693145
173325.70426165225
194360.16955987652
180740.4741937651
181991.18714354973
173318.5243816478
170444.2433300431
164703.3362627866
165002.43580024858
164241.2113003836
162287.9645272304
159908.65359917557
149924.8759349422
166160.53123312196
155760.34156587793
148803.6718356156
152859.75774503368
146528.0558038237
142028.4949623677
143057.35616890262
69498.64444970347
74294.16803976458
76570.46679879219
133756.2137531827
79307.33623270433
82857.9152898611
71057.81439501533
67399.38460342865
132373.80533262607
132427.9151797095
125944.40453674509
120947.98855478565
62148.93014620832
54178.02342343183
57599.59674044095
73962.13886204662
87475.16707152915
93103.9197687445
68020.33659776411
58993.87885702277
118315.1923342525
115850.17794461553
99781.51924422503
100303.39085100112
67492.31696602674
109836.67265988591
101759.37810963961
92911.33503978455
42287.43802668484
46583.395261715275
54417.24493284348
52563.93089063332
97102.21669553504
84044.71186544001
75004.58072935166
76819.10073160697
110612.4309247471
55312.76104838657
32462.760310148657
42652.95500243579
43821.8717111444
43803.87310612287
85066.73992315383
75204.35631748325
66382.51167863786
29337.632831029066
35325.92225675793
66281.37178831115
70542.71428905848
54422.13676992074
123247.22645101737
63359.238394998596
79178.06983108204
141221.82481910303
166219.42256343333
55229.43948000606
36102.68217425953
14290.316104664505
24846.601325111038
24880.88451718237
18188.376772978598
59200.29920450452
49581.096274350835
11025.278020137308
48739.263615653406
47330.70975994252
29784.960933639126
207886.81912255878
54027.09153948041
44071.24652308928
14581.787441934941
-14571.421256316862
-7748.283184761417
17844.410941602877
2354.563116404787
-11909.795053391501
-13149.181856566589
34684.26990319385
-30917.379801031097
22683.78681188583
133.0353584340199
-23082.302909731465
265169.6438026957
16243.44070864935
-57341.256132925104
-110390.6080988983
-48180.15423137837
-99405.49128540442
-56682.85637912405
6351.503819383094
-53216.29683773344
-16091.138723449943
-28883.86537073173
-49149.65733362952
-213987.5745289627
359794.4546908887
-94421.12260439976
-160275.72171466518
-237519.32416334553
-102755.44914921472
-148001.14922603016
-183588.22681090538
-99396.85250470923
-87357.51820351677
-52685.493457235185
-358259.4264453492
-421341.86628494196
692099.2943419827
-655027.2854935788
-241688.6497440465
-334736.9885982003
-153552.6660541
-184758.2321437806
-688499.9363196291
-1325262.6423065595
162185.30706084348
165363.31555423568
163798.62764269233
164990.98104159118
168454.8998226699
166588.44128540283
162443.81883969557
159030.08484977763
156925.12488890585
79621.51499894213
80236.93878592699
77890.57111093774
76675.1120925627
79396.61332786088
169681.54709198046
165454.53552669147
167757.47845231238
171712.49435202303
161525.08300304148
158929.7392745674
154204.94241890064
171684.79024900362
174820.12549552633
173231.07859215196
168262.52803875908
171886.49230167022
176661.0882103011
82423.254758571
77183.08534934162
75201.85626127613
85417.71202103686
81661.27252278218
74220.27562328304
76367.60971045308
72936.09476442868
74776.73701896395
79146.19476428385
73414.65877689114
72212.32285476736
160981.73162148835
163734.85698367437
148012.1182249045
155930.32904915037
150325.06305730258
184667.04563511364
182807.99748087084
179016.25379068824
172328.78398948794
178937.0359092245
175632.4173911701
180503.96953517784
175486.32416355697
166929.22403590367
163725.78014267416
166931.55551061573
182235.336311376
188470.28910732098
186785.6587065809
178651.75359491885
86487.57709011452
82241.21042496372
74678.12399137778
76770.49552555232
79053.5743558829
71437.23732383152
72678.43376247254
71530.73046572115
70894.72724267386
73545.79676131601
157579.4763578345
141873.33249329537
149041.00034217595
181700.70328139377
173110.1395409626
168134.8211018398
169172.4617943311
159752.36520145516
161910.63590371658
174989.31436987594
171834.63112257473
133956.46769361696
81364.81321478848
87751.84126756557
76390.87361624547
70463.07511301599
70427.02917870467
69985.9349786141
71935.92040435325
70581.5693246938
94199.74765764749
100832.67817704198
70320.40811745373
68988.21792536638
69229.83367514059
70500.89265296336
72650.26405305578
149677.06767605522
132398.03561472945
140714.97981225495
142798.0094845795
165384.08003467272
159714.73646309035
151232.44106307827
164644.68051360425
122908.8727687534
123574.17064273005
76488.30887415963
87887.33194900482
81975.61299440086
110065.36635400889
101865.94249987595
113302.58295468558
70890.80086352356
68968.74215082389
92817.04516744085
95326.64649297005
66769.79941834351
67516.93819683019
68736.64105169117
71225.48502587396
131553.75991547573
138106.4710634012
71515.85661681091
67853.25989823147
152787.5698617533
145223.71033961806
111743.36107216652
117496.13034499584
76292.42832519235
83791.9680382721
103422.55736370147
72766.86587509332
68668.00823519554
64535.036852598845
93079.70167393886
85349.47840161234
64606.31936805816
66749.88611691279
68029.60978082784
132301.24978671083
123890.03433010064
67305.33228613007
64366.24195493577
135084.5881202005
106957.73095504181
97142.25075336405
102105.03266915512
74652.01284919893
59717.07472882116
84717.20933323579
72599.29022319861
60299.099252065156
63091.97563074433
116097.44540483129
61320.81710983432
52778.866848293095
95505.7170633097
90126.91153408807
86263.84563206045
71368.34498485964
57955.44402995127
50167.30015702765
71307.11823627127
154853.81744557075
152029.64251031075
152740.46537434516
154981.98518332627
148618.20293223183
149893.58250988534
155016.98114140224
151674.50848149092
153479.42682750156
155413.20026179586
104870.66770501978
111495.43790197882
106524.43733263528
110126.44858204813
101934.02516960066
146132.8164207844
147025.93587094283
99054.46408321091
104338.17287695117
100412.28588175264
96644.96398352762
94173.06205258355
98590.4745088179
147331.99401606273
149314.91287990258
156598.44742445156
155814.6336454304
154225.84267383718
153013.19633846736
150594.50813569408
155901.52709305525
158231.24097923946
157225.0325415197
154578.18621563204
157492.587368498
160408.44367197403
159039.375535108
116634.57973221767
115013.42626233057
103329.42778687144
108483.06409752155
102004.9188433901
98561.5559220186
144260.34519951753
143881.43903429975
144972.71122418004
132698.411818032
95506.7123587592
94058.12374165242
92032.51951517751
89827.4346776211
90964.8797908062
88152.40797403682
85847.70760112708
89782.72421333581
156118.99124430542
159955.30020113132
162733.30024620306
161280.94296789993
158112.10075771896
160282.63299375377
142280.9034614447
147020.09745788982
151769.51640546788
149960.9159589063
153689.69223877066
151832.89688302204
153414.0817242001
155241.5324531961
97024.9878916994
93685.2087668095
119066.84359300998
112247.91618562315
106659.35053210123
111488.74746763668
119915.3519460212
125498.25554959827
129797.832420629
102497.36763765334
143548.1806794924
140918.11505690883
142828.13273923457
140186.30266124214
126643.30200826176
129188.17328155432
139123.06408728124
86817.42180455923
84491.64081173982
82444.05273888436
81028.57238659284
83683.64266338474
86049.100882557
89798.6085114488
92433.39949532495
157025.06866685918
154969.25943828363
147568.55240096594
150650.26828888096
151276.95030000719
142374.7875915756
97129.85384830319
115678.05389108892
108692.01228786372
120214.21623206483
112389.21953645877
82516.84015758311
102264.03047365478
106911.77017854073
137772.2406769998
137406.03918063152
139205.70898597798
133538.9259885951
135482.66110873743
121541.11980325844
125224.54413863273
133101.6044561443
85962.80196632963
88771.65175347582
92857.95065878455
97767.67246132171
115300.12790245954
109592.99909250438
105172.16148403609
152653.7980135615
145385.34797811953
148423.0505589331
139690.06910098562
85008.83883069406
101394.24081676696
133243.13596906667
135351.5130006202
135937.9229668641
127727.87758988257
117696.56011167176
121110.72486303168
127663.36319219267
88951.17707704236
94359.37767268243
89429.79959550328
98119.01897460085
102193.91717796816
111420.64548711409
105847.07192580363
141376.4387426405
134652.02175056405
130796.94240680315
121577.43313403266
114628.18631645165
123543.1733951167
93169.91765177414
99777.59105614743
106200.03226828108
127530.39283853245
115970.74943178006
108319.56071066996
118977.60708008072
180964.09403916192
172978.9947474001
171304.97107090888
167623.68890873107
166244.88507283074
162305.08773582688
163314.21583881025
167372.91495471093
174682.86328305883
177569.71333563467
158852.29263851934
159479.69331770358
157908.84246115314
163440.79441176515
155973.5297358092
157471.0170344738
205713.18553554834
205820.72470333986
204522.95444222132
186835.8043045597
197363.46388082765
166471.84536861096
206464.02093463924
203612.2814407231
205837.11472711104
194679.27467793305
161173.0006240958
187586.9078871104
152977.00727483415
155441.8719284842
156372.0198529885
152974.85803212717
155293.8760591341
153315.0227046891
143234.57460103498
160907.99310385966
183681.5481649796
190835.17232999185
193453.6169935698
189512.76136518418
187051.49887233242
180963.80407593944
189411.6710247314
189540.26875242405
186423.857096009
187241.9654000897
177571.4811187585
186497.8980782938
177877.01380034475
168452.5393443189
170173.297332658
155192.9021134874
151168.56826777605
149872.69600143554
194116.3982843294
192606.40545144843
182676.1756693553
183231.62652853472
187952.78693633166
205560.50549837732
200686.8381556884
190428.50804822336
188009.61163950936
190591.73210995947
171314.93407889517
180299.17885854264
188404.68325937793
181513.99909304685
150415.70055978102
132336.76885448644
145280.36910941798
135163.031988646
123582.50269253156
174005.5512674992
159462.31907880065
145878.3434109404
133005.22076586643
169504.8763737525
179915.13105718937
171273.8465481304
173011.4734245788
185446.68586957088
175057.44936670872
169620.809712127
175413.4264606439
172386.7781119987
169067.46522316636
118059.87328564962
112558.45104069689
121456.91767974678
125323.30579616499
168853.52735107858
167300.40498917372
171592.4510616699
159706.08947014046
154306.46138593197
149121.111449065
148379.55792927512
147924.50084056865
156692.27635378466
178812.69670403542
172456.96014498203
165717.9788590939
165573.06332270888
179893.05747768818
180038.02565957906
165485.92032763158
172742.53642291916
174767.30046375934
172017.27732399091
168579.42774480273
114429.40888532856
108769.90328118585
157375.24682877594
118897.4266127982
154876.02775891082
142145.34269452907
128680.14100355939
160924.8005600502
152830.5023903703
162255.98243376854
157525.7853448709
159337.60793728195
146717.656913845
148038.29049351238
146086.04927558918
159313.3674112561
160075.55055348878
161627.292040392
152023.93405964412
146920.8249917147
152317.25173101775
145839.71428619916
155500.52431838177
157194.88246694842
163611.37316822636
161711.0518213699
155484.1201085786
157835.81379196694
157500.17333800803
124853.7927286717
141195.47421509883
132835.54566852178
120711.87012728413
128436.63932131942
137345.2993738819
136606.27728375947
137622.56639949675
136651.07684241407
150844.6344723913
152371.42893751568
145549.53186106676
145892.54090595315
139900.23362894796
148060.82599106798
153489.03777712752
149092.90645409585
148165.97213256935
146684.11671005675
127466.42428172483
136927.90278515458
141756.56900595338
143298.38453110954
141803.3979643166
217738.22275956153
221421.81212962972
204581.15115887742
202493.71249635812
191279.59525141696
189337.71158599565
190866.01136535816
206802.58027243428
237768.6890983615
256358.1130214713
178644.05158667598
203711.81985932135
176821.276100581
188387.0180370074
229335.71795374187
242764.9094496092
268417.5274353397
279347.57333428424
258227.61213612286
271604.2420576542
282118.5277868829
263286.6536915889
253136.22478467564
248191.3335759073
259748.10155665418
269027.87030260055
254432.54770596782
187649.30355260437
203286.32971960894
264475.6928393857
273212.76162337273
253797.77770687582
279022.08506524056
257065.7403062594
266294.7001604546
224400.35101660332
250276.16740226035
256540.09070680934
235927.381083561
220264.33512542176
261689.13919796728
262448.2878635886
266483.7944785384
219788.58907621997
249115.5653591208
239422.9222494153
247630.41441621148
243944.5138085348
239528.08184904105
240385.063651121
247801.73817869145
233116.89152886975
225724.31805021735
233234.09193483484
237205.65436543224
242909.14567157673
234073.11031943024
255339.4078590547
256965.2553046026
228682.67657323365
234075.61042206237
234903.1686305285
224962.81420942163
214089.47887429464
223727.35830440675
222366.1401401767
190440.69117293123
254983.56948919146
249071.8244817284
239885.04296302143
231628.71399589814
270712.5354817173
261700.84234061485
247912.32037559216
261258.55480972296
260391.4745817378
253394.84360082602
266033.9845312328
252012.27851431223
239763.93322978352
249044.0184432716
231377.38563065982
225652.25454279454
229589.20026447615
258896.13154117748
235758.59366237585
232257.56264443937
187052.21726245663
213686.11111749982
208933.88010536841
250084.24468241257
253768.20183419227
234227.70708646206
212482.46200963488
182899.98118618559
234945.44356891044
241173.27083756335
215968.08251686176
214435.33153495128
232212.96734479125
212561.93405749716
219344.50164906084
214546.83336901432
205881.1765405099
207884.49939580125
246671.6031337842
211544.08274966027
239847.15876248362
248618.39280758603
234189.51944039357
211396.7200400403
217111.19225257394
222751.1307521849
236396.09139095122
228056.90244210142
234831.31234242348
209862.8461303632
197405.40208024357
205898.34939989416
227544.46254575823
211037.20287903128
248223.82248536023
224166.8977963963
216649.34732079538
197261.29103756842
222640.43622808013
209255.60043380273
231759.2504610402
235360.8046695629
217848.46068515413
233483.6185792183
233523.00426448983
220693.35415892478
222343.54414649954
210497.83025126444
206418.131044862
212860.19955778884
218708.644136623
214291.98726344958
194189.09673876702
188850.32779380842
190802.55229420727
192864.35275935644
194738.26855125604
213583.65690121852
206926.57647917347
212086.8853035118
205415.84884123402
198907.39644142022
198092.2459466318
192234.70415885327
209563.6972730237
202890.08945532131
269940.564457667
301023.3817137337
251373.7229147505
259150.01267970024
255970.15108125628
242450.4706366733
221492.37713700836
309473.8954690768
323414.8223682402
255680.50272551083
285811.7799232486
333926.8980207794
368782.25626668014
366333.82388360536
346501.26420075784
343977.9514350859
335178.9149992108
364910.9811318158
359478.9406426274
355304.842341902
349118.27278602915
370162.68581971776
355555.2645635527
347149.93336429534
352903.6159959708
352107.47560172883
314421.6573663306
221829.3381165699
265479.8617229614
291193.61665228737
279472.95581452467
354480.4047075359
315806.0581974488
311371.2679922419
309757.7198567955
326468.16581412934
331339.55407737615
372419.52332744445
341290.8829653239
347696.7530392326
362388.9000168483
377242.6703116157
354553.4353781465
309706.6975090225
319255.62666835915
343603.9385530264
316882.2344093739
310895.3176055977
294158.7536851844
293661.7057712621
318502.2647964368
314067.88466920535
313993.69450277823
312654.00510784716
324626.15318299516
318243.8704818931
319527.86714426393
316896.4050651596
350233.3342000731
344810.1165234727
341573.3669811048
364973.3810101006
344036.8871617935
378287.02252366923
366124.1117730332
330604.1726416973
308746.1024113584
355924.20256987377
304553.93914146937
310027.95002123393
314900.8597329489
348721.28554141894
342205.7593960572
315923.43728014495
309215.47433883086
346516.5156004247
291013.3171143517
285911.0017896718
323622.38064782356
325240.62488862925
324568.21811475354
324004.9995253397
286494.8247426261
317037.01268238004
317845.1977331268
309275.3193538176
274177.04440922383
309798.68542672286
273819.67478380806
274532.5733452506
277869.26517452166
279931.25118363247
314254.22710723453
275368.81379334704
325166.63997035887
320008.742071595
269982.4971756135
279563.8871215977
288809.79287116777
312949.24410431396
315236.02917298616
302001.79097267555
309828.2929863761
325432.24716739473
300391.7884385527
328393.3652705803
335045.60466953553
334443.18107592885
318565.11680068786
306711.64336288295
314189.12845586234
338118.9865300544
346869.3116469333
283259.25939604023
284886.2086499446
310422.2265941785
323760.99002154166
291076.54492805025
294901.782479088
303313.94723593123
300285.310482806
335351.98322014074
295197.90790518845
301045.4438474908
304404.04180259764
306790.3109340845
328179.99403869145
311975.24848464626
307568.4290860584
295274.23922105273
289100.2094912763
327850.8521524711
312489.22807567025
285192.79365187127
275682.9198602148
290959.83237543073
283025.24385934527
281626.980258641
283968.56070765166
268248.1029034569
268289.0326390138
270277.28160663025
280421.9992720583
273596.1162449339
278237.867026533
273138.19294689386
278832.3420313206
294645.86496721586
296122.84558384906
302493.86667701456
212065.42510584748
114192.23514538819
332911.9124673048
338552.26251786115
272765.1447402074
279201.546538101
275864.841825001
197126.00113784362
144182.23872250933
337500.6228440518
338164.32072654954
200993.15489467347
194757.5249715345
245536.97895241753
54888.093412370414
200704.82178192446
261907.34104299775
212279.0325680244
208910.65528254784
129241.20481190014
266992.5674449481
164013.42531685796
194882.30283734063
16073.116158990322
275574.63070272055
312465.2479535765
365845.6011690277
359999.2920526934
357067.69355894957
326281.8807361663
394581.18530145014
129728.32956313327
283512.11559709656
211693.14407206277
343905.50592042453
246520.0436397886
194036.95949902764
223636.20129927967
374016.5912259857
395979.7554115702
372896.9700304268
397026.12462990097
366889.56377648766
374112.52637816564
386952.1882835531
368792.4368155548
366720.29950041417
259082.37302596073
365955.1752948397
369846.09014012065
212582.78562408095
256267.53249959086
385422.13328549836
226456.69460112436
218099.36916237744
235254.97485118278
260363.79555396433
192307.5716955741
308515.4015689294
365648.34586324653
321248.1741118512
390354.305059945
378433.4760715884
388210.488485248
365922.9625034565
410555.90099425055
394774.7194039234
433788.25079546584
382505.9121146618
429693.28887970984
386901.28101853374
430212.30706713675
434662.55465828883
408980.79561229254
342942.9811022263
298092.946514653
272808.43961178063
303756.97272902494
347955.4812333311
318941.56596783735
379500.9640606685
358259.4859953226
296998.06317150185
269043.53006182273
336031.62214827474
407547.95389189397
335770.7118060778
340464.7801499217
340894.9269304851
341092.6192305261
309669.5896712071
245712.05451962593
223192.87851161187
332796.3466739732
241009.81977826724
348316.2726894882
328887.1262562408
341334.24863600644
246114.71625260377
223614.17989348454
235267.0653720329
339448.59023757174
379844.5851810465
373565.45152163703
306345.38876893837
271871.7383956878
284270.2291924207
406886.4992272231
375537.40455220407
383516.2663999798
385421.5797532949
324421.202184091
179327.32137230065
355975.20085739455
351332.06175837544
375902.72058548563
373199.131665474
192131.74696765997
352092.02938210283
367873.3686070317
355666.23517364386
357546.1783132123
273251.0391725231
366683.82101782615
358465.68942529126
382263.31283088314
417393.49787334044
389654.9150085445
370682.46529874444
334179.4179405828
373947.5855779803
351942.64725952735
267813.628010419
285639.7317632322
335267.7514649942
319130.25102267595
347105.2731619384
334316.3805447914
341452.3862209048
349695.49916195223
330256.60551835067
321407.65457119123
351503.91163674695
325604.28859575273
335974.689672967
342577.0959288467
338766.03578136273
362075.75843746384
347329.7193079942
367519.22611313494
535776.2368512765
2614465.3721026857
2355864.6805055817
394866.35765215696
2376844.742771794
2448905.3593939967
325176.77628623956
474034.33543647546
2830794.0413047373
2853440.5418566247
2439410.7425087914
179809.9173074658
2571174.54867998
2536315.603707477
2505529.065145236
172924.80040848543
601460.370117527
2414300.3275566287
2794991.016607192
2610188.253402068
2642949.7531910753
2755342.243174528
335290.3931891519
2716084.2605029983
315868.3466709641
396299.8463516216
2310853.497800056
2322940.81514459
518068.7111167732
2549949.3581757606
2493927.618854552
2557192.234704057
479236.4648966847
2798615.947535409
2534515.0631937995
247295.6576660954
2631669.7546408162
2345687.228769168
376434.10420855985
3052943.8255214896
2582687.0795795573
484073.42270116246
2343001.624613645
2488571.1157220546
312391.5537512029
2527688.2222438394
2459060.4402037165
267300.36063500604
2408691.1827615243
2412418.7541886754
434041.8238452895
2658024.0023779646
2457693.279457885
503099.6822234493
2520597.334791983
2179636.4547348027
338314.3354653637
2262331.732918419
2666534.679921308
422762.66965243313
2541030.782141304
2521873.1693579457
500770.37616546976
2820578.0922787525
2985632.632999845
226754.24763266585
2516950.6984218913
2528158.8476850535
573892.5890653278
469613.5087736128
2974155.2938852455
519798.2207146449
1460967.0046121227
1328252.4741702941
613087.8998999603
1437861.662688399
1475794.037921983
1484971.4830980543
1406152.7847488467
524436.6439869776
1541267.8096976636
1483040.1814234636
487779.6435678825
1342635.815365249
1335036.470324317
501120.5215503968
1416917.2235902718
1404584.3254231734
449189.4947295231
405255.48161444935
1664738.8346002076
1694648.0405392128
1581391.1901178032
591883.8242171857
1448995.5444795594
1352993.281309583
1710947.447231692
1576146.2610100193
468802.7530694584
2044318.380564227
2371644.870398388
385613.3088663119
2393041.5187650784
2451805.726321608
2469275.730316527
2510782.0213038423
508537.6846711304
2773024.6790530346
2548566.846164704
439085.19065457175
1885196.0164647978
1748280.652341829
1777044.804333208
314621.63553652924
667359.9460730974
2493182.658662043
2636540.2671154095
470007.96855669265
1919487.609443526
433465.5147523745
1804200.2769553093
1732979.9015773989
358772.93131997733
2219198.7134470497
2069059.0900418551
2124728.9725655685
1946786.3976151168
2074813.3534146461
505134.46154908475
527068.6912975899
2210344.2372874976
2218333.5988006364
2082108.6724356387
473448.29214644793
2259093.6960326196
2080404.3693959555
502377.7161142271
2336615.328954713
2367229.7918693144
2322549.234204695
605824.900867665
2356715.2552937255
471344.1855936243
2627769.948386967
2562834.516276121
2432383.821958461
2106062.6215879456
516896.4253666783
2335801.4678608594
511091.5397196679
2062370.2702968086
1435198.7112495797
669939.5951581962
1354177.766194465
879374.0111044267
495174.4886543887
1173636.2946000218
1391136.35009514
446723.3269849179
1320565.964026036
1407626.5588315793
1419355.668543649
1275012.482475653
512616.72892285447
1917840.779574326
1734470.9758934528
363083.79135653714
1580171.6832917426
1538674.5780569504
405652.3737231294
1820922.5091426258
1737025.684620468
423981.09086180816
1595177.5852400064
482904.70180092345
562621.5272811784
1764704.0587289494
1640005.6925369024
1462109.4937957844
1471454.341521749
515720.21293787134
1458472.6375896765
511188.3827263721
1400278.1077597917
1420305.3696994677
1305155.7672197516
457322.88397328445
1473518.3466580173
1450851.69562228
440954.28496135847
1590754.4343029873
1440604.0612962444
523164.03829970385
1666867.524324323
469577.8209025284
1745911.2187985887
416365.7894640089
1628338.2839477814
1580528.7099309154
1604569.1725424828
1638750.0394933242
365096.9967442209
1726816.395533161
1618264.0370917607
1546961.8731835252
1600044.9815807908
380271.27812627505
1812683.122781655
1763787.2072560713
260564.40390115418
1668371.5880946536
411160.29347683664
1940628.500916454
1751885.4575723466
369560.2175275556
1991498.6597083134
2219032.184590488
364873.1094308498
2160745.339394069
2134991.5633017365
284265.8067837678
2009988.0565080147
2030415.222438182
403417.9942350415
1704376.0053246713
1735515.5273058598
527650.2325168087
