% Model:              K-Totem.mph
% Version:            COMSOL 6.4.0.293
% Date:               Jun 1 2026, 19:49
% Dimension:          2
% Nodes:              2430
% Elements:           4378
% Expressions:        1
% Description:        Pressure
% Length unit:        m
% Coordinates
0;-1.3308443517269049
0;-1.35086783370688
0.019645732991384533;-1.3380101692072561
0.019736842105263143;-1.35086783370688
0.03947368421052635;-1.35086783370688
0.06896292342396501;-1.336043931101145
0.05921052631578949;-1.35086783370688
0.07894736842105263;-1.35086783370688
0;-1.3108208697469308
0.01962136175920223;-1.3195307840293653
0.03560788758053361;-1.3305397383069983
0.05265697304989987;-1.331821665496117
0.01437213170556673;-1.2831468204148393
0;-1.2707739057869831
0;-1.2907973877669574
0.01870029926981448;-1.3007582242600417
0.0986842105263158;-1.35086783370688
0.09012757707453722;-1.3288565514445738
0.10903732805179865;-1.3348516128188272
0.11842105263157898;-1.35086783370688
0.06946561204980936;-1.3186829685367423
0.04361157296982985;-1.3094607963786895
0.03755011226769129;-1.285255813883035
0.7302631578947368;-1.35086783370688
0.7499999999999999;-1.35086783370688
0.7301437219451984;-1.3369352757705113
0.09115790329144748;-1.3093999444966313
0.14856394853365743;-1.334247493706855
0.13815789473684215;-1.35086783370688
0.1578947368421053;-1.35086783370688
0.13001243758702147;-1.3279065219500086
0.11143320713099367;-1.3151589071681142
0.02159369859304145;-1.2634100840573481
0;-1.2507504238070095
0.016367102977728806;-1.242070710219886
0;-1.2307269418270348
0.022335894048137687;-1.2227721445391242
0;-1.2107034598470605
0.016404777400384672;-1.2018666949347818
0.07151481647370884;-1.2880966760921873
0;-1.1906799778670867
0.05308319097378586;-1.2638811058669146
0.7105263157894737;-1.35086783370688
0.7499999999999999;-1.3308443517269049
0.7133929185049438;-1.3306064166804756
0.7277537196079897;-1.3169095117808574
0.7344234536435028;-1.2997791807984722
0.7499999999999999;-1.3108208697469317
0.7499999999999999;-1.2907973877669574
0.6513157894736842;-1.35086783370688
0.6710526315789472;-1.35086783370688
0.6611421729832287;-1.3275681772051813
0.6402287798874523;-1.3349978956326625
0.631578947368421;-1.35086783370688
0.6118421052631579;-1.35086783370688
0.6025127737943372;-1.332015564448147
0.5921052631578947;-1.35086783370688
0.5818714731847181;-1.3349821487028617
0.5723684210526315;-1.35086783370688
0.17763157894736847;-1.35086783370688
0.16997300385057487;-1.3273575816174277
0.1973684210526316;-1.35086783370688
0.18897370988896298;-1.3337284956359476
0.26919176443981846;-1.3379852493033664
0.2565789473684211;-1.35086783370688
0.27631578947368424;-1.35086783370688
0.2863688420984817;-1.3347875917560192
0.29605263157894735;-1.35086783370688
0.3157894736842105;-1.35086783370688
0.30668438901636236;-1.3305220633545896
0.3250178622193375;-1.3355641706100614
0.3355263157894737;-1.35086783370688
0.5658765457340781;-1.3378665618146823
0.5526315789473684;-1.35086783370688
0.6215675751205028;-1.3303545708173707
0.23684210526315794;-1.35086783370688
0.2300088900745227;-1.3345304030927745
0.21710526315789477;-1.35086783370688
0.21070483954336683;-1.3274093059027878
0.25166033147249345;-1.330369009761864
0.10988278412112158;-1.2829074093464319
0.1510091317918807;-1.3106881074124779
0.1302397611053389;-1.3042726315365205
0.041101448127173465;-1.2426023292623998
0.02229235989772191;-1.1830484020398746
0;-1.170656495887113
0.038907820417474946;-1.204183167756165
0.0481573035875537;-1.2237626377616557
0.08744642957082978;-1.2598250481796653
0.016335928887160192;-1.1619942764001434
0.06806046679907218;-1.2373242878905752
0.6907894736842104;-1.35086783370688
0.6977182297137156;-1.3325151987097144
0.6818377246461387;-1.3353855990422212
0.6824852387663511;-1.3188345038375666
0.7029876354457814;-1.3139271547410318
0.713513280325876;-1.296519700067983
0.7275150643523968;-1.2781130911744063
0.7338827446031501;-1.2589000022871353
0.7499999999999999;-1.2707739057869836
0.7499999999999999;-1.2507504238070095
0.6634213069079379;-1.3066978231780029
0.6840317333154511;-1.2904984843968692
0.7097858163912902;-1.255358962426627
0.7499999999999999;-1.2307269418270357
0.7278103082877384;-1.2382979367194464
0.3839523419604612;-1.3344668709980396
0.37500000000000006;-1.35086783370688
0.3947368421052632;-1.35086783370688
0.35526315789473684;-1.35086783370688
0.3442679298603672;-1.3289811964122458
0.36516540245916473;-1.329446352119568
0.4342105263157895;-1.35086783370688
0.4252608898361882;-1.334205403207453
0.4144736842105263;-1.35086783370688
0.6383830153577893;-1.310020222236576
0.6093963530662451;-1.3086203531123997
0.5889437381860141;-1.319696955368428
0.5692046305269635;-1.3169339405922669
0.46609350228004226;-1.3363878782643335
0.4539473684210526;-1.35086783370688
0.47368421052631576;-1.35086783370688
0.4463860033693756;-1.3289611773945
0.40558033348973094;-1.3274619771939855
0.11839522135298663;-1.2565128521279496
0.1714978329003727;-1.3016086299507272
0.1927411389240111;-1.3104968178180967
0.27340411333582415;-1.3158576136028537
0.2942388886135596;-1.3100852435311248
0.32333622322270567;-1.3109506179913117
0.4934210526315789;-1.35086783370688
0.48328566131775735;-1.3321323213165557
0.5451586707925795;-1.3283249354413487
0.5328947368421053;-1.35086783370688
0.513157894736842;-1.35086783370688
0.504368557381737;-1.3282067764851853
0.5237086976178486;-1.3345732086266273
0.7020372063037447;-1.2355013990624573
0.651896663743574;-1.283791812298506
0.2342863260156384;-1.312017812683403
0.21468463966683854;-1.3011844298025712
0.2572156866394715;-1.307001376167298
0.1499989165381968;-1.2770643419697498
0.13960184568120065;-1.2416347100555924
0.03993173009342315;-1.164710579857725
0.04791791952676216;-1.1850708173856788
0.07010489972248005;-1.2046027556110257
0.10788303087669673;-1.2278021902263156
0.7499999999999999;-1.170656495887113
0.7334618754004336;-1.1791682956135079
0.7499999999999999;-1.1906799778670873
0.7499999999999999;-1.2107034598470605
0.733657009317988;-1.218838827278506
0.7275942099368555;-1.198610188172483
0.7029013733083749;-1.2757232491720754
0.7097498153621393;-1.1769465597419422
0.6769225929059157;-1.2553304665249052
0.7108791812661329;-1.2161698581064988
0.7014993473876086;-1.1957332797586802
0.7276493879918207;-1.1587347942500654
0.38234601475725966;-1.3077877660412989
0.35218351913328827;-1.3076997976993563
0.42689313040648447;-1.311376910011506
0.4084721743447819;-1.3019732004085678
0.6167777171684498;-1.2841409591281534
0.5845764588979111;-1.2934687279630872
0.5538458140649797;-1.299141038741241
0.46925161500646595;-1.3127170001528767
0.4468504879596128;-1.3044946890000348
0.19531193739875508;-1.274514552004932
0.27577651211864596;-1.2892882809955482
0.30564191289748055;-1.28369659559842
0.3337953090612935;-1.2894214515939193
0.4926565840533155;-1.3039757201515587
0.52237310459324;-1.3053727748238433
0.6782045144846798;-1.2137815382677435
0.6438071981542013;-1.2240895335805206
0.6286296007963231;-1.2528702740055155
0.24020548370466285;-1.2770357604394276
0.14544131659977164;-1.2098766937468741
0.17516911154901738;-1.2397355772192247
0.0720928947917382;-1.1660369960226276
0.11169300592321335;-1.1868128963341944
0.6784073499479012;-1.1746812221713383
0.3946611446812335;-1.2762554411750673
0.36292530021509606;-1.2759291689009233
0.43073706580417603;-1.2821202343264642
0.589664138410112;-1.2551732320878886
0.5623254652037526;-1.2741768895591232
0.5381635133730552;-1.2780487311981463
0.4688059860378606;-1.2774405748937276
0.41392375357826583;-1.2542553264785699
0.23007749352406429;-1.2316509849906194
0.27758974104106315;-1.255540604843861
0.32746947062721765;-1.2486099611532626
0.5074792552972885;-1.2671841064723082
0.64027045711789;-1.1900966954887242
0.5964116051074699;-1.215499591219964
0.15351251916983571;-1.1647421599779548
0.18871985040160677;-1.1967301930321024
0.3800040268572933;-1.2380968436740534
0.4447216478820329;-1.2440594027819447
0.5454935042923644;-1.2397412878066507
0.4878540109937539;-1.226245387361293
0.4168249690657374;-1.2273583727168171
0.228544329245429;-1.1824010850235458
0.28585177678644963;-1.1995212541298368
0.3448663124546091;-1.1953279906660264
0.5640046037657317;-1.1880731294689024
0.6000958071307683;-1.1648842929546102
0.39727648752247235;-1.1945807050341721
0.4412087910584542;-1.2021375146300894
0.47226717862757894;-1.1801653633935658
0.5156790125790184;-1.1844399479738348
0;-1.1506330139071388
0.02259365502470163;-1.142819991930471
0;-1.1306095319271652
0.04770930945345769;-1.1448921637308869
0.03883190639043881;-1.1244649736547767
0.016772143956042426;-1.122095995866581
0;-1.1105860499471907
0.7499999999999999;-1.1506330139071388
0.7499999999999999;-1.0905625679672166
0.7331492219012272;-1.099464050887884
0.7499999999999999;-1.1105860499471907
0.727315060502487;-1.1187598848516573
0.7499999999999999;-1.1306095319271652
0.7336505549811904;-1.0596844432303687
0.7499999999999999;-1.0705390859872423
0.7499999999999999;-1.0505156040072692
0.07085698295358328;-1.126555690799077
0;-1.0505156040072692
0.016943408607128545;-1.0415860615371066
0;-1.0304921220272938
0;-1.0905625679672166
0.016815807096210462;-1.081977575794247
0;-1.0705390859872423
0.02268823520905609;-1.1025460091583739
0.04727555282440835;-1.10496125173275
0.022798620684688797;-1.0625815406963672
0.03895177168112902;-1.0841730863253478
0.02374607977895823;-1.0214941715135972
0.7022031450487638;-1.156885990412313
0.7331271250233926;-1.1393455661322498
0.7274145052035993;-1.078566950201788
0.7102947058867505;-1.1376966068764611
0;-1.0104686400473208
0.01647156456994507;-0.9997643993007677
0;-0.9904451580673462
0.7338563218625864;-1.0187845278866625
0.7499999999999999;-1.0304921220272938
0.7499999999999999;-1.0104686400473208
0.727276511662722;-1.0384938971625113
0.7093425792536169;-1.097635983490379
0.7020188500174122;-1.1178759041490334
0.7107674611789535;-1.0571066513557805
0.7016327289822152;-1.0773837215333661
0.07162340994566228;-1.086373291191623
0.1122980863450463;-1.14384278055459
0.09995082552609943;-1.106548930770391
0.041145871696928064;-1.043450296228912
0.048529279977673256;-1.0644035023429008
0.013692474787026825;-0.942883704484952
0;-0.9303747121274246
0;-0.9503981941073987
0.02175115237416068;-0.9805812187623938
0;-0.9704216760873725
0.018261386904293273;-0.9599695132534506
0.04316454558577092;-0.9986412016980768
0.050831061002878625;-1.0239035419226579
0.6377242067639888;-1.1518341686035345
0.6790811019882158;-1.1360342152646132
0.7499999999999999;-0.9904451580673462
0.7288742471065738;-0.9975426299271267
0.7362926986553658;-0.9784788973947731
0.7499999999999999;-0.9704216760873725
0.732639917390136;-0.9606159911038106
0.7499999999999999;-0.9503981941073987
0.07274097644557634;-1.046945888378626
0.7107884389522813;-1.016374738600677
0.7031149444562677;-1.0366875848974433
0.6772329790498103;-1.0973324036396992
0.677925000829498;-1.0574536835377217
0.6442543824486672;-1.1187523126470214
0.6034728097484234;-1.122396707621645
0.11335126751812902;-1.068572283936945
0.15160171197595598;-1.1076205185014962
0.20072081878927386;-1.145647207366304
0.021785923343161512;-0.9225560560499189
0;-0.9103512301474507
0.07502612977207529;-1.0099007116771281
0.037748888017944876;-0.9467533735380845
0.01641403622221857;-0.8609759173211411
0;-0.8502807842075288
0;-0.8703042661875029
0.0163027508005584;-0.9019233999304952
0;-0.8903277481674765
0.02319261111778702;-0.8820720352258515
0.1120691857296069;-1.0247189840949849
0.04409920676460537;-0.9703746522752302
0.0652585407300882;-0.9834774264051487
0.7162896200280336;-0.9762098595419372
0.6998824265174697;-0.9930243599473452
0.7105611970931088;-0.9517187998651961
0.7499999999999999;-0.9303747121274246
0.7287365190505231;-0.9402938303000522
0.7333003178362557;-0.9218080437746373
0.7499999999999999;-0.9103512301474507
0.25813270799986465;-1.1406458500007184
0.31327980709899195;-1.1442794298128853
0.3646702037120373;-1.1440382313841497
0.549947886760806;-1.1405604980000923
0.6783898402119635;-1.0164093351008934
0.6300177743589401;-1.0779448271243188
0.6425532553867992;-1.0364995328768056
0.5717732110205587;-1.0883008586605187
0.15893767335185555;-1.0499569034278107
0.21910371221982936;-1.083436022578536
0.01641369010670459;-0.821635829358575
0;-0.8102338202475801
0;-0.8302573022275545
0.04896970611111341;-0.9261561483652556
0.04238802030322658;-0.9042317677015298
0.09892215639630592;-0.9815619617295251
0.0722683842358039;-0.9501381320335063
0.022574863986631426;-0.8420511508690511
0.040567752248551456;-0.8632764389196687
0.049956471018321603;-0.8826930089370373
0.15483534072070063;-0.9930443564505637
0.6976891033521045;-0.9684090367741299
0.6710777521702725;-0.9781589652242609
0.7069902001254588;-0.9242060654022528
0.6828630903753425;-0.9471693978399857
0.7499999999999999;-0.8903277481674761
0.7256301281114582;-0.8999729783742607
0.7327641958294994;-0.8796900277180231
0.7499999999999999;-0.8703042661875025
0.42918544476858617;-1.150078560355885
0.4909829439488759;-1.1305310562580948
0.28562560324792663;-1.0887970400321618
0.3392779415626797;-1.0865133238834677
0.39026092548479624;-1.0901471610033349
0.5276766671291035;-1.0968214711215225
0.5363359565362134;-1.0577875051810834
0.6317252984074928;-0.9986821804163657
0.5900333851110918;-1.0349134849195867
0.20904944433207734;-1.0217465109336923
0.2552203985321402;-1.0408668619132788
0.04026940531156863;-0.8237015305290946
0.07846245286627188;-0.9049502289190092
0.1203774536905282;-0.9416922778839384
0.20064141084989753;-0.9749750577691525
0.17267367784468937;-0.9510906661566392
0.07208618960496464;-0.8634307077511678
0.048231686224961476;-0.8433501102075779
0.7086194563734235;-0.8776866945100317
0.7499999999999999;-0.8502807842075284
0.7267951686854961;-0.858210757344595
0.7335528607451535;-0.8392526835916763
0.7499999999999999;-0.8302573022275541
0.6360896051140864;-0.9469847574552823
0.6990030504397061;-0.8977171946998389
0.6723269711000454;-0.9133763399053865
0.44495226740523147;-1.0870498197921155
0.4898091731338742;-1.0727974103266606
0.5415846780822716;-1.0111014911041212
0.4120240424135831;-1.051556012684419
0.3131404794476088;-1.0255295488834126
0.3695184789547668;-1.0400585922179815
0.506803929479154;-1.0317663841824487
0.5765899017645584;-0.9787027379185393
0.585768602049879;-0.9253229859942811
0.5465111045542534;-0.9471787604796029
0.5339574968407583;-0.9756405543472679
0.2569491895724718;-0.9773758829265529
0.21372377184376995;-0.9348106005807486
0.07116213754364134;-0.8252525934923369
0.10375501087136092;-0.8741293773769084
0.16542932773463379;-0.9097287076026467
0.10229682260879322;-0.847512259644647
0.12216378329375051;-0.89873206941065
0.6768010682093103;-0.874132608169605
0.7019855930512363;-0.856405467674445
0.7107312934638469;-0.8367575174241637
0.7499999999999999;-0.8102338202475801
0.7273891088594335;-0.8180914511910393
0.626206839788636;-0.8939347682212477
0.6414079768503212;-0.8519039389904827
0.458841113661407;-1.0264820083007613
0.49772272065808304;-0.9945831765997212
0.4055977334156331;-1.0123330284597254
0.31398012600540925;-0.9558803496612873
0.36607546446152844;-0.9809208394237031
0.5756530167001481;-0.891246781055766
0.5392735137721801;-0.9134736660163691
0.5067674591521526;-0.945011879175035
0.2677075034178471;-0.9124426791789377
0.32356521512892533;-0.9087547396664901
0.20547698878449633;-0.8766530489176299
0.11933836193159696;-0.8124457332669909
0.1415992605053247;-0.8586304818618222
0.6784404928328954;-0.834032330139745
0.7026747338371163;-0.816143079343436
0.5877872732813982;-0.8470691054050937
0.632702772443962;-0.814821887948762
0.4332008921306528;-0.9580805355122518
0.36920201762536203;-0.9305587134049496
0.535235560940889;-0.8692116337702533
0.48109558772215805;-0.9004450218799085
0.3065643530019802;-0.8618661402482044
0.35050022735190317;-0.8847759514051426
0.5354461144319863;-0.8284395303342209
0.24674434856719465;-0.8405857280267514
0.1807236182004011;-0.821369040728079
0.4159352325894373;-0.879909535879345
0.4825965129744083;-0.8458645140768754
0.36089129772382217;-0.8245329325246689
0.43755806698636696;-0.8059010542862106
0.02232351182027679;-0.8022413833481932
0;-0.790210338267606
0.01632479130567438;-0.7816296507345271
0;-0.7701868562876323
0.022402742894272208;-0.7623027457391957
0;-0.7501633743076578
0.04797747669293183;-0.805070905539799
0.03926324099627474;-0.7842962394365718
0.016171324051703732;-0.7414858083485242
0;-0.7301398923276836
0.022342664278959857;-0.7222909887881035
0;-0.7101164103477093
0.7337928608607257;-0.7992889352947696
0.7499999999999999;-0.790210338267606
0.7499999999999999;-0.7701868562876325
0.7271898978147143;-0.7778544022022759
0.7499999999999999;-0.7501633743076578
0.7334024768364664;-0.7586759977887343
0.7499999999999999;-0.7101164103477093
0.7334144546046268;-0.7186834238781676
0.7499999999999999;-0.7301398923276843
0.016350692566238945;-0.7016294221466441
0;-0.6900929283677357
0.03936044025722039;-0.7443955106462486
0.04840584460445687;-0.7647993386138987
0.022605949698742335;-0.6823527103844762
0;-0.6700694463877616
0.07171769704377526;-0.7878075175158247
0.039577054807651675;-0.7046376758321229
0.04821175598769447;-0.7250122600299298
0.7277481463403591;-0.7380233264792249
0.7117201377502896;-0.7965583279793337
0.7018094628606568;-0.7755403652828703
0.7103427459239468;-0.7562529420077642
0.7105648657181455;-0.7166499090960121
0.7499999999999999;-0.6900929283677357
0.727508856277724;-0.6979885969461774
0.7499999999999999;-0.6700694463877616
0.7333127510820151;-0.6785339630794109
0.016406138933319197;-0.6614022912585389
0;-0.6500459644077874
0;-0.6300224824278141
0.016773504254276542;-0.6214615200990392
0;-0.6099990004478397
0.022611720398539644;-0.6420851555304541
0.0720598408960066;-0.747738157589787
0.04814212876060003;-0.6852220189174437
0.039274483866976365;-0.6640581853290469
0.0718259102304918;-0.7077486409522704
0.10554376959186841;-0.7692049799657015
0.15193278086489656;-0.7751378051599931
0.7017356291465007;-0.7359376628549825
0.6786675071092297;-0.7931110271935556
0.677976418234304;-0.7534959766607776
0.632101296169858;-0.7738446977889617
0.5870748820256577;-0.7976414111595618
0.016616449846991926;-0.5809429103158208
0;-0.5699520364878917
0;-0.5899755184678656
0.022686953357818323;-0.6020532290485682
0.01647486706082104;-0.5394035928444968
0;-0.5299050725279436
0;-0.549928554507918
0.023728828563067038;-0.5611097095101216
0.2862573223820094;-0.8003074081476689
0.6790150197635901;-0.7142922351757599
0.70298430898386;-0.6963938510335987
0.7342399972785291;-0.6379596972273998
0.7499999999999999;-0.6500459644077874
0.7499999999999999;-0.6300224824278141
0.7276334858061728;-0.6577249448298693
0.7119512127722757;-0.6763718379405548
0.7499999999999999;-0.6099990004478397
0.7290361186884655;-0.6165994030122894
0.7368037561158116;-0.597403853736699
0.7499999999999999;-0.5899755184678656
0.7499999999999999;-0.5699520364878917
0.7323233910812824;-0.5799445609557845
0.4970462735418795;-0.8038452788134398
0.5388254895196286;-0.7740986582408572
0.039852460484491474;-0.6235908757292988
0.048491282810358485;-0.6440210364498055
0.11869485984445471;-0.7321726260755402
0.21476243868572342;-0.7761027030029329
0.1689135406151122;-0.7359369569690652
0.07269454827642531;-0.6670952325492234
0.1060656852841196;-0.6891612522765934
0.15220291677059822;-0.6946262746183338
0.6343081034746875;-0.7303031302263154
0.589724660577354;-0.751050376402655
0.04008188770388581;-0.5834628144856734
0.07255898637681546;-0.6265024886779764
0.048544242045215555;-0.6042589771475195
0.02177874815918021;-0.5200573327192176
0;-0.5098815905479691
0;-0.4898581085679953
0.018060214869437388;-0.49961213320760645
0.014834486697017866;-0.4825319732836426
0;-0.469834626588021
0.04299863386438277;-0.5383922822064334
0.04956886152510917;-0.5637124335705845
0.26782919228126906;-0.7375952474032792
0.32874362968509063;-0.7587839344510435
0.38613984186462125;-0.7634430683118131
0.4817941478169234;-0.7571131308873452
0.6461253099674684;-0.6932202851425466
0.6782172678965537;-0.6730948236341252
0.711947517655974;-0.6352321737001005
0.7024061052973583;-0.6553922657908202
0.7031841302932225;-0.6134900873813758
0.7137980698833005;-0.5931832611682241
0.5965405971660662;-0.6933648142667694
0.7328648807585719;-0.5396720543858711
0.7499999999999999;-0.549928554507918
0.7499999999999999;-0.5299050725279436
0.7273882033626795;-0.558746084340723
0.7077604140108311;-0.5686987572507682
0.5358331385125499;-0.7232862005722163
0.2125432153363216;-0.7031555704567701
0.11983895413550093;-0.6499277505989358
0.17233881078375185;-0.6581304649526181
0.10664434628004771;-0.6078326709434905
0.26610666272370487;-0.6840005505685736
0.7499999999999999;-0.5098815905479691
0.7263161981149701;-0.5188291081689034
0.7331711445108398;-0.49944841801647555
0.7499999999999999;-0.4898581085679953
0.07170918030750568;-0.5870334548791313
0.07278801233383915;-0.5509314410345696
0.041905018820492856;-0.5102757844687879
0.062387608537028155;-0.5242901589858349
0.03641505988839087;-0.4858719208031824
0.023673567025238595;-0.46127302663004843
0;-0.4498111446080473
0.3186085923858461;-0.6987256275404877
0.43216642376755754;-0.7356681639260655
0.37397463120998486;-0.7131571297551131
0.4863609064083225;-0.6963367083697489
0.540480491626013;-0.6674568403176322
0.6339526627341996;-0.6529402550331231
0.6777202503335377;-0.6313247509516461
0.6799999254472419;-0.5906567807857679
0.5884633883072029;-0.6388498316319144
0.7068246180067523;-0.5407465845793518
0.6866980451495889;-0.5558329599374945
0.699557550214675;-0.5163429134016704
0.11279612230249213;-0.5679458374284893
0.22447117309463904;-0.6301077416372108
0.15756921198625293;-0.6025123930266917
0.2968289920209777;-0.6366419317861255
0.7094877388287731;-0.49678376581014094
0.7499999999999999;-0.469834626588021
0.7267226505696489;-0.477665887426156
0.7499999999999999;-0.4498111446080473
0.7330882059803858;-0.4585644196300481
0.2707014943311956;-0.5832685616738333
0.09492153081640982;-0.5245852245266257
0.14883535244388876;-0.539379538791571
0.0708256975610641;-0.49126850927631716
0.048503807476738596;-0.4645148045987646
0.36023115984339005;-0.6536191566212581
0.4909598781484735;-0.6431499559512514
0.42669064126203565;-0.6672561404330262
0.5379757390235353;-0.6225845137191108
0.6309143074358773;-0.6004485366664453
0.6510840435581402;-0.5573477656500854
0.575846718339479;-0.5963516726075471
0.6759973063334171;-0.5296432212140348
0.7012222309391852;-0.47563948987909965
0.7097332090305892;-0.45603094415961665
0.6774067581970691;-0.49284136683714785
0.5013480969200245;-0.599726602332042
0.20639932785748105;-0.5605368125936827
0.3391280332012106;-0.5858173247957108
0.29754753411149315;-0.5385010767007335
0.17895329609022448;-0.5023753434138811
0.24164206466173332;-0.5246382395817213
0.11942238967348238;-0.48069511341715565
0.07561573216227618;-0.45149228841815925
0.39898798250301437;-0.6146233597496775
0.4529678169174705;-0.6045759876974729
0.34900503542563843;-0.5146904925262137
0.5384723292847842;-0.5685596540933022
0.4099735861000799;-0.5478868606397278
0.4835582363913358;-0.5573111941958093
0.635091943930375;-0.5130962095189155
0.5938440491881996;-0.5466848585225137
0.6772759359986975;-0.4534047191316857
0.643095278297306;-0.4737469628406946
0.28979041549556284;-0.48674118863272364
0.15607285341946148;-0.45017725989947277
0.21790878662853116;-0.45158207309795306
0.4089293284887335;-0.48333110661636114
0.34563808240981286;-0.4543752441955179
0.5341581074992325;-0.516661078653931
0.4709949830376393;-0.5018747267411642
0.5905945640766453;-0.47825900126760257
0.4522122255038848;-0.45008246289206766
0.5212582602557078;-0.44863122324375326
0.016599896426057782;-0.43913529309950483
0;-0.42978766262807333
0.013240067391083712;-0.38148394118076456
0;-0.36971721668815105
0;-0.3897406986681252
0;-0.40976418064809916
0.016789295703193943;-0.3986077252386452
0.02114424664833197;-0.4196496417048442
0.7499999999999999;-0.40976418064809916
0.733257445233375;-0.41857678202328297
0.7499999999999999;-0.42978766262807344
0.7271254464108037;-0.4377599432032425
0.04237967394456983;-0.4368818040930832
0.03948525611524765;-0.40812062859308984
0.03307532781444832;-0.3845112897322528
0.021530519334675046;-0.3622055737501956
0;-0.3496937347081769
0.7015433443281306;-0.4355913423338389
0.7272379242892393;-0.397297154379469
0.7104193074009206;-0.4159240087230577
0.7499999999999999;-0.3897406986681252
0.7332547257259108;-0.3781472279830086
0.7499999999999999;-0.36971721668815105
0.01641892544117198;-0.34152272494764147
0;-0.32967025272820316
0.01648963825560561;-0.3008516375884397
0;-0.2896232887682546
0;-0.3096467707482288
0.06617469995263163;-0.4154608933277437
0.051968189474672355;-0.39191622790921543
0.050733624651373314;-0.3683585782099037
0.03852088723535937;-0.34357010906102825
0.022269962568269065;-0.3216345051252262
0.07894976862520256;-0.38318863818722526
0.7499999999999999;-0.34969373470817644
0.727376572613488;-0.3575953730845295
0.7499999999999999;-0.3296702527282025
0.7332550524091838;-0.3382037344263793
0.7104928431553945;-0.3755636587879503
0.701589649640268;-0.3950301699322758
0.6774854636787171;-0.4127201280090449
0.022229013597109867;-0.2816441559446561
0;-0.26959980678828077
0.01669097459441012;-0.26099892038304295
0;-0.24957632480830694
0.039038130908459985;-0.30281767551118555
0;-0.22955284282833288
0.01673107062568151;-0.2209632726998162
0;-0.20952936084835871
0.02228747886678734;-0.24165930849813455
0.047837757422153245;-0.28280932429688543
0.11051781621934431;-0.41975834664244016
0.07139889023323961;-0.3441051920565852
0.04677191288602755;-0.3231137714989931
0.11290223583571272;-0.36660799467405325
0.7499999999999999;-0.2896232887682545
0.7332410274939917;-0.29818284466222134
0.7499999999999999;-0.3096467707482288
0.7275769867488578;-0.31764352975529087
0.7014001033339262;-0.3548396652327076
0.710300123663547;-0.3358173013620407
0.6289539523830306;-0.4305059265683311
0.6778534785626162;-0.37240035614306477
0.6436084174286664;-0.39102341338211777
0.7335092943131657;-0.25844452339918833
0.7499999999999999;-0.26959980678828066
0.7499999999999999;-0.24957632480830672
0.7274161979017887;-0.2775979690071779
0.03888426086684214;-0.2626243062156062
0;-0.18950587886838455
0.016760716392102692;-0.1809368415244541
0;-0.1694823968884105
0.022464335230387277;-0.2017987527344205
0.28421614015097474;-0.4244918536314065
0.07154544211565014;-0.3033280883500771
0.1023470592998279;-0.32775895991659953
0.038633714251580215;-0.22293718598548307
0.04789417763232593;-0.24308629288292605
0.0713425836383413;-0.26419849305389664
0.1731515091134993;-0.3966093222858602
0.23309231410791287;-0.3939697709608039
0.14901381588439735;-0.3317750457614945
0.7107909126117241;-0.2959926537697999
0.7021014624008496;-0.3154885266920555
0.6783918020080169;-0.332904916025345
0.4050937617893292;-0.41869378057696693
0.33702708724925456;-0.3909361630064063
0.574996630851038;-0.4208787552088016
0.5962430947932913;-0.38492119008688275
0.6316457196263683;-0.34779992738152077
0.7499999999999999;-0.20952936084835838
0.733257804707629;-0.2181247399033609
0.7499999999999999;-0.22955284282833244
0.7271941282661517;-0.2375147810215661
0.7109907706609901;-0.25604277875314463
0.7018670317632705;-0.2754733275477578
0.7499999999999999;-0.18950587886838421
0.7275710465712742;-0.19730570191654673
0.022640547619448753;-0.16143579998028046
0;-0.14945891490843644
0.7335243644325034;-0.1783338595415751
0.7499999999999999;-0.1694823968884105
0.016738365470556613;-0.1408761014931319
0;-0.12943543292846238
0.03878102451890758;-0.1832585856192912
0.04782253385593914;-0.20384732094634261
0.27613283702516883;-0.3579726004207918
0.11430776154280368;-0.28855349055695867
0.0707216862855201;-0.22540393086458044
0.10299068854444995;-0.24766070211826563
0.21073555963679813;-0.3346605964220247
0.16466788225680945;-0.2934394584904848
0.04782365861654712;-0.1634741260084296
0.039259269951848336;-0.1429932062169399
0.678391554454451;-0.29287364803961047
0.6440386421205918;-0.30964374631682834
0.46859262976481686;-0.3970225145524815
0.3285969736679874;-0.330598797677783
0.4026394357792587;-0.35005371080513414
0.5358705933747763;-0.3734075498009587
0.582609135300503;-0.3431094967074667
0.6010437679844474;-0.3053466508493784
0.7112067341536237;-0.21574525860786098
0.7026372562376407;-0.235239776304763
0.6782791908114729;-0.25303378398916554
0.7114847077129356;-0.1759503502675932
0.7026162812393072;-0.1953285960244504
0.022416749549453698;-0.12140071274132547
0;-0.10941195094848866
0.01622919955523808;-0.10065272335145792
0.7499999999999999;-0.1494589149084362
0.7273782686809952;-0.1576323562689147
0.7499999999999999;-0.12943543292846216
0.733225887389787;-0.1381093979033131
0.07189490374159341;-0.1859546692821964
0.2700705339677232;-0.3037938549859336
0.14492754094366023;-0.24991423663111068
0.11272190267426822;-0.213489308561438
0.2075065785680779;-0.26237867035121565
0.040404255661656716;-0.10345492220742547
0.04846464360658031;-0.12350415512672719
0.07150928805313388;-0.1456126916965521
0.31806343627328587;-0.27877017064131493
0.6335730830662405;-0.2675011237873598
0.4729806231237821;-0.3334060742039602
0.3764781593373936;-0.2841438837471848
0.4317198392965784;-0.29344647627787346
0.5388801036876714;-0.29958152297301677
0.5841783328832795;-0.2643573116712762
0.7499999999999999;-0.10941195094848766
0.7273962206620758;-0.11746457553998357
0.7019606081309598;-0.15525358302504777
0.6788174420306066;-0.21304463985269995
0.6463724458920708;-0.22982629829204027
0.6791888761599241;-0.17294683359758078
0.710187446880095;-0.13604166789461603
0.11392450647006677;-0.16774997917972856
0.2734092720921377;-0.24539326826675167
0.16631977564888045;-0.2023855180573083
0.22869690572504253;-0.21091253235409824
0.07282699774277736;-0.10563503096836624
0.10432469181022641;-0.1294183022954506
0.34014339877594435;-0.22104656793011523
0.601390242092399;-0.2256368635261048
0.48329454530465576;-0.26527484044173755
0.41951841537737483;-0.23091327494110525
0.5427228870499755;-0.2303935754082007
0.7018414029945053;-0.11580828232841756
0.6780496512361354;-0.13346286307931998
0.6364566002629525;-0.1871450985463149
0.6502213259688123;-0.14957709668545238
0.1510756610827569;-0.1373081896851499
0.27082364344289156;-0.18268290298064493
0.21404405765498047;-0.16113916239068493
0.3182322452704106;-0.14459026602807012
0.38215416455812024;-0.1687878962098841
0.5812846918833477;-0.1816208966065671
0.43963980654136386;-0.16906085154729533
0.48116673574814284;-0.2006810802807858
0.531209606793446;-0.17400386556678293
0.6418266792234313;-0.11404774171452059
0.6076515386590071;-0.14588378181999895
0.1845846479831838;-0.0986712618380764
0.2488208926928992;-0.12406510578317154
0.3618675548093037;-0.0983346498447365
0.42371537664315145;-0.11584178322020466
0.5529188126493713;-0.13115309858002122
0.49135960759446096;-0.1338483974617355
0;-0.08938846896851449
0.02271264819068172;-0.08139935764140838
0;-0.06936498698854054
0.016851751111651693;-0.060765885877491876
0;-0.04934150500856649
0.7499999999999999;-0.08938846896851393
0.7332191584163232;-0.09825888029129615
0.7499999999999999;-0.06936498698853999
0.7271766414308859;-0.07741960714547258
0.02275141607926173;-0.04120227736563664
0;-0.029318023028592433
0.03964091524461526;-0.06324686771340948
0.04856425376015734;-0.08399452582174594
0.7336506103794568;-0.05858210946857323
0.7499999999999999;-0.0493415050085656
0.016026782598190365;-0.020593929318680648
0;-0.009294541048618377
0.021890699979677422;-0.0016098116592903056
0;0.010728940931355568
0.015991391506731574;0.018816731009516863
0;0.030752422911329624
0.03908679600484275;-0.023064182765582975
0.04784022565046042;-0.04310222040238432
0.0728769415844422;-0.06498380940870774
0.7113147212828949;-0.09629227283114428
0.7333470944350508;-0.018261732219541638
0.7499999999999999;-0.029318023028591655
0.7499999999999999;-0.009294541048617821
0.7269150259064249;-0.0371989091540903
0.7107565303585978;-0.05596621803202373
0.7011647280578032;-0.07539232419065611
0.7333289886734174;0.021738478663149596
0.7499999999999999;0.010728940931356235
0.7499999999999999;0.030752422911330513
0.7271108362295781;0.002939471701435048
0.022313397447029117;0.03870935821479404
0;0.05077590489130357
0.01628609359006465;0.05915266807214459
0;0.07079938687127785
0.04694928512123238;-0.0032483265554822394
0.037733582425845166;0.015815632678895852
0.1207842712284501;-0.09099903184022395
0.07157836548989743;-0.02444126113098488
0.10703744108572168;-0.04545844790813658
0.6778181481744345;-0.09299907452674006
0.710340374648415;-0.01571646751340694
0.7018523661758155;-0.03565249795723424
0.6783430788919383;-0.0538196791895903
0.7335305728877847;0.06173117589229937
0.7499999999999999;0.05077590489130446
0.7499999999999999;0.07079938687127862
0.7269340251478218;0.042862921251955455
0.7112876487789265;0.024285999055496776
0.7009816150667199;0.004916176080197121
0.7499999999999999;0.11084635083122696
0.733197293208513;0.1023455671387069
0.7499999999999999;0.09082286885125301
0.7270074814587825;0.08320890678970871
0.29011191862930263;-0.08194364021089107
0.015703483142363295;0.09893270634407159
0;0.11084635083122607
0;0.09082286885125168
0.04446524095304663;0.0353279327754924
0.021950317741518417;0.0775353769955005
0.03625424367219874;0.05604701193492778
0.06976757281224227;0.015522642009561993
0.1604625205865687;-0.04300658483118225
0.11747792161865912;-0.006577809825330738
0.6311862018437244;-0.071825084723666
0.5927418399361909;-0.09423716948670391
0.676837774219174;-0.013049989054884081
0.6430344327055488;-0.03329403123541508
0.7103440879839208;0.06488859211119558
0.7014754801382493;0.045340513409765526
0.6778927191129392;0.027343387985825363
0.7499999999999999;0.13086983281120101
0.7272205245886721;0.12292932761760511
0.7499999999999999;0.15089331479117518
0.7331562462319163;0.14235285801169884
0;0.13086983281120035
0.017286039274077965;0.1394853890042932
0;0.1508933147911744
0.02385403577909784;0.11737978673828164
0.41241249460246043;-0.05433499985607093
0.7499999999999999;0.19094027875112274
0.733169633978896;0.18241529742961382
0.7499999999999999;0.1709167967711489
0.7272521762682065;0.16296866295564982
0.7097510746237423;0.10520645372250714
0.700780534984928;0.08559655869649896
0.22339996973489623;-0.06221996999463808
0.3459982884859635;-0.03727704524142672
0.2732847186222865;-0.0264198064754968
0.2082611111786403;-0.010294452251153885
0.03972778019234043;0.09363422252181275
0.06289051653247286;0.04850897935422516
0.04614822110978882;0.07071325329614342
0.10278159546906286;0.04143806385133175
0.15596619145253257;0.0173324561435777
0;0.17091679677114846
0.016941479408521216;0.18023032268339945
0;0.19094027875112263
0.023828776795875497;0.15858176322621775
0.47807219129001466;-0.06555091360656118
0.5329049940102932;-0.07797843283282724
0.5873099673191946;-0.03498957938132108
0.6291122423703801;0.010225809003422959
0.6772481107004577;0.06795533383409402
0.6426552423024585;0.04858588595354074
0.7009881750712635;0.12585154697972
0.7101690735590822;0.144935691143803
0.6767965016808554;0.10830867382889908
0.039300996211204094;0.13596051664898456
0.05053135502290578;0.11337322737311462
0.45458307133550313;-0.01584350241435184
0.4032598548461937;0.014559916303489517
0.7499999999999999;0.23098724271107163
0.7331830472497656;0.22251819535237183
0.7499999999999999;0.21096376073109768
0.7274037195362439;0.20307613430032356
0.7098951644369635;0.1846418971718944
0.7011269908969425;0.16555867919474598
0.7499999999999999;0.251010724691045
0.7273702306761194;0.2432339399046608
0.20210813979049067;0.03421679369510233
0.32525403282562476;0.02233413008956231
0.2505509511761717;0.028006955279975876
0.07607230822043229;0.0866059939278585
0.131333719659741;0.07029347133679686
0.1760145098193262;0.05881552006019153
0.01658366848086382;0.21977199194224895
0;0.23098724271107074
0;0.21096376073109657
0.02296435098066402;0.19892825560040694
0.03951701185716888;0.17774410339992786
0.04882774398690877;0.15730377834337994
0.07652758689675608;0.1320468059193921
0.21909695434673937;0.07483294398750884
0.02255644042810114;0.2390411536923308
0;0.25101072469104446
0.016610730418587634;0.2595843381103722
0.7332805936927158;0.26259473996194405
0.5238030879486365;-0.009044440970519596
0.5749405043568389;0.01691061678327277
0.5970595748748431;0.05359465381503015
0.6296538122136203;0.09324826522935992
0.6778561708633939;0.14852111894861575
0.6422629205936936;0.13054728403991167
0.4673467584504088;0.035877946527413385
0.42371792834459143;0.06934932606665056
0.36345901291186083;0.07189013527687704
0.7106633969482214;0.2246270301687533
0.7015470857742401;0.20490450903510427
0.710855115283507;0.26500739189850764
0.7019194976428075;0.24558035230875153
0.677743142666455;0.18792264890975074
0.2840639217000668;0.09150744252495335
0.11775947010743075;0.11482035402806146
0.1735726546492439;0.1000225596539106
0.040263248993701234;0.2174807697297525
0.04853912182473384;0.19720246574827516
0.0726018097327168;0.17493162774557425
0.10351820617114603;0.15273895778370794
0.048300027821857654;0.2368976527797304
0.03819927440492665;0.2574402076740272
0.22479223986327845;0.1348405955621732
0.5359710445167445;0.06289812085588653
0.5800315546743126;0.09538367682973004
0.5968520657954401;0.13549700384206864
0.6297990391935776;0.17362042395473987
0.46970749815716956;0.10052356857926137
0.4090135114677142;0.11938088456785712
0.3453337196056844;0.13978544000771354
0.6778457162254501;0.22785098794514336
0.6422313971067706;0.211114281277199
0.28077468444935694;0.16661302077412532
0.15882495560067217;0.15268419747339224
0.0723887590043845;0.21561950752410286
0.11765422213411894;0.19396723538999527
0.0713754499661432;0.25471992187979486
0.21842224155107992;0.18795669933820003
0.5334678170756542;0.13551862104348955
0.33683648224162505;0.198091402760867
0.46453403882023875;0.1581342426489426
0.5701680220093999;0.18201153315086616
0.5977594316224323;0.21659260576334838
0.6315275388087707;0.25502225959120806
0.39786976947513586;0.18028401735176058
0.2765073789367406;0.22024681447394645
0.32908122951700314;0.2517730198550775
0.1633937262844484;0.21586475716122222
0.11310312676247847;0.2367325938070578
0.21564089265858022;0.249102426203616
0.5061675424069009;0.19968404917315064
0.38218006290232304;0.23910828915084315
0.4405030407749653;0.22375915971712534
0.5440329083958879;0.2381995264243254
0.5809002964645952;0.26105449654327795
0.48478249825137715;0.2627215717300757
0;0.2710342066710184
0.7499999999999999;0.2710342066710193
0.7499999999999999;0.29105768865099324
0.7274145417468353;0.2831614928253807
0.7499999999999999;0.3110811706309674
0.7333896457792147;0.30245289732155156
0.022365749107423637;0.2789029364424237
0;0.2910576886509926
0.016614354642520437;0.2995165967411205
0;0.3110811706309663
0.022177205575806467;0.3188414069478367
0;0.33110465261094024
0.01616861782631365;0.3396931371007996
0;0.3511281345909145
0.7499999999999999;0.33110465261094124
0.7275849021635767;0.3231958705098803
0.7499999999999999;0.3511281345909154
0.7332655144582944;0.34248430236181393
0.7113649488930793;0.30486033596423256
0.7016149155579067;0.2855294859958464
0.71165659742811;0.344575472060487
0.7015261271232711;0.32567207996894065
0.6780546479625031;0.26845886125308316
0.04662722960621819;0.2770471956965086
0.03873411375898256;0.29752411818727975
0.022338657132064853;0.359012584532561
0;0.37115161657088813
0.015765514759843696;0.3800269283658375
0;0.39117509855086285
0.015893233150179282;0.4192739374043587
0;0.4312220625108104
0;0.4111985805308366
0.046927384365845495;0.3166086952115531
0.03837121445033027;0.33703189798584376
0.7499999999999999;0.37115161657088935
0.727386511509697;0.3630042389688348
0.7336154448503122;0.38235185521369697
0.7499999999999999;0.39117509855086363
0.6782111892248176;0.3085477626248837
0.6451439414852991;0.2919797563728185
0.7334448876448788;0.42226572528900275
0.7499999999999999;0.41119858053083735
0.7499999999999999;0.4312220625108111
0.7273985284026134;0.40312966689971497
0.7108105841918141;0.3847090793388762
0.7022766639018613;0.36513187972820416
0.6789257961641644;0.34777551736852674
0.07042607037561638;0.2955607749703387
0.10087539372922902;0.2743778070594277
0.2727567389998662;0.2780841229594363
0.04750686832842537;0.357150589423042
0.021685043785474208;0.3988664916331317
0.03788343767873422;0.3773455101896198
0.02188834416446757;0.4386360807647005
0;0.4512455444907849
0.01575939972022253;0.4595391463436872
0;0.47126902647075863
0.07130649524768276;0.33630560815197486
0.03674274312324259;0.4162819407327649
0.0706327530167115;0.37558984362548953
0.3623244058168062;0.28113087559704963
0.7499999999999999;0.45124554449078547
0.7272716916334026;0.44312777124047
0.5990740334956878;0.29890194007676196
0.7499999999999999;0.4712690264707594
0.7331976544330361;0.46263549639422863
0.7499999999999999;0.5113159904307076
0.7331828471241223;0.5028082011424801
0.7499999999999999;0.49129250845073347
0.7273934965217527;0.4833564786258958
0.6343895627341579;0.3346346144060882
0.710969224070807;0.42463977124231567
0.7024498069341805;0.40494642968107153
0.6788156760694214;0.38732620914792293
0.3241667250637842;0.3065523747986464
0.36946980662824547;0.317705046573987
0.6504007263611608;0.3721851031609943
0.15313056570049105;0.27340969360060485
0.11471200024381058;0.31489398619066467
0.213195821209555;0.3065283546449147
0.0218412838354525;0.47752606608058756
0;0.4912925084507326
0.27506725410089694;0.3389807063223186
0.015803229792172243;0.49943467058961033
0;0.5113159904307065
0.023679311069999327;0.5181783442524495
0;0.5313394724106805
0.045918127287613186;0.3971963842237657
0.04398610101646672;0.43518919713916737
0.03566406395206052;0.4560737037307352
0.1095204827023536;0.356923171253398
0.06809965048293994;0.4149763925032377
0.0965102938000987;0.3935088378259899
0.016883116212346422;0.5401915332334705
0;0.5513629543906545
0.41628814286872945;0.28948407820810873
0.5362503362507098;0.3020938956559419
0.710066647717002;0.46491754037492916
0.7015325425131628;0.4451768517763308
0.5771661312442048;0.34541859584763634
0.7025346470806363;0.4852608798100706
0.7499999999999999;0.531339472410682
0.7274830099654762;0.5237521430747176
0.7115292749345414;0.5048382351240227
0.6053811440840235;0.3786985985247121
0.6782407995152578;0.42739638150542014
0.6434711357387142;0.40736447524896835
0.34450664274889403;0.3640108119073342
0.40247458159820243;0.34727984411055557
0.1579836295385643;0.33453838768798927
0.21311125625658128;0.3661233834625923
0.04532195216606188;0.4708578940863436
0.03960781499487656;0.4942807661753006
0.2748584729619899;0.39416298162025853
0.01667441254781822;0.5804980977938141
0;0.5914099183506024
0;0.5713864363706287
0.023241070442667038;0.5592822140985004
0.03949748849360192;0.537248492124896
0.05028699869425203;0.5153601156301606
0.06273838428501856;0.44953385841824867
0.14949520813252518;0.39492578710984094
0.10730738512538184;0.4404597384937502
0.7499999999999999;0.5914099183506037
0.7332235970661645;0.5829318707315159
0.7499999999999999;0.5713864363706297
0.4677650687119775;0.3344406641054708
0.5224154572120754;0.3610919981778503
0.677912247426841;0.46681891388128904
0.5485415631330209;0.39906557573626744
0.43276053456075364;0.38536132078778274
0.6782244773889947;0.5080601362134883
0.7273317540406904;0.5635379551891616
0.7499999999999999;0.5513629543906559
0.7335695827044465;0.5426293926719208
0.7112982908853931;0.5453956672042187
0.7022600324850634;0.5257359278766285
0.5931211860667758;0.4274627463174723
0.6352618808134389;0.45080703828842705
0.3350207300171984;0.42397810754554444
0.3833461447181211;0.399090943092806
0.21000683610186355;0.43079660444149714
0.07727567610028588;0.4885251199194105
0.022582617521115705;0.599368024373035
0;0.6114334003305766
0.2774639410576663;0.4493378890308031
0.2358879692967671;0.4857339882142332
0.016797384234959335;0.6199673856824165
0;0.6314568823105509
0.03986065027677735;0.5781215360619592
0.04875330453306502;0.5579835517663072
0.022533011201090813;0.6394129652231522
0.07540869555418264;0.53364881460174
0.15277516735905264;0.4463005590661955
0.12676617192233128;0.4750275947214869
0.7499999999999999;0.6314568823105522
0.7332512439275295;0.6229452249755887
0.7499999999999999;0.6114334003305781
0.7273186171598909;0.6034787370067373
0.7276854581646698;0.643549220801281
0.7101350653489912;0.5852040025965435
0.4872487895944823;0.40450808755348666
0.6341481625962913;0.49136588813779036
0.5362364165877715;0.44391300639997344
0.4316604787636115;0.432162471667061
0.377040026666907;0.4433535158407419
0.6785401233079592;0.5480682800154257
0.7017876635339771;0.565981626887623
0.6465681212219387;0.5286445371793688
0.5888082594867848;0.47302598309462995
0.3417335224702582;0.48240711778154954
0.17677970238016152;0.49532935932529176
0.12056104832579115;0.5164771951745172
0.03862771419861963;0.6179854579785922
0.04840008944456109;0.5973514624707803
0.07169656597577587;0.5753272268056188
0.2867191711715576;0.5118305789903663
0.22794089131580506;0.5355772042907543
0.04725619334237668;0.637849079622928
0.104811894883646;0.5546366771563479
0.7105907791060166;0.6252640527865412
0.7022842473460305;0.6054774201368432
0.7019646451106146;0.6457097931808391
0.6781431484882888;0.5873909751169909
0.6348170841889301;0.5672716128534817
0.4791400946837682;0.4703761255416985
0.5968219847545903;0.5292415606225579
0.53983502389015;0.5016266882660199
0.4087098340720617;0.498291149253991
0.3497033105462886;0.5419525260529974
0.15681860050476606;0.5563850434582666
0.0719099905379606;0.6151691046627066
0.11707462695240788;0.5940476761889597
0.2834247057419437;0.5639905586976056
0.22052677902860637;0.5920225292976999
0.6782796831296275;0.6278126429001245
0.6334729015258459;0.6085126558658616
0.5930762944084339;0.5823141269745676
0.4784949964853003;0.5298289534411463
0.5408377716054569;0.5576990533581273
0.42201973613223404;0.5631094969249716
0.3736591209189861;0.6000966011814143
0.3257720645478229;0.5982778737298896
0.16316288588978345;0.6182461916290656
0.11326282832681779;0.6365999812057155
0.2822734636172084;0.6291679278488175
0.5915698627721347;0.6344713364864483
0.5576882680734606;0.6085137892741644
0.49194756883629354;0.6078470604860587
0.4242599900825655;0.6391641835117442
0;0.6514803642905251
0.016526023266553194;0.6601832160567805
0;0.6715038462704989
0.7499999999999999;0.6514803642905264
0.7335445508624949;0.6626409360573347
0.7499999999999999;0.6715038462705002
0.7499999999999999;0.6915273282504745
0.7275599309381859;0.6834406018501277
0;0.6915273282504732
0.01671244831228087;0.7000784344416545
0;0.7115508102304471
0.022363679330459546;0.6794318336278465
0.03899313499718158;0.6579911357887797
0.7107369232348049;0.6648264278420165
0.7334806510444691;0.7025675162006568
0.7499999999999999;0.7115508102304485
0.7499999999999999;0.7315742922104221
0.727385390316314;0.723644073416117
0.7026656678068993;0.6849451684943496
0.7115973267176148;0.7047996306855977
0.022526278029357753;0.7196499405511054
0;0.7315742922104213
0.03819433243359465;0.6978820236416746
0.047995145532028674;0.677254705218989
0.07109559119696028;0.6560007596140486
0.01647752935641641;0.740189308204058
0;0.7515977741903951
0.022576687552595516;0.7595883420461323
0;0.7716212561703695
0.6789885853215643;0.6667386475805549
0.7499999999999999;0.7515977741903966
0.7337323241685155;0.7433318017493414
0.7369004347872204;0.7837349493372622
0.7499999999999999;0.7716212561703704
0.7499999999999999;0.7916447381503443
0.728448712865468;0.7637729010399923
0.7122000153838057;0.7457542242630826
0.7026487512323308;0.7253903682961599
0.6784491349875263;0.706773403966031
0;0.7916447381503432
0.022323971773087734;0.799665312515182
0;0.8116682201303175
0.016616764721381783;0.7803442620031382
0.046974304572837654;0.7173872719613118
0.03930307812803643;0.7377299410765256
0.07082427959856673;0.6947601263681842
0.10184088012081711;0.6755292454556979
0.2184501696220238;0.6499287728209454
0.04766535465338895;0.7575122964476415
0.038402657033310035;0.7780997047329988
0.01655730300061627;0.8203405919763552
0;0.8316917021102916
0.02239511823395712;0.8394784955733384
0;0.8517151840902654
0.03966513367427326;0.8181804682712636
0.04712550582912978;0.7980202332990305
0.6333654356963313;0.6524240321629091
0.64730363337589;0.6898402775109506
0.3472423615785489;0.662188232764762
0.7335407990193729;0.8012275284535681
0.7499999999999999;0.8116682201303185
0.7320591791153129;0.8210326682277023
0.7499999999999999;0.8316917021102925
0.6780075432433849;0.7481556734981888
0.7164279268876531;0.7869798139192643
0.706600387318682;0.7677341430807909
0.7311691819995914;0.8423541060565393
0.7499999999999999;0.8517151840902666
0.7124646183567902;0.8097237234691993
0.7172445366213864;0.8299381615935654
0.6381288972421959;0.7290945747813591
0.0717589314900954;0.7357139387080864
0.15279292490944738;0.6755548154318645
0.11355456680385316;0.7125367447927992
0.016706082237270107;0.8601283993850662
0;0.8717386660702395
0.2766799985935922;0.6810907220943312
0.3127391102666022;0.7219755575875337
0.21604508373057418;0.7058694489679098
0.0712824433184941;0.7755236207419491
0.022610429430430526;0.8794474700255971
0;0.8917621480502135
0.016589959233875316;0.9004198283350864
0;0.9117856300301878
0.04811733965876716;0.8375348847024877
0.03959199208555624;0.8576587798103098
0.07146665526638277;0.8166080846552626
0;0.9318091120101615
0.016689914584304574;0.9403113219993225
0;0.9518325939901356
0.02258710119027198;0.919733159468338
0.36664286819700975;0.7361089606884681
0.5987849815012348;0.6926236624476513
0.54028967829444;0.6572224057623655
0.4773762930437247;0.6819884196801945
0.4150689804910355;0.7049656953378789
0.7499999999999999;0.8717386660702405
0.7284812586429729;0.8618678762198082
0.7334400024131975;0.8807599759704658
0.7499999999999999;0.8917621480502146
0.7087259622120751;0.8499117825053122
0.5994757279031507;0.7512093463761981
0.6449368014655767;0.772818237420453
0.684435339528713;0.7904687769702152
0.6909678927571222;0.8278287131984935
0.6142600702571472;0.7954173686025253
0.7329511019022943;0.9222481578544657
0.7499999999999999;0.9117856300301888
0.7499999999999999;0.9318091120101625
0.7261772804915083;0.9023314740051307
0.3153812038749225;0.7706154364543238
0.11194829643580873;0.7563031621211971
0.16101742863609755;0.7350310504911252
0.04839278538503173;0.877223619540387
0.2675051350367584;0.7401802812048986
0.21427234675105736;0.7675730105913007
0.10154291165491033;0.7938007119403193
0.03864460474238403;0.8979478671260387
0;0.9718560759701096
0.01687611773980727;0.9805570071766272
0;0.9918795579500841
0.02261778142265872;0.959916323089172
0.15172509097662412;0.7913956333723337
0.0719716439151392;0.8563693008596719
0.11612412760286979;0.8346302219124154
0.039100046326647514;0.9381718723746898
0.04748458083015667;0.9174642377575621
0.07154107366100099;0.8946642803173691
0.2723176697398867;0.7995235826040804
0.3615773806322484;0.7917617993927282
0.4166382954270526;0.781300377815344
0.5371098859556988;0.7333010610081263
0.47072077016526587;0.7588577689560172
0.7499999999999999;0.9518325939901369
0.7270439748183003;0.9437735353307253
0.733774544924201;0.9625223272829226
0.7499999999999999;0.9718560759701109
0.7071326501588105;0.8788751738692477
0.6791536477833455;0.8572665574852967
0.5687547500257372;0.7968424598355863
0.6558640531040852;0.8235630175355824
0.603579613024507;0.8342282608859236
0.7100434882896449;0.9245672891877639
0.7000571551705863;0.9052207774786621
0.6443777252375776;0.8653800949381899
0.7499999999999999;0.9918795579500852
0.7272748296092789;0.9840095588405688
0.32722657014690426;0.8282059801119636
0.2111527335344256;0.8218752703661447
0.039034779938332306;0.9786789507206268
0.04807691199847188;0.9581677360161327
0.16423597596777112;0.8532664642301967
0.1160910071271951;0.8752170890931552
0.07227616983811817;0.9360641012384738
0.10277073892431537;0.9136749179679216
0.2690215062288157;0.8575199017869396
0.3900677277703158;0.8473233348589114
0.4562205850502772;0.8274979907508148
0.5557094615282503;0.8462091796837679
0.5090704229664071;0.806150990833092
0.7019203484912199;0.9459130449037871
0.7116096606725537;0.9650857495356786
0.6748839008810195;0.8913553018465695
0.5981466662091587;0.876463779853592
0.6778359388940962;0.9290552321968978
0.6379737383973617;0.9088317029589398
0.7023397794620693;0.9855096779967538
0.329738723242989;0.8856777941645414
0.07163819797465794;0.976073671487834
0.21775271059557122;0.8870774397879874
0.1546801921373945;0.9165851024901488
0.11160806558909701;0.9550323954536901
0.10205327378292756;0.992392356864113
0.2768686169822566;0.9180810755035882
0.2160709209716476;0.9464638652108227
0.37743084924964304;0.9142704905675623
0.5579750703637555;0.8935410459312051
0.4342129492467944;0.9074719122438006
0.5026377852539091;0.8801952162198612
0.6790340095222216;0.967863590148571
0.5930416633442405;0.9246717615238984
0.6339507398706449;0.9487965243674659
0.6444724406830291;0.986963764984455
0.33324280749426666;0.952807087483371
0.15677327836226682;0.9861800185352951
0.27684718505173656;0.9777702880087799
0.4045462701896216;0.9750276600029145
0.5347378939417285;0.9373194797332227
0.47403281380978973;0.9489349866866467
0.5914412311377834;0.9847227593645798
0.733461926973625;1.003011054722767
0.7499999999999999;1.0119030399300593
0.022565865432379737;0.9999111447635869
0;1.0119030399300577
0.016780219611332383;1.0205572529430853
0;1.0319265219100318
0.01623872564258947;1.0608441594903586
0;1.07197348586998
0;1.051950003890006
0.02251131520116759;1.0399556265665038
0.04798059306377897;0.9981448648633278
0.7335879585694601;1.0430922528281874
0.7499999999999999;1.031926521910033
0.7499999999999999;1.0519500038900071
0.7274318676534763;1.0238893251091965
0.7110676133293045;1.0054507626385387
0.7277719031825547;1.0640170566424554
0.7499999999999999;1.0719734858699814
0.7338292832828053;1.0832923781552122
0.7499999999999999;1.0919969678499553
0.02245383180289913;1.0799028435732574
0;1.0919969678499541
0.01659933871645998;1.1006874435927594
0;1.112020449829928
0.038688259876202176;1.0186364011470874
0.03839816001762092;1.0585368710308973
0.04812994288759829;1.037950718802061
0.0714432337161856;1.015889810598435
0.7112049634005313;1.0454659408625462
0.7017523300003315;1.0260878654802812
0.6779588380984343;1.0081623674869093
0.7499999999999999;1.1120204498299295
0.7278874346915584;1.1041951199908304
0.7029301587665667;1.0660274333448223
0.7113187672399733;1.0854693584418205
0.7337145787447715;1.1237548286486982
0.7499999999999999;1.1320439318099036
0.016464162859095976;1.1406873241190834
0;1.152067413789876
0;1.132043931809902
0.022284855264384746;1.1200771281249629
0.046960946035433465;1.078392714999777
0.03919585447687176;1.0988465100927924
0.0159120150618064;1.180848355405835
0;1.1921143777498244
0;1.1720908957698501
0.022093389713634295;1.1600764507014685
0.0220057170881433;1.2000694406529906
0;1.2121378597297987
0.07164772403765825;1.05580661890256
0.11956582668732925;1.032020841688435
0.22176895519338058;1.003804802837577
0.7499999999999999;1.1520674137898776
0.7282393517749934;1.144399174655504
0.6784395865353122;1.0478756612503333
0.6300799466902852;1.032114058003696
0.7120778156253982;1.1258165338839166
0.33698537775748233;1.0082864126838504
0.38503303977532216;1.0535324188148176
0.6485854884192843;1.0735317876787716
0.6791332919959637;1.0887059379451616
0.702898145458462;1.1057722632659974
0.7339324398912167;1.1636225753218699
0.7499999999999999;1.172090895769852
0.0380870640219056;1.1388404108940118
0.04796713991043115;1.1184678775057104
0.07144341499593355;1.0973324235861035
0.03812443921435606;1.1783995250132124
0.04666653573294525;1.15835026071623
0.04666507763760056;1.197659016682973
0.016278528695655197;1.2208584787049797
0;1.2321613417097723
0.03719219509333413;1.218222100662463
0.023015264986045777;1.2408756685083155
0;1.2521848236897464
0.016122836937187655;1.3022129997422431
0;1.3116779127526343
0;1.292231787821816
0.04674452734178692;1.237236104634
0.016765669268163336;1.2618987787227176
0;1.2722083056697209
0.11567246704479707;1.0771575026553875
0.1729953840140992;1.055443947921332
0.2336860993978395;1.0607701439393797
0.27933491599941757;1.0351401040133386
0.7289713151204547;1.1840484846208768
0.7120937875842631;1.165529671192606
0.702021171466427;1.1470188178448755
0.7080140250652756;1.1874042004695022
0.7153636511665796;1.2024533018991574
0.454063477682884;1.0213248811627165
0.519716739941786;1.0008085769588693
0.44279150294581043;1.0878034392799814
0.39695532898021446;1.1128088817260848
0.5693225641558439;1.049635134005828
0.6042392585533164;1.0800472124015277
0.6778180154199533;1.1298979851429536
0.6421582030418648;1.107650446730299
0.6923191959838679;1.204125132516964
0.3259819370404183;1.0603057602008072
0.34759224140747746;1.106411300228814
0.37596609820826715;1.1553035847842632
0.7335887844646221;1.2027095420628195
0.7499999999999999;1.1921143777498258
0.7280861115358955;1.222708366083859
0.7499999999999999;1.2121378597297998
0.7499999999999999;1.2321613417097739
0.7345111086404358;1.242926617004707
0.7499999999999999;1.2521848236897481
0.07064645007401925;1.1361417277871717
0.10372469021870785;1.1159680010435418
0.07033840112459806;1.1761185260401543
0.0688135663923968;1.2144240160943665
0.022967172131051882;1.2815335061174224
0.03974983442458746;1.2602996332116307
0.0409402122620278;1.3037356102649358
0.05465893001561082;1.279589274019695
0.06969708569566507;1.251089599004571
0.10337317419255815;1.2356825880564133
0.08975507906944488;1.2713695875704651
0.15126259192175157;1.118856387052352
0.21249034613437312;1.110490036191174
0.3130971691139517;1.1677325962941465
0.28132195326891507;1.103129459147852
0.24797934627241416;1.1614411967599927
0.7065557127256116;1.219394768122508
0.7499999999999999;1.272208305669722
0.7291772118325284;1.2613198245844246
0.7499999999999999;1.2922317878218172
0.7293438971402018;1.2814723311604008
0.7102410067533357;1.2436306686843634
0.6859100620219172;1.2292883551652418
0.6790330034868275;1.1710714841529548
0.5027882885725674;1.066713901458864
0.4846536625385788;1.1275691894955964
0.42894689645597345;1.144383383863616
0.4103998617058745;1.2016576664010197
0.5528797599666868;1.1139512191753496
0.5208229399337532;1.172229735361436
0.6051864076000205;1.1248366699267263
0.4595005693041524;1.1798786334218816
0.6338040014416906;1.1515866526843044
0.6625058799647767;1.2102029337576412
0.6370427524151088;1.190915874288029
0.36006758153977125;1.2038814547374113
0.3224166989417965;1.2225671348547966
0.38456749421566394;1.2449909844040798
0.4206725872037637;1.2487501347541898
0.7499999999999999;1.311677912752635
0.7291530405189329;1.3029772332496898
0.7322948199013153;1.3197515301662925
0.11185296529182277;1.153221127038421
0.10726609241712243;1.1923749286818257
0.1346348722536393;1.2115572232118315
0.1466686483465694;1.1740894390444836
0.1432251676156178;1.2406799686897885
0.1196463861548032;1.265328387582645
0.11557272832445666;1.2967444308275593
0.07577313337618607;1.3007094485804778
0.1489363927491811;1.278163746816448
0.1883503752480135;1.2558144436012095
0.16870621273019662;1.2119763567990685
0.19176841436995956;1.1632514735457207
0.2727038588080301;1.2190912714135869
0.21812678238318833;1.2129504235040787
0.17717483636030215;1.3003399150054173
0.23642343024814563;1.256811171882923
0.27392815278567534;1.2668511213746738
0.21706825773816876;1.2953249238107132
0.7067823154042705;1.271638474639287
0.7149275835994362;1.2931507079167441
0.6643581910414723;1.2384256187488871
0.683430435482223;1.2579163099660533
0.7082140845469252;1.315404710221797
0.495609051027656;1.222894154685318
0.541147144222257;1.2133856941496113
0.4474957368474217;1.2233340070846603
0.4597776630799705;1.259546427419164
0.5831754370249914;1.1768113198903554
0.4349878201081452;1.280332885670324
0.4631338754926121;1.2996623320422576
0.4281530159980623;1.3188290435550447
0.4935487830441198;1.3119731194288842
0.637369367269999;1.2311746301567825
0.6110112495069687;1.2209129807025878
0.2557897279354707;1.2992263528843997
0.29288767611464994;1.2875678782413065
0.2829432825979287;1.3162636255415885
0.30876740929513186;1.3173532932863126
0.3076528932333479;1.2546607971625816
0.3466492207513166;1.2501477905492857
0.3757615706428194;1.3186401102616931
0.40059286530833144;1.2833812693121094
0.33821016103322643;1.2922741503457431
0.3692433389920274;1.2781761099838307
0.1479742586471018;1.3076360528165163
0.6838798937241504;1.2938935680432646
0.6484371657060343;1.2669080844638083
0.5753537232994063;1.230138223423562
0.5382097656264232;1.2602952690029512
0.4978637013472049;1.2785488915651888
0.6100489616040395;1.253492696432982
0.5850383212599425;1.2706333568933328
0.5921824079067638;1.3001743733955105
0.5645805038734907;1.2990018171688147
0.6156058244071959;1.286885481064025
0.6498266749286631;1.308053872476688
0.5832185412733593;1.319531863758726
0.5267878425250575;1.307694464136102
0.01093819756508327;1.3529478873749272
0;1.3604940208706735
0;1.3458501169281987
0.014689741001567726;1.3666754448363885
0;1.373716832651454
0.02946744835055195;1.3536093953282158
0;1.3296323921178812
0.015564933495933062;1.3389300602406462
0.020588886831073225;1.3209052085634558
0.03826732567919046;1.331646430260348
0;1.3856564596851173
0.011649674828874324;1.3805402401343172
0.008197361858884391;1.3906409290885842
0;1.3964374264013033
0.028382597772933494;1.3742992926718365
0.7499999999999999;1.3296323921178823
0.7344381318856557;1.3386472092925628
0.7499999999999999;1.3458501169281996
0.7355969200234488;1.3522123771093648
0.7260084008749337;1.3610011699546045
0.7368768218966418;1.3675666291029325
0.049231699586519635;1.3685287421311367
0.05797228847623605;1.3472171576167156
0.06570781055474605;1.3253644923740093
0.09910244381912679;1.3245185890556268
0.2019525262190281;1.3322583336370442
0.08705527346928271;1.347143448738221
0.07407086582335212;1.3660010713710116
0.10393296825492866;1.375369072873344
0.0779404507245156;1.386111454113637
0.060821665382742154;1.3840019089386395
0.10784638838570662;1.3992770626080484
0.12221247495920892;1.3926125578325146
0.02152708601623769;1.3913408510229022
0;1.4061721729731858
0.010717471480955821;1.401355650301221
0.04177058080151802;1.3859659773931228
0.05473672456858353;1.397922023628292
0.09048827787673473;1.3987060575138512
0.7197405642870239;1.3333860456364508
0.4765575694331201;1.3300602412130305
0.4566019523922838;1.3256413726380412
0.3903700881720661;1.3717202794194472
0.37476832723937636;1.357498049114162
0.4011949127709579;1.3492187854774813
0.2653038805952005;1.3295968408178565
0.3366250218799145;1.3250296129414734
0.07193924624192637;1.397735964162311
0.7193511884447958;1.3476823028842473
0.7011789403989234;1.3392486977461155
0.6801552545683227;1.3254992678029787
0.7499999999999999;1.3604940208706746
0.7499999999999999;1.373716832651455
0.7425489505675952;1.3928756099726334
0.7499999999999999;1.385656459685118
0.7499999999999999;1.3964374264013033
0.7065112245996407;1.363358090576055
0.7370586159658613;1.3817724234838435
0.722673298730836;1.375104199564246
0.23495924889137737;1.3320959055409944
0.26042198054951854;1.3514079678795248
0.24125090926841533;1.3639875956869145
0.22837606137911548;1.3763310666405846
0.2252662457325977;1.3916919283979758
0.2120282095041593;1.3772094128753294
0.21835901676562736;1.3583157566781756
0.11637330677519216;1.3526435186736756
0.13188396885623682;1.327180777202593
0.19365318121480107;1.3607540435793284
0.1935062423076221;1.3815646905479095
0.1655091223179126;1.3373781528389457
0.13545287636351777;1.3740777307703098
0.13591896388394573;1.3970313212612329
0.15162350964458618;1.3929694760487092
0.14337142271398495;1.3532836089993874
0.1684555155613698;1.3746373218097654
0.16672562971858426;1.3977188517997419
0.1808417715486514;1.3942759000476206
0.2590071763849496;1.3732946289579715
0.277850468053514;1.369894240354883
0.26770063426031787;1.3933665177149983
0.2517843385719279;1.4021004308663354
0.24668680736728918;1.3868750993973844
0.2895767621133508;1.3891589383303162
0.28912827123147816;1.3433557326259646
0.3032434888581768;1.3682187108183104
0.35066867872889307;1.3733294124688555
0.32674607099390524;1.3706533731119326
0.34754027348432964;1.3495048362725035
0.3182265994723377;1.3464073826539222
0.4158752380679249;1.3746550378303743
0.4273217468529634;1.3570912196068536
0.44071639147416686;1.3735624137085234
0.11854459085473219;1.4086418355117576
0.14300078935063026;1.4085848825825087
0.12991651652432654;1.405239390759448
0.03715927377089529;1.4019326544782689
0.020799516104668823;1.4067419778741646
0.7091583773710936;1.3850350906074327
0.6891703196072351;1.3787866758148852
0.7237592504825983;1.3873898068504862
0.7316060915021461;1.3949323496846482
0.7410390985229253;1.4013220240945043
0.7499999999999999;1.4061721729731858
0.6155251575591708;1.3644857937591754
0.6140290530030114;1.321703889898173
0.650145596422075;1.3478209861525823
0.5612641571871922;1.3301968631038235
0.587900429428122;1.3440252279211031
0.49562756793300233;1.382063373254225
0.49637569704010237;1.3646686020842806
0.5105603646900375;1.378118228336982
0.5047406221909937;1.3386147078235702
0.48035140107895863;1.352838889680866
0.5355258100909096;1.3471575976920782
0.515503177892789;1.3612898167218626
0.45108659435920606;1.349262492230249
0.48160431043957846;1.3762905082877723
0.4637287405141392;1.37090208098357
0.6403490243925888;1.3790531843901666
0.6234711439096106;1.3904659055463524
0.5898386492215689;1.3732713533936605
0.5651292334420904;1.3560570483031287
0.5308734062666431;1.3746159243361395
0.5496545910152578;1.3713277492251668
0.6651619496174832;1.3797668659193787
0.6507620276435445;1.3946273082751357
0.6986437383591679;1.3974963959849618
0.5864637355907993;1.392500780920594
0.6034378827741071;1.3907574757161285
0.4544199572944519;1.38999465716314
0.4346493477641696;1.3918836724040213
0.23629940048875595;1.4041994320803923
0.19275231467541584;1.4001466375430403
0.15975233439945594;1.4087084495017423
0.17421233384648235;1.4074804500477969
0.1851937685595447;1.4082426632005756
0.20865451360195802;1.3968085336879723
0.22148976588692637;1.4084695960382205
0.37233922147336657;1.3813588225535656
0.3116245717667487;1.3914509025783885
0.33185559335955955;1.391480252718261
0.32115820212281604;1.402495418571517
0.4156119803557038;1.3941312805936508
0.39436516314997067;1.3911148754153917
0.37179920787011045;1.3985088871236246
0.35358763991370973;1.3936565303915638
0.6813095431476383;1.3560513898212307
0.6793663267326134;1.3952334310680268
0.2838153268560839;1.4039942127486778
0.297578919188547;1.406312550945469
0.7175578000991237;1.402136072414055
0.7318452600220013;1.4056176739818584
0.4709738022502547;1.3909820576033367
0.5182919952830456;1.3909066981298697
0.5026812293317763;1.3935291677080475
0.4861526799090853;1.3931488612605825
0.6154492706723126;1.4029121674220744
0.6381948419503596;1.397910967989355
0.62760495656009;1.4074492446343037
0.6045043322420787;1.4085605158702639
0.5920291958617985;1.404918506607313
0.532716025738961;1.3939166142353536
0.5691233955278026;1.3841817273647294
0.5469499003745314;1.3882374705706293
0.5763407172730378;1.404997557248712
0.651078994141333;1.407945840663094
0.6635430053025695;1.4006445675612909
0.6741692984189613;1.4081012167673013
0.6841929554904291;1.4081453936629005
0.4479010941156475;1.402728063346972
0.4613501592639179;1.4068235480571487
0.4272626258591706;1.4049841528089357
0.4382737555918784;1.40865294944367
0.3569852004529785;1.4070503586619345
0.31176800977472763;1.4084245873430876
0.34242335260047096;1.4074205887806395
0.3296712433607844;1.40758420828148
0.40758085173802305;1.405372855981621
0.38503697321569413;1.4076068631931649
0.47722653568202017;1.406370414765502
0.5263489124463075;1.4053782745743824
0.5098748428139859;1.407495123699634
0.5415656690181875;1.4063017564131841
0.5592363557786157;1.4053821571657175
0;1.4149622280131011
0.008603443854935946;1.4114597538143272
0.005990547015922104;1.4185200948678491
0.10300029229280869;1.4102528046093261
0;1.4228992674659744
0.007106565564031413;1.4260420200729773
0.015573605715628446;1.419537274669137
0.047701102973709525;1.4126975617637119
0.062069817440140625;1.4090499573126536
0.09036358288873442;1.4139242553997893
0.07791877860378373;1.4102008597617706
0.19893562203628948;1.4104973043686937
0.24854862529665786;1.4130515947748408
0.260648272133165;1.4101559196411897
0.2733295693913229;1.4115558665972128
0.09069077207556074;1.4229241159368795
0.09976636033374396;1.4200801603557913
0.16039414694991533;1.422271787639809
0.15093781873243906;1.4194373384161476
0.14156905592973767;1.4209877068504408
0.11047112513283769;1.419247232589196
0.11988753976516965;1.4210053596119447
0.13059898914594617;1.4169803089556292
0.03296710956572836;1.4161914365401116
0.04277894499546708;1.422823485555233
0.04991128130101751;1.4237590860496272
0.014186296824204688;1.4299974463172846
0;1.4300660707442692
0.025601071210265617;1.4289751662284238
0.0590140872923436;1.4196918861661594
0.07060904310299938;1.4198892814230453
0.08143714676443327;1.4203943769750604
0.7411913843733017;1.4103748836560723
0.7499999999999999;1.4149622280131018
0.6158644977146679;1.4118098025324581
0.7064103434124931;1.4113153430731127
0.6953619703505058;1.4139198922488863
0.238832737049358;1.4185809978338129
0.22926166891432734;1.4162318853573597
0.16977054449029627;1.4187068321102205
0.1798201717827875;1.4194872793068831
0.19233365164345365;1.4216326515944464
0.20225825926083218;1.4216076290359374
0.221237416048664;1.4212370200002504
0.21104421240372925;1.4142161684936578
0.096009713841349;1.4297672659794558
0.08580333197203163;1.4296694024648344
0.3669836150461902;1.4134167759771012
0.32143819809224156;1.4132534955019227
0.4180992645581585;1.4098684353976325
0.3968296807239102;1.4105562204372966
0.3767058500539916;1.4133014656598506
0.30648737447308316;1.4168389340341885
0.2982429232653807;1.4201623160165648
0.7261324254165447;1.4135433200952248
0.24728981086672636;1.422514319537946
0.28646049548608343;1.4189259395287448
0.25567714425706645;1.4208748532023765
0.2748063177379137;1.4226593459090522
0.2660174266720071;1.4207388418038032
0.35119789165617454;1.4192534937683114
0.1659934613404828;1.4299638254693234
0.15599002561964084;1.4297943614603337
0.10601242335760672;1.4299353670986226
0.14615835468953173;1.4297856735930436
0.13608245641872338;1.4296078827391923
0.11604519250381148;1.4297123801004938
0.12602136673818598;1.4296589216942313
0.036073123259292766;1.4298014274207547
0.04621300488707897;1.4303343429174664
0.05574711552660807;1.430220768143857
0.06603932613235962;1.429642553563184
0.07581405298619266;1.430021156199252
0.716368217026771;1.418197239063009
0.7337693752821393;1.4154325973415944
0.7420476157336846;1.419279336312978
0.7267921531506525;1.4218757436038882
0.7499999999999999;1.4228992674659744
0.49184503923319944;1.409193837809123
0.6388268962631557;1.4111095670937552
0.6220439495452434;1.4214591304004567
0.6538285232119965;1.4214764915172928
0.6441502508397602;1.4200692728664546
0.633187291413355;1.4199907145004333
0.6100526326449056;1.4199784606958397
0.5973091598799872;1.420747379885665
0.5812827581793247;1.4195231451437216
0.5699099148747214;1.4158403955266519
0.5321207093300706;1.4159313470441866
0.6641473915773115;1.4164836525821067
0.676581058931539;1.418687600529288
0.6869232532433249;1.4209286015330287
0.7050365949027187;1.4223106705047082
0.6952503971371143;1.4248633245452018
0.44976247915627177;1.4174405969894721
0.46095778765460005;1.4205888542910727
0.4709771303083268;1.417856308741673
0.43955598903993776;1.4206029710794899
0.4290280616196008;1.4180961219626236
0.42001785756633353;1.421337532639786
0.24081096391548;1.4291751340520564
0.23047607381193347;1.4292514976236363
0.22083522821248203;1.4306926676388472
0.18500554785349418;1.428964677787761
0.17576335274557797;1.4297439763169244
0.20042035657082974;1.429938489746792
0.21136560018007114;1.4286735601548088
0.3602648608165083;1.4196775274953906
0.3711140814872092;1.4225868585430137
0.31427468251716795;1.4195290874078692
0.34157256806836095;1.4221516380278558
0.33122777496492667;1.4186256284298189
0.32126691047653455;1.4221117628991953
0.4092399650086219;1.4178731166018914
0.39929774159857695;1.4220351659755106
0.3882985032144021;1.4195283857023102
0.37942436702197163;1.4238299725735946
0.34591566886757524;1.4297451650576123
0.29546642223256236;1.429138507876163
0.3064605803803881;1.4291373405045307
0.2510584186832884;1.4296592696685195
0.2867054935231277;1.4308764206805948
0.27924378563423674;1.4288818216994212
0.26112905509538276;1.4297519778854302
0.27089071977345364;1.4298055179358458
0.35613901678742;1.4298598546718868
0.7127101955018066;1.4272235992419449
0.7078129871486281;1.4311543461548484
0.7213909455156862;1.4288219180528312
0.742972062291976;1.4270687550128365
0.7355269501919226;1.4245349532851483
0.7300857452669085;1.4298708422945001
0.7499999999999999;1.4300660707442692
0.4816675988480001;1.4184773536897657
0.5218817101843495;1.4178592272340422
0.5119490609564352;1.4230757667389078
0.5006954311042224;1.420165553370167
0.49076501846854814;1.4218188753069154
0.6604771805936855;1.4295635322734748
0.615043835005703;1.4291136563495106
0.650629410731192;1.429890726204562
0.6300081073199725;1.430220069581039
0.6405809691994542;1.4294435646824413
0.6053999212393557;1.429657878593321
0.5893842192883448;1.42957089605714
0.5808497336571664;1.4310248562777617
0.5711497205745768;1.4289845276692086
0.5414596554127398;1.4205809933377618
0.5506167276570427;1.416763995318216
0.5610896063251185;1.420414699823132
0.5611872917667082;1.4309402140852678
0.5310641456664368;1.4285223192502772
0.6704159312011707;1.4292834185139147
0.6801372411522767;1.4281870060419408
0.6886953818643667;1.4297355592602832
0.701115594047459;1.4307081199151828
0.44569985975257076;1.429512212003466
0.45600097292051583;1.4293625790197695
0.47615345040374407;1.4295626840908717
0.4658695349961876;1.4297533554385935
0.435729394350096;1.4296054710934212
0.425955759867784;1.4296483589716604
0.41564979337275554;1.4298148142857314
0.36588712756145847;1.4299829075638946
0.3760644573348313;1.4299691008781592
0.3167973719876228;1.429647848086439
0.3364930619281118;1.43017685244228
0.3264769162989064;1.42989042443249
0.40579843215972045;1.4294909710773382
0.39570670343708203;1.4295561127299161
0.38581682347382185;1.4302829431324589
0.48605601802065723;1.429743035295138
0.5199450607100164;1.4298708193628749
0.5051634298748116;1.4291338901201514
0.4960001495799991;1.4297491837075151
0.5409210994159841;1.4304310195059546
0.5513887883589533;1.4293263240512137
0.006290313560045504;1.4321883282456414
0.00999226080203607;1.4361872526349597
0.020364318327598083;1.436069561445445
0.015218508804839445;1.438335522666284
0.010568235283772154;1.4399134700617484
0.005640402824268008;1.4388007101996938
0;1.436537384076495
0.0315163673719567;1.4355640936781005
0.026236577120025542;1.4379113511998112
0.1917567873375262;1.4313854312951977
0.10148456888914861;1.43590357880049
0.09649184411464086;1.4379659885725737
0.09149842314419647;1.4358226628255473
0.08129613556854368;1.4357848329150174
0.08641543264455627;1.437936316553085
0.15148760557379956;1.435737236076159
0.17130067688695735;1.4357304514211713
0.1665077383120495;1.437806523439769
0.1614022157566329;1.4357999819376328
0.15645626770865229;1.4378369398108806
0.11138088797061066;1.4357572620519765
0.10646341814602359;1.4380588633018585
0.14150174112585923;1.4357323153720882
0.14663388442854125;1.4379364513795123
0.13149836618037053;1.4355677991844642
0.13654554124458143;1.4375685949194328
0.1266143588678713;1.438105424542699
0.11657798842399547;1.4377150929752247
0.12136973956343586;1.435663333340993
0.041644566711611854;1.435971397941504
0.03662724958819494;1.438045477691185
0.04654860046522491;1.4382865870534185
0.05118600747888748;1.435878791428851
0.06124226719708848;1.4360315462601692
0.05631616196629038;1.4384354698029373
0.02188266929925494;1.4417504905287997
0.031971958109112714;1.4419471726521484
0.06636868599000227;1.4380502544709604
0.07148346393461234;1.4358554806623043
0.0765338728176082;1.4380126179359425
0.7449472337139683;1.4337818207525814
0.6216302567801651;1.431891985111683
0.59731351491234;1.4315870425426624
0.6947086609222906;1.431979772526427
0.24651889296903612;1.4353982468836575
0.2259813958699064;1.435849845102401
0.2363555385158118;1.4352947219955303
0.2415132954093204;1.4375644971952113
0.23144141488457634;1.4377696929631065
0.21658857685055197;1.435712309859884
0.22153162527634895;1.4382501239782879
0.19515922631776295;1.4367759092210082
0.18793370001287424;1.4372224484162297
0.18151051039554914;1.4350594900751814
0.17665027621760362;1.4378564410313963
0.20108758206395327;1.4383991353009558
0.20616632428353665;1.435629012908459
0.21128476890630124;1.4373176257614615
0.08195468770127111;1.4419800004850853
0.1519964599855451;1.4419460454039548
0.34140768555016726;1.4356737355330547
0.3466280122384544;1.4381023746861796
0.3515670811792424;1.4358612316297616
0.30129295645869025;1.4356507488748804
0.2957810556524922;1.4384418953768128
0.2898757620278523;1.4364896119528336
0.3063553392165288;1.4375494014406747
0.31165490864174017;1.435587471094022
0.2515298925944385;1.4378763936453323
0.25655503614831143;1.435782228318105
0.28280556664904116;1.4364664280441541
0.2764878435216394;1.4351474453428985
0.261553330544659;1.4379007184416799
0.26649948266477397;1.4357947765467332
0.27171696906523224;1.4379356074335763
0.35667799821237384;1.4381036106507852
0.3614227385805242;1.4356118054401117
0.1719488607131398;1.4419753921239158
0.16197052165264147;1.4419766893401156
0.14198715114765126;1.4419829438704197
0.7044233249933619;1.4378362472179318
0.7113004872602987;1.438620906624079
0.7156649408578787;1.4344607379299346
0.7213601194292424;1.4371541999874853
0.7267571142240803;1.435198217331956
0.7376272102647592;1.433487865116635
0.7426495976212646;1.438374054904496
0.7322041808062425;1.4370021999488296
0.7464206753727541;1.4391375678515352
0.7499999999999999;1.436537384076495
0.5118478310595032;1.4318447214177101
0.48149084519085306;1.4354561800455854
0.4413103928007513;1.4353920380590848
0.6562288303339462;1.4354989940333271
0.6613665788811705;1.4377552311847388
0.6661832309215541;1.4352818768941422
0.6115821149916911;1.4355175753196816
0.6250749040454289;1.4371382371034338
0.617775665984061;1.4372950970273566
0.6464753759529073;1.43558608732233
0.651588443309339;1.4380820451324299
0.6310579064525567;1.4386666321073214
0.6360705582960465;1.4361025068245838
0.6415175566834014;1.4380830429578504
0.606087570058823;1.438490252106351
0.5861520710238435;1.4357486246442783
0.6004174332557305;1.4369002172962488
0.5929115835177549;1.4373537720154173
0.5816373134033925;1.4383667394328543
0.5763314903945286;1.4359161753068006
0.5658811425424359;1.436013401717227
0.571199837374603;1.4376649461953865
0.5615503707169204;1.4383856672477733
0.556292324824689;1.4359296043676595
0.5258730853101476;1.4356948199467583
0.536514463345456;1.4354596914125775
0.5312295598103696;1.4374707449545183
0.6715345119906191;1.437402147633549
0.6767505280574186;1.4347206547479452
0.683436013916621;1.4363597668477988
0.6907967152411292;1.4370007108573886
0.6979287309248605;1.4380447497977165
0.4465207373432135;1.4375785284571616
0.45140194358109814;1.435457971362491
0.4564200613901895;1.4375833994147384
0.46137148719586263;1.4354467148524543
0.4766044030864442;1.4379091788736291
0.4714488763696982;1.435883012798657
0.4665866874534296;1.4380499200457701
0.4313429860144064;1.4354934774400179
0.43657155053182584;1.4379709544242214
0.4213653236385331;1.4357692713314452
0.4264694624301273;1.4378052613093317
0.4113518419410648;1.4355147258294823
0.41653785643210484;1.4378949698603218
0.24703827633574893;1.4419394327538668
0.23698595479887455;1.4419342168835607
0.1821767406245939;1.4415757769425523
0.36665297700288796;1.4381010708204542
0.37152750348251856;1.435930439663298
0.3814192160697525;1.4359004635700847
0.3765134831703134;1.4380039246083605
0.3168668600337584;1.4375920386017695
0.32182222594747406;1.4355922374483616
0.3366878378455858;1.4379864640305058
0.33170565786552786;1.4359489374975498
0.3268089877333806;1.4381066365346473
0.40128028293786;1.4354693977273434
0.40651603404657044;1.4378074128128948
0.39643809550649506;1.4378341740957103
0.38658948922146336;1.437978875739458
0.39127229784223183;1.4357978112310494
0.3120313516256853;1.4419743790080939
0.25686985583350974;1.4419063326843782
0.2771952570439993;1.4418060099713947
0.2670358134592872;1.4419586937322302
0.7271249420462821;1.4416793812827964
0.7376123899071382;1.4414215624000064
0.4865638779857546;1.4378106803847448
0.4914634245573664;1.4356948504852711
0.5207751925778419;1.438473649080982
0.5150328289226425;1.4370172402602355
0.5079384903096856;1.4372641357548224
0.5015891110467587;1.4351228430791956
0.49672271921878053;1.4378693201211963
0.48199783623292747;1.4419586910907958
0.6669438536334366;1.4419060010983544
0.6120982738422;1.441955891586018
0.5871176234559351;1.441654620673984
0.5766333216624373;1.441875431873223
0.5462619954523231;1.4359569440549484
0.5416205208677425;1.4381375760941384
0.5512632320490738;1.4377077974308672
0.5369803573563731;1.441978529407156
0.6773040969030224;1.441649285642233
0.4519947976870277;1.4419717247836832
0.46197005629643867;1.4419779313205465
0.42200760439463963;1.4419808048903118
0.41198039045345913;1.4419732443006812
0.4919345907406927;1.4419311832651207
0.5022380169036978;1.441800469948557
0.0270238757648019;1.4433811749166743
0.01679083295173066;1.4439855288496717
0.01286299202906703;1.4432114949805452
0.00875475468179765;1.4426673125923979
0.004917757501263921;1.4445346763783669
0;1.442380700073555
0.03711881597973952;1.4434793843877118
0.03000000000000002;1.4476540271204927
0.10201910185800009;1.4420338679513003
0.09715108496105163;1.443475129051588
0.09201748941945295;1.4419833534084807
0.08712913409199995;1.4434523217742634
0.1671065945528349;1.4434596546366625
0.15712273061177265;1.443435915856427
0.1119619171900703;1.4420857384844874
0.10714286610643038;1.44351744896453
0.14713094620611275;1.443444464070382
0.1374554421726222;1.4438846131278622
0.1171078915391519;1.4435086326074844
0.13201063749071756;1.442001155427747
0.12712765714154473;1.4434803480328162
0.12195347794087287;1.442047214373911
0.0419431095666075;1.4420666755065938
0.04708470324136546;1.443542802824328
0.05191317673509529;1.442107532312551
0.06193393237249278;1.4420512891561414
0.057315484869385785;1.4437799733717247
0.025000000000000005;1.4476540271204927
0.019999999999999993;1.4476540271204927
0.015000000000000043;1.4476540271204927
0.010000000000000028;1.4476540271204927
0.005000000000000014;1.4476540271204927
0;1.4476540271204927
0.03500000000000003;1.4476540271204927
0.04000000000000005;1.4476540271204927
0.06713068412879653;1.4434899824653336
0.07195581395370179;1.4420039704190344
0.07710675988792018;1.4434612266814932
0.25218136136724173;1.4434333439551206
0.22701720628887267;1.4420419990117477
0.24215088175470212;1.4434251627414352
0.23215631757237493;1.4434707990102362
0.22216665012177414;1.4434563331617178
0.2170311263195766;1.4420051164190018
0.19761066940157554;1.443427522335882
0.20188298942188426;1.4444659478967696
0.19247072974296262;1.4422421410448165
0.18765355094492564;1.4433702788626896
0.17716287408194356;1.4433947335632302
0.2069131078091915;1.4425708973603844
0.2119480828425834;1.443710815547779
0.10500000000000011;1.4476540271204927
0.10000000000000009;1.4476540271204927
0.08000000000000003;1.4476540271204927
0.09500000000000007;1.4476540271204927
0.09000000000000007;1.4476540271204927
0.08500000000000005;1.4476540271204927
0.15500000000000003;1.4476540271204927
0.15000000000000013;1.4476540271204927
0.165;1.4476540271204927
0.34196815570892813;1.442035779709193
0.3471334850224875;1.4434798555374158
0.352009440576787;1.4420221164800422
0.3571418167678279;1.4434896384031166
0.3018847286446145;1.4422708242771967
0.3070050751958416;1.443674917950537
0.2969196676692935;1.4441931278009448
0.28265860920681285;1.443385617309977
0.28760885105644796;1.4420791860527438
0.2926040908754284;1.4429340683204706
0.3171743646093741;1.4434960448116823
0.743082383154941;1.4432303611316026
0.26243249531321095;1.4436634783481344
0.27218960791370367;1.443401673075637
0.20500000000000007;1.4476540271204927
0.36200391247442587;1.4420218765246267
0.1699999999999999;1.4476540271204927
0.1749999999999999;1.4476540271204927
0.16000000000000003;1.4476540271204927
0.1150000000000001;1.4476540271204927
0.11000000000000008;1.4476540271204927
0.1450000000000001;1.4476540271204927
0.14000000000000012;1.4476540271204927
0.13500000000000012;1.4476540271204927
0.12;1.4476540271204927
0.13;1.4476540271204927
0.12500000000000008;1.4476540271204927
0.04500000000000006;1.4476540271204927
0.05000000000000008;1.4476540271204927
0.05500000000000009;1.4476540271204927
0.06500000000000004;1.4476540271204927
0.06000000000000004;1.4476540271204927
0.07000000000000006;1.4476540271204927
0.07500000000000008;1.4476540271204927
0.7022035250529672;1.4425453274599316
0.7075504593633976;1.443194045766782
0.7119389301854212;1.4442349638751606
0.7168473218142329;1.4422596905870906
0.7219760446192645;1.4434771768787718
0.7323399137059641;1.4430773187222672
0.746757252542385;1.4440329265388094
0.7499999999999999;1.442380700073555
0.4871360266739992;1.4434368597451437
0.47711934462340855;1.4434503885453012
0.4420263818717546;1.4419869626259014
0.6521303511609828;1.443483695582026
0.6569612805203664;1.4420096897649568
0.6620768027342013;1.4434346456067446
0.6721696516508735;1.4433138555919993
0.6317755428701202;1.4443644069607924
0.627530679167425;1.443516831469666
0.6173988923277557;1.4435667832018366
0.622395576521661;1.442323926989929
0.647006719588413;1.4420200220049142
0.6369387088577342;1.4423846346863312
0.6420868372650476;1.443504558366794
0.6069539821509116;1.4441515487879415
0.6026086337204789;1.4431720618518844
0.5974400775343982;1.4422737826148726
0.5927952639999344;1.4435266784822653
0.5821566609461657;1.443515553348877
0.585;1.4476540271204927
0.5720914621004246;1.4434960448836445
0.5669363117117201;1.4420678156364164
0.5620974915376722;1.4435463021279005
0.5569272909936718;1.4420698719426641
0.5217785898540019;1.4443269122301317
0.5268181333410609;1.4424811658389602
0.5319617094053628;1.4436526294139942
0.6878711889723457;1.442431295863893
0.6827856249053897;1.4437224354109528
0.692823296111627;1.4422080077611157
0.6977136314564643;1.4439420179743825
0.4471421885434182;1.443455431825924
0.45712155528549103;1.4434540448913658
0.4719554722769149;1.4420140588891508
0.46710244320535665;1.4434699928992907
0.43198010562394024;1.4419867728998879
0.4371156076055041;1.4434505488381997
0.42713279549781596;1.4434653521838974
0.41714740349939616;1.4434463087279168
0.2549999999999999;1.4476540271204927
0.2499999999999999;1.4476540271204927
0.24499999999999986;1.4476540271204927
0.22499999999999998;1.4476540271204927
0.22999999999999984;1.4476540271204927
0.23999999999999985;1.4476540271204927
0.23499999999999988;1.4476540271204927
0.21999999999999997;1.4476540271204927
0.21499999999999997;1.4476540271204927
0.19999999999999996;1.4476540271204927
0.19499999999999995;1.4476540271204927
0.19000000000000003;1.4476540271204927
0.18499999999999994;1.4476540271204927
0.17999999999999994;1.4476540271204927
0.20999999999999996;1.4476540271204927
0.3671485176073275;1.4434766276232118
0.37203121953140644;1.442020124978807
0.37715324228047237;1.443489838457992
0.3820095862743458;1.442015027121184
0.4599999999999999;1.4476540271204927
0.3220745884435266;1.4420437308353433
0.3371280856651243;1.4434893193684422
0.3320203433404069;1.442029813158832
0.32718078390346284;1.4434976469539615
0.4019574645184384;1.4419951094098695
0.4073924541143721;1.443695451796521
0.36;1.4476540271204927
0.397136412206051;1.443507642557992
0.38714076148231746;1.4434690413845608
0.3919797027602435;1.441990686301346
0.3449999999999999;1.4476540271204927
0.33999999999999997;1.4476540271204927
0.35;1.4476540271204927
0.355;1.4476540271204927
0.2799999999999999;1.4476540271204927
0.2849999999999999;1.4476540271204927
0.2999999999999999;1.4476540271204927
0.30499999999999994;1.4476540271204927
0.3099999999999999;1.4476540271204927
0.29499999999999993;1.4476540271204927
0.2899999999999999;1.4476540271204927
0.3199999999999999;1.4476540271204927
0.315;1.4476540271204927
0.7449999999999999;1.4476540271204927
0.7399999999999999;1.4476540271204927
0.2599999999999999;1.4476540271204927
0.26499999999999985;1.4476540271204927
0.27499999999999986;1.4476540271204927
0.2699999999999999;1.4476540271204927
0.365;1.4476540271204927
0.705;1.4476540271204927
0.7;1.4476540271204927
0.6899999999999998;1.4476540271204927
0.71;1.4476540271204927
0.7249999999999999;1.4476540271204927
0.715;1.4476540271204927
0.72;1.4476540271204927
0.73;1.4476540271204927
0.7349999999999999;1.4476540271204927
0.7499999999999999;1.4476540271204927
0.5174627419924418;1.4432332740950002
0.5125224095212465;1.4422382637253315
0.5076633968605182;1.4433741759032332
0.49718852062494523;1.4433836970552005
0.485;1.4476540271204927
0.49;1.4476540271204927
0.48000000000000004;1.4476540271204927
0.4749999999999999;1.4476540271204927
0.445;1.4476540271204927
0.4399999999999999;1.4476540271204927
0.63;1.4476540271204927
0.6349999999999999;1.4476540271204927
0.6549999999999999;1.4476540271204927
0.6499999999999999;1.4476540271204927
0.6599999999999999;1.4476540271204927
0.6649999999999999;1.4476540271204927
0.6699999999999998;1.4476540271204927
0.6749999999999999;1.4476540271204927
0.6099999999999999;1.4476540271204927
0.6149999999999999;1.4476540271204927
0.6249999999999998;1.4476540271204927
0.6199999999999999;1.4476540271204927
0.6449999999999999;1.4476540271204927
0.64;1.4476540271204927
0.6049999999999999;1.4476540271204927
0.5999999999999999;1.4476540271204927
0.5899999999999999;1.4476540271204927
0.595;1.4476540271204927
0.58;1.4476540271204927
0.575;1.4476540271204927
0.5199999999999999;1.4476540271204927
0.57;1.4476540271204927
0.5599999999999999;1.4476540271204927
0.565;1.4476540271204927
0.5421504294706353;1.4434812311527434
0.5469639360452906;1.4420256515296683
0.5520805349852916;1.4434842182138083
0.5549999999999999;1.4476540271204927
0.5399999999999999;1.4476540271204927
0.5249999999999999;1.4476540271204927
0.5299999999999999;1.4476540271204927
0.5349999999999999;1.4476540271204927
0.6849999999999999;1.4476540271204927
0.6799999999999998;1.4476540271204927
0.695;1.4476540271204927
0.45;1.4476540271204927
0.455;1.4476540271204927
0.465;1.4476540271204927
0.47;1.4476540271204927
0.42999999999999994;1.4476540271204927
0.43499999999999994;1.4476540271204927
0.42;1.4476540271204927
0.425;1.4476540271204927
0.41000000000000003;1.4476540271204927
0.41500000000000004;1.4476540271204927
0.37;1.4476540271204927
0.37500000000000006;1.4476540271204927
0.38499999999999995;1.4476540271204927
0.38;1.4476540271204927
0.32499999999999996;1.4476540271204927
0.33499999999999996;1.4476540271204927
0.32999999999999996;1.4476540271204927
0.39999999999999997;1.4476540271204927
0.40499999999999997;1.4476540271204927
0.395;1.4476540271204927
0.39;1.4476540271204927
0.49499999999999994;1.4476540271204927
0.5149999999999999;1.4476540271204927
0.5099999999999999;1.4476540271204927
0.5049999999999999;1.4476540271204927
0.49999999999999994;1.4476540271204927
0.5449999999999999;1.4476540271204927
0.5499999999999999;1.4476540271204927
% Elements (triangles)
1;2;3
4;3;2
4;5;3
6;7;8
9;1;10
3;10;1
11;3;5
3;11;10
7;12;5
6;12;7
11;5;12
13;14;15
15;9;16
16;9;10
13;15;16
17;18;8
6;8;18
19;17;20
19;18;17
6;18;21
6;21;12
10;22;16
11;12;22
11;22;10
12;21;22
13;16;23
23;16;22
24;25;26
18;27;21
28;29;30
29;31;20
28;31;29
19;20;31
19;31;32
19;32;18
27;18;32
14;33;34
13;33;14
13;23;33
35;36;34
35;34;33
36;37;38
35;37;36
39;38;37
23;22;40
27;40;21
21;40;22
39;41;38
23;42;33
42;23;40
24;26;43
44;26;25
45;43;26
26;44;46
45;26;46
47;48;49
48;46;44
47;46;48
50;51;52
53;54;50
53;50;52
55;56;57
58;59;57
58;57;56
60;61;30
28;30;61
62;63;60
63;61;60
64;65;66
67;66;68
64;66;67
69;70;68
67;68;70
71;69;72
71;70;69
73;59;58
73;74;59
55;54;75
53;75;54
56;55;75
76;77;78
78;79;62
77;79;78
63;62;79
65;80;76
64;80;65
77;76;80
32;81;27
27;81;40
28;61;82
28;82;31
32;31;83
83;31;82
83;81;32
35;33;84
35;84;37
84;33;42
41;85;86
39;85;41
39;37;87
39;87;85
87;37;88
88;37;84
40;89;42
89;40;81
90;215;86
90;86;85
90;216;215
215;216;217
84;42;91
88;84;91
91;42;89
92;43;93
45;93;43
94;51;92
94;92;93
94;52;51
94;93;95
94;95;52
93;45;96
45;46;96
93;96;95
47;97;46
97;96;46
47;49;98
47;98;97
99;100;101
100;98;49
99;98;100
102;52;95
95;96;103
102;95;103
97;103;96
99;104;98
105;106;101
99;101;106
99;106;104
107;108;109
72;110;111
71;72;111
108;112;110
107;112;108
112;111;110
113;114;115
53;52;116
53;116;75
102;116;52
56;75;117
75;116;117
118;58;56
118;56;117
73;58;119
118;119;58
120;121;122
121;123;113
120;123;121
114;113;123
115;124;109
114;124;115
107;109;124
125;89;81
82;61;126
63;79;127
63;127;61
126;61;127
64;67;128
64;128;80
70;129;67
128;67;129
71;111;130
71;130;70
70;130;129
122;131;132
120;122;132
74;133;134
73;133;74
73;119;133
135;136;131
132;131;136
137;135;134
137;134;133
137;136;135
104;106;138
102;139;116
102;103;139
77;80;140
77;140;79
127;79;141
141;79;140
142;140;80
142;80;128
126;143;82
83;82;143
83;143;81
125;81;143
144;125;143
90;85;145
90;145;216
145;85;146
146;85;87
88;147;87
88;91;147
146;87;147
125;144;148
91;148;147
125;148;89
89;148;91
218;216;145
219;216;218
217;220;221
220;217;216
220;216;219
149;150;151
152;153;105
153;106;105
151;154;152
150;154;151
153;152;154
97;98;155
155;98;104
155;103;97
150;156;154
138;157;104
104;157;155
155;157;103
103;157;139
153;154;158
153;158;106
138;106;158
158;154;159
159;154;156
222;160;149
150;149;160
150;160;156
107;124;161
107;161;112
111;112;162
112;161;162
111;162;130
114;123;163
114;163;124
164;161;124
164;124;163
116;139;165
117;116;165
118;117;166
118;166;119
117;165;166
119;167;133
119;166;167
120;132;168
120;168;123
169;163;123
169;123;168
141;170;127
126;127;170
126;170;143
128;129;171
142;128;171
129;130;172
129;172;171
173;130;162
173;172;130
136;174;132
168;132;174
137;133;175
136;137;175
167;175;133
136;175;174
159;176;158
138;158;176
138;176;157
176;177;157
165;139;178
139;157;178
177;178;157
223;224;225
225;226;227
224;226;225
228;229;230
142;179;140
142;171;179
141;140;179
141;179;170
144;180;148
181;143;170
144;143;181
144;181;180
146;182;145
146;147;182
145;182;218
182;147;183
148;183;147
183;148;180
218;231;219
218;182;231
232;233;234
235;236;237
221;238;235
220;238;221
236;235;238
220;219;238
239;238;219
239;219;231
237;240;232
236;240;237
233;232;240
236;238;241
236;241;240
241;238;239
233;242;234
243;156;160
227;244;222
244;227;226
244;160;222
243;184;156
159;156;184
159;184;176
229;245;223
228;245;229
224;223;245
244;226;246
244;246;160
243;160;246
234;242;247
248;249;247
248;247;242
164;185;161
185;186;161
162;161;186
173;162;186
169;187;163
163;187;164
164;187;185
178;188;165
166;165;188
189;167;166
189;166;188
190;175;167
190;167;189
168;174;191
169;168;191
169;191;187
192;185;187
179;193;170
170;193;181
171;194;179
171;172;194
179;194;193
173;195;172
173;186;195
172;195;194
190;196;175
174;175;196
174;196;191
184;197;176
177;176;197
188;178;198
177;197;198
177;198;178
250;251;252
251;253;230
250;253;251
228;230;253
224;245;254
224;254;226
255;246;226
255;226;254
228;253;256
228;256;245
257;254;245
257;245;256
239;258;241
239;231;258
231;182;259
183;259;182
260;258;231
260;231;259
259;183;199
180;199;183
200;181;193
181;200;180
180;200;199
233;240;261
233;261;242
262;261;240
262;240;241
262;241;258
263;264;265
249;266;267
248;266;249
265;267;268
268;267;266
263;265;268
248;242;269
248;269;266
270;269;242
270;242;261
197;184;271
255;272;246
243;246;272
243;272;184
272;271;184
273;274;252
250;252;274
275;273;276
275;274;273
275;276;277
276;278;277
262;279;261
262;258;279
261;279;270
185;201;186
192;201;185
186;201;195
187;191;202
192;187;202
189;203;190
190;203;196
189;188;203
188;198;203
196;203;204
196;204;191
202;191;204
192;202;205
192;205;201
206;200;193
194;195;207
206;193;207
194;207;193
201;208;195
208;207;195
209;203;198
271;210;197
197;210;198
209;198;210
250;274;280
250;280;253
281;256;253
281;253;280
257;282;254
254;282;255
255;282;272
281;283;256
257;256;283
257;283;282
272;282;284
284;271;272
284;285;271
210;271;285
258;286;279
260;286;258
260;259;287
260;287;286
259;199;287
199;288;287
206;288;200
199;200;288
264;289;290
263;289;264
270;291;269
270;279;291
268;292;263
263;292;289
293;294;295
296;297;290
296;290;289
297;298;295
296;298;297
293;295;298
291;279;299
299;279;286
266;300;268
266;269;300
292;268;300
301;269;291
301;300;269
275;277;302
275;302;274
280;274;303
302;303;274
277;304;302
305;306;278
277;278;306
306;304;277
307;306;305
305;308;307
211;208;201
205;211;201
205;202;212
202;204;212
205;212;211
213;212;204
204;203;214
209;214;203
213;204;214
206;207;309
206;309;288
208;310;207
310;309;207
208;211;311
311;310;208
210;285;312
209;210;312
209;312;214
303;313;280
281;280;313
281;313;283
282;283;314
284;282;314
284;314;285
313;315;283
315;314;283
285;314;316
285;316;312
286;317;299
286;287;317
288;318;287
317;287;318
288;309;318
319;320;321
322;289;292
296;289;323
296;323;298
322;323;289
301;291;324
291;299;324
300;325;292
301;325;300
322;292;325
301;324;325
294;326;321
293;326;294
319;321;326
293;298;327
293;327;326
327;298;328
328;298;323
299;329;324
299;317;329
330;302;304
302;330;303
303;331;313
330;331;303
307;332;306
306;332;304
304;332;333
330;304;333
330;333;331
334;335;308
336;335;334
307;308;335
307;335;332
337;336;334
211;338;311
212;338;211
213;338;212
213;214;339
214;312;339
213;339;338
309;310;340
340;318;309
311;341;310
340;310;341
311;338;342
342;341;311
343;339;312
343;312;316
343;316;344
331;345;313
315;313;345
315;345;346
315;346;314
346;316;314
316;346;344
317;347;329
347;317;318
348;318;340
348;347;318
320;419;420
319;419;320
421;422;420
421;420;419
319;326;349
319;349;419
323;322;350
322;325;350
323;350;328
325;351;350
324;351;325
324;329;351
352;329;347
353;351;329
353;329;352
328;354;327
328;350;354
349;326;355
355;326;327
355;327;354
336;356;335
357;358;337
336;337;358
336;358;356
359;358;357
359;357;360
333;361;331
331;361;345
362;332;335
362;335;356
362;363;332
333;332;363
333;363;361
339;364;338
364;342;338
343;344;365
343;365;339
365;364;339
366;344;346
367;342;364
341;368;340
348;340;368
342;369;341
369;368;341
367;369;342
370;344;366
370;365;344
345;361;371
346;345;371
366;346;371
372;371;361
373;371;372
374;371;373
374;366;371
422;423;424
421;423;422
352;347;375
348;375;347
348;368;375
352;376;353
352;375;376
425;419;349
421;419;426
421;426;423
426;419;425
427;428;424
427;424;423
428;429;430
427;429;428
355;377;349
355;354;377
425;349;377
378;354;350
353;379;351
353;376;379
354;380;377
378;380;354
381;350;351
378;350;381
381;351;379
356;382;362
362;382;363
383;356;358
383;382;356
359;384;358
383;358;384
385;386;360
359;360;386
359;386;384
431;385;432
431;386;385
433;434;432
431;432;434
435;436;433
436;434;433
363;382;387
363;387;361
387;372;361
388;387;382
370;389;365
365;389;364
367;364;389
374;390;366
370;366;390
370;390;389
367;391;369
367;389;391
392;375;368
369;393;368
391;393;369
393;392;368
394;372;387
394;395;372
373;372;395
373;395;396
373;396;374
374;396;390
437;438;439
440;441;430
440;430;429
427;423;442
427;442;429
442;423;443
443;423;426
376;375;397
392;397;375
398;397;392
441;444;445
440;444;441
379;376;399
376;397;399
425;446;426
425;377;446
426;446;443
440;429;447
440;447;444
447;429;448
448;429;442
377;400;446
380;400;377
380;378;401
380;401;400
381;379;401
378;381;401
379;399;401
439;449;435
438;449;439
436;435;449
384;402;383
383;402;382
402;388;382
403;384;386
403;402;384
431;434;450
431;450;386
403;386;450
450;434;451
436;449;452
436;452;434
451;434;452
388;404;387
394;387;404
388;402;405
388;405;404
390;396;406
389;390;406
391;406;393
391;389;406
398;392;407
407;393;406
393;407;392
394;404;408
395;394;408
396;395;409
395;408;409
396;409;406
398;410;397
411;410;398
411;398;407
438;453;449
454;455;437
438;437;455
438;455;453
456;457;454
457;455;454
412;408;404
458;459;445
458;445;444
460;461;462
459;463;460
458;463;459
461;460;463
443;464;442
443;446;464
442;464;448
399;397;413
410;413;397
401;414;400
414;401;399
399;413;414
465;444;447
458;444;466
458;466;463
466;444;465
448;467;447
448;464;467
447;467;465
468;464;446
468;446;400
468;400;469
469;400;414
452;449;470
470;449;453
451;471;450
450;471;403
403;471;402
402;471;405
470;472;452
451;452;472
451;472;471
472;473;471
473;405;471
405;473;474
474;404;405
404;474;412
475;476;477
462;478;477
461;478;462
475;477;478
479;480;481
476;482;481
475;482;476
479;481;482
409;415;406
407;406;415
411;407;415
412;416;408
416;409;408
409;416;415
413;410;483
410;417;483
411;417;410
411;415;417
470;453;484
470;484;472
485;453;455
485;484;453
486;487;488
487;489;456
486;489;487
457;456;489
457;489;490
457;490;455
485;455;490
491;492;488
486;488;492
493;491;494
493;492;491
495;496;494
493;494;496
497;416;412
498;412;474
497;412;498
461;463;499
461;499;478
499;463;500
500;463;466
464;501;467
468;501;464
468;469;501
414;502;469
414;413;502
413;483;502
503;501;469
503;469;502
465;504;466
465;467;504
500;466;504
505;504;467
505;467;501
505;501;506
506;501;503
484;507;472
507;473;472
473;507;508
508;474;473
474;508;498
475;478;509
475;509;482
500;510;499
500;504;510
509;478;511
511;478;499
511;499;510
480;512;513
479;512;480
514;513;515
515;513;512
516;514;515
516;517;514
479;482;518
479;518;512
519;518;482
519;482;509
520;502;483
497;418;416
416;418;415
415;418;417
521;520;483
521;483;417
522;521;417
522;417;418
497;498;523
497;523;418
524;507;484
490;525;485
485;525;484
524;484;525
486;492;526
486;526;489
490;489;527
527;489;526
527;525;490
526;492;528
496;529;493
493;529;492
528;492;529
524;530;507
507;530;508
531;532;533
532;534;495
531;534;532
496;495;534
534;535;496
529;496;535
508;530;536
498;508;536
498;536;523
503;537;506
503;502;537
520;537;502
504;538;510
505;538;504
505;506;538
539;538;506
539;506;537
540;510;538
541;537;520
542;543;533
531;533;543
544;543;542
544;542;545
511;546;509
511;510;546
509;546;519
510;540;546
519;547;518
519;546;547
512;548;515
512;518;548
549;518;547
549;548;518
516;515;550
550;515;548
517;551;552
516;551;517
516;550;551
618;619;552
618;552;551
620;621;622
622;623;624
620;622;624
623;619;625
618;625;619
624;623;625
553;520;521
541;520;553
523;554;418
522;418;554
553;521;555
522;554;555
522;555;521
556;523;536
523;556;554
557;536;530
536;557;556
524;525;558
524;558;530
528;559;526
526;559;527
527;559;525
525;559;558
529;535;560
528;529;560
528;560;559
558;561;530
561;557;530
531;543;562
531;562;534
534;562;535
563;535;562
535;563;560
564;562;543
547;546;565
540;565;546
539;537;566
541;566;537
540;538;567
540;567;565
539;567;538
539;566;567
541;568;566
541;553;568
626;627;628
544;569;543
564;543;569
570;571;545
544;545;571
544;571;569
572;573;570
573;571;570
628;629;572
627;629;628
573;572;629
574;566;568
549;547;575
547;565;575
565;576;575
565;567;576
548;577;550
549;577;548
549;575;577
578;551;550
550;577;578
618;551;630
618;630;625
578;630;551
625;631;624
625;630;631
620;624;632
632;624;631
621;633;634
620;633;621
620;632;633
579;568;553
555;579;553
580;556;557
556;580;581
556;581;554
554;581;555
579;555;581
582;557;561
582;580;557
560;583;559
558;559;583
558;583;561
563;584;560
584;583;560
585;561;583
585;582;561
564;586;562
563;562;586
563;586;584
587;569;571
573;629;588
573;588;571
587;571;588
587;589;569
564;569;589
564;589;586
588;629;635
590;580;582
591;567;566
576;567;591
574;591;566
568;592;574
568;579;592
627;626;636
627;636;637
627;637;629
635;629;637
638;636;626
639;636;638
640;639;638
634;641;642
641;634;633
593;574;592
643;644;645
576;591;594
591;595;594
595;591;574
593;595;574
577;575;596
575;576;596
594;596;576
578;597;630
578;577;597
577;596;597
630;597;646
631;630;646
647;632;631
647;631;646
632;648;633
647;648;632
641;633;649
649;633;648
642;650;645
641;650;642
643;645;650
641;649;650
647;651;648
647;646;651
652;653;640
639;640;653
654;655;652
655;653;652
598;592;579
598;579;581
590;599;580
599;581;580
598;581;599
593;592;600
585;601;582
590;582;601
598;599;602
598;602;592
600;592;602
590;601;603
599;603;602
590;603;599
586;589;604
586;604;584
604;605;584
584;605;583
585;583;605
585;605;601
635;606;588
588;606;587
587;606;589
589;606;607
607;604;589
639;653;656
639;656;636
637;636;657
657;636;656
657;658;637
637;658;635
635;658;606
644;659;660
643;659;644
660;661;662
661;660;659
593;608;595
593;600;608
643;650;663
643;663;659
664;665;666
662;667;664
661;667;662
665;664;667
668;659;663
609;596;594
609;594;610
594;595;610
595;608;610
646;597;669
597;596;669
646;669;651
609;669;596
648;670;649
648;651;670
671;663;650
671;650;649
671;649;670
651;672;670
651;669;672
673;674;675
675;676;654
674;676;675
655;654;676
656;653;677
655;676;678
655;678;653
677;653;678
611;600;602
612;608;600
600;611;612
601;605;613
601;613;603
614;603;613
603;614;602
611;602;614
607;615;604
604;615;605
613;605;615
658;679;606
607;606;679
607;679;615
677;680;656
656;680;657
657;680;658
681;658;680
681;679;658
682;683;684
683;685;673
682;685;683
674;673;685
661;659;686
661;686;667
686;659;668
687;688;689
666;690;687
665;690;666
688;687;690
691;610;608
608;612;691
671;692;663
671;670;692
668;663;692
693;670;672
693;692;670
665;667;694
665;694;690
694;667;695
695;667;686
668;696;686
668;692;696
695;686;696
669;697;672
609;697;669
609;610;697
698;697;610
698;610;691
693;672;699
672;697;699
674;685;700
674;700;676
678;676;701
701;676;700
701;702;678
677;678;702
677;702;680
616;611;614
616;703;611
703;612;611
704;691;612
612;703;704
613;615;617
613;617;614
616;614;617
705;615;679
705;617;615
681;706;679
705;679;706
702;707;680
681;680;707
681;707;706
708;709;710
710;711;684
709;711;710
682;684;711
682;711;712
682;712;685
700;685;713
713;685;712
714;715;708
709;708;715
689;716;717
688;716;689
718;715;714
718;714;719
717;720;721
720;717;716
688;690;722
688;722;716
722;690;723
723;690;694
698;691;724
691;704;724
692;725;696
693;725;692
693;699;725
695;726;694
695;696;726
723;694;726
696;727;726
727;696;725
699;697;728
698;728;697
698;724;728
729;725;699
699;728;729
730;716;722
720;716;731
731;716;730
713;732;700
700;732;701
701;732;702
732;733;702
733;707;702
616;617;734
616;734;703
735;724;704
703;734;736
735;704;736
703;736;704
706;737;705
705;737;617
734;617;737
738;706;707
738;737;706
733;739;707
738;707;739
709;715;740
709;740;711
712;711;741
741;711;740
741;742;712
713;712;742
713;742;732
718;743;715
740;715;744
744;715;743
720;745;721
720;731;745
721;745;746
747;746;745
747;806;746
747;807;806
806;807;808
809;808;807
808;809;810
748;749;719
718;719;749
718;749;743
750;751;748
751;749;748
723;752;722
723;726;752
730;722;752
753;728;724
724;735;753
727;725;754
754;725;729
726;755;752
727;755;726
727;754;755
729;756;754
729;728;756
728;753;756
747;745;757
747;757;807
757;745;758
758;745;731
730;759;731
730;752;759
758;731;759
760;753;735
742;761;732
733;732;761
733;761;739
734;737;762
762;736;734
760;735;763
763;735;736
764;736;762
764;763;736
738;739;765
738;765;737
765;762;737
766;739;761
766;765;739
811;812;767
767;768;750
812;768;767
751;750;768
743;749;769
744;770;740
740;770;741
741;770;742
771;742;770
771;761;742
769;772;743
744;743;772
744;772;770
813;814;811
812;811;814
810;815;816
809;815;810
809;807;817
809;817;815
817;807;818
818;807;757
751;768;773
751;773;749
769;749;773
819;813;820
819;814;813
752;774;759
774;752;755
775;756;753
760;775;753
755;776;774
754;776;755
754;756;776
777;776;756
777;756;775
821;822;816
821;816;815
822;823;824
821;823;822
825;826;824
825;824;823
758;778;757
758;759;778
757;778;818
779;778;759
779;759;774
821;815;827
821;827;823
827;815;828
828;815;817
818;829;817
818;778;829
828;817;829
760;780;775
760;763;780
771;781;761
766;761;781
782;762;765
764;762;782
764;782;783
764;783;763
763;783;780
766;781;784
766;784;765
782;765;784
812;814;830
812;830;768
773;768;785
785;768;830
785;786;773
773;786;769
769;786;772
772;787;770
771;770;787
771;787;781
788;772;786
788;787;772
831;832;833
832;834;820
831;834;832
819;820;834
819;834;835
819;835;814
830;814;836
836;814;835
837;838;839
838;840;833
837;840;838
831;833;840
779;774;789
774;776;789
777;775;790
775;780;790
776;791;789
777;791;776
777;790;791
790;780;792
826;841;842
825;841;826
843;844;842
843;842;841
845;823;827
825;823;846
825;846;841
846;823;845
778;847;829
779;847;778
779;789;847
828;848;827
828;829;848
845;827;848
829;849;848
849;829;847
793;792;780
793;780;783
781;787;794
781;794;784
795;793;783
796;782;784
796;783;782
795;783;796
797;784;794
797;796;784
836;850;830
785;830;850
785;850;786
786;850;798
788;786;798
788;798;799
788;799;787
799;794;787
831;840;851
831;851;834
835;834;852
852;834;851
852;853;835
836;835;853
836;853;850
854;855;856
855;857;839
854;857;855
837;839;857
837;857;858
837;858;840
851;840;859
859;840;858
860;861;862
862;863;856
861;863;862
854;856;863
789;800;847
789;791;800
791;801;800
791;790;801
790;792;801
792;793;802
864;801;792
792;802;864
865;866;867
868;841;846
844;869;867
843;869;844
865;867;869
843;841;870
843;870;869
870;841;868
845;871;846
845;848;871
846;871;868
849;847;872
872;847;800
848;873;871
849;873;848
849;872;873
803;802;793
795;803;793
799;804;794
797;794;804
797;804;805
797;805;796
795;805;803
795;796;805
853;874;850
798;850;874
874;875;798
798;875;799
875;804;799
859;876;851
851;876;852
852;876;853
876;877;853
877;874;853
854;863;878
854;878;857
858;857;879
879;857;878
879;880;858
859;858;880
859;880;876
881;882;860
861;860;882
883;884;881
884;882;881
885;886;887
866;888;885
865;888;866
886;885;888
803;889;802
890;891;892
892;893;883
891;893;892
884;883;893
861;882;894
861;894;863
878;863;895
895;863;894
800;896;872
896;800;801
801;864;896
897;864;802
802;889;897
898;896;864
864;897;898
899;872;896
896;898;899
869;900;865
865;900;888
868;901;870
868;871;901
900;869;902
902;869;870
870;901;902
901;871;903
903;871;873
873;904;903
873;872;904
899;904;872
905;906;907
887;908;905
886;908;887
906;905;908
805;909;803
889;803;909
804;875;910
909;805;910
804;910;805
877;911;874
874;911;875
875;911;910
880;912;876
877;876;912
877;912;911
895;913;878
879;878;913
879;913;880
913;914;880
914;912;880
894;882;915
884;893;916
884;916;882
915;882;916
915;917;894
895;894;917
895;917;913
886;888;918
886;918;908
918;888;919
919;888;900
920;889;909
920;921;889
889;921;897
922;923;924
924;925;890
923;925;924
891;890;925
891;925;926
891;926;893
916;893;927
927;893;926
928;929;922
923;922;929
930;904;899
931;898;897
897;921;931
932;899;898
930;899;932
898;931;932
902;933;900
902;901;933
919;900;933
901;903;933
903;934;933
903;904;934
935;934;904
935;904;930
936;937;938
907;939;938
906;939;907
936;938;939
906;908;940
906;940;939
940;908;941
941;908;918
919;942;918
919;933;942
918;942;941
930;943;935
930;932;943
937;944;945
936;944;937
945;946;1005
946;945;944
1006;947;928
947;929;928
911;948;910
910;948;909
920;909;948
949;911;912
949;948;911
914;950;912
950;949;912
917;951;913
914;913;951
914;951;950
927;952;916
915;916;952
915;952;917
952;953;917
953;951;917
920;948;954
920;954;921
955;921;954
956;931;921
955;956;921
923;929;957
923;957;925
926;925;958
958;925;957
947;959;929
957;929;960
960;929;959
958;961;926
926;961;927
927;961;952
1007;1008;1006
947;1006;1008
947;1008;959
1009;1010;1007
1010;1008;1007
943;932;962
932;931;962
931;956;962
942;933;963
963;933;934
934;964;963
935;964;934
935;943;964
936;939;965
936;965;944
965;939;966
966;939;940
941;967;940
941;942;967
966;940;967
968;967;942
968;942;963
1005;1011;1012
946;1011;1005
969;944;965
946;944;970
946;970;1011
970;944;969
943;971;964
943;962;971
1012;1013;1014
1013;1012;1011
1014;1015;1016
1013;1015;1014
1017;1018;1016
1017;1016;1015
949;950;972
949;972;948
948;972;954
973;950;951
973;972;950
953;974;951
973;951;974
961;975;952
953;952;975
953;975;974
1019;1020;1009
1010;1009;1020
1021;1022;1019
1022;1020;1019
1010;1020;1023
1010;1023;1008
959;1008;1024
1024;1008;1023
954;972;976
955;954;976
955;976;977
955;977;956
978;962;956
977;978;956
1022;1025;1020
1023;1020;1026
1026;1020;1025
960;979;957
957;979;958
958;979;961
1024;1027;959
959;1027;960
960;1027;979
979;980;961
980;975;961
971;962;981
981;962;978
968;963;982
982;963;964
964;971;982
966;983;965
966;967;983
969;965;983
967;984;983
968;984;967
968;982;984
1028;1011;970
1013;1011;1029
1013;1029;1015
1028;1029;1011
969;985;970
969;983;985
970;985;1028
971;986;982
971;981;986
1018;1030;1031
1017;1030;1018
1032;1033;1031
1032;1031;1030
1034;1035;1036
1037;1015;1029
1017;1015;1038
1017;1038;1030
1038;1015;1037
973;974;987
973;987;972
987;976;972
988;981;978
989;976;987
976;989;977
974;975;990
990;987;974
980;991;975
991;990;975
1027;992;979
980;979;992
980;992;991
1039;1040;1021
1022;1021;1040
1022;1040;1025
1041;1039;1042
1041;1040;1039
1026;1043;1023
1024;1023;1043
1024;1043;1027
1043;1044;1027
1044;992;1027
1045;1046;1047
1046;1048;1042
1045;1048;1046
1041;1042;1048
1041;1048;1049
1041;1049;1040
977;989;993
993;978;977
988;978;993
1025;1040;1050
1050;1040;1049
1050;1051;1025
1026;1025;1051
1026;1051;1043
981;994;986
994;981;988
995;994;988
984;982;996
996;982;986
985;983;997
997;983;984
984;996;997
1028;1052;1029
1028;985;1052
1037;1029;1052
1053;1052;985
1053;985;997
986;998;996
986;994;998
1054;998;994
994;995;1054
1055;1030;1038
1033;1056;1036
1032;1056;1033
1034;1036;1056
1032;1030;1057
1032;1057;1056
1057;1030;1055
1035;1058;1059
1034;1058;1035
1060;1061;1059
1060;1059;1058
1037;1062;1038
1037;1052;1062
1055;1038;1062
1034;1056;1063
1034;1063;1058
1055;1064;1057
1055;1062;1064
990;999;987
999;989;987
995;988;1000
1000;988;993
989;999;1001
1001;993;989
1000;993;1001
1065;995;1000
991;1002;990
1002;999;990
1003;991;992
1003;1002;991
1066;1067;1047
1045;1047;1067
1044;1068;992
1003;992;1068
1069;1070;1066
1070;1067;1066
1071;1072;1073
1073;1074;1069
1072;1074;1073
1070;1069;1074
1051;1075;1043
1044;1043;1075
1044;1075;1068
1045;1067;1076
1045;1076;1048
1049;1048;1077
1077;1048;1076
1077;1078;1049
1049;1078;1050
1050;1078;1051
1079;1054;995
1065;1079;995
1065;1080;1079
1081;1051;1078
1081;1075;1051
1053;997;1082
997;996;1082
996;998;1082
1052;1083;1062
1053;1083;1052
1053;1082;1083
998;1084;1082
998;1054;1084
1061;1085;1086
1060;1085;1061
1054;1087;1084
1079;1087;1054
1088;1089;1086
1088;1086;1085
1089;1090;1091
1088;1090;1089
1063;1056;1092
1092;1056;1057
1057;1064;1092
1093;1058;1063
1060;1058;1094
1060;1094;1085
1058;1093;1094
1064;1062;1095
1095;1062;1083
1092;1096;1063
1092;1064;1096
1063;1096;1093
1097;1096;1064
1097;1064;1095
1091;1098;1099
1098;1091;1090
1004;1001;999
1002;1004;999
1001;1004;1100
1000;1001;1100
1065;1000;1100
1065;1100;1080
1003;1068;1101
1003;1101;1002
1002;1101;1004
1070;1074;1102
1070;1102;1067
1076;1067;1103
1103;1067;1102
1068;1075;1104
1104;1101;1068
1105;1102;1074
1106;1107;1071
1072;1071;1107
1072;1107;1108
1072;1108;1074
1105;1074;1108
1081;1109;1075
1109;1104;1075
1103;1110;1076
1076;1110;1077
1077;1110;1078
1110;1111;1078
1081;1078;1111
1081;1111;1109
1079;1112;1087
1080;1112;1079
1080;1100;1113
1080;1113;1112
1083;1114;1095
1083;1082;1114
1114;1082;1084
1084;1115;1114
1115;1084;1087
1116;1085;1094
1088;1085;1117
1088;1117;1090
1116;1117;1085
1087;1118;1115
1087;1112;1118
1119;1120;1121
1099;1122;1121
1098;1122;1099
1119;1121;1122
1098;1090;1123
1098;1123;1122
1123;1090;1124
1124;1090;1117
1093;1125;1094
1093;1096;1125
1116;1094;1125
1097;1095;1126
1095;1114;1126
1114;1115;1126
1125;1096;1127
1096;1097;1127
1097;1126;1127
1128;1129;1130
1004;1101;1131
1100;1004;1131
1113;1100;1131
1104;1132;1101
1132;1131;1101
1105;1133;1102
1103;1102;1133
1103;1133;1110
1109;1134;1104
1132;1104;1134
1135;1113;1131
1105;1108;1136
1105;1136;1133
1130;1137;1138
1129;1137;1130
1139;1106;1138
1139;1138;1137
1139;1107;1106
1139;1137;1140
1139;1140;1107
1108;1107;1141
1141;1107;1140
1141;1136;1108
1109;1111;1142
1142;1134;1109
1133;1143;1110
1111;1110;1143
1143;1142;1111
1144;1118;1112
1145;1144;1112
1135;1145;1113
1145;1112;1113
1115;1146;1126
1115;1118;1146
1116;1147;1117
1116;1125;1147
1124;1117;1147
1125;1127;1147
1120;1148;1149
1119;1148;1120
1150;1146;1118
1150;1118;1144
1151;1146;1150
1149;1152;1153
1152;1149;1148
1119;1122;1154
1119;1154;1148
1154;1122;1155
1155;1122;1123
1215;1216;1217
1153;1156;1215
1152;1156;1153
1216;1215;1156
1124;1157;1123
1124;1147;1157
1123;1157;1155
1158;1127;1126
1158;1126;1146
1159;1147;1127
1159;1127;1158
1160;1161;1162
1162;1163;1128
1161;1163;1162
1129;1128;1163
1218;1164;1160
1161;1160;1164
1129;1163;1165
1129;1165;1137
1132;1134;1166
1132;1166;1131
1135;1131;1166
1136;1167;1133
1143;1133;1167
1134;1142;1168
1134;1168;1166
1135;1166;1169
1135;1169;1145
1170;1144;1145
1170;1145;1169
1219;1164;1218
1219;1218;1220
1141;1140;1171
1141;1171;1136
1140;1137;1172
1172;1137;1165
1172;1171;1140
1173;1136;1171
1173;1167;1136
1167;1174;1143
1142;1143;1174
1142;1174;1168
1144;1175;1150
1170;1175;1144
1221;1222;1220
1219;1220;1222
1159;1158;1176
1158;1146;1176
1151;1176;1146
1157;1147;1177
1159;1177;1147
1159;1176;1177
1152;1148;1178
1152;1178;1156
1178;1148;1179
1179;1148;1154
1155;1180;1154
1155;1157;1180
1154;1180;1179
1223;1224;1225
1151;1150;1181
1181;1150;1175
1151;1182;1176
1151;1181;1182
1217;1226;1223
1216;1226;1217
1224;1223;1226
1216;1156;1227
1216;1227;1226
1183;1227;1156
1183;1156;1178
1184;1180;1157
1184;1157;1177
1161;1164;1185
1161;1185;1163
1165;1163;1186
1186;1163;1185
1219;1222;1228
1219;1228;1164
1185;1164;1187
1187;1164;1228
1186;1188;1165
1172;1165;1188
1172;1188;1171
1171;1188;1189
1173;1171;1189
1168;1190;1166
1169;1166;1190
1173;1189;1191
1173;1191;1167
1167;1191;1174
1174;1191;1192
1192;1168;1174
1168;1192;1190
1169;1190;1193
1170;1169;1193
1170;1193;1175
1175;1194;1181
1175;1193;1194
1229;1221;1230
1229;1222;1221
1231;1232;1230
1229;1230;1232
1233;1228;1222
1229;1232;1234
1229;1234;1222
1233;1222;1234
1225;1235;1236
1224;1235;1225
1184;1177;1195
1177;1176;1195
1176;1182;1195
1179;1196;1178
1179;1180;1196
1178;1196;1183
1180;1197;1196
1184;1197;1180
1184;1195;1197
1224;1226;1237
1224;1237;1235
1198;1182;1181
1181;1194;1198
1199;1195;1182
1182;1198;1199
1237;1226;1238
1238;1226;1227
1183;1239;1227
1183;1196;1239
1238;1227;1239
1236;1240;1241
1240;1236;1235
1240;1242;1241
1241;1242;1243
1187;1200;1185
1185;1200;1186
1186;1200;1188
1233;1244;1228
1187;1228;1244
1187;1244;1200
1200;1201;1188
1189;1188;1201
1189;1201;1202
1202;1191;1189
1203;1190;1192
1190;1203;1193
1202;1204;1191
1204;1192;1191
1192;1204;1203
1205;1193;1203
1193;1205;1194
1206;1194;1205
1207;1198;1194
1207;1194;1206
1245;1246;1231
1246;1232;1231
1247;1248;1249
1248;1250;1245
1247;1250;1248
1246;1245;1250
1246;1250;1251
1246;1251;1232
1234;1232;1252
1252;1232;1251
1252;1253;1234
1233;1234;1253
1233;1253;1244
1254;1255;1256
1243;1257;1254
1257;1243;1242
1257;1255;1254
1258;1235;1237
1240;1235;1259
1240;1259;1242
1258;1259;1235
1197;1195;1208
1208;1195;1199
1239;1196;1209
1209;1196;1197
1197;1208;1209
1238;1260;1237
1238;1239;1260
1237;1260;1258
1261;1260;1239
1261;1239;1209
1198;1210;1199
1207;1210;1198
1199;1262;1208
1262;1199;1210
1263;1242;1259
1257;1242;1264
1257;1264;1255
1264;1242;1263
1256;1265;1266
1265;1256;1255
1266;1267;1268
1265;1267;1266
1265;1255;1269
1265;1269;1267
1270;1269;1255
1270;1255;1264
1244;1271;1200
1201;1200;1271
1272;1244;1253
1272;1271;1244
1271;1211;1201
1201;1211;1202
1212;1202;1211
1212;1204;1202
1212;1213;1204
1204;1213;1203
1203;1213;1205
1214;1205;1213
1206;1205;1214
1207;1273;1210
1206;1214;1273
1207;1206;1273
1274;1249;1275
1247;1249;1274
1274;1275;1276
1275;1277;1276
1252;1251;1278
1252;1278;1253
1247;1274;1279
1247;1279;1250
1280;1251;1250
1280;1250;1279
1251;1280;1278
1276;1277;1281
1282;1281;1277
1276;1283;1274
1274;1283;1279
1284;1276;1281
1284;1283;1276
1278;1285;1253
1272;1253;1285
1258;1286;1259
1258;1260;1286
1263;1259;1286
1261;1209;1287
1209;1208;1287
1208;1262;1287
1260;1288;1286
1261;1288;1260
1261;1287;1288
1268;1289;1290
1289;1268;1267
1291;1262;1210
1210;1273;1291
1292;1291;1273
1293;1287;1262
1293;1262;1291
1263;1294;1264
1263;1286;1294
1264;1294;1270
1290;1295;1296
1289;1295;1290
1296;1297;1298
1297;1296;1295
1299;1267;1269
1289;1267;1300
1289;1300;1295
1300;1267;1299
1270;1301;1269
1270;1294;1301
1299;1269;1301
1302;1303;1304
1298;1305;1302
1297;1305;1298
1303;1302;1305
1292;1273;1306
1272;1285;1307
1272;1307;1271
1271;1307;1211
1211;1307;1308
1212;1211;1308
1212;1308;1213
1308;1309;1213
1214;1213;1309
1310;1214;1309
1310;1273;1214
1306;1273;1310
1311;1312;1282
1281;1282;1312
1313;1311;1314
1313;1312;1311
1312;1315;1281
1284;1281;1315
1285;1316;1307
1278;1317;1285
1285;1317;1316
1279;1283;1318
1280;1279;1318
1280;1318;1278
1278;1318;1317
1284;1315;1319
1284;1319;1283
1283;1319;1318
1320;1316;1317
1321;1322;1323
1322;1324;1314
1321;1324;1322
1313;1314;1324
1292;1306;1325
1294;1286;1326
1326;1286;1288
1288;1327;1326
1288;1287;1327
1327;1287;1293
1328;1295;1300
1329;1293;1291
1292;1329;1291
1292;1325;1329
1293;1330;1327
1330;1293;1329
1331;1301;1294
1331;1294;1326
1297;1295;1332
1297;1332;1305
1332;1295;1328
1333;1334;1335
1304;1336;1333
1303;1336;1304
1334;1333;1336
1331;1326;1337
1326;1327;1337
1327;1330;1337
1299;1338;1300
1299;1301;1338
1328;1300;1338
1301;1339;1338
1331;1339;1301
1331;1337;1339
1303;1305;1340
1303;1340;1336
1340;1305;1341
1341;1305;1332
1328;1342;1332
1328;1338;1342
1332;1342;1341
1329;1343;1330
1325;1343;1329
1344;1325;1306
1306;1310;1345
1344;1306;1345
1316;1346;1307
1307;1346;1308
1308;1346;1309
1347;1309;1346
1309;1347;1310
1345;1310;1347
1348;1349;1323
1321;1323;1349
1350;1348;1351
1350;1349;1348
1313;1324;1352
1313;1352;1312
1312;1352;1315
1315;1352;1353
1315;1353;1319
1320;1354;1316
1316;1354;1346
1319;1355;1318
1318;1355;1317
1319;1353;1355
1320;1317;1355
1320;1355;1356
1320;1356;1354
1321;1349;1357
1321;1357;1324
1358;1352;1324
1358;1324;1357
1353;1359;1355
1359;1356;1355
1405;1360;1406
1360;1361;1351
1405;1361;1360
1350;1351;1361
1325;1362;1343
1344;1362;1325
1363;1337;1330
1363;1330;1343
1334;1336;1364
1364;1336;1365
1365;1336;1340
1335;1407;1408
1334;1407;1335
1334;1364;1407
1408;1409;1410
1409;1408;1407
1411;1412;1413
1410;1414;1413
1409;1414;1410
1411;1413;1414
1415;1407;1364
1339;1337;1366
1366;1337;1363
1338;1367;1342
1367;1338;1339
1339;1366;1367
1341;1368;1340
1341;1342;1368
1365;1340;1368
1369;1368;1342
1369;1342;1367
1343;1370;1363
1343;1362;1370
1416;1417;1418
1417;1419;1406
1416;1419;1417
1405;1406;1419
1344;1371;1362
1344;1345;1371
1345;1347;1372
1372;1371;1345
1373;1354;1356
1354;1373;1374
1354;1374;1346
1347;1346;1374
1374;1372;1347
1375;1357;1349
1350;1361;1376
1350;1376;1349
1375;1349;1376
1358;1377;1352
1377;1353;1352
1353;1377;1359
1378;1356;1359
1356;1378;1373
1375;1379;1357
1357;1379;1358
1358;1379;1377
1377;1379;1380
1377;1380;1359
1359;1380;1378
1405;1419;1420
1405;1420;1361
1376;1361;1381
1381;1361;1420
1362;1382;1370
1362;1371;1382
1416;1418;1421
1422;1421;1418
1423;1421;1422
1423;1422;1424
1412;1425;1426
1411;1425;1412
1365;1383;1364
1365;1368;1383
1415;1364;1383
1426;1427;1428
1427;1426;1425
1366;1363;1384
1384;1363;1370
1409;1407;1429
1409;1429;1414
1429;1407;1415
1411;1414;1430
1411;1430;1425
1430;1414;1431
1431;1414;1429
1415;1432;1429
1415;1383;1432
1431;1429;1432
1369;1367;1385
1367;1366;1385
1366;1384;1385
1368;1386;1383
1369;1386;1368
1369;1385;1386
1387;1432;1383
1387;1383;1386
1370;1388;1384
1388;1370;1382
1389;1385;1384
1384;1388;1389
1390;1382;1371
1416;1421;1433
1416;1433;1419
1420;1419;1434
1434;1419;1433
1391;1373;1378
1390;1371;1392
1371;1372;1392
1391;1393;1373
1373;1393;1374
1372;1374;1393
1393;1392;1372
1381;1394;1376
1375;1376;1394
1375;1394;1379
1395;1378;1380
1391;1378;1395
1379;1394;1396
1380;1379;1396
1396;1395;1380
1434;1435;1420
1420;1435;1381
1381;1435;1394
1397;1394;1435
1397;1396;1394
1388;1382;1398
1390;1398;1382
1436;1437;1424
1423;1424;1437
1433;1421;1438
1423;1437;1439
1423;1439;1421
1438;1421;1439
1440;1437;1436
1441;1440;1436
1442;1443;1444
1428;1445;1444
1427;1445;1428
1442;1444;1445
1446;1425;1430
1427;1425;1447
1427;1447;1445
1446;1447;1425
1448;1449;1450
1443;1451;1450
1442;1451;1443
1448;1450;1451
1448;1452;1449
1449;1452;1453
1431;1454;1430
1431;1432;1454
1430;1454;1446
1432;1455;1454
1387;1455;1432
1386;1399;1387
1387;1399;1455
1386;1385;1399
1385;1389;1399
1388;1400;1389
1400;1388;1398
1456;1399;1389
1456;1389;1400
1457;1458;1441
1440;1441;1458
1390;1392;1401
1390;1401;1398
1438;1459;1433
1434;1433;1459
1434;1459;1435
1391;1395;1402
1391;1402;1393
1392;1403;1401
1402;1403;1393
1392;1393;1403
1397;1404;1396
1396;1404;1395
1395;1404;1402
1459;1460;1435
1397;1435;1460
1397;1460;1404
1440;1458;1461
1440;1461;1437
1398;1462;1400
1398;1401;1462
1462;1401;1463
1464;1460;1459
1439;1465;1438
1438;1465;1459
1464;1459;1465
1439;1437;1466
1466;1437;1461
1466;1465;1439
1467;1458;1457
1467;1457;1468
1614;1615;1616
1442;1445;1469
1442;1469;1451
1469;1445;1470
1470;1445;1447
1446;1471;1447
1446;1454;1471
1470;1447;1471
1448;1451;1472
1448;1472;1452
1472;1451;1473
1473;1451;1469
1474;1452;1472
1475;1476;1453
1475;1453;1452
1475;1452;1477
1477;1452;1474
1476;1478;1479
1475;1478;1476
1475;1477;1478
1480;1481;1482
1483;1478;1477
1484;1485;1479
1484;1479;1478
1471;1454;1486
1486;1454;1455
1455;1487;1486
1455;1399;1487
1456;1487;1399
1488;1487;1456
1488;1456;1489
1400;1489;1456
1489;1400;1462
1615;1617;1618
1614;1617;1615
1467;1468;1490
1467;1490;1491
1467;1491;1458
1461;1458;1492
1492;1458;1491
1493;1491;1490
1493;1490;1494
1401;1403;1495
1495;1463;1401
1496;1402;1404
1402;1496;1403
1496;1495;1403
1497;1463;1495
1498;1463;1497
1460;1499;1404
1499;1496;1404
1464;1500;1460
1500;1499;1460
1492;1501;1461
1461;1501;1466
1466;1501;1465
1465;1501;1502
1464;1465;1502
1464;1502;1500
1493;1494;1503
1504;1489;1462
1504;1462;1463
1498;1505;1463
1504;1463;1505
1498;1506;1505
1507;1494;1490
1508;1490;1468
1507;1490;1508
1507;1509;1494
1507;1508;1510
1507;1510;1509
1511;1509;1510
1512;1509;1511
1512;1511;1513
1614;1619;1617
1616;1620;1621
1614;1616;1621
1614;1621;1619
1620;1481;1622
1480;1622;1481
1621;1620;1622
1622;1623;1621
1619;1621;1623
1470;1514;1469
1470;1471;1514
1469;1514;1473
1515;1514;1471
1515;1471;1486
1473;1516;1472
1473;1514;1516
1474;1472;1516
1474;1517;1477
1474;1516;1517
1483;1477;1517
1485;1518;1482
1484;1518;1485
1480;1482;1518
1484;1478;1519
1484;1519;1518
1483;1519;1478
1480;1518;1520
1480;1520;1622
1622;1520;1623
1520;1518;1521
1519;1521;1518
1483;1522;1519
1483;1517;1522
1519;1522;1521
1522;1517;1523
1522;1524;1521
1522;1523;1524
1515;1486;1525
1486;1487;1525
1525;1487;1526
1488;1526;1487
1506;1527;1505
1488;1528;1526
1488;1489;1528
1529;1526;1528
1529;1528;1527
1504;1528;1489
1505;1527;1528
1504;1505;1528
1624;1618;1625
1625;1618;1617
1626;1624;1625
1626;1627;1624
1617;1628;1625
1617;1619;1628
1530;1494;1509
1530;1503;1494
1513;1531;1532
1512;1513;1532
1531;1533;1534
1534;1532;1531
1512;1532;1535
1512;1535;1509
1530;1509;1535
1530;1535;1536
1530;1536;1503
1493;1537;1491
1493;1503;1537
1492;1491;1537
1492;1537;1501
1538;1496;1499
1538;1495;1496
1538;1497;1495
1539;1497;1538
1539;1540;1497
1506;1540;1541
1498;1497;1540
1498;1540;1506
1500;1542;1499
1499;1542;1538
1538;1542;1539
1543;1539;1542
1544;1500;1502
1544;1542;1500
1539;1543;1545
1545;1540;1539
1545;1541;1540
1501;1537;1546
1502;1501;1546
1544;1502;1546
1503;1547;1537
1536;1547;1503
1548;1546;1537
1547;1548;1537
1549;1527;1506
1550;1527;1549
1549;1506;1541
1549;1541;1551
1552;1551;1541
1553;1554;1533
1534;1533;1554
1553;1629;1555
1555;1554;1553
1630;1555;1629
1631;1630;1629
1632;1630;1631
1633;1632;1634
1628;1619;1635
1623;1636;1619
1635;1619;1636
1623;1520;1637
1636;1623;1637
1514;1556;1516
1515;1556;1514
1515;1525;1556
1516;1557;1517
1557;1516;1556
1523;1517;1557
1558;1523;1557
1556;1559;1557
1556;1525;1559
1558;1557;1559
1558;1560;1523
1561;1562;1524
1561;1524;1523
1561;1523;1560
1521;1563;1520
1563;1521;1524
1637;1520;1563
1524;1562;1563
1563;1638;1637
1638;1563;1562
1561;1564;1562
1561;1560;1564
1564;1560;1565
1558;1559;1566
1558;1566;1560
1560;1566;1565
1567;1525;1526
1559;1525;1567
1559;1567;1566
1567;1526;1529
1568;1529;1527
1550;1568;1527
1567;1529;1569
1566;1569;1565
1566;1567;1569
1569;1529;1568
1564;1565;1570
1571;1565;1569
1571;1569;1568
1572;1571;1568
1570;1565;1573
1571;1573;1565
1573;1639;1570
1640;1637;1638
1636;1637;1640
1636;1641;1635
1641;1636;1640
1641;1640;1642
1643;1641;1642
1644;1635;1641
1643;1644;1641
1645;1642;1646
1626;1625;1647
1625;1628;1647
1648;1627;1649
1626;1649;1627
1626;1647;1649
1628;1650;1647
1650;1628;1635
1650;1635;1644
1799;1648;1800
1800;1648;1649
1801;1799;1800
1651;1650;1644
1652;1643;1642
1645;1652;1642
1534;1574;1532
1532;1574;1535
1575;1534;1554
1575;1574;1534
1576;1547;1536
1574;1577;1535
1536;1535;1577
1576;1536;1577
1653;1555;1630
1554;1555;1578
1653;1578;1555
1575;1554;1578
1579;1545;1543
1580;1579;1543
1581;1579;1582
1581;1545;1579
1581;1541;1545
1581;1582;1552
1581;1552;1541
1548;1583;1546
1544;1546;1583
1544;1583;1542
1543;1542;1583
1580;1543;1583
1584;1552;1582
1584;1582;1585
1584;1585;1586
1587;1654;1585
1655;1585;1654
1655;1586;1585
1576;1588;1547
1547;1588;1548
1589;1583;1548
1589;1548;1588
1656;1657;1658
1573;1571;1590
1572;1590;1571
1572;1591;1590
1592;1590;1591
1592;1591;1593
1659;1590;1592
1572;1594;1591
1550;1594;1568
1572;1568;1594
1550;1595;1594
1551;1595;1549
1550;1549;1595
1657;1596;1658
1658;1596;1586
1597;1586;1596
1584;1597;1552
1552;1597;1551
1584;1586;1597
1591;1594;1598
1595;1598;1594
1593;1591;1598
1660;1598;1596
1660;1593;1598
1599;1595;1551
1599;1598;1595
1599;1596;1598
1599;1597;1596
1599;1551;1597
1651;1644;1661
1643;1661;1644
1643;1652;1661
1632;1662;1630
1633;1662;1632
1653;1630;1662
1653;1662;1663
1653;1663;1578
1663;1664;1578
1631;1665;1632
1634;1632;1665
1666;1634;1665
1667;1668;1669
1633;1670;1662
1662;1670;1663
1668;1671;1666
1667;1671;1668
1634;1666;1671
1671;1672;1634
1633;1634;1672
1633;1672;1670
1639;1573;1673
1590;1673;1573
1659;1673;1590
1659;1674;1673
1674;1675;1673
1676;1677;1678
1679;1639;1673
1679;1673;1675
1678;1679;1676
1676;1679;1675
1640;1638;1680
1680;1642;1640
1638;1562;1681
1681;1680;1638
1600;1562;1564
1600;1681;1562
1600;1564;1570
1682;1639;1679
1678;1682;1679
1683;1682;1678
1600;1570;1684
1600;1684;1681
1684;1570;1639
1682;1684;1639
1680;1685;1642
1646;1642;1685
1646;1685;1686
1686;1685;1687
1688;1680;1681
1688;1681;1684
1688;1685;1680
1688;1689;1685
1688;1684;1689
1687;1685;1689
1690;1687;1689
1682;1689;1684
1691;1689;1683
1690;1689;1691
1683;1689;1682
1692;1693;1694
1692;1675;1674
1692;1674;1693
1695;1696;1694
1692;1694;1696
1692;1696;1675
1676;1696;1677
1676;1675;1696
1697;1694;1693
1659;1698;1674
1592;1593;1698
1659;1592;1698
1693;1674;1698
1697;1693;1699
1699;1693;1698
1700;1701;1702
1702;1657;1700
1660;1596;1702
1657;1702;1596
1701;1699;1703
1699;1698;1703
1703;1702;1701
1660;1702;1703
1703;1698;1593
1660;1703;1593
1656;1658;1704
1705;1704;1658
1705;1658;1586
1705;1706;1704
1802;1652;1645
1645;1707;1802
1645;1646;1707
1686;1687;1708
1709;1686;1708
1686;1709;1646
1709;1707;1646
1710;1647;1650
1650;1651;1710
1649;1711;1800
1649;1647;1711
1711;1647;1710
1801;1803;1799
1801;1804;1803
1801;1800;1805
1801;1805;1804
1800;1711;1805
1806;1710;1651
1807;1806;1651
1807;1651;1661
1808;1652;1802
1661;1809;1807
1809;1661;1652
1808;1809;1652
1672;1712;1670
1712;1713;1670
1714;1672;1671
1714;1712;1672
1667;1715;1671
1715;1714;1671
1667;1669;1716
1667;1716;1715
1717;1716;1669
1575;1578;1601
1575;1601;1574
1664;1601;1578
1574;1601;1577
1576;1577;1602
1576;1602;1588
1577;1601;1602
1589;1603;1583
1603;1580;1583
1580;1603;1604
1580;1604;1579
1605;1579;1604
1582;1579;1605
1585;1582;1605
1587;1585;1605
1718;1719;1720
1588;1602;1606
1589;1588;1606
1589;1606;1603
1607;1603;1606
1608;1609;1607
1603;1607;1604
1609;1604;1607
1610;1606;1602
1608;1610;1719
1606;1610;1607
1608;1607;1610
1664;1611;1601
1664;1720;1611
1611;1602;1601
1611;1720;1719
1610;1602;1611
1719;1610;1611
1608;1719;1612
1612;1721;1609
1608;1612;1609
1722;1719;1718
1612;1719;1722
1612;1722;1721
1723;1724;1725
1609;1721;1613
1609;1613;1604
1605;1604;1613
1587;1605;1613
1587;1613;1726
1587;1726;1654
1724;1727;1726
1727;1654;1726
1728;1613;1721
1726;1613;1728
1729;1725;1724
1729;1724;1726
1729;1726;1728
1705;1730;1706
1730;1705;1586
1727;1730;1654
1655;1654;1730
1655;1730;1586
1724;1731;1727
1723;1731;1724
1731;1732;1727
1732;1706;1730
1732;1730;1727
1733;1718;1720
1734;1718;1733
1735;1722;1718
1722;1735;1736
1736;1721;1722
1721;1736;1728
1729;1737;1725
1729;1728;1737
1738;1728;1736
1737;1728;1738
1733;1720;1739
1740;1733;1739
1712;1741;1713
1742;1735;1743
1735;1718;1743
1734;1743;1718
1744;1706;1732
1745;1706;1744
1706;1745;1704
1695;1746;1696
1746;1677;1696
1691;1683;1747
1690;1748;1687
1748;1708;1687
1690;1749;1748
1690;1691;1749
1750;1749;1691
1747;1750;1691
1747;1683;1751
1677;1751;1678
1678;1751;1683
1752;1751;1677
1746;1752;1677
1747;1810;1750
1747;1751;1810
1753;1700;1657
1656;1753;1657
1754;1697;1699
1699;1701;1754
1701;1700;1755
1755;1754;1701
1756;1754;1755
1757;1704;1745
1757;1758;1704
1656;1704;1758
1656;1758;1753
1759;1753;1758
1760;1755;1700
1760;1700;1753
1759;1760;1753
1663;1761;1664
1761;1720;1664
1713;1739;1761
1761;1739;1720
1663;1670;1761
1713;1761;1670
1762;1713;1741
1762;1739;1713
1763;1694;1697
1763;1697;1764
1764;1697;1754
1811;1746;1695
1695;1812;1811
1695;1694;1812
1812;1694;1813
1813;1694;1763
1814;1808;1815
1815;1808;1802
1816;1817;1748
1817;1708;1748
1818;1708;1817
1815;1802;1819
1819;1802;1707
1820;1819;1707
1820;1707;1821
1818;1821;1708
1709;1708;1821
1709;1821;1707
1711;1822;1805
1822;1711;1710
1710;1806;1822
1823;1822;1806
1823;1806;1824
1825;1804;1805
1804;1825;1976
1977;1976;1825
1803;1804;1826
1976;1826;1804
1827;1805;1822
1825;1805;1827
1828;1806;1807
1824;1806;1828
1828;1807;1829
1829;1807;1809
1830;1829;1809
1814;1830;1808
1830;1809;1808
1715;1765;1714
1714;1765;1712
1712;1765;1741
1766;1715;1716
1766;1765;1715
1831;1716;1717
1716;1831;1766
1717;1832;1831
1744;1732;1767
1731;1767;1732
1768;1725;1737
1768;1769;1725
1723;1725;1769
1723;1769;1770
1723;1770;1731
1770;1767;1731
1771;1743;1734
1772;1734;1733
1740;1772;1733
1772;1773;1734
1771;1734;1773
1833;1771;1773
1833;1774;1771
1771;1774;1743
1742;1743;1775
1774;1775;1743
1776;1768;1737
1777;1736;1735
1742;1777;1735
1738;1736;1777
1776;1737;1778
1738;1778;1737
1778;1738;1777
1775;1779;1742
1742;1779;1777
1740;1780;1772
1781;1739;1762
1740;1781;1780
1740;1739;1781
1782;1781;1762
1783;1762;1741
1783;1782;1762
1834;1741;1765
1834;1835;1741
1835;1783;1741
1784;1745;1744
1784;1744;1785
1744;1767;1785
1786;1757;1745
1786;1745;1787
1784;1787;1745
1836;1746;1811
1837;1746;1836
1837;1752;1746
1816;1748;1838
1838;1748;1749
1838;1749;1839
1750;1839;1749
1839;1750;1840
1810;1840;1750
1841;1840;1810
1837;1842;1752
1841;1810;1843
1843;1752;1842
1810;1751;1843
1752;1843;1751
1814;1815;1844
1814;1844;1845
1814;1845;1830
1788;1760;1759
1846;1788;1759
1789;1764;1754
1756;1789;1754
1790;1755;1760
1788;1790;1760
1791;1755;1790
1756;1755;1791
1847;1789;1756
1791;1847;1756
1786;1848;1757
1792;1757;1848
1792;1758;1757
1792;1849;1758
1793;1758;1849
1793;1759;1758
1850;1846;1759
1850;1759;1793
1851;1852;1764
1851;1764;1789
1853;1765;1766
1854;1836;1811
1852;1855;1764
1763;1764;1855
1813;1763;1855
1854;1811;1856
1856;1811;1812
1857;1813;1855
1856;1812;1858
1857;1858;1813
1858;1812;1813
1788;1859;1790
1816;1838;1860
1816;1860;1861
1816;1861;1817
1844;1815;1862
1819;1862;1815
1863;1817;1861
1818;1817;1863
1863;1864;1818
1818;1864;1821
1862;1819;1865
1820;1865;1819
1865;1820;1866
1866;1821;1864
1820;1821;1866
1867;1827;1822
1823;1867;1822
1823;1868;1867
1824;1868;1823
1824;1869;1868
1824;1828;1869
1978;1825;1827
1977;1825;1979
1979;1825;1978
1980;1977;1979
1977;1981;1976
1980;1981;1977
1826;1976;1982
1981;1982;1976
1983;1827;1867
1978;1827;1984
1983;1984;1827
1869;1828;1870
1829;1870;1828
1870;1829;1871
1845;1871;1830
1830;1871;1829
1853;1872;1765
1834;1765;1872
1873;1766;1831
1853;1766;1873
1874;1831;1832
1831;1874;1873
1853;1873;1875
1853;1875;1872
1876;1874;1832
1794;1785;1767
1770;1794;1767
1776;1795;1768
1769;1768;1796
1795;1796;1768
1794;1770;1877
1770;1769;1877
1796;1877;1769
1878;1773;1772
1878;1772;1780
1833;1773;1879
1880;1881;1780
1878;1780;1881
1882;1879;1773
1878;1881;1882
1878;1882;1773
1833;1879;1883
1833;1883;1774
1883;1884;1774
1774;1884;1775
1779;1775;1885
1884;1885;1775
1776;1797;1795
1776;1778;1797
1886;1779;1885
1886;1798;1779
1779;1798;1777
1797;1778;1798
1778;1777;1798
1887;1795;1797
1880;1780;1888
1782;1888;1781
1780;1781;1888
1889;1888;1782
1782;1783;1889
1889;1783;1890
1835;1890;1783
1891;1834;1872
1834;1891;1835
1892;1890;1835
1892;1835;1891
1784;1785;1893
1787;1784;1893
1894;1893;1785
1894;1785;1895
1895;1785;1794
1896;1787;1893
1896;1897;1787
1787;1897;1786
1786;1897;1848
1898;1848;1897
1854;1899;1836
1899;1900;1836
1837;1836;1900
1842;1837;1900
1901;1842;1900
1985;1902;1840
1902;1839;1840
1860;1838;1903
1902;1903;1839
1839;1903;1838
1985;1840;1904
1841;1904;1840
1904;1841;1905
1901;1905;1842
1841;1843;1905
1842;1905;1843
1986;1844;1862
1987;1844;1986
1988;1844;1987
1988;1845;1844
1989;1871;1845
1989;1845;1990
1990;1845;1988
1991;1863;1861
1906;1859;1788
1846;1906;1788
1846;1907;1906
1846;1850;1907
1851;1789;1908
1847;1908;1789
1859;1909;1790
1909;1910;1790
1791;1790;1910
1791;1910;1847
1911;1908;1847
1911;1847;1910
1898;1912;1848
1848;1912;1792
1792;1912;1849
1913;1849;1912
1913;1914;1849
1793;1849;1914
1793;1914;1850
1907;1850;1915
1915;1850;1914
1909;1859;1916
1852;1917;1855
1917;1852;1918
1852;1851;1918
1851;1908;1918
1854;1919;1899
1854;1856;1919
1920;1855;1917
1920;1921;1855
1857;1855;1921
1919;1856;1922
1858;1922;1856
1922;1858;1923
1857;1921;1923
1857;1923;1858
1924;1916;1859
1906;1924;1859
1992;1860;1903
1992;1993;1860
1994;1860;1993
1994;1861;1860
1991;1861;1995
1995;1861;1994
1996;1862;1865
1986;1862;1997
1996;1997;1862
1998;1864;1863
1998;1863;1999
1991;1999;1863
2000;1866;1864
2000;1864;2001
2001;1864;1998
2000;2002;1866
1996;1865;2003
2004;1866;2002
2004;2003;1865
2004;1865;1866
2005;1867;1868
1983;1867;2006
2006;1867;2005
2005;1868;2007
2008;2007;1868
2008;1868;1869
2009;1869;1870
2008;1869;2010
2009;2010;1869
2157;2011;1984
2011;1978;1984
1978;2011;1979
2158;1979;2011
2159;1979;2158
1980;1979;2159
1980;2159;2160
2160;1981;1980
2160;2161;1981
1982;1981;2162
2161;2162;1981
2157;1984;2012
2006;2012;1983
1983;2012;1984
2163;2012;2006
2009;1870;2013
2014;2013;1870
2014;1870;1871
2014;1871;2015
1989;2015;1871
2157;2012;2164
1925;1926;1891
1925;1891;1872
1925;1872;1927
1875;1927;1872
1928;1874;1876
1928;1929;1874
1874;1929;1873
1929;1875;1873
1930;1875;1929
1930;1927;1875
1931;1928;1876
2016;1928;1931
1932;1895;1794
1932;1794;1877
1887;1933;1795
1933;1796;1795
1934;1796;1933
1935;1796;1934
1935;1877;1796
1936;1932;1877
1936;1877;1935
1880;1888;1937
1938;1883;1879
1938;1879;2017
1939;1880;1937
1880;1939;1881
2017;1879;1940
1882;1940;1879
1940;1882;1941
1941;1881;1939
1881;1941;1882
1938;1942;1883
1942;1884;1883
1943;1885;1884
2018;1943;1884
2018;1884;1942
1944;1885;1943
1944;1945;1885
1886;1885;1945
1887;1797;1946
1947;1946;1797
1947;1797;1798
1947;1798;1948
1886;1945;1948
1886;1948;1798
1949;1948;1945
1887;1950;1933
1887;1946;1950
1937;1888;1951
1889;1951;1888
1952;1951;1889
1952;1889;1890
1953;1952;1890
1953;1890;1892
1954;1892;1891
1954;1891;1926
2019;1892;1954
2019;1953;1892
1896;1893;1955
1955;1893;1956
1894;1956;1893
1932;1957;1895
1956;1894;1958
1957;1958;1895
1894;1895;1958
1959;1896;1955
1896;1959;1897
1960;1897;1959
1898;1897;1960
1898;1960;1961
1898;1961;1912
2020;1899;1919
2021;1901;1900
2022;1900;1899
2022;1899;2023
2023;1899;2020
2021;1900;2024
2022;2024;1900
2025;1905;1901
2025;1901;2026
2021;2026;1901
2027;1985;1904
1985;2028;1902
1985;2027;2028
2029;1902;2028
2029;1903;1902
1992;1903;2030
2029;2030;1903
2031;2027;1904
2032;2031;1904
2032;1904;1905
2033;2032;1905
2033;1905;2025
1997;2165;1986
1986;2165;1987
2166;1987;2165
2166;2167;1987
1987;2167;1988
1988;2167;1990
1990;2034;1989
1989;2034;2015
2168;2034;1990
2168;1990;2167
1995;2035;1991
1991;2035;1999
1924;1906;1962
1907;1962;1906
1907;1963;1962
1915;1963;1907
1964;1918;1908
1911;1964;1908
1916;1965;1909
1909;1965;1910
1911;1966;1964
1966;1910;1965
1911;1910;1966
1967;1912;1961
1913;1912;1967
1913;1967;1968
1913;1968;1914
1915;1969;1963
1969;1914;1968
1915;1914;1969
2036;1965;1916
2036;1916;2037
2038;2037;1916
2038;1916;1924
2039;1917;1918
2039;2040;1917
2041;1917;2040
1920;1917;2041
2039;1918;2042
2043;2042;1918
2043;1918;1964
2020;1919;2044
2045;2044;1919
2045;1919;1922
1920;2046;1921
1920;2041;2046
2047;1921;2046
2047;1923;1921
2045;1922;2048
2049;2048;1922
2049;1922;1923
2049;1923;2050
2047;2050;1923
2038;1924;2051
2052;2051;1924
2052;1924;1962
2169;1993;2053
2030;2053;1992
1992;2053;1993
2169;2054;1993
1993;2054;1994
1994;2054;1995
2170;2035;1995
2170;1995;2054
1996;2003;2171
1996;2171;1997
2172;2165;1997
2172;1997;2171
2173;1999;2035
2173;2055;1999
1999;2055;1998
1998;2055;2001
2174;2001;2055
2175;2171;2003
2176;2001;2174
2001;2176;2000
2000;2176;2002
2177;2002;2176
2175;2003;2178
2177;2178;2002
2002;2178;2004
2004;2178;2003
2163;2006;2179
2007;2179;2005
2005;2179;2006
2180;2179;2007
2180;2007;2181
2010;2181;2008
2008;2181;2007
2013;2182;2009
2009;2182;2010
2183;2181;2010
2183;2010;2182
2184;2157;2164
2157;2184;2011
2185;2011;2184
2158;2011;2185
2158;2185;2186
2158;2186;2159
2186;2187;2159
2160;2159;2187
2160;2187;2161
2188;2161;2187
2162;2161;2189
2188;2189;2161
2164;2012;2190
2163;2190;2012
2190;2163;2191
2163;2179;2191
2192;2182;2013
2192;2013;2193
2015;2193;2014
2014;2193;2013
2194;2193;2015
2194;2015;2034
1926;2056;1954
2056;1926;2057
2057;1926;2058
2058;1925;1927
1925;2058;1926
2058;1927;2059
2059;1927;2060
2060;1927;1930
2016;2061;1928
1928;2061;1929
1930;1929;2061
2062;2061;2016
2060;1930;2063
2063;1930;2061
2062;2016;2064
2016;1931;2065
2064;2016;2065
1970;1957;1932
1936;1970;1932
1971;1933;1950
1934;1933;1971
2066;1934;1971
2066;1972;1934
1972;1935;1934
1936;1973;1970
1972;1973;1935
1936;1935;1973
2067;1957;1970
2068;1959;1955
2069;1939;1937
2069;1937;2070
2071;2070;1937
2071;1937;1951
2072;1942;1938
2073;2017;1940
2072;1938;2074
2017;2074;1938
2017;2073;2074
2075;1941;1939
2075;1939;2076
2069;2076;1939
2073;1940;2077
2078;2077;1940
2078;1940;1941
2078;1941;2079
2075;2079;1941
2072;2080;1942
2081;1944;1943
2082;1942;2080
2018;1942;2082
2081;1943;2083
2018;2083;1943
2018;2082;2083
2081;2084;1944
2085;1944;2084
2085;1945;1944
2086;1949;1945
2087;2086;1945
2085;2087;1945
1974;1950;1946
1974;1946;1975
1949;1975;1948
1947;1948;1975
1947;1975;1946
2086;2088;1949
2089;1949;2088
2089;1975;1949
2090;1971;1950
2091;1950;1974
2090;1950;2092
2091;2092;1950
2071;1951;2093
2093;1951;2094
2094;1951;1952
2094;1952;2095
1953;2095;1952
2096;2095;1953
2019;2096;1953
2019;2097;2096
2019;1954;2097
2056;2097;1954
2068;1955;2098
2098;1955;2099
2099;1955;1956
2099;1956;2100
2101;2100;1956
2101;1956;1958
2067;2102;1957
2103;1957;2102
2103;1958;1957
2101;1958;2104
2103;2104;1958
2105;1960;1959
2105;1959;2106
2068;2106;1959
2107;1961;1960
2107;1960;2108
2105;2108;1960
2109;1967;1961
2109;1961;2110
2110;1961;2107
2195;2111;2044
2044;2111;2020
2020;2111;2023
2024;2196;2021
2021;2196;2026
2197;2023;2111
2197;2112;2023
2023;2112;2022
2022;2112;2024
2198;2196;2024
2198;2024;2112
2199;2026;2196
2199;2200;2026
2026;2200;2025
2025;2200;2033
2201;2031;2202
2031;2201;2027
2203;2027;2201
2203;2028;2027
2204;2028;2203
2204;2113;2028
2029;2028;2113
2029;2113;2030
2205;2053;2030
2205;2030;2113
2202;2031;2206
2033;2206;2032
2032;2206;2031
2207;2206;2033
2207;2033;2200
2172;2208;2165
2209;2165;2208
2166;2165;2209
2194;2034;2210
2211;2166;2209
2166;2211;2167
2212;2167;2211
2168;2167;2212
2210;2034;2213
2213;2168;2212
2168;2213;2034
2170;2214;2035
2215;2035;2214
2173;2035;2215
2169;2216;2054
2052;1962;2114
2114;1962;2115
2115;1962;1963
2116;1963;1969
2115;1963;2117
2116;2117;1963
2043;1964;2118
2119;2118;1964
2119;1964;1966
2036;2120;1965
2121;1965;2120
2121;1966;1965
2119;1966;2122
2121;2122;1966
2123;1968;1967
2123;1967;2124
2109;2124;1967
2123;2125;1968
2116;1969;2126
2127;1968;2125
2126;1969;2127
2127;1969;1968
2037;2217;2036
2036;2217;2120
2218;2217;2037
2218;2037;2219
2220;2219;2051
2051;2219;2038
2038;2219;2037
2042;2221;2039
2039;2221;2040
2222;2221;2042
2223;2040;2221
2224;2046;2225
2041;2225;2046
2225;2041;2226
2226;2040;2223
2040;2226;2041
2222;2042;2128
2043;2118;2128
2043;2128;2042
2227;2128;2118
2062;2064;2228
2195;2044;2129
2045;2048;2129
2045;2129;2044
2229;2129;2048
2224;2130;2046
2047;2046;2130
2047;2130;2050
2229;2048;2131
2050;2131;2049
2049;2131;2048
2230;2131;2050
2230;2050;2130
2202;2206;2231
2220;2051;2232
2114;2232;2052
2052;2232;2051
2216;2169;2233
2169;2053;2233
2233;2053;2234
2205;2234;2053
2214;2170;2235
2235;2054;2216
2170;2054;2235
2175;2236;2171
2208;2172;2237
2237;2171;2236
2172;2171;2237
2238;2173;2215
2173;2238;2055
2239;2055;2238
2174;2055;2239
2174;2239;2240
2174;2240;2176
2236;2175;2241
2175;2178;2241
2242;2176;2240
2177;2176;2242
2241;2178;2243
2243;2177;2242
2177;2243;2178
2191;2179;2244
2180;2244;2179
2244;2180;2245
2180;2181;2245
2245;2181;2246
2183;2246;2181
2192;2247;2182
2183;2248;2246
2248;2182;2247
2183;2182;2248
2247;2192;2249
2192;2193;2249
2249;2193;2250
2250;2194;2210
2194;2250;2193
2251;2097;2056
2251;2056;2252
2252;2056;2057
2253;2252;2057
2253;2057;2254
2059;2254;2058
2057;2058;2254
2255;2254;2059
2255;2059;2132
2060;2063;2132
2060;2132;2059
2228;2133;2062
2062;2133;2061
2063;2061;2133
2256;2132;2063
2256;2063;2133
2257;2228;2064
2064;2065;2258
2258;2257;2064
2067;1970;2134
2135;2134;1970
2135;1970;1973
2090;2136;1971
2136;2137;1971
2066;1971;2137
2066;2138;1972
2066;2137;2138
2139;1972;2138
2139;1973;1972
2135;1973;2140
2139;2140;1973
2259;2141;2134
2134;2141;2067
2067;2141;2102
2260;2102;2141
2098;2261;2068
2068;2261;2106
2262;2076;2263
2070;2263;2069
2069;2263;2076
2264;2263;2070
2264;2070;2142
2093;2142;2071
2071;2142;2070
2265;2142;2093
2072;2074;2143
2072;2143;2080
2266;2267;2077
2077;2267;2073
2268;2143;2074
2268;2074;2269
2269;2073;2267
2269;2074;2073
2262;2270;2076
2076;2270;2075
2075;2270;2079
2266;2077;2271
2079;2271;2078
2078;2271;2077
2272;2271;2079
2272;2079;2270
2273;2080;2143
2273;2274;2080
2080;2274;2082
2081;2083;2144
2081;2144;2084
2275;2082;2274
2275;2083;2082
2276;2144;2083
2276;2083;2275
2277;2084;2144
2277;2145;2084
2085;2084;2145
2085;2145;2087
2277;2144;2278
2279;2087;2145
2279;2280;2087
2087;2280;2086
2086;2280;2088
2281;2088;2280
2146;1974;1975
2091;1974;2147
2146;2147;1974
2146;1975;2148
2089;2148;1975
2281;2282;2088
2088;2282;2089
2089;2282;2148
2283;2136;2284
2092;2284;2090
2090;2284;2136
2147;2149;2091
2091;2149;2092
2285;2284;2092
2285;2092;2149
2096;2286;2095
2265;2093;2150
2094;2095;2150
2094;2150;2093
2287;2150;2095
2287;2095;2286
2288;2286;2096
2288;2096;2097
2289;2288;2097
2289;2097;2251
2290;2261;2098
2290;2098;2151
2100;2151;2099
2099;2151;2098
2291;2151;2100
2291;2100;2152
2104;2152;2101
2101;2152;2100
2260;2292;2102
2103;2102;2292
2103;2292;2104
2293;2152;2104
2293;2104;2292
2106;2294;2105
2105;2294;2108
2295;2294;2106
2295;2106;2261
2108;2153;2107
2107;2153;2110
2296;2153;2108
2296;2108;2294
2110;2154;2109
2109;2154;2124
2297;2154;2110
2297;2110;2153
2195;2129;2298
2299;2195;2298
2195;2299;2111
2300;2111;2299
2197;2111;2300
2199;2196;2301
2301;2196;2302
2198;2302;2196
2303;2197;2300
2197;2303;2112
2302;2198;2304
2304;2112;2303
2198;2112;2304
2305;2199;2301
2199;2305;2200
2306;2200;2305
2207;2200;2306
2202;2231;2307
2202;2307;2201
2201;2307;2308
2201;2308;2203
2309;2203;2308
2204;2203;2309
2309;2310;2204
2204;2310;2113
2234;2205;2311
2311;2113;2310
2205;2113;2311
2231;2206;2312
2207;2306;2312
2207;2312;2206
2313;2232;2114
2313;2114;2314
2117;2314;2115
2115;2314;2114
2315;2314;2117
2315;2117;2316
2126;2316;2116
2116;2316;2117
2291;2152;2317
2227;2118;2318
2122;2318;2119
2119;2318;2118
2319;2120;2217
2319;2320;2120
2121;2120;2320
2121;2320;2122
2321;2318;2122
2321;2122;2320
2124;2322;2123
2123;2322;2125
2323;2322;2124
2323;2124;2154
2220;2232;2324
2325;2125;2322
2326;2316;2126
2326;2126;2327
2325;2327;2125
2125;2327;2127
2127;2327;2126
2218;2328;2217
2329;2217;2328
2319;2217;2329
2328;2218;2330
2218;2219;2330
2330;2219;2331
2331;2220;2324
2220;2331;2219
2224;2332;2130
2333;2332;2224
2224;2225;2333
2223;2221;2334
2334;2221;2335
2222;2335;2221
2222;2336;2335
2222;2128;2336
2223;2334;2337
2223;2337;2226
2338;2333;2225
2337;2338;2226
2226;2338;2225
2227;2318;2339
2336;2128;2340
2340;2227;2339
2227;2340;2128
2257;2341;2228
2341;2342;2228
2228;2342;2133
2298;2129;2343
2229;2343;2129
2229;2344;2343
2229;2131;2344
2345;2130;2332
2230;2130;2345
2344;2131;2346
2346;2230;2345
2230;2346;2131
2324;2232;2347
2313;2347;2232
2252;2348;2251
2349;2251;2348
2289;2251;2349
2286;2288;2350
2351;2348;2252
2253;2351;2252
2255;2132;2352
2253;2353;2351
2253;2254;2353
2353;2254;2354
2354;2255;2352
2255;2354;2254
2352;2132;2355
2256;2355;2132
2355;2256;2356
2342;2356;2133
2256;2133;2356
2257;2357;2341
2257;2258;2357
2259;2134;2155
2135;2140;2155
2135;2155;2134
2358;2136;2283
2136;2358;2137
2359;2137;2358
2359;2138;2137
2360;2138;2359
2360;2156;2138
2139;2138;2156
2139;2156;2140
2361;2155;2140
2361;2140;2156
2259;2362;2141
2362;2259;2363
2259;2155;2363
2364;2141;2362
2260;2141;2364
2365;2260;2364
2260;2365;2292
2290;2366;2261
2367;2261;2366
2295;2261;2367
2266;2368;2267
2266;2369;2368
2266;2271;2369
2262;2263;2370
2371;2262;2370
2262;2371;2270
2370;2263;2372
2264;2372;2263
2372;2264;2373
2264;2142;2373
2373;2142;2374
2265;2374;2142
2374;2265;2375
2265;2150;2375
2273;2143;2376
2376;2143;2377
2268;2377;2143
2267;2368;2378
2267;2378;2269
2268;2379;2377
2379;2269;2378
2268;2269;2379
2380;2270;2371
2272;2270;2380
2369;2271;2381
2381;2272;2380
2272;2381;2271
2273;2376;2382
2273;2382;2274
2382;2383;2274
2274;2383;2275
2278;2144;2384
2276;2384;2144
2276;2385;2384
2385;2275;2383
2276;2275;2385
2386;2277;2278
2277;2386;2145
2387;2145;2386
2279;2145;2387
2283;2388;2358
2389;2279;2387
2279;2389;2280
2281;2390;2282
2390;2281;2391
2391;2280;2389
2281;2280;2391
2392;2149;2147
2392;2147;2393
2148;2393;2146
2146;2393;2147
2394;2393;2148
2394;2148;2282
2395;2282;2390
2394;2282;2395
2392;2396;2149
2283;2397;2388
2283;2284;2397
2397;2284;2398
2285;2398;2284
2398;2285;2399
2399;2149;2396
2285;2149;2399
2350;2400;2286
2287;2286;2400
2375;2150;2401
2287;2400;2401
2287;2401;2150
2402;2350;2288
2289;2349;2402
2289;2402;2288
2366;2290;2403
2290;2151;2403
2403;2151;2404
2404;2291;2317
2291;2404;2151
2317;2152;2405
2293;2405;2152
2405;2293;2406
2406;2292;2365
2293;2292;2406
2296;2294;2407
2407;2294;2408
2408;2295;2367
2295;2408;2294
2297;2153;2409
2409;2153;2410
2410;2296;2407
2296;2410;2153
2323;2154;2411
2411;2154;2412
2412;2297;2409
2297;2412;2154
2347;2313;2413
2313;2314;2413
2413;2314;2414
2315;2414;2314
2326;2415;2316
2414;2315;2416
2416;2316;2415
2315;2316;2416
2339;2318;2417
2321;2417;2318
2418;2319;2329
2319;2418;2320
2417;2321;2419
2419;2320;2418
2321;2320;2419
2325;2322;2420
2420;2322;2421
2323;2411;2421
2323;2421;2322
2422;2325;2420
2325;2422;2327
2415;2326;2423
2423;2327;2422
2326;2327;2423
2363;2155;2424
2361;2424;2155
2425;2358;2388
2358;2425;2359
2425;2426;2359
2360;2359;2426
2426;2427;2360
2360;2427;2156
2424;2361;2428
2428;2156;2427
2361;2156;2428
2396;2392;2429
2392;2393;2429
2429;2393;2430
2430;2394;2395
2394;2430;2393
% Data (solid.pmGp (N/m^2))
-61900.00663108452
-37389.38554895358
-23368.205346671613
144787.55303972302
222328.9333013415
78543.20756777553
343766.81082846876
439635.95429411763
-59872.99879513113
-39218.01931009283
-6514.928753769195
11223.321188018112
-44974.89704087343
-56566.35557893126
-57692.58597120948
-41463.52244861576
477986.3482038832
25576.170892516824
121713.1270716707
593148.3606360947
21456.350919857545
-16464.39134507378
-25607.678325742618
2610414.7150413105
3424049.058475299
1054471.1454863101
41536.169613084654
144676.54470340087
677630.6263229161
710483.480081711
60443.66270295496
72288.93436162286
-39422.8741452071
-55213.071220977006
-43363.08250190535
-54412.833710089115
-39731.009858456484
-53754.69134741526
-43355.75045084851
6410.617824064379
-53287.42175298906
-15731.366004835118
2429178.8148043873
635240.9287966551
897278.7617614884
672803.4239410476
575756.444275806
565132.8739237807
515544.4380539577
2009529.918455001
2266113.3004938615
605773.6273801166
836951.6070468789
2039844.6117768905
2112714.108112379
650700.8355388008
2146658.8995062704
615904.1200979499
2239336.654499155
805983.7461001674
131511.694859718
803677.7579755994
180934.92991657392
503321.0805315917
1300960.8275601908
1482584.9283486214
363454.36164589546
1228610.7262496054
1278932.5438947864
212936.02255296704
318021.0411866928
1321099.6555521244
724077.2307653938
2055149.588444379
578747.6320370481
1041412.5718747069
239875.08898828411
897490.9059602491
160901.5536118376
266534.77777789964
41044.66863410476
112592.92253833904
78366.59790555647
-26873.888716881687
-40046.10022198869
-52860.796894047955
-29915.166167672487
-23383.061737930395
11645.269054324584
-43598.763139031245
-8341.93084809913
2485568.4018811565
835043.0797036191
911107.876481701
680264.5980876104
661387.5637758902
573601.0558668883
503810.0100873859
455109.03560452396
468933.6327299054
434561.26953102
596578.3410236419
545008.6545507956
455335.6784988831
410021.5527483547
423949.09061511897
500507.0104957825
1402492.1549524425
1405242.037334909
1342333.3470610327
258327.09810782076
286734.39157733525
1589297.8480583483
515280.45057110797
1489756.026025335
596844.1377951979
556557.0317356851
595054.5132547428
549368.1772994982
600811.4579543091
1532771.0413232234
1803899.8758337263
427079.9472873073
334237.7694182047
36567.42268667261
117050.94936803821
153136.83212801337
249914.66188558072
260323.07510973094
288703.72872133285
1749798.920329544
398968.6965290317
451890.6822978343
1727674.411816438
1758626.3567116347
344708.17795299104
645373.0223777494
420422.2825863039
510792.3765889459
195140.91399068464
163283.05363118256
223395.1096945371
75417.56163656634
47935.32025499483
-30717.35612592589
-25431.660776886234
-10787.05867691105
19565.380663252105
359967.58574021765
362821.58315821644
373758.30442443624
389961.8291086868
398039.4305281815
377840.2370137809
499619.1083101824
356366.32731361483
450497.8956618198
394292.17188525083
370535.7639150148
347465.6318949014
331051.55713839864
308444.13957001246
390991.65023402515
353482.57776865765
488809.9245212926
489588.2638075742
475688.54801569943
440587.94707890827
394629.506009701
113203.81160478583
205301.03720257015
220644.9903994044
260847.76282280762
423487.8149379623
456863.38005125447
384572.8271597113
388862.8552972208
426087.0229739665
157061.24334184206
40983.88128142807
74672.3962871736
-12609.570418206602
13811.443936027643
345903.9991651907
290150.8209824157
265810.8949563199
332700.62483582913
406066.89672574867
422775.3428539084
416124.07965965016
352621.84309174714
278474.6326690336
115112.78016036453
170062.51530772398
203750.02736327253
367249.5120557433
347003.77923384897
355262.8746721294
36951.53499282357
69154.6969650433
234264.5205433954
287027.58543716575
355961.10359580506
301481.72962706315
253053.39637685922
91033.81445112124
138633.89771588246
177255.8056560494
308929.130953882
308716.30231592694
214214.9083695998
247774.01963487407
250985.46363714273
280529.9260458922
-52643.0196883059
-40451.86771874918
-52557.622621834096
-27386.697440967564
-32653.238580815287
-43871.90385743648
-52631.3928201899
347871.1771300261
318324.3554726964
316514.5173246658
327285.42881814233
324095.18317728414
336993.91215812945
299691.8248974226
310084.10580246116
302197.05752359674
-16160.0718925911
-53633.0041582145
-46165.13769862687
-54179.048706094756
-52823.32013171104
-44785.73359330477
-53092.57790347689
-41389.143223089384
-29334.158088182787
-42584.80048704609
-34187.088942319686
-43920.28267965381
339290.48927490856
336885.04530969955
305191.3347379615
329182.47181777767
-54860.39372034191
-48170.749056490866
-55677.59249268438
284492.63763017824
294820.7141180066
287925.9397563218
289125.20756277815
307565.9042830393
315585.22211965296
290222.0583969381
295514.08896808035
-18418.10602655047
8307.644136048459
-2577.4838435214365
-35153.87821223115
-30720.331053785216
-52405.31305642252
-58707.209905739735
-57582.59964016167
-46910.85550850542
-56657.398314529855
-49531.091735720314
-36792.87649571836
-31967.310827421577
313929.3990902076
318308.7635614757
281218.2084638351
275253.1864944598
271972.57313980785
274861.9778752043
264880.22331011813
268643.0953955889
-20644.17234698578
274793.62296534656
279317.2386332367
295805.6690218511
277995.9106994831
294785.25619289745
281149.0663338487
746.403124175927
25700.20663630196
62261.19285718773
-50421.92192953507
-59926.623052212475
-22205.143393694827
-42402.54607385862
-56813.83388984562
-63926.561465776795
-62446.44643339757
-53971.41107648427
-61237.80680508413
-52712.921208524676
-4274.775902654989
-38231.40269140983
-28468.615869777143
263366.49843070476
262464.7221640114
253431.4819327976
262657.57003137015
257055.7574385818
253492.88396687643
256855.02472472782
97135.56358250136
132399.62037086603
164334.39158764455
267789.5344183466
262209.5441776797
268299.29685645946
255648.34894361385
248865.51926724563
21625.251433318608
59256.430565754745
-59893.20208685954
-66817.99384330673
-65310.66640385622
-39353.71179415194
-43594.93574163589
-14061.147988241924
-28000.315133858105
-55898.93312221475
-47463.3848332549
-42324.05948001181
12415.666019761582
253492.19961805578
246083.56932563407
243728.3732081651
241044.4560257787
251166.42496426494
244183.99042350156
241354.6715971026
245618.9771999207
206372.4179195117
231211.10917647523
97992.2498768223
127366.74739251142
157296.65558522972
232208.69817253604
218937.14434661204
237213.08161784476
233273.28634547046
42797.33415990628
70085.2265327406
-50777.355396350635
-29230.412203322678
-8561.304744133446
31671.772180253967
15658.59208566836
-35340.01176071896
-46197.11311988472
231282.40280121868
240196.23941543573
233149.3622140466
230715.81354443455
234837.998274221
222300.22337304818
232978.41465749164
226868.72992465575
185252.88336585078
202747.741894055
203571.8759601213
155556.8121181627
96844.01775984511
129936.25633925149
194910.02591412226
207606.84059826456
195473.56957838646
185213.43400514027
188509.55310618362
58890.57185172243
31766.335359599016
-39106.94668362651
-21992.04277188559
7261.06117283201
-25057.303083344512
-12078.633142687091
217785.62403021302
222934.57974200332
221182.09799790976
229640.5928592789
222842.88742827013
203026.81204030817
197941.75026959245
170245.20170112
178268.7286383872
139888.13971403043
81915.73161462853
112388.94511932263
181859.73839349707
172660.48217931934
167435.63295404788
52686.051985122445
77138.71564258201
20113.00366993377
-22054.262811367244
-8358.039172953604
207890.56399172146
212737.0855307594
175414.2746882101
185193.6617532013
137822.1077179641
102210.7082980214
159498.54997410355
144621.0065060618
61061.36361844826
84368.56840002286
149823.0036251417
32408.961110361208
2948.1096683550027
111670.29352180011
132359.17056038076
77350.679783939
105207.99755033002
-59187.08193069486
-68287.0757628681
-63021.0835999101
-69920.86412946468
-62436.284216697975
-71398.39210736845
-49524.67199248145
-54458.05816745287
-66344.00869237057
-73069.23756796407
-65795.53434916005
-74655.52246370584
220466.70083573228
224443.46638617732
219417.39473740678
212542.99335186044
214414.0503728264
210134.96992200692
204617.6776372822
200433.17075888684
209479.82112908005
-69648.61246314742
-76298.87879757583
-57902.543646548154
-52874.90024933302
-69093.18969023798
-77940.9922502207
-42282.66872066681
-61310.440407341084
-56439.73705115166
202936.91651888163
211289.249623373
202237.39474959875
200784.1204773396
191392.11705446162
199824.0956944238
193308.42651573053
195063.4419564683
190910.26314055547
-73008.7051328814
-79545.42130903315
-81195.30871434098
-76262.41048240983
-82808.91170150384
-72530.10217019265
-45918.1931439616
-60067.353672178404
-64976.49210692971
-49695.16098169958
-31634.105422550154
-13605.192080250175
192643.42536864203
197682.2736609672
187848.12765360787
175078.0835859757
163180.8946397008
-79642.40014154569
-85995.367759192
-84381.95695821934
-75895.2397369401
-83102.84551692885
-89091.7833007978
-87558.82352201628
-78986.91182847958
42567.72178593734
179039.1906138579
183844.38015079952
181869.6685918719
190413.3219994252
185763.81075691033
183940.20210724787
182519.6366241858
181232.2781430408
175138.65127309755
173644.88730888852
176648.43425707167
172224.48232374527
168175.16931881613
128864.71055495672
138957.15423811082
-68306.2151419561
-63644.2673969842
-30563.925412094442
10657.616994002414
-11663.524195877528
-53247.84357532958
-39490.19092527154
-22511.514452431788
165891.61465845376
153591.19109803825
-71773.9981469569
-57077.486360079296
-67113.08319442722
-82937.95533174163
-90676.10413582927
-92179.97625427519
-85713.9875148542
-88080.83173066155
-93619.43471186562
-74624.48268299237
-70368.69538347641
26022.566098036143
53054.566921024554
76583.76117066105
113008.52620463051
162002.66822013672
169369.15088825597
173175.72241219328
174235.56653446378
165225.12798260283
164525.40854864023
143563.55783039232
159602.26789847092
167783.2666722409
163442.43701209623
161854.51633962803
157107.70368292675
126898.87970057478
605.5831514660856
-38625.81719142874
-19328.515046833207
-47357.12531134036
17921.497408111092
159101.40374701782
152924.90291689592
151149.49136244488
154860.92731097646
-61047.96034050322
-63907.99278086384
-77345.61789689357
-69633.08390550429
-81061.19775934517
-86922.02291443975
-95089.00007815038
39752.875011231
89550.83654789334
63109.374762692954
102822.9266302294
117380.30971569744
148753.39516885325
159962.70674643986
152020.2586644955
129237.44120803225
150846.33852102028
147023.83001844017
143240.11054392994
-49261.17886918062
-4149.89612124302
-30619.26374207529
22588.98371785243
142581.25780020357
150627.79327600283
144457.6966959363
146480.0752858616
142646.7023682891
6090.37149116299
-59200.82674521063
-40200.339373825766
-69806.05779248376
-79023.99221131609
48237.424629043875
94426.76529165207
75059.87938913073
107713.40536282165
136648.61916667534
134938.7086437205
116178.74712426265
137911.500597287
135501.99094725485
134390.74977953735
130950.74753058462
90261.57144947535
-18820.642688040858
30381.886586758355
9454.744766946907
-34243.953260980634
-11163.812968393839
-55449.54690069342
-71707.08590929951
56116.72678704191
73811.89000881325
23656.643567653166
97732.89874044462
49380.38009633753
76496.59321769043
120606.35785172397
112921.37223687788
123121.83297270289
115690.49374311019
196.64546328925132
-46904.57211071066
-27209.763502891357
39187.32799779405
14250.463189180053
86799.23400624028
62825.00247481671
98989.59826324228
48460.77889864752
70801.46483051564
-90849.48566650938
-96521.05365285718
-95877.64611731734
-100547.68197448384
-99246.8160254901
-97873.91565630713
-93665.2334828995
-90773.51628957143
138287.34062311493
134618.7606750543
142355.54678594004
136468.3211328871
-83079.6770810081
-86123.44740322694
-89772.56683595089
-94733.93913655863
-101806.38541891903
127626.71134908032
128433.2806305883
126653.26319628004
134242.33772623676
126619.18045204792
130298.22637624084
-97592.33030251347
-103050.23964393832
-100066.13328152472
-105375.07618591278
-104297.9699416585
-77540.21494736431
-83618.9847025515
-85714.19392783154
-91052.75013996584
-97184.74463237984
-76239.38730793055
126341.01223665354
120766.63477453706
122496.2088509891
118892.1590646221
118870.87533245423
119750.04579096808
115368.36309289755
-99639.31139108977
-106555.66311209615
-102394.31643652826
-107597.95826286949
-93605.02769270445
-108648.72850639334
-104601.03559030883
-109660.08417960662
-101956.38163328818
-92419.76214500834
-63769.9023014437
-81489.28815584672
-90057.1083558116
-67484.30457876816
114873.70872409055
111370.7808398657
118647.7749380574
113259.179484153
112086.98028983094
111303.78537371877
102881.36497021999
107905.26531596913
100389.27613998106
104149.86166621615
111156.70771966311
107443.06431756819
105794.61950094147
-96181.71917207217
-110597.79689422283
-106578.84166509678
-111457.76467538875
-104029.74444997303
-9302.154936271123
-84344.46678964098
-73729.46248097125
-98566.01903438882
-94847.5243913885
-87062.2945093286
-46738.80473558726
-28618.681227987207
-59842.8043093017
104118.82459888089
105009.92137743603
100849.72384582539
28489.771606948878
3251.2384746402163
83641.93343090467
84202.79762326728
88960.30784487588
100230.45488948264
96865.09190615288
103802.7340701855
98521.86510630653
97018.158358879
97722.28754219177
96658.57724664592
91595.90887270505
-105942.03779497814
-112365.45084472687
90009.31966469657
93192.5858527609
-108419.98694100925
-113146.69782402787
-100673.41600725327
-97168.11125692431
-19325.423106632417
-73296.32258923358
-89726.37055758135
-79453.81474619245
-41442.372334025735
-58595.1159180382
-99313.40389343869
-102537.07022112778
93712.3017614229
86175.28758776467
45526.14569737415
-6665.693614827539
18298.708018555033
63179.685627303894
72873.36058336095
72294.06503287771
90034.48367001368
90894.0032094794
86762.5181060421
83339.49005811756
84059.42363276971
-107830.5405241463
-113973.07347223347
-110195.13375901773
89721.89446999592
84762.17552982002
86331.14755157374
83127.2102036931
-91777.03530589644
-26995.39232900822
-67665.32803436916
-79098.5176645269
-49101.83025590235
-104065.25046994931
-101098.31530149469
-94115.03655669022
-15666.54025431113
75846.4972027686
37591.17297760393
1999.9262842973787
19590.50022685938
52531.049637104596
60684.90388950599
82988.4071839598
78104.5499747117
77212.1256750656
80161.45873754201
73470.87990130168
73670.73870664104
76371.07177123001
-81787.71110444196
-32031.31722525194
-65443.41938220294
-47643.88048065592
-95850.18440752027
-86590.96365026035
-15704.897765414455
59722.27251354133
31024.73587940767
7991.308837368318
43385.74352574492
70839.005385018
67073.26047118974
63830.78520425048
61838.28334617648
-74069.92431528583
-38728.46588133339
-55849.53896861307
-29503.845935531557
-9738.156524827797
47333.01119673753
6158.538110649429
21673.10407850944
32119.14503039304
54153.310997983346
49461.813494610185
-68042.32631748948
-49619.10051406577
-22411.162240750404
-4311.958290363033
32326.4848534281
15995.075747831002
-114610.1679229943
-109310.10720622644
-115336.23181896063
-111540.83468619685
-115935.99814960345
79667.7524245177
76570.17661270298
76406.07805488749
71604.91503899565
-110753.3888430122
-116557.67706965044
-105888.66252560436
-102881.13256269375
70339.45210489884
73203.44894357318
-113001.09074970304
-117055.91890213022
-112166.95736854432
-117583.83138475782
-114120.48271867228
-118008.51388188201
-107488.36875456666
-104676.75599857423
-97727.97213384343
70328.30844868081
64008.62219156702
70022.62095301457
66926.2758909549
65244.41820675876
63895.17324389071
64335.82906617331
57998.00460754519
63847.25322881522
60833.73981773988
59217.62967711558
-113126.92204281874
-118420.39300041196
-114958.54539369457
-118778.4381045826
-106293.10529023044
-109023.95730010117
-84597.24032128928
-99756.81896295669
-90334.10177607495
60752.09888205214
57708.47716451187
58478.50259407233
55016.89962735081
52220.700697649714
57856.63712386849
54932.57382244666
53311.595444770275
52093.441298369544
52291.28318339667
49226.65999439836
46431.12443382972
52044.71384039692
47607.132614443144
-42478.26066253501
-115807.40033436436
-119319.42923399473
-119104.56520791631
-108072.36955061143
-114080.05771715291
-110452.18452513572
-101652.9679512931
-77502.96395297909
-89665.93283023425
45169.160419524684
38070.840434756166
48717.10770835657
42844.00634435582
46126.851970395546
46672.833883036394
43337.803931491035
46433.551856775164
42207.93085607728
43707.27733600731
40984.039168482566
-119566.96798516817
-116040.97921084566
-119697.30730007439
-114334.40215466036
-13758.099400128885
38379.373328917245
35725.97443555032
41021.53339009551
36913.20819889042
40487.78571480409
40995.127499471404
-60748.08878106542
-32151.804639567898
-51032.40783282067
-67876.39634250572
-110517.05222753594
-104286.59226135326
-108601.4929927411
-95051.12108701236
-81782.84950948064
-119859.89388548718
-116497.00316156498
-119883.08625491934
-114873.64512597631
4304.678644412604
20107.590511898346
28701.309405818007
33461.285294163514
37668.66297454848
31818.439868956153
35697.75517402578
35366.374192754745
32301.31227421558
-111374.30280076839
-108621.55697577035
-7124.930653506177
-22722.762011275616
33241.645775810626
30670.569475740263
35784.060058266215
31830.58197588764
30258.945275100577
30673.622804193845
30748.673582519248
26891.20052235009
-71948.80419614639
-42164.410179090475
-60251.16322402919
-102455.40014550522
-89752.63194473652
-79144.50565620176
-116697.0008956807
-119893.85654726122
-119961.3147224561
-115366.8178552964
-111878.17632173479
-109716.60320262382
-103477.03337210738
-70214.62135680259
-115588.0915816056
-119869.72503536164
-116665.33262443589
25811.37733031392
9427.980013470606
19132.14000837999
20081.444350221038
23066.201105719414
27503.543681945415
21509.34683813046
-9274.986443135642
-22832.892715685815
-37078.512127913214
25540.30938766993
25923.09619260005
20854.70525559145
21210.780673979338
22719.63679886295
-56632.04540761282
-94283.12136240903
-81548.20412155708
-112059.60982611885
-110268.48749039075
-105150.24469634787
-98323.2480442103
-110620.27378322964
-112605.05509872652
-71990.43197146278
4298.013513300576
11110.195118396945
10575.83048845978
13680.075977561723
-15009.001870815844
-30423.93248504537
-46102.16439817241
18082.513469950016
12268.43550635996
-61609.202565094856
-86773.98138201667
-105778.4081727354
-96394.0653390976
-106321.20132097717
-75655.43038536805
-3880.7371646216993
-51569.93437004471
-21319.089030302723
-355.4391123026159
2120.448840515593
5348.281922916915
-37519.583897642275
-65150.42486831132
-56100.93025219373
-87772.87585850312
-98111.50343480283
-78444.15828031882
-15896.30580461159
-44752.21904536202
-31691.60896418367
-11336.517730247853
-5777.0765855964955
-25581.326789641284
-119711.17546915555
28298.50983023038
25902.23834698681
22187.522514575332
23546.360291972902
21186.833510985252
-115542.9788373619
-119603.70544882763
-116496.44902998747
-119347.77201279571
-115309.79537211305
-119124.90833215234
-116192.03779854304
-118801.25495404517
21251.38052107686
17687.966377047404
18999.37906055371
16676.615742508864
16455.55557416569
16604.054582204117
12223.980779949283
12241.915549349118
13627.563184988261
-111032.7024252731
-112475.58799828721
-114848.11742482397
-118477.93430046742
-115641.28347771424
-118073.01595679128
-114908.42731694975
-117145.93160664297
-117647.19324624578
-110913.36094750483
-112316.76932417002
16789.11930266761
13326.955272561358
12461.271746063818
14638.457285353657
9382.268747881186
4397.781475762233
8361.332112813328
12508.40894287244
10455.874425047836
9165.63224140419
7947.054844472485
8279.798367014217
5522.857767924345
-106689.90457974565
-100925.87325220628
-68301.06955183648
-110543.79520830119
-114326.76052340346
-111969.46379998222
-113492.56396220127
-116634.05628054817
-113976.03250101449
-116037.23595205594
-106519.70430917745
-111572.69614381266
-106463.25293600831
-51058.21779202457
8445.649286056898
5197.335150163053
-5563.594887026018
6484.058569835531
4362.761938430428
2691.199988403099
640.8935138406923
4543.77514049988
1432.965331077737
-1882.4987662784279
4042.734216042995
4368.485004053933
1667.3086802273963
-59701.58934727658
-51619.183778972176
-2300.358985154868
-91072.23200758286
-98734.48957786536
-80556.33081063525
-112535.68020230038
-115431.82969243474
-70017.68238559623
-112834.4082477882
-114752.96621376259
-111092.56999036694
-114047.70451731865
-110347.29657580142
-110074.36088216383
-110945.9226362871
-99817.28504765562
-106483.62078186881
-102009.09985554367
-111344.89277550935
-113292.10815046313
-41038.69026728659
-18328.295857533747
129.56574873411572
413.57198702597
-13913.537271329149
-2982.129325030754
871.3348723876506
-2146.0315510447417
-3154.302033039523
-11328.922077085777
-2136.3482472962864
-6696.250247879349
-58340.4187193109
-46902.1688536387
-91138.22287382938
-81839.41300024111
-109125.3004929298
-109429.75701584811
-71656.99422222651
-109866.4180720223
-111654.83375074987
-112507.6328355338
-109777.61319073291
-108227.8713347098
-107302.21581733474
-106867.04883254047
-93104.26299341173
-99923.87059335051
-4292.5875160162295
-6195.312650432308
-2627.0769070098518
-33986.13213836183
-25514.99571393765
-5653.30339063373
-23376.247454563814
-43464.1438810065
-9018.333668143225
-5527.0238285564865
-896.3548551895846
-2799.016432468551
-6605.8498445773375
-6453.049699634765
-17458.085362582147
-11785.446787229857
-62175.92248715748
-52937.22991989631
-83311.54847110869
-103926.57263249498
-108338.96271998019
-110777.91812244052
-72461.48260718568
-79618.94296698886
-108239.91143199502
-109839.98688317668
-106825.9519750506
-106286.85110308591
-106645.33425318985
-103210.47096556259
-92680.47807615511
-96565.53699045959
-7503.015626322146
-9310.186951807296
-5931.694877818874
-8707.735679958574
-11649.54735657502
-9927.520889081827
-34768.06014707172
-15077.951774605464
-28568.930577130872
-45991.07966021503
-55738.65741196069
-12061.274589679673
-9748.918646229266
-15792.815067219664
-21487.505126874727
-62804.74636103838
-88786.86327379967
-97024.93853636575
-105511.14934432945
-105012.833222854
-102614.62965770019
-72038.13472184342
-81093.96426653989
-103609.93932660347
-98558.2042437386
-12831.417017122925
-12627.936743737086
-15501.266251901869
-15001.485459152482
-20317.211512208276
-39829.87389175239
-23899.24457732953
-31440.20640416493
-52555.82160325885
-62987.21411946317
-91234.45800409529
-101313.97149850821
-95980.59933817976
-73122.11058804799
-82014.7390207755
-17741.656216410676
-23149.399675726065
-27689.757724335683
-42767.51691860609
-34375.82979071714
-52677.6426206618
-60667.02246781506
-67427.01906086673
-89395.30804757196
-95353.76666713307
-73576.70422884736
-30761.34260313088
-34382.69124362381
-43979.522499839724
-54494.552979183056
-108870.65235200414
-106429.97162771344
-107869.8792497726
-9032.789955752647
-12188.714403263706
-10511.203639827681
-11984.442201482345
-14489.05423418692
-106824.69940153051
-104446.44181590175
-105741.7949523208
-104799.64335154988
-103795.66748393682
-15556.763483384624
-14951.098301246395
-13338.775148484223
-14716.887665938613
-17137.7168650216
-18004.79720211319
-18036.205430762322
-102770.52219007688
-104611.39686350695
-102064.60354719286
-101860.90973927539
-99965.97056222428
-102303.98067523018
-103431.10998645758
-100596.39496258166
-102256.0966166568
-20144.904919827553
-15981.90703325247
-17562.13462659515
-19591.162945906253
-17261.398009246463
-18467.12044788993
-19444.362041948094
-20445.646678138695
-20495.291432963477
-22614.070220002624
-101002.919429968
-98286.36418984992
-99745.66865527553
-100018.44542562934
-100134.59829322105
-99966.85693716195
-98431.18056937528
-95509.30016565135
-81729.50006302481
-98053.6663507174
-97916.98186732318
-97611.24988133954
-98438.98994140519
-95872.09233255763
-97123.87592660198
-95527.79217764252
-95949.72784785765
-25753.911977752487
-25869.741436915443
-65184.326573772814
-20984.309917117705
-19629.358302751163
-22264.849848500526
-20740.377368760757
-24964.663710145516
-22265.96846304311
-22417.27359703121
-23477.301733539964
-21852.397264919415
-23951.971951679418
-24444.4649337332
-29151.417242761134
-96535.28827151503
-89422.77382321165
-92833.59119617585
-95070.28346898932
-95757.3624753722
-74168.95085915511
-69705.38494655176
-81235.59616758533
-94695.53599612284
-93308.17392265648
-94389.31249832228
-92441.63750323048
-92979.77326909166
-93628.61540388901
-93209.80249577854
-92603.2574088158
-91567.19725190986
-89725.51687109328
-90134.6716469014
-90672.27796469747
-63387.24137080255
-32627.733805683816
-39113.72234563942
-48516.77191570515
-57057.22039710783
-22880.1089376343
-24774.892027881764
-25171.61484542712
-23906.214898702263
-26410.37665072315
-35117.162377695226
-30356.976062853893
-26352.475683392255
-27400.605789370096
-35139.48707176745
-27164.143706825736
-24851.336549399854
-25828.308579940527
-26949.999026069334
-69233.93389399175
-91341.5773504165
-86815.5023314652
-91272.00702432655
-74817.81566111896
-80192.76998677647
-90821.63543599377
-90812.2596974852
-88691.20788322734
-86957.81818655985
-87233.83217220801
-87972.4014872101
-85935.40145708529
-90440.7658338272
-87584.74543837116
-88224.84546223067
-88901.39467882874
-88365.13022448665
-73583.8484566105
-64227.714813899845
-58011.24009516515
-42374.975638272255
-51290.6433113442
-26748.18838432331
-28742.608563561258
-28870.03218311763
-27625.718465977698
-27960.824378146783
-30121.468267856762
-40648.055981357094
-31335.629724198545
-37924.373846007256
-29692.039979852652
-29921.458226116803
-34410.56632067327
-28520.66985871217
-30454.69853384751
-67778.40445045078
-79201.48807108715
-85639.09799162202
-86341.99013878903
-82545.1876593764
-85733.20278542528
-85967.33533377973
-84951.77961772811
-73061.9526041753
-61479.228907737655
-54312.439937576455
-43766.87677160628
-47926.62572580664
-31458.055890594966
-31263.03950778414
-32086.642467497364
-40036.80331491524
-33319.85137650926
-36845.78871094835
-33096.943379289805
-67276.87172966322
-83736.22082772154
-76920.73264086003
-80955.3499688621
-82282.60745593035
-81081.95583202137
-71521.2124474503
-75567.10943538371
-63054.612012542566
-44946.80185250439
-57793.43828252794
-50426.388544423586
-34798.00022782061
-42233.633312079466
-38785.67599580991
-39202.053738318944
-66860.19448054301
-78192.85900677132
-70870.99302991312
-61351.57714734022
-48652.654434043136
-54797.92566567228
-44547.98333958158
-30642.314357620082
-29342.985591071523
-85278.01250517763
-85800.68810156971
-84202.18117650729
-84325.89743864037
-81501.05645539434
-81456.84452976559
-82912.33699138812
-82591.31288965221
-83864.54489866892
-32353.35049428429
-30193.210578915587
-31074.568373451722
-32155.804545720875
-33033.6535169466
-33877.44563408689
-31895.97993073102
-34131.3802556584
-32815.9702368714
-80004.30189770517
-80075.51538128355
-78904.4485430846
-78717.6955520081
-83109.62696496968
-80639.08725520266
-81436.83051991575
-81526.92504042578
-34759.88585048315
-34872.690070080935
-36586.56790104108
-33740.778615748546
-35767.1925192605
-36556.39891758446
-36595.92490378742
-36125.20178059761
-34683.0300158237
-76459.1428114544
-76088.71238048385
-77407.9147913465
-77551.17549164171
-79138.788282779
-78262.27889835963
-74405.7707736132
-73804.51556870369
-74938.09147509972
-75380.55920158178
-73588.7122548835
-72806.43546776791
-79401.676019013
-78394.54462236728
-74003.03534972976
-35715.316429177714
-37914.15233498835
-38303.245827154446
-42592.898460274984
-38680.80668357489
-66796.75753687692
-64327.66050900285
-42705.483269538054
-40226.70597164372
-38563.47257171854
-38471.02531142739
-36921.93326225237
-76216.78273320924
-76986.76551706933
-77406.13491546366
-74471.16672978719
-75249.58670030335
-74010.45656309505
-72794.03159396812
-71889.98673399199
-73467.92355323529
-72523.07271837081
-71214.95652174519
-72471.13574651994
-70274.90918506152
-70357.24112587787
-73681.65345021649
-72068.64622049955
-70528.94138902069
-76873.2283212148
-75426.77424858707
-72768.22577528088
-70450.42145647781
-40461.88373179485
-41281.79397897065
-41205.85944902383
-43622.48397748205
-43941.934707475186
-58331.13909140535
-52051.95444095373
-61655.267312699754
-65647.1910267506
-49423.68471100138
-47576.57990155119
-42842.56156067868
-45318.51441208744
-47386.765010268165
-68064.82469201188
-68066.5032844811
-69184.42466961918
-41374.57743012277
-38165.23035282762
-44059.720672087395
-39675.7577253288
-41349.998024526794
-45231.608030834876
-43408.396891730714
-75879.19763416145
-76036.04008767812
-74818.14214828097
-74537.8211028469
-72542.98236446826
-73682.16411226407
-76329.42215143598
-76174.38474892762
-75604.5632050432
-76799.18287900787
-78849.49158744895
-75095.20089290637
-73705.80737349698
-72461.91494212697
-71114.17727171324
-74067.97019707719
-47000.60409820981
-45938.11599617193
-48708.79099099368
-49029.70723218389
-52104.97400925612
-49611.92398530596
-51471.101444483655
-45890.82647537103
-56071.99227890512
-60842.35155034086
-65576.91803562593
-71249.77788762654
-54427.60353896156
-61704.53531551276
-50329.62689139163
-66588.97165158465
-49440.580725027095
-52123.18678007796
-52939.52423509432
-73674.15236465611
-76871.06603325377
-77682.42314528419
-76637.02338412097
-52965.93593661132
-56823.97969382423
-60645.79067113559
-75267.28979327185
-75385.21141092807
-76621.68772293268
-75421.94445018983
-79116.81656303041
-80390.64350264246
-85277.07081065362
-81298.54763108307
-83812.70351426426
-81900.88153509775
-77210.5100829616
-74993.74349438274
-77513.38527298374
-77469.62450369446
-89706.53894684296
-82385.92700808651
-83707.13430217297
-89085.97911932836
-54907.75026689789
-57926.35793786785
-55958.637155835415
-56431.92787844048
-66088.80775703587
-69229.84723427596
-64849.58528948703
-71843.39712399364
-76602.86460629637
-56944.39959907166
-81509.016415677
-84782.9457638646
-91125.93452832419
-86529.62684216378
-58344.708548470786
-59715.598522706
-90335.31494371148
-87400.5655822023
-94295.71150568714
-94391.64891267923
-81147.3904324087
-79526.4129831897
-92802.16872425718
-83352.2940366702
-87114.56072614991
-83501.14794814354
-89799.4342261492
-64709.03180799687
-63567.65914469947
-64416.28351638143
-72259.62770247633
-78253.94239024927
-65219.93846555238
-70969.60900130874
-78026.7894033751
-79628.17505245276
-72206.29835918818
-74579.71556869548
-84831.89868239383
-83936.19951930412
-76039.84289497008
-72523.07101967126
-71679.29654949428
-80013.48245459945
-73913.1749879368
-83100.95844968024
-70657.44651808696
-74984.69631909388
-74598.58486205987
-80218.37113508813
-76609.1397081623
-82858.40569887703
-85159.28704818172
-78269.23143518035
-91038.89472613367
-57517.933357138165
-66594.81887429992
-62851.44479688978
-72513.80625669158
-82341.46656529815
-80968.3233435613
-97276.71874266652
-89902.43555215758
-85177.42558164518
-90106.81037628539
-99592.06826339678
-96639.83944641055
-103241.69259735323
-116284.63011926132
-120445.92452648836
-113388.09212762193
-139315.57911019755
-133784.89883436207
-97202.96010719739
-82292.74030895549
-93594.1593496179
-106565.21603213914
-126447.12305718765
-137877.33606930394
-69634.67928062836
-92974.60624449015
-92394.50282478801
-114198.26787365605
-107382.59487789431
-102408.6473026409
-98840.94392195737
-96068.22419174758
-132033.38647880196
-76714.79043651752
-78042.61752405729
-76542.07752618406
-69216.1294816955
-76532.97840178077
-100613.45307106414
-85381.09402052863
-96612.72869533987
-91831.37731122096
-93171.10256737964
-95410.49467827253
-100041.6730004685
-107706.71590577975
-114292.41079487624
-122567.8710804967
-134785.58262476962
-123167.89894522513
-111002.79684401676
-103435.64674794319
-94861.25806278897
-112112.89895568951
-126418.62109950493
-100193.95975510178
-118422.51741250904
-139019.3902904436
-135886.63664888428
-106281.81001106832
-120094.52037188772
-140867.90363027877
-138789.66419815653
-119524.39938575731
-117283.88274551216
-136288.44098053008
-146661.91795183622
-130617.91349221978
-131041.25712195954
-103321.73146337103
-115151.33910169447
-117175.08069253532
-116069.52381402136
-104115.5127034008
-104484.44991082248
-116014.46531707213
-105486.18744943124
-113752.36358240577
-154634.3120625291
-156264.43907059543
-149777.1993607254
-121401.98037465442
-113676.44945221697
-112217.18497445795
-110728.69403401227
-108473.86019579545
-113957.87076318433
-114667.11827738352
-110513.99419346033
-104500.15714930942
-83329.01509473009
-91874.68293618293
-89878.70246357172
-94117.09231082053
-118925.62800864766
-107412.98425897292
-115498.34658947818
-95336.89016776574
-102124.77081826101
-97567.95676545077
-105071.69081131835
-100819.0896207949
-114306.3645962157
-111940.92172773606
-114803.64688577938
-126059.72074033193
-110801.76982411854
-101061.93032120948
-112993.77836797589
-110105.41034293741
-114243.52011536107
-131576.47104984138
-133853.48558662707
-126986.53243864285
-125595.69892266356
-125573.98249954074
-128694.49836101197
-150610.72205819396
-144514.05200812127
-155820.50084843425
-155389.69364270548
-156726.1477372918
-140852.00514458708
-156189.93848989124
-121433.45272573516
-133258.6144292249
-132185.24602041586
-145808.36106734833
-130946.33039454231
-129432.10632070155
-137910.12407649428
-133083.05629613064
-92694.2358224612
-133213.59146529794
-147583.45710384185
-150814.83400567216
-136558.2892112955
-135000.14538670675
-126072.64864465788
-125448.19007234999
-128111.47707367378
-128542.1477064201
-141201.22960877148
-134888.1095791402
-148456.0950245243
-149168.50021064802
-141872.8147221487
-127916.04738915933
-119098.64595176988
-122509.00423557055
-142251.32167560403
-151382.78891447093
-139919.82023850348
-153683.51767027497
-153468.55988694393
-138795.98512532297
-144811.5937476217
-142834.23894405266
-148282.98713076438
-149142.36619096977
-152719.9782447849
-150003.26174980187
-151940.36818139674
-143731.0981649426
-148965.39518731984
-142709.2580798315
-140562.08823966986
-144297.22236826335
-142655.47188517338
-142294.91332446763
-87359.97897842723
-100637.27867551868
-105508.61716341879
-155699.36005430794
-92713.56646525588
-125891.70542262816
-131495.54555019527
-148448.88636348356
-147450.9681824634
-162457.57794495302
-152532.12745982272
-161010.55159681468
-163097.9835283157
-158043.5223246827
-160249.1960285495
-184128.42375331325
-175499.48741030894
-185268.42333605888
-178749.26769688845
-183547.36751941917
-175348.12292258698
-179892.65575109518
-172432.7610723994
-148130.67312713608
-173984.40054610986
-178347.94149758323
-180117.09615921488
-104751.51729662275
-190215.79898271244
-167922.59206378218
-171371.27721116066
-174932.1705436151
-133809.0639061728
-127668.9629600484
-155622.3932085859
-162071.02125482736
-169883.81895196086
-174214.8640113147
-170455.1749982864
-177447.6220878618
-181029.02137648533
-185169.80758202312
-184459.9835605144
-183103.376124362
-165970.37853558906
-212663.71652826847
-212117.66740398988
-158564.74703898988
-161944.85589459076
-150518.8017987835
-152066.88141472
-158434.28562276726
-168517.56618615193
-178738.90965465957
-161195.07767358416
-185084.77211644972
-173125.71485846167
-180780.40107232987
-183675.0638539369
-180072.66960651314
-172460.15912671215
-213922.85836013677
-217505.19237067743
-213336.61377577443
-215425.33789312877
-210332.13919223493
-209706.09117190546
-211453.16543437928
-197287.39396563274
-210389.88484673854
-210767.4620890951
-211902.28354445178
-213070.33130728154
-182461.12529261434
-160279.88713615132
-161201.49263764566
-191926.7504035541
-151220.33754736066
-147197.94919131885
-156242.93065519474
-178388.71171103878
-182977.2208369894
-176444.93684424445
-176164.24829787106
-172138.5438544814
-173655.9682790515
-168567.93461597298
-159995.57844005674
-158568.6493743987
-171016.95683928873
-179064.57869043387
-190493.25586390914
-198261.0855333381
-205245.15401437882
-162858.4361692947
-169195.83736587147
-163108.1806172765
-170329.49687535726
-164478.61594356428
-172456.62456315145
-208633.27865381818
-208726.0926261464
-222473.4869613474
-207430.1253966084
-213622.56483567678
-214708.95676026656
-206134.7706146858
-173022.57056716247
-179429.5304881437
-174503.5853439519
-178959.59529564812
-172518.24310846903
-180986.50315628812
-165386.80362252056
-175588.19519549503
-170475.55427408806
-183168.82945662184
-206491.7357317905
-204826.08206080756
-205740.12579244276
-213040.7633385932
-216959.91133743114
-206101.5649027808
-214506.45841046926
-210326.44433525758
-202733.72576880042
-223567.74149581874
-243160.12937339352
-232853.84167151293
-199118.563450666
-200060.8645354019
-242279.7790349484
-183556.23014469072
-164517.5142443572
-163645.51741617592
-175918.84545711824
-168086.85060280553
-172108.3382987716
-215721.66427298627
-204854.3870212003
-214814.0497362606
-210370.30997347095
-211083.44658631002
-205312.3053133244
-200800.90568063132
-206420.79331822196
-196618.7934712178
-169123.57719400944
-160275.53107223398
-169493.83647576967
-206152.19381111139
-193824.06095240818
-219974.9271838129
-216903.89266582625
-224810.36883440704
-239010.0440431994
-195715.4561819796
-196321.88945432162
-198038.0608042637
-197269.79638477578
-201178.2382519832
-203114.90162011195
-202519.11418860932
-206608.03359345865
-204988.9897560039
-209434.53676168554
-209147.9267516103
-203696.08396545568
-201874.84812346357
-201642.62533266633
-205479.3055516286
-197968.54139280107
-200085.17705045268
-196454.07845047678
-199353.05695726763
-203626.79627518318
-199963.46837244657
-157320.5819564422
-215803.5464183365
-259536.22132021413
-263164.81488054054
-257463.7962801264
-257456.64388787266
-127301.56474486653
-231512.62837579715
-275164.2477118547
-219075.76640861266
-259026.06752766817
-289094.09174671205
-249530.17403324047
-252351.7876646483
-275709.02577605913
-263245.5311171411
-253187.1815510423
-290052.04999846534
-259710.9897538429
-293135.27868299076
-265725.0748314105
-289274.43151126156
-271289.86590957694
-287518.2667980662
-269635.90745801013
-281743.79498456646
-313687.6495476594
-287221.14393390407
-263202.3796613068
-242723.5962433329
-265190.03991874674
-268977.0353178982
-240145.24461519177
-243954.6828262612
-285193.42332086683
-729710.7676559199
-679763.6604997646
-287533.203291692
-257157.1731575597
-284352.7259395461
-252070.27967351294
-218851.55420220358
-212743.20387554634
-244808.2956199978
-254613.0708854653
-257213.28110603336
-258028.98076379282
-274733.33264354576
-294923.83703017543
-252206.6042583486
-283182.35805449163
-268182.82607821067
-272993.44964991463
-254479.67131256108
-263542.3428409155
-279640.67915031256
-253230.11721992196
-291296.52296142984
-657457.8221205574
-631374.7984929368
-242605.49079691252
-277639.93571296305
-244545.81503839482
-246265.09472828344
-305773.12027958443
-267265.18516902503
-268300.3491082172
-247131.06383050777
-265560.4346950217
-248478.79133497333
-253440.66812641112
-246103.84908688365
-293091.17639866105
-253539.60879107943
-267695.8960735181
-270089.47832368134
-240324.94280832694
-566190.1451512432
-659153.199243162
-655746.2911316555
-305478.62956648937
-330141.17560646276
-280247.97040244576
-312984.67126428924
-296757.64119115134
-266147.5697201011
-354834.922429784
-326177.8328440684
-369864.18227216415
-244485.6599487347
-205112.5196730029
-242510.82282724875
-223813.77590024
-255262.17608772055
-281721.43760636606
-255577.18292617262
-243282.3041953196
-258053.4383438929
-256410.7831146602
-252296.99698540225
-277683.20634069294
-285927.3651234714
-257050.03926926246
-279632.84497510974
-269063.32873928297
-243635.3925651648
-254555.3750805914
-264524.9560685186
-269111.5872727641
-240683.18878965848
-244280.6859447794
-260397.40761081013
-267694.30099630257
-241667.39957853794
-237444.9922442389
-237524.0409170623
-267389.9865987839
-286574.7989647511
-256486.77917975775
-266304.7223067969
-285603.6232774432
-295401.62913541205
-261661.44095368055
-239450.38190912007
-262370.65803449333
-238823.74511659355
-266598.4355980802
-231273.1623451989
-264870.6435797271
-238309.3395450375
-259527.19965071024
-238647.2000554751
-254997.1925497829
-235232.106378623
-271578.7064915818
-476043.1154098433
-531575.5193343706
-655073.5147820243
-269658.7234838022
-246836.3057882755
-246973.13225617618
-265608.044874629
-262849.1015764658
-253897.09049346996
-271408.0579363034
-267488.8514579305
-303834.68768917426
-238695.2756287578
-252849.74381273313
-270156.8567271218
-271645.4923681712
-242836.08735984162
-589308.2934289785
-673219.047380911
-609880.2480033733
-569087.5681500301
-482570.13484209223
-538040.7781526347
-266263.23872442637
-236525.00949596596
-263765.6019571451
-245914.8170106844
-255303.75141061418
-237542.84164379592
-265226.11589505896
-537424.0297898614
-470728.194398297
-515124.4306217683
-406550.35758995294
-461390.3205708475
-241161.1018340534
-272081.6112534812
-248326.7396252177
-457813.840882573
-436848.92528589675
-522674.55499452294
-557459.7802273061
-412738.98137430614
-458515.3092603967
-480000.9832774845
-460930.21325325064
-686255.808866996
-762061.8565660219
-733510.277818241
-475017.56616122194
-582105.3096554945
-270275.6301893248
-780008.0096261952
724004.2758809648
-674225.8582413368
-722022.7527981338
-644465.7407088346
-681254.8457366792
-694177.0085933987
-662405.1348718543
-697854.0488867819
-720579.9292700373
-731391.4452224572
-735582.186980859
-744358.6189697785
-657235.7344168128
-709972.3139009671
-706007.4889508848
-697525.001662095
-656435.467085812
-568619.1671058881
-707339.5781788862
-552445.8443400307
757524.6036310146
1453102.5124640556
1776980.4012180169
846388.1265815382
716908.8652507162
414310.1975630006
818913.6284203219
991067.7390566865
-792597.0186465839
-577443.4954322611
-759829.98033336
-726084.8231245541
-649354.9729326117
-643903.4975509612
-682145.3595455731
-638148.9998015359
-809407.0341722397
-681212.856849983
-639656.5331070042
-826968.1753042225
-687319.5747270288
-710084.4987822257
-623593.8322878324
-817906.2981090264
763987.0980609643
733028.8608997226
785395.3229071792
699278.5506103063
1077136.338430341
977511.061354504
561565.1425712164
994263.5923168772
620927.5717193874
-576900.620585071
-623040.6000328134
-517497.6085817842
-562174.3092195343
-695874.2179638309
-738920.7202083749
-652801.6248898124
-684868.8103322751
-667802.2389485555
-730953.0938429037
-705608.9320797593
-665296.3842585763
-598787.4104107687
-788223.7950012628
675489.2248470517
-621636.717984839
500761.53246682923
706964.8403700948
636429.1023327423
936098.6730216416
759923.9854273979
958324.1084601613
727319.4021335844
807664.2368743154
952486.9814846786
869865.7082773234
882175.0892157522
832902.2015514417
833689.8447256504
799968.4691332678
912842.0050953579
956212.2011852221
644397.6463866527
571668.6960955629
-513596.84651873313
-576018.5927453422
-636289.2122411407
-493339.1402326333
-582677.8830960441
-572373.1188227211
-727523.2367220933
-400210.654231516
-624593.1630100494
-574967.3657846435
-563493.5733752787
-566455.780276123
-448226.42675539386
-576934.1635478385
-571175.0833834354
-676939.4966097706
-521090.07211842964
-592923.4569019894
-493727.14956581284
-457110.37122876954
-465641.96504961647
-542960.4394584514
-538720.6702210151
-488315.63222811674
-535628.8861682736
-516294.37131596653
-510034.33338348416
-32400.553381855465
-549793.8596700722
-528171.1676855988
-533429.3265868222
-465151.5115480581
-531789.1844109956
-525849.0147191094
-588883.1860936511
-483387.9088148512
-565042.0912883652
-475024.0681116716
-601398.4192741779
-534190.3195512306
-552153.6244133078
-520969.15926021064
-586863.8226401156
-582362.6752075908
-609419.5659273362
-643228.2934626177
-529551.7401854242
644583.9345815709
431609.27269066987
415582.3735554372
475016.74117126834
807514.4849773214
511099.5451669087
674295.692489988
740515.3439552877
958530.8726072172
1030125.7592470233
993277.4855286322
757772.3588305752
568762.9409697187
627867.1538564744
737474.0969139637
-611848.2300294039
-516733.6710693773
-653619.6066607392
-593422.8048632123
169844.05619741068
-607894.5509813436
-831676.3990953325
-518815.32105237973
-616788.42532745
-522195.57235921413
-582670.9920141276
494647.8638182467
-623049.0038364509
-507610.2457369918
-555426.3836742623
624359.8155756382
909404.6813032633
628087.7200721403
183243.67188569065
546138.4836340564
506556.36264183774
512386.27094510477
600361.9238642007
436880.060097268
699669.9079103296
571151.5520867446
536842.9709561691
509315.75377382356
-910070.179669118
-737209.3178629298
477576.74856004695
419557.5247795481
948129.8220971697
931585.0819945983
511906.20692333113
-485180.132247926
-470942.54046824784
-343536.12938907277
-245693.3444044809
-546355.9785042917
-316983.5523374739
-557854.4272369497
-644666.7306108046
-728475.2728153346
-1134808.547224347
-511186.1145034765
-512729.34437555046
-566261.9618864666
-530175.7993520184
366039.17786417174
308055.0370070424
342865.8247441715
301614.13069105527
424802.79425059125
354133.9218002662
146627.79221473294
132182.6600708605
-216344.66355225863
-171623.99293514233
-199031.82091139405
-3356.7555513321226
-258504.55041915472
-278637.5120583552
54037.9086208078
-64333.22512181507
-150962.02910318095
-51129.73920509548
-187230.7925934991
-190253.38144762756
-2756.5787400849417
-69702.59242611918
-135745.99370817636
-106412.79140763373
-42706.090706001654
-48620.087134439265
232725.18752830336
26573.865288355406
-67834.59337506953
76889.03855803184
-533005.550793982
-497743.6887555302
-488462.0800175093
169347.31029756722
33644.453005353826
341539.7804649339
260591.0482392289
135527.5768219278
-351673.5460071788
-352595.5717965155
-399715.6667462655
210805.36582247666
126957.33805085164
361760.1551345955
191353.5562796219
377654.0363052877
297525.1718152237
249613.28554056483
111975.22575720095
227179.5547553222
187464.46305517884
380940.88627133565
521496.78588114056
229797.28497655364
527860.8288008807
608367.5805967645
758730.5708827827
707081.5865706954
406323.2993254995
398489.85993626947
511109.2608219683
106876.85510907393
193930.39322742572
111010.30200543226
103697.42451872329
62353.81145719383
231521.2379481797
-27101.005113892603
19916.466566532657
