% Model:              K-Totem.mph
% Version:            COMSOL 6.4.0.293
% Date:               Jun 1 2026, 19:49
% Dimension:          2
% Nodes:              2437
% Elements:           4392
% Expressions:        1
% Description:        Pressure
% Length unit:        m
% Coordinates
-0.7465799553820557;1.5046202874134684
-0.7499999999999999;1.5012933323198696
-0.7449999999999999;1.5012933323198696
-0.74;1.5012933323198696
-0.742147687121067;1.5054620704602673
-0.73;1.5012933323198696
-0.7349999999999999;1.5012933323198696
-0.7249999999999999;1.5012933323198696
-0.7275744010011903;1.5056480362567832
-0.705;1.5012933323198696
-0.7071197241819487;1.5054503595017543
-0.71;1.5012933323198696
-0.003414123039221451;1.5048308370063836
-0.005000000000000014;1.5012933323198696
0;1.5012933323198696
0;1.5065666593668081
-0.019999999999999993;1.5012933323198696
-0.015000000000000043;1.5012933323198696
-0.017634352496461458;1.5059986207373686
-0.02276474363124113;1.5053532585021259
-0.025000000000000005;1.5012933323198696
-0.026946275052918935;1.5043503612962472
-0.03000000000000002;1.5012933323198696
-0.44000000000000006;1.5012933323198696
-0.442127823552013;1.505457131171522
-0.44500000000000006;1.5012933323198696
-0.7375210617528012;1.5052350283288816
-0.6349999999999999;1.5012933323198696
-0.6371401374984931;1.5054802485541834
-0.64;1.5012933323198696
-0.6549999999999999;1.5012933323198696
-0.6571617042740487;1.5054974600920352
-0.6599999999999999;1.5012933323198696
-0.6499999999999999;1.5012933323198696
-0.6649999999999999;1.5012933323198696
-0.6950000000000001;1.5012933323198696
-0.6971180705444269;1.505499817676559
-0.7;1.5012933323198696
-0.7019709662789038;1.5069333370762859
-0.6899999999999998;1.5012933323198696
-0.6849999999999999;1.5012933323198696
-0.6871323441126205;1.5054842225030443
-0.7499999999999999;1.5065666593668081
-0.5199999999999999;1.5012933323198696
-0.5149999999999999;1.5012933323198696
-0.49;1.5012933323198696
-0.4921095279294282;1.505458691755361
-0.495;1.5012933323198696
-0.4969361500226882;1.5069268452951543
-0.5;1.5012933323198696
-0.5099999999999999;1.5012933323198696
-0.5121881957160691;1.5056289035241857
-0.5020858839690577;1.5054968929880035
-0.505;1.5012933323198696
-0.5869464641710379;1.5045109474790486
-0.5899999999999999;1.5012933323198696
-0.585;1.5012933323198696
-0.6449999999999999;1.5012933323198696
-0.6471541271747255;1.5054834423964936
-0.63;1.5012933323198696
-0.625;1.5012933323198696
-0.6271427818653407;1.5054808037673477
-0.5724865766914616;1.5054785472115895
-0.575;1.5012933323198696
-0.57;1.5012933323198696
-0.58;1.5012933323198696
-0.5825899606432279;1.505657270140256
-0.5774979000722067;1.5066519942086805
-0.5399999999999999;1.5012933323198696
-0.5423888330307904;1.5065436878407088
-0.5449999999999999;1.5012933323198696
-0.5519169128407989;1.5046271188018205
-0.5549999999999999;1.5012933323198696
-0.5499999999999999;1.5012933323198696
-0.5599999999999999;1.5012933323198696
-0.5620850639723288;1.5054412975997313
-0.565;1.5012933323198696
-0.5299999999999999;1.5012933323198696
-0.525;1.5012933323198696
-0.5275933996691544;1.506707787237958
-0.5227154474873051;1.5054092653054432
-0.5475540832274728;1.505759144740149
-0.5349999999999999;1.5012933323198696
-0.532888046396595;1.506887608697566
-0.5376586798185167;1.5052944638836974
-0.6799999999999998;1.5012933323198696
-0.715;1.5012933323198696
-0.717156143875718;1.5054756604292194
-0.72;1.5012933323198696
-0.711971055111522;1.5068986958081112
-0.007500914409795328;1.5053622362851136
-0.010000000000000028;1.5012933323198696
-0.012531816595495413;1.5059430205418354
-0.032032404663254806;1.5063531344937768
-0.03500000000000003;1.5012933323198696
-0.03692209375828625;1.505090820132354
-0.04000000000000005;1.5012933323198696
-0.041883057068531016;1.5066004338700287
-0.04500000000000006;1.5012933323198696
-0.04725007660820816;1.5052042002344606
-0.05000000000000008;1.5012933323198696
-0.05500000000000009;1.5012933323198696
-0.05712466972856157;1.5054654876960156
-0.06000000000000004;1.5012933323198696
-0.06500000000000004;1.5012933323198696
-0.06712573382267759;1.505483970332642
-0.07000000000000006;1.5012933323198696
-0.08500000000000005;1.5012933323198696
-0.08716543718003004;1.5054886085301362
-0.09000000000000007;1.5012933323198696
-0.07500000000000008;1.5012933323198696
-0.0771635170970514;1.5054995354995164
-0.08000000000000003;1.5012933323198696
-0.36000000000000004;1.5012933323198696
-0.3621417874557619;1.5054742161588721
-0.365;1.5012933323198696
-0.42000000000000004;1.5012933323198696
-0.4221071333818392;1.5054461788653528
-0.42500000000000004;1.5012933323198696
-0.4150000000000001;1.5012933323198696
-0.41697029942865377;1.5068950477136451
-0.4;1.5012933323198696
-0.4021517412125021;1.505483729595753
-0.4050000000000001;1.5012933323198696
-0.39000000000000007;1.5012933323198696
-0.3921630771779453;1.5054819769507466
-0.3950000000000001;1.5012933323198696
-0.37;1.5012933323198696
-0.37214345629854495;1.5054694263460897
-0.37500000000000006;1.5012933323198696
-0.38000000000000006;1.5012933323198696
-0.38214547695928275;1.5054698195087304
-0.38500000000000006;1.5012933323198696
-0.3770023769210253;1.5069331232835748
-0.48500000000000004;1.5012933323198696
-0.48697823443881955;1.5069258072364924
-0.4800000000000001;1.5012933323198696
-0.482131508193463;1.5054692996885732
-0.47000000000000003;1.5012933323198696
-0.47212227779901167;1.505483691197109
-0.47500000000000003;1.5012933323198696
-0.46;1.5012933323198696
-0.4621052477175118;1.5054571628459452
-0.465;1.5012933323198696
-0.4669824778673413;1.506933868520635
-0.23190511838088335;1.504804047620465
-0.23499999999999996;1.5012933323198696
-0.22999999999999998;1.5012933323198696
-0.32;1.5012933323198696
-0.3221614685838578;1.5054732577139065
-0.325;1.5012933323198696
-0.3;1.5012933323198696
-0.3021578788908096;1.50549205371748
-0.30499999999999994;1.5012933323198696
-0.315;1.5012933323198696
-0.31000000000000005;1.5012933323198696
-0.3121726999578296;1.5054618090472138
-0.26758912063137735;1.5052604563292793
-0.26999999999999996;1.5012933323198696
-0.26499999999999996;1.5012933323198696
-0.12500000000000008;1.5012933323198696
-0.12715369522145184;1.5054629517143865
-0.13;1.5012933323198696
-0.33;1.5012933323198696
-0.3321367483258928;1.5054907802781965
-0.33499999999999996;1.5012933323198696
-0.27499999999999997;1.5012933323198696
-0.27250926822450317;1.5065996128909642
-0.28180849716359097;1.5046204348358283
-0.285;1.5012933323198696
-0.28;1.5012933323198696
-0.27752742894387195;1.5056970875625872
-0.2868706929047355;1.5067067571590333
-0.29;1.5012933323198696
-0.2920031314722377;1.505337467868645
-0.295;1.5012933323198696
-0.3070000662725879;1.506931939255982
-0.43500000000000005;1.5012933323198696
-0.43698889132963276;1.50693203427101
-0.42695737846234383;1.5069177881561133
-0.43000000000000005;1.5012933323198696
-0.4321223314949903;1.5054746784202138
-0.4469793021483572;1.5069144957644154
-0.45000000000000007;1.5012933323198696
-0.45211573691982987;1.505450016676665
-0.455;1.5012933323198696
-0.6749999999999999;1.5012933323198696
-0.677147023128342;1.5054878170340698
-0.6671469823465334;1.5054912952856698
-0.6699999999999999;1.5012933323198696
-0.595;1.5012933323198696
-0.5969858156176985;1.5055456341417397
-0.5999999999999999;1.5012933323198696
-0.5917268254654683;1.5066981062460725
-0.6049999999999999;1.5012933323198696
-0.6071147801839603;1.5055259168653559
-0.6099999999999999;1.5012933323198696
-0.6149999999999999;1.5012933323198696
-0.617141870969257;1.505518504507139
-0.6199999999999999;1.5012933323198696
-0.556818196624789;1.506506352480147
-0.1749999999999999;1.5012933323198696
-0.1771108620139655;1.5054648257699736
-0.17999999999999994;1.5012933323198696
-0.1819489902360922;1.5069350911622836
-0.18499999999999994;1.5012933323198696
-0.19499999999999995;1.5012933323198696
-0.19713433756449933;1.5054844201803292
-0.19999999999999996;1.5012933323198696
-0.20500000000000007;1.5012933323198696
-0.20715718318595797;1.5055428991915722
-0.21000000000000005;1.5012933323198696
-0.1150000000000001;1.5012933323198696
-0.1171388056458604;1.5054713329645835
-0.12;1.5012933323198696
-0.1220053596479095;1.5069359016672574
-0.13500000000000012;1.5012933323198696
-0.1371465856431525;1.5054509835815306
-0.14000000000000012;1.5012933323198696
-0.14191856741296532;1.5069252783021236
-0.1450000000000001;1.5012933323198696
-0.15000000000000013;1.5012933323198696
-0.15195756641563565;1.5069041062318573
-0.15500000000000003;1.5012933323198696
-0.14711645693998307;1.5054486482892124
-0.15712704834164778;1.5054662600009268
-0.16000000000000003;1.5012933323198696
-0.165;1.5012933323198696
-0.16713183144840202;1.5054656619208646
-0.1699999999999999;1.5012933323198696
-0.13203665550842267;1.5069248403130882
-0.17197753436337784;1.5069289655834104
-0.4100000000000001;1.5012933323198696
-0.41212003024314925;1.5054495188587478
-0.4070026719960928;1.506933328515041
-0.3400000000000001;1.5012933323198696
-0.34213515618583135;1.505471414440189
-0.3450000000000001;1.5012933323198696
-0.35000000000000003;1.5012933323198696
-0.35213109778719925;1.5054723654328506
-0.35500000000000004;1.5012933323198696
-0.3469882445873913;1.5069357528449892
-0.06188363467364182;1.5069231748484406
-0.11000000000000008;1.5012933323198696
-0.1119749700157096;1.5069100905708588
-0.10500000000000011;1.5012933323198696
-0.10712638526676319;1.5054684519594166
-0.10000000000000009;1.5012933323198696
-0.09500000000000007;1.5012933323198696
-0.09715152410937995;1.5054759321616027
-0.2150000000000001;1.5012933323198696
-0.21776155664142965;1.50511904842724
-0.21999999999999997;1.5012933323198696
-0.22499999999999998;1.5012933323198696
-0.2275448950337956;1.5056504628703127
-0.25715770492388673;1.5050743402979632
-0.2599999999999999;1.5012933323198696
-0.25499999999999995;1.5012933323198696
-0.25;1.5012933323198696
-0.25272869556038485;1.5062459938662092
-0.24499999999999986;1.5012933323198696
-0.24;1.5012933323198696
-0.24227292287005067;1.5055036814535145
-0.22247372383667066;1.506463039639872
-0.19000000000000003;1.5012933323198696
-0.18712064871170717;1.505479279180462
-0.7323570891349144;1.507143441738302
-0.6520368666348392;1.506970889873856
-0.6620514589227386;1.5069671620339973
-0.6919721072872185;1.5069606791508536
-0.7384182300778164;1.510873207666643
-0.7453070265760231;1.5092512172498957
-0.7441499183787277;1.5154562389355595
-0.7499999999999999;1.5124099753638678
-0.5175275506595175;1.5073361029166477
-0.5069569251725777;1.5070176086488472
-0.6420147943902884;1.506951497531206
-0.6317937201638248;1.5070141608842007
-0.5670528331879372;1.5071352552759705
-0.6819149297667073;1.5069694285696822
-0.7219576685195458;1.507476710735274
-0.706438536490112;1.5110827641494222
-0.7113414510964676;1.512966903022082
-0.7313925001876255;1.5147137777706756
-0.7269708957789927;1.5110416859394529
-0.004236730295217384;1.5093397904760801
0;1.5124099753638678
-0.0098743573516751;1.5112998061823146
-0.00622283075952491;1.5161238655751113
-0.0150465337823522;1.5102667625685842
-0.020489996363306274;1.5114188237427202
-0.026006907435922415;1.5093964967977527
-0.05192544926884831;1.5069385460181826
-0.07200188094619776;1.5069649848253488
-0.08204273176239456;1.5069752251863193
-0.39704621854779554;1.5069628888338047
-0.36701942239238705;1.506946495020512
-0.31707600911274414;1.5069433193514448
-0.3269970912381072;1.5069505337219766
-0.29703092812661946;1.5070641037376653
-0.4769935435887713;1.5069505572574335
-0.4414413657730493;1.5109332194295824
-0.6567034826930427;1.510979902978841
-0.6465598482227827;1.5112969555403761
-0.6515139619761123;1.5132089723084587
-0.6365962436578514;1.5109761688930217
-0.6414561784711419;1.5130990400130742
-0.6720140656779248;1.5069786834222225
-0.6666616675204251;1.5111366287039425
-0.6615152005943958;1.5134941225136054
-0.6765209861364277;1.5110428321599987
-0.6715231866109194;1.5131588133655458
-0.6965746049725151;1.5109137744710628
-0.7014159579329021;1.5130943126400689
-0.6914246768799539;1.513458393274013
-0.6814808927314007;1.5131604186704686
-0.6867264959204255;1.5113012989841317
-0.4915385707728331;1.5112776533234882
-0.5380166092618711;1.5115511216843938
-0.501465527971952;1.5110605897767693
-0.5117293706321808;1.511637699387359
-0.5063087812409698;1.5133307536130585
-0.5232244077343793;1.5123415960506643
-0.5166225163055107;1.5141996814621526
-0.49630114608592196;1.5133981093698559
-0.585903798009527;1.5098568679722937
-0.6019289136373261;1.5070503420085481
-0.6119873009689899;1.5070057292920247
-0.6220168556017929;1.5069830062748326
-0.6264983492636703;1.5110105395396498
-0.6314576243334076;1.5131355553712087
-0.5726713439332259;1.5117439355210407
-0.5799899914527723;1.5115784443407858
-0.5451769537401466;1.5122475263930018
-0.551337930553689;1.5104693098564859
-0.5561558506583089;1.5129811976200818
-0.5614961131138708;1.510747977915858
-0.566355479394978;1.5133152985159146
-0.5307241045886913;1.5123454972298571
-0.7163103860272115;1.5109779475656415
-0.7210222906750082;1.5131385852080717
-0.20197335147171858;1.506963608158715
-0.33701717111882207;1.5069483484736503
-0.35700413168297834;1.5069458917377647
-0.3316510906350123;1.5108814732036655
-0.38702439500030295;1.5069460305309192
-0.014778150713518684;1.5170893706256612
-0.03642142175889621;1.510396717163457
-0.03101965575492754;1.5119881743163426
-0.046437787838488204;1.5109143402875445
-0.041125562232722956;1.5129221095239445
-0.10199945514678768;1.5069375291077955
-0.0920425919305434;1.5069605549994012
-0.09654473732279216;1.5112433740015372
-0.051460399662442584;1.5131182960741325
-0.056617395581468756;1.5110235370137945
-0.06641452110505083;1.5110106637640501
-0.08652277462616796;1.5110579992317432
-0.0714152287537549;1.5134001819596539
-0.07654191466909988;1.5112922044416581
-0.08152070174239752;1.513439095620644
-0.13648064661852163;1.510926168853485
-0.3614370793723011;1.5109877271673167
-0.43642681921771326;1.513033849552545
-0.4314001749211893;1.5109515944883252
-0.42141458646526414;1.510942357320159
-0.4263165572260947;1.5130337945989325
-0.4116271797909994;1.5108325534253124
-0.41638742133615264;1.5132656270103493
-0.40170981551862206;1.5109357659901814
-0.40648688490894036;1.513385147570531
-0.3917187799686247;1.5109538151434516
-0.39661259126589343;1.5131795312439158
-0.37167468587918034;1.5109071210221507
-0.36646843558884606;1.5130946617912484
-0.3815482288540813;1.5111169523417347
-0.3764484267145177;1.5134632353222517
-0.4571458770160337;1.5070160125248548
-0.4863995680086642;1.513057412484372
-0.481462406156719;1.5109794115282131
-0.4716003809983177;1.510884451163209
-0.4513930005126641;1.5109066443315695
-0.4615826745471873;1.5108283250314198
-0.46646676400936044;1.5132967847670211
-0.45633934868713755;1.5128738644044506
-0.2121653112295164;1.507154365995681
-0.2621737051774033;1.5070826864779008
-0.24744394451617513;1.5071253416252768
-0.23112601891343582;1.509929351535095
-0.2368857963565725;1.5069725270620355
-0.3217342425684374;1.5108857708563712
-0.32659778973309317;1.5133831619776967
-0.3016261955092621;1.5107475439068612
-0.3167024089591637;1.513050194690675
-0.3116701761677395;1.5110955901822913
-0.26800800575198663;1.5119322936523667
-0.19199326107190307;1.5069517207978114
-0.1166163596249545;1.5108367438024892
-0.11134876528099774;1.5129029318049558
-0.1265000852157295;1.5109707223638829
-0.12143174774898402;1.5130559695383394
-0.2748804403256122;1.512069967522387
-0.28066869057276134;1.5105061439287568
-0.2855477612757389;1.513495448823337
-0.29130274815921026;1.5118547300709089
-0.2966769672965783;1.513805792908607
-0.3067610697102886;1.5132854850005293
-0.4463830820135349;1.5130211018901263
-0.47645744083870456;1.513066655895959
-0.5349068049270111;1.5173978673123747
-0.5903421612796319;1.5145171490353153
-0.5963254329668524;1.5112765975846574
-0.5841476149832134;1.514673568214457
-0.6063851420533722;1.5112106102979403
-0.6012470835345298;1.5136810757140793
-0.6113852092488917;1.5136768140356052
-0.6166406578153992;1.5110243296817676
-0.6214802876200523;1.513453536504035
-0.1620052055006819;1.506939655061275
-0.14662355534035795;1.5108670272438598
-0.1566134771629735;1.5108440359425308
-0.15131765077200846;1.5129514475480337
-0.16147707877430478;1.513076591288105
-0.16646247948216428;1.5109578384983602
-0.17637152766583852;1.5109435888762714
-0.17142755519865766;1.5130432872623776
-0.18129199108167537;1.5130659443185606
-0.18639768300027637;1.5109707353453907
-0.19663251499413897;1.510886938083043
-0.19144893710867314;1.5130939095877594
-0.2066459243309405;1.5112801575890047
-0.2013698918498442;1.5134386176041288
-0.14142833042596573;1.5127502618602886
-0.1315072266900968;1.5130542958620596
-0.3417379559314139;1.5109462475635729
-0.336535079742114;1.5130424957617912
-0.35645798962271086;1.51338237318668
-0.35161251201917587;1.510849570777224
-0.34640370265237863;1.5130635016359428
-0.3864854284269002;1.513157062355667
-0.06130065575880475;1.5132403470667293
-0.1066091511288452;1.510827696430436
-0.10141965162025644;1.5130839274886352
-0.0915238911252364;1.513419028045155
-0.21152815047611104;1.5137716193210107
-0.21833622437218275;1.5120626802142736
-0.2253261327188838;1.5111272830351776
-0.2562800296287037;1.5110503252381235
-0.2616810826639106;1.513735696690281
-0.22927672408501287;1.5142689204428557
-0.2501339104641807;1.5128747695547649
-0.24207337549677285;1.5123149350218519
-0.23505347996068218;1.514362879575343
-0.7499999999999999;1.5188812886960936
-0.7431598896803949;1.522530888531668
-0.7365196477632346;1.5186630853570073
-0.7354584507966379;1.5259581691497428
-0.7060443985210818;1.5190898137015918
-0.7156701992111153;1.518622809757493
-0.7293229744314798;1.5226113535814632
-0.7239563005680942;1.5180137268393548
-0.721160204523252;1.525334007580593
0;1.5188812886960936
-0.0075250869667372764;1.5222062923801438
0;1.5260480919743884
-0.025080458604875885;1.51772119434693
-0.035333043875207616;1.5185804583150446
-0.2716622602264838;1.5174883523950373
-0.44105329953979366;1.5189296745218355
-0.742662147367009;1.5298977367201307
-0.7499999999999999;1.5260480919743884
-0.7499999999999999;1.5339851314272612
-0.6560925498447312;1.5193239097004845
-0.6460681739854894;1.5192437265762266
-0.635947773830266;1.5191943287422764
-0.6660980128016397;1.5192813738037825
-0.6763152658996732;1.5190829162132475
-0.6959813876762448;1.5192834998034443
-0.685946176939258;1.519222762528096
-0.7281510680519124;1.5304627474494623
-0.7359994734791304;1.5326434269899356
-0.7412595320584363;1.5388730390019476
-0.7307019926020223;1.540670064949845
-0.7011305794266554;1.5276377148765943
-0.7114663019590949;1.5283742672709215
-0.49082012412001647;1.5190312224025462
-0.5418666773293133;1.51906024270354
-0.5282272140949948;1.5204711352188602
-0.5006462691226673;1.5192534782230982
-0.5107304666655397;1.5198691328147054
-0.520584811538683;1.5211616050903807
-0.6259140037541074;1.519282095688457
-0.6159036176781831;1.5195267422335614
-0.5961956481993728;1.5195867860689742
-0.5694399898367363;1.519275211534458
-0.5780335444954371;1.5176242540208427
-0.5859493767156803;1.5219282955666582
-0.5509915471564168;1.5183189010243687
-0.5600476433325581;1.518816234237597
-0.5653162329122591;1.5250785131218874
-0.5456995281974654;1.5260139790909841
-0.7187877634280523;1.536167862569772
-0.33113575799141176;1.519160465568873
-0.017434160904200906;1.5279442334635556
-0.006173621679617042;1.5297147570694882
0;1.5339851314272612
-0.009563751640543657;1.5376266181283196
-0.029261457922129423;1.525482420206093
-0.045651328798072925;1.5194774560960966
-0.02815329588013664;1.533705654752901
-0.03909994393777714;1.5295208320216183
-0.05014115918826842;1.5268491056878966
-0.10590174485192604;1.518893619594983
-0.09602695662043156;1.5191503738774534
-0.05591874180404558;1.5190058510246456
-0.06606141620757927;1.5194124980004269
-0.08642823962938265;1.5190593127403376
-0.07638655504277594;1.5196144182916238
-0.13612497455911704;1.518803497085138
-0.3609123821047579;1.519170661286321
-0.43112320928611336;1.5191513245782173
-0.42091492650838724;1.519138899252842
-0.4109658558600212;1.5190247526598113
-0.4011289013789663;1.51919933726231
-0.39097652076787787;1.519091765630362
-0.3709702950506693;1.5192456806246086
-0.3809382579270084;1.5193313886631334
-0.4809974307673322;1.519126617266426
-0.4709514787098624;1.5188836606767395
-0.451012844699644;1.5191053050111598
-0.46133633212586156;1.5190285460007593
-0.435773614723614;1.526255944948123
-0.3214439096184346;1.5190117620616996
-0.30181498739359086;1.519330055271015
-0.3118804059383387;1.5191407231441838
-0.2653227519741411;1.5197861453511152
-0.11577811385530881;1.5189014135671386
-0.1260887501468288;1.519283291498098
-0.2722284366006904;1.5263622920295874
-0.2799755020308169;1.5189466020567641
-0.291017801477572;1.521537814749036
-0.4454046652932367;1.5298243413508272
-0.6508830485429301;1.5278981370071478
-0.6616261400629948;1.5290953090632209
-0.6398204943835357;1.5313737235927598
-0.6300280914813877;1.5272995518090926
-0.6699344222937632;1.5267035330394174
-0.6795988733392422;1.5304917253892778
-0.6914696886966043;1.5316115510824644
-0.48552916236626315;1.5282208066415486
-0.4937050562043472;1.527640974261041
-0.5358823346746644;1.5275086402551237
-0.5253973881759908;1.5298648864732003
-0.5032972428970093;1.532686751356999
-0.5152791378422086;1.531933009556954
-0.605814790160697;1.51971767656218
-0.6217946242693504;1.5291049868970834
-0.6292480770463347;1.5372938140244181
-0.611056094390915;1.5316067791510166
-0.6003146189815908;1.5324566623723974
-0.590561427659808;1.5294536204324385
-0.5549749278574083;1.5296351442652232
-0.5446702314164285;1.5377968748022641
-0.5748315749986815;1.5277120127062696
-0.5653815360797299;1.5326258598750895
-0.5827721463114669;1.5321749087499592
-0.14603728237409666;1.5188337998167558
-0.15631265880838968;1.5191085583570934
-0.16597412869128314;1.5190218193586775
-0.17590378011392113;1.5190078679836208
-0.18587234715529077;1.5191861155435138
-0.1959067084618392;1.5191446519898109
-0.20554484216169333;1.5193535956599333
-0.34108907156687723;1.5187597682358045
-0.35106985927552176;1.5191409606687476
-0.3266190126179104;1.5299834667140555
-0.3362043544856871;1.527105668897824
-0.08168624102037235;1.5288581475386303
-0.04970169632331659;1.537445802571629
-0.05935874054055454;1.5300696849932576
-0.10968755763122434;1.5253704701148156
-0.09960159885867921;1.5270067950632966
-0.0908466535422811;1.5258069963256997
-0.07090865550808845;1.5300335024637062
-0.1307690657802977;1.5287236500810937
-0.14018252251939997;1.5262843640147898
-0.09176386216587097;1.5356855339166757
-0.3646543855514099;1.527054359512051
-0.3556880260311281;1.5288910846328516
-0.42628769998187527;1.5292293205918863
-0.4155123840179421;1.5307251552431387
-0.40546634379889324;1.52710498211678
-0.39648660229831506;1.5295058277653326
-0.3861856479999626;1.5275361993666863
-0.3750972341635085;1.531644015994813
-0.4661424437356992;1.5271047149503811
-0.47548985761997725;1.5298956223631164
-0.45643350568264296;1.5300175333341046
-0.43550488911300467;1.5394554605282915
-0.2150595045437369;1.520301118870705
-0.22339729266335265;1.5176153332486908
-0.2557727614881847;1.519786078666285
-0.2309920470542586;1.5206073761362717
-0.24634199709973864;1.5211093721594957
-0.23825764569995916;1.5183878434798763
-0.26237262328901395;1.5304710170712832
-0.3159107712848429;1.5302643335085926
-0.29937333718612896;1.5280117556573662
-0.30725007624554;1.526763859581083
-0.27090682494187734;1.5401274011658126
-0.11887683503808061;1.5302885235583554
-0.2827761302175386;1.5331330916862203
-0.29300980058192083;1.533371649093226
-0.6686535142162328;1.5385049251205738
-0.6522700778643923;1.5403749698689198
-0.48009062757594995;1.540200200354633
-0.49117929148684897;1.5382263612880003
-0.5322249192480479;1.53974248618968
-0.6191910309218883;1.5386463296361834
-0.5743102359369806;1.5406228703308709
-0.1502535394557576;1.5303456721606983
-0.20004634596827983;1.5270792273243867
-0.16072669523636166;1.529262831000352
-0.17044204240138303;1.5265420855601803
-0.18068920521227747;1.53041064356594
-0.19061717865373357;1.5291675664560884
-0.20985614827912993;1.5308364785304849
-0.3456943065522632;1.5296950879332116
-0.3364447637592722;1.5387241222112809
-0.07782557545735182;1.5395576649570497
-0.1072897695474924;1.5390702822255307
-0.13878020116134626;1.540083475941064
-0.36320437638183317;1.539020075396757
-0.35117483667261984;1.5403650228712789
-0.40455193125412625;1.539865101629611
-0.4663273306132646;1.539657164045601
-0.223046727804121;1.529505393905482
-0.2505339674426035;1.5318810724714917
-0.23763617883941773;1.5295883534429544
-0.3044940610734162;1.538981551638709
-0.19878787650464;1.5401385548908935
-0.16904323871368349;1.5405952218180976
-0.7499999999999999;1.5427751864671768
-0.7400727676953308;1.5471971736300816
-0.7499999999999999;1.5525099330390593
0;1.542775186467177
-0.7499999999999999;1.563290899755245
-0.7388419224771;1.5583293895714059
-0.7313138171085383;1.5507313986350475
-0.7201542082503084;1.5484075774695503
-0.7033327718633438;1.541529196308069
-0.020201348439302578;1.5419626128210528
0;1.5525099330390595
-0.010456209157253638;1.5476065289948142
-0.007583863024975457;1.5573764261898662
0;1.5632908997552453
-0.035046305840502924;1.5443039590810546
-0.3219519412294024;1.5410292665681622
-0.4516469560035816;1.541504004420224
-0.7376835397229539;1.5690999940795343
-0.7499999999999999;1.5752305267889082
-0.7368925427866962;1.5826269420940322
-0.7499999999999999;1.5884533385696886
-0.6371555905402422;1.5431004117102685
-0.6842413118316423;1.5444245548252633
-0.7254659722654658;1.5615166888756689
-0.7124769249978571;1.5578511361081184
-0.7282720588332617;1.5750694884358158
-0.7232092513708926;1.585942436759814
-0.6918794764696637;1.5651008591637372
-0.7133648396194142;1.5735204297651406
-0.5214819612713518;1.5414897673279253
-0.4863364499028293;1.5518640765486607
-0.498734997183501;1.5478409327898786
-0.5100567768018953;1.5447843766071747
-0.5175948303769986;1.5516780719945826
-0.5263230700600875;1.5509945893565464
-0.5388571188669349;1.5557471804760734
-0.6249183993888838;1.5512688125046514
-0.6077318145084012;1.5468103952909533
-0.5900480938686921;1.542003869254739
-0.558297578729933;1.545483981164724
0;1.5752305267889084
-0.011862581697549885;1.5683308322046194
-0.021747949112254972;1.5563179366986355
0;1.5884533385696893
-0.014656182433829799;1.5812420969423044
-0.010737694231591873;1.5953209966335877
-0.027117014927151017;1.573032557059451
-0.03605795284400834;1.5591604369239418
-0.0626459623164187;1.5408607479570207
-0.0505382474422728;1.5521046968650323
-0.12333377870598146;1.5416928136983872
-0.09191733144189045;1.549956982702148
-0.4201887951271795;1.5418177981050412
-0.3880800268635139;1.542057842390489
-0.37379109290758694;1.5453146809128904
-0.4284689155013137;1.554960586592806
-0.44534190519723243;1.5561484000125585
-0.25800863310761457;1.5464762652485566
-0.29057668875399306;1.5439187484439374
-0.272579183986994;1.5533577118959325
-0.2802386410605354;1.5451892559704834
-0.33167853862280017;1.5511469261439417
-0.3176424590734205;1.559082038797786
-0.28685454063153065;1.5579042768807945
-0.5084228534197849;1.5585469791632018
-0.45973477313770916;1.5562432417615266
-0.472832881335609;1.5551258239692374
-0.4815871254184268;1.5639775738509745
-0.7357243173254121;1.595660621705622
-0.7499999999999999;1.6030972425121635
-0.6663579084999415;1.557630721571823
-0.6426133015741651;1.5562601836617742
-0.6748124841264574;1.5793544011727514
-0.7229528218993901;1.6015535280336444
-0.7003757085545901;1.594987281775309
-0.49559175605587735;1.5659722276083865
-0.5228926020957206;1.564323920270608
-0.5552641211457413;1.5683329578703429
-0.537976717543334;1.5735552614640027
-0.6303028392103914;1.5661174564570017
-0.6123171925233896;1.56742905653319
-0.5762949218275819;1.5585413723718187
-0.5958762082315838;1.5577494521551476
-0.15481523647342005;1.5416420878942603
-0.1851450794049638;1.5410654956208911
-0.21459323057974483;1.5418684859027325
-0.10960459015855047;1.556866802282717
-0.34394530098340503;1.5512868568481974
-0.070461916537233;1.558444744033625
-0.04909776684052999;1.5737084850494143
0;1.603097242512164
-0.031470197853997274;1.5935029662883555
-0.016419552170799916;1.6095833030498434
-0.1289604680284542;1.5573585305223954
-0.14602201775459828;1.5525750924061674
-0.08999233147464773;1.5683354998421606
-0.35910237043446047;1.5584711740779844
-0.41178774329039375;1.5561319669170377
-0.39645100205356343;1.554661795647652
-0.38103998372951475;1.5625070454583112
-0.4521588725071449;1.575018571043804
-0.42126637450145454;1.5694302358659487
-0.43580028110467856;1.5678380817495898
-0.22835303485255362;1.5442549062392334
-0.24174338419280386;1.545419961032607
-0.2470315893640835;1.5633342619495614
-0.2328269718309275;1.5607107851842787
-0.2618871543262799;1.5660533330654105
-0.27609408185219364;1.566882310278954
-0.3002334110841501;1.558491236235939
-0.338088370944756;1.5696942950537072
-0.31379906162741145;1.576156276060075
-0.2912836968570621;1.5766093578986893
-0.5059785905883074;1.5773961524552398
-0.4847650604518679;1.5829810516789515
-0.46951063166726104;1.5711674002427956
-0.5235032499589907;1.5879534335612853
-0.5913260861929253;1.5763766970858075
-0.5696704284925986;1.5779306984572015
-0.7342933632492104;1.612286502193371
-0.647706604856128;1.578118477816897
-0.626913006168485;1.5803743794288878
-0.7147504023668926;1.6167230779306119
-0.6663001768892469;1.607286381219751
-0.5495773851639374;1.5923308814451842
-0.6098162663913826;1.5916494252486613
-0.502251608530266;1.6037636312422021
-0.205340089864604;1.5532811031152218
-0.1616753401498045;1.5572695796134117
-0.19217188529554413;1.5561789058470963
-0.17613603246285442;1.5523193302758604
-0.21729918288236424;1.558759348300513
-0.2026339261254224;1.5716933388913552
-0.2709813108633253;1.582494013010005
-0.11574945797753344;1.5777484003708642
-0.36167189992832605;1.5769435353129484
-0.07035351350119516;1.578990767356823
-0.03979006693926212;1.616117044636954
-0.058700837752836736;1.598688272598532
-0.14594258514781291;1.575731846081633
-0.08785000715085381;1.596758556851962
-0.4033169853377947;1.5790589495025393
-0.3805428179528427;1.5831315971104005
-0.45928126002098185;1.5918362025587416
-0.4742156484917588;1.6076186276809472
-0.4306216401362805;1.5920638881030782
-0.4503737095544869;1.609492822182923
-0.3659903381678245;1.594392372515798
-0.3487214849680888;1.5907486453668607
-0.2536825040552025;1.5814271564492444
-0.23589724569236553;1.5786947714954596
-0.2221540779438279;1.570906947462658
-0.28567669374698196;1.604590460080582
-0.3268801060029325;1.5964764985304445
-0.3060449095875708;1.5929234612002197
-0.5272765308492569;1.6064968845467953
-0.6339321846659414;1.6007234883605501
-0.5797346678427903;1.6035224160976282
-0.6097189736956579;1.6192283429233978
-0.17582722316186297;1.5742784230702345
-0.19276012547335375;1.591721338118134
-0.2180736382830143;1.592764573949698
-0.2601939918870758;1.6043540656357402
-0.24086795078395357;1.593426739993774
-0.12450688924804944;1.6039869729449339
-0.16234234225425728;1.60633957935003
-0.39058769837968843;1.6113075810598334
-0.31351037663807296;1.6179992655046587
-0.23384359759654902;1.6192636694785583
0;1.6193149673224816
-0.7499999999999999;1.619314967322481
-0.7322430323381398;1.62669329343266
-0.7499999999999999;1.637269446687728
-0.6950065149079111;1.6244960662215888
-0.7174472428532748;1.6334165250814408
-0.7499999999999999;1.6567155716185458
-0.7301736353528051;1.647713131844374
-0.7499999999999999;1.7167860177305894
-0.7499999999999999;1.6967625357506153
-0.7331359798764728;1.708487040477287
0;1.6372694466877284
-0.0209052006674368;1.6276120386976238
-0.015761634091860002;1.6467740270254965
0;1.6567155716185467
-0.0229717904538349;1.6676039442207102
0;1.676739053770642
-0.01720401507380994;1.6872817549693193
0;1.6967625357506162
-0.6424128277533231;1.6296199253371668
-0.70521351985792;1.652437780692941
-0.6748768180397309;1.6404094681894406
-0.6807298522604707;1.6670540091759944
-0.7499999999999999;1.6767390537706415
-0.7263040121022993;1.6906002855334505
-0.7273069188650981;1.6667533613391954
-0.7059451662718578;1.673764485498628
-0.7110561502549727;1.7101354357846272
-0.7291648193646241;1.7266518337410113
-0.7499999999999999;1.7368094997105636
-0.7345118724719757;1.745766957984427
-0.7037231089495615;1.69397458111256
-0.6886624098994184;1.6862915871575899
-0.7499999999999999;1.756832981690538
-0.6508821602949629;1.6585327781201489
-0.4849665001008871;1.6251205872912273
-0.5484094736468881;1.6251951730153662
-0.6171836938088044;1.6479418523896208
-0.580420633773359;1.6407242448702273
-0.5135209353669746;1.636821615201335
-0.0686988264101739;1.6230432743970487
-0.041918718692700405;1.645173447396197
-0.05168505985648518;1.6705525384317514
-0.03883359168784265;1.688222458043279
-0.02315323954241289;1.7095239859733484
0;1.71678601773059
-0.10148743994141048;1.6302109591283203
-0.07784786668601852;1.6499250501398417
-0.5429157407225402;1.663696261519652
-0.457889899682775;1.6300294960905526
-0.4282389075117838;1.6257114086378555
-0.4817902989846071;1.653739926555604
-0.01645644459385586;1.7280801618118682
0;1.736809499710564
-0.3517569323157506;1.6198492129527327
-0.2907293657921059;1.6286147035412157
-0.26544691027079415;1.62732022531299
-0.704732815060075;1.7263261414237179
-0.6851932238586339;1.71023134575598
-0.6624380676264722;1.6887330937905194
-0.711602159840536;1.745710614107629
-0.7292305190427635;1.7649987473124915
-0.7499999999999999;1.776856463670512
-0.7341177547361297;1.7849794009425508
-0.7499999999999999;1.7968799456504856
-0.6269235491396769;1.6798703382556315
-0.5074696399625577;1.6664067989337898
-0.5857010225124373;1.6724469121804049
-0.19862163424920568;1.61991225588877
-0.13650553211458252;1.638945897128108
-0.07918625623160026;1.677291128479939
-0.0677620038258837;1.6953016970856916
-0.051337103187098346;1.71379248511038
-0.0392503154921177;1.7305738340428247
-0.21760739597002765;1.651469737093821
-0.1750026899588078;1.6530903485921415
-0.10972887236771094;1.6670800898622433
-0.14317130592234742;1.6716366708950976
-0.38911019378680006;1.646105069225044
-0.5964554562207789;1.7059341137954094
-0.5533123988483466;1.6955531741780772
-0.5178499210146775;1.6933096145619917
-0.4380432096576167;1.6663912936286827
-0.4799327278669193;1.6882208035391961
0;1.7568329816905384
-0.02229638448895831;1.7491801511901444
-0.016325890877339332;1.7681628197626529
0;1.7768564636705122
0;1.796879945650487
-0.022364227507604695;1.7888523114021688
-0.01656719932828146;1.808398303285895
0;1.8169034276304608
-0.24777266095012668;1.6449010573177392
-0.2769663046308966;1.6548870734704424
-0.3187513051702517;1.6527547455939853
-0.3559894410946745;1.6600062515331029
-0.7110980857675163;1.7839576632230407
-0.7034463872056402;1.7642264196170894
-0.6443532147475243;1.7195000270652212
-0.6811990518531826;1.7453070838124074
-0.7283544700368834;1.8045568171387685
-0.7499999999999999;1.8169034276304599
-0.7336005691310451;1.8252743442827808
-0.7499999999999999;1.8369269096104341
-0.7020344398557595;1.8029787395745482
-0.7110591383023317;1.8233187786761231
-0.7277094207902415;1.8448868468080755
-0.7499999999999999;1.856950391590408
-0.5995491194340625;1.7427962829165033
-0.015635022002762167;1.8477213375171644
0;1.8369269096104346
0;1.8569503915904089
-0.02243508295768025;1.828948317016412
-0.09718689072160064;1.7010907853342798
-0.0742886684960584;1.7166205642520715
-0.06578789816118656;1.7389467385850814
-0.04711903938640258;1.7511837271059854
-0.03948388960907901;1.7708181854828697
-0.047030934566362884;1.7904977339249974
-0.03859515578219937;1.8106608780791404
-0.20829080866227023;1.6857970053434568
-0.24613320356824864;1.6749059338562406
-0.1685978334069037;1.696620617445015
-0.12911346490020245;1.7051419468015794
-0.3897011524220781;1.6939119720667084
-0.5601346610542315;1.7310988219084718
-0.5300337599402831;1.7173719335696094
-0.4935969289201419;1.7215855345086792
-0.4450179450757734;1.7184841520534135
-0.28821135827468475;1.6886908695243426
-0.33622463782600653;1.6970146685302483
-0.6793942257245013;1.783589072606853
-0.6374988849561306;1.763944184803135
-0.7333030823493468;1.8655384561351949
-0.7499999999999999;1.876973873570382
-0.7333715232043878;1.906193819279931
-0.7499999999999999;1.91702083753033
-0.7499999999999999;1.8969973555503563
-0.7271838505470098;1.8849243005514078
-0.6791217502635298;1.8217768516564647
-0.7106813721778389;1.8632958084772095
-0.7021959541991348;1.8429320101773765
-0.5937572915028222;1.781933290675346
-0.5669707700840333;1.760527971125334
0;1.8769738735703827
-0.022491419403560284;1.8691177631491602
-0.016735596524598335;1.888416949310365
0;1.8969973555503565
-0.039316705671149844;1.8507246660021952
-0.047672656593179805;1.8312990393344242
-0.10189665826942915;1.7399988600719727
-0.07116422750076595;1.7717703024847489
-0.07186607092617307;1.8128272625271458
-0.1974133026639459;1.7212632184627608
-0.24531705816186292;1.7196941451180765
-0.15891381763032794;1.7460933570825934
-0.4002970572538425;1.7434983493143505
-0.35497909453449694;1.7387479378250128
-0.5244393661814497;1.7548942553263498
-0.4780699765205913;1.753006516815876
-0.43727976777420907;1.7754665333429045
-0.30103070594694703;1.7351024009400795
-0.6367063370321664;1.8015216960179763
-0.6371058766679348;1.8400277365962645
-0.591235131244842;1.8213491428107582
-0.7091940437052237;1.9037670683532983
-0.7023068195278486;1.8834220565410567
-0.6789603904797511;1.8607011796606305
-0.5519639396014844;1.7935618647666263
-0.04784926073520019;1.8707786460396136
-0.07132698716340916;1.8528860457314509
-0.03905381330665565;1.8903869601789784
0;1.9170208375303308
-0.02250974351673456;1.909049180728864
-0.1195151841520222;1.7932213703562683
-0.104119786488413;1.8357841106506099
-0.04793669401294201;1.9107495879131529
-0.21070564504520659;1.7636650073713964
-0.27364204475965925;1.770144726740757
-0.1801866308477887;1.8025066849247129
-0.38132010719134574;1.7869938861695684
-0.32899386664632063;1.7820638558059256
-0.49023299485572636;1.8048004964348643
-0.4233623482206318;1.8379458449817498
-0.5404954105369794;1.8428231789912117
-0.6778910445984737;1.9001690761607906
-0.6452283681010368;1.8770510397939562
-0.592801266975819;1.870347198367524
-0.14967913620887982;1.8398449059610276
-0.07155739040693196;1.8926478540274112
-0.11208080091390288;1.872680872733848
-0.6287319834702435;1.9188717316591881
-0.23814486768376947;1.8168939477813426
-0.29246494478477364;1.8145677724136213
-0.20553683267483647;1.860545535386009
-0.34633244152845966;1.8438448505912333
-0.38600280151198707;1.8899770233649478
-0.48694052453994774;1.8680751184120874
-0.42962369990794136;1.9023016563223565
-0.5351560753613689;1.8942212835618661
-0.5811389490854877;1.9162856304414246
-0.15929820017155616;1.89239401685654
-0.1152292915042562;1.9141981232559149
-0.21717381277474931;1.9176080263664
-0.27699825811263684;1.8758067599248398
-0.3396315577328684;1.9084274090441187
-0.7264681166368021;1.9257578812649965
-0.7499999999999999;1.937044319510304
-0.7335041888223122;1.9471438215854167
-0.7499999999999999;1.957067801490278
-0.016630958547625793;1.9279110154546817
0;1.9370443195103046
0;1.957067801490279
-0.023103094089850982;1.9490480780047974
-0.6994928044329711;1.922889030514909
-0.7276843055777937;1.9663761048548816
-0.7499999999999999;1.9770912834702525
-0.7319037682912012;1.9869726150817373
-0.7499999999999999;1.9971147654502264
-0.7062481670475015;1.9484071995243015
-0.7365763633750075;2.0046417949316897
-0.7499999999999999;2.0171382474302
-0.01678019317876105;1.9680216295554245
0;1.9770912834702532
-0.03943190112240547;1.9299887988407494
-0.03921039046756179;1.9706727326244304
-0.048486933465911264;1.9504736737965611
-0.0720249867601423;1.933048352252231
-0.7282138606784744;2.0242617365293025
-0.7499999999999999;2.0371617294101743
-0.733630594385041;2.0455859193433383
-0.7499999999999999;2.0571852113901485
-0.6723248863875587;1.936981181293698
-0.7061406601830568;1.9767590682037377
-0.7131291121989594;2.0004680227958223
-0.6847973059260173;1.9648898630167841
-0.73344056708926;2.0867217924212573
-0.7499999999999999;2.0972321753500967
-0.7499999999999999;2.077208693370123
-0.7269248181078953;2.0653715251995806
-0.015955013517391606;2.009026912492494
0;1.997114765450227
0;2.017138247430201
-0.023458861079969095;1.9899137605350088
-0.01611174042985418;2.048834676694232
0;2.037161729410175
0;2.0571852113901494
-0.021614969304848655;2.02998970611746
-0.015188647047295802;2.0879198691809338
0;2.0772086933701237
0;2.097232175350097
-0.02204821072172453;2.0694635852613272
-0.039190165674190224;2.0135094191686775
-0.049810925173147454;1.992605066754133
-0.0748088101530664;1.9750101929117503
-0.10269139487121152;1.953335606024451
-0.5419145817145307;1.9402257857035212
-0.5891274181285376;1.9495894964969245
-0.5525735638771927;1.9730510693017718
-0.7023173830722131;2.020954090110295
-0.7100106881911885;2.0431106698737334
-0.6394987358600646;1.9684175439717517
-0.7275180410729601;2.105673729121793
-0.7499999999999999;2.1172556573300705
-0.7103215688323178;2.0845562687564283
-0.6789561275184581;2.000653348027385
-0.3868289035682577;1.9288082437159735
-0.4819425661843162;1.9343518249397431
-0.4243150194388417;1.9461755791504634
-0.7020147235000043;2.0653521512119015
-0.7332041399149367;2.1260500397518216
-0.7499999999999999;2.1372791393100448
-0.7276467875392844;2.14545193707049
-0.7499999999999999;2.1573026212900186
-0.7334216388893811;2.165866213024516
-0.7499999999999999;2.177326103269993
0;2.1372791393100457
-0.01668211556409912;2.1285547833858325
0;2.1172556573300714
-0.022180084740966194;2.1094343921727017
-0.03648375844565909;2.050998976151987
-0.046199947137157124;2.036430072449956
-0.15702407728281784;1.9522190137561597
-0.11745739019067533;1.992881698704594
-0.038241679366979905;2.0914515595590073
-0.04460321794124589;2.0724055291823995
-0.07627531716515731;2.0200903825862304
-0.062494751131690396;2.0573630550752657
-0.5068100164247599;1.9744290421913289
-0.5860359341879102;1.9936596530336486
-0.5404001689315091;2.0087697593233966
-0.6738328556565834;2.043423000656128
-0.6266740055060012;2.015382806289712
-0.7039375374323836;2.1046483290032505
-0.7115062163296957;2.124280258454138
-0.6792535735766804;2.0854529964579287
-0.7027438330981239;2.1439013877376754
-0.2227913518625932;1.9727241940019882
-0.27972692546883704;1.9418296199964125
-0.33392702456843804;1.9656459728274998
-0.3906561423102252;1.9795970945159507
-0.44514018325100546;1.986431974088219
-0.7276986443099627;2.185289739077841
-0.7499999999999999;2.1973495852499667
-0.7105711191646719;2.1642233433576368
-0.733357808662474;2.206103368439112
-0.7499999999999999;2.217373067229941
-0.016537225210330502;2.168428279652578
0;2.1573026212900195
0;2.1773261032699938
-0.022567273891229575;2.149342500356787
-0.03834219303584653;2.1303376214726626
-0.04645516468904661;2.1101186499703384
-0.17433949652620737;2.007179609659955
-0.13055518747106878;2.0374035408329108
-0.21877032123116757;2.0345600866391167
-0.06942212053859494;2.0913672217726766
-0.1021086283969764;2.065521949080042
-0.47684031784351033;2.0291883648905773
-0.5104434956497225;2.0627705657549757
-0.5790379209970112;2.0446816351379007
-0.6488195272802842;2.0787211695129773
-0.6266784355355964;2.055084495076635
-0.6798138495475132;2.1246364912109055
-0.6533609498153844;2.1077234107357294
-0.6785127380752721;2.1620097107365503
-0.28437273288662634;2.0173415005776265
-0.3509550764133005;2.0185270119162837
-0.4034023040444951;2.0507757944340326
-0.71166731698274;2.2040536499274164
-0.701520238250637;2.183447296267666
-0.7276041587890746;2.225221262652924
-0.7499999999999999;2.2373965492099153
-0.7336090030772234;2.246157941857075
-0.7499999999999999;2.2574200311898895
-0.7110333854221487;2.2436935871763093
-0.6789703299433173;2.2006465025753235
-0.7027138768001693;2.2233744833785103
0;2.2173730672299414
-0.016574354967033328;2.2090682884004984
0;2.197349585249967
-0.022697842676039342;2.1894589836373926
-0.2496420324189284;2.082348783075782
-0.03855235801715214;2.1707813951724897
-0.04868653107202783;2.151023770453988
-0.0722177685077414;2.132447547506535
-0.1767981153304565;2.04957301195708
-0.15413934262947984;2.0911213372358164
-0.2008317703857238;2.075163771174922
-0.11438989582326026;2.1149917034912806
-0.45541891816462504;2.08614732056922
-0.49223185443120854;2.1108979098915226
-0.5407168968072582;2.1024142571486486
-0.6073892544483661;2.1010049921522143
-0.6406739506187331;2.1412513364663317
-0.6433767589183408;2.183605083712156
-0.6521058362515794;2.2175125132792424
-0.331460416980132;2.0820415436605555
-0.3915965817921173;2.1171652811070065
-0.7022885006884936;2.263127964126256
-0.6785973646631999;2.241029600303695
0;2.2373965492099153
-0.02232758845244335;2.229683008461549
0;2.2574200311898895
-0.016738916667883498;2.2488878155485112
-0.03979858578488527;2.211478482979783
-0.048473356714695125;2.191689413149606
-0.2056284328008657;2.1201147825329634
-0.27312665412614145;2.1394213874037513
-0.07269403758225151;2.173303763737321
-0.10593771974096931;2.1538399082277504
-0.15617617472536807;2.150647499391185
-0.44429520160760555;2.1489621560746888
-0.5094619426018965;2.1531254659411316
-0.5587090016423011;2.14361492470319
-0.5975286335065608;2.166604348697695
-0.6080330437837256;2.213157241610572
-0.6369439275228183;2.2568652214557385
-0.33747888675469256;2.157101847991377
-0.3894504608740502;2.1774046929527993
-0.4270996003495525;2.202211167110816
-0.2788415378484774;2.199938820176408
-0.048512141679781365;2.231584309551275
-0.0385677895850029;2.2509111869260447
-0.07221160697136998;2.2141376494794764
-0.21647202293798049;2.1747229081050525
-0.11883866891441562;2.196147571399031
-0.1713116733464236;2.2010287131381565
-0.47210620042415957;2.201206399011685
-0.545167832282354;2.2107369401301953
-0.5887471828748713;2.2516727291577894
-0.4382408915073648;2.234667542306952
-0.2891391051612633;2.2622310203615905
-0.3413289996259034;2.2188666273276425
-0.39402003699649113;2.232445613472061
-0.21430617147447736;2.244196043016435
-0.07152504806741641;2.2538720560639094
-0.10528398688336817;2.236231144180877
-0.152206748163186;2.240366673955359
-0.48076188971194755;2.260783901889533
-0.727621564979192;2.265384319178093
-0.7499999999999999;2.2774435131698634
-0.7332819468028341;2.2860226266678576
-0.7499999999999999;2.297466995149837
-0.7109032799481205;2.2839395143975594
-0.67837453660931;2.2812002179549866
-0.016167876846845144;2.2886654791199317
0;2.2774435131698634
0;2.297466995149837
-0.022807887586664178;2.269460317682274
0;2.3375139591097858
-0.016683254041595076;2.329005166685804
0;2.3174904771298115
-0.02250344109623535;2.3095963874916228
-0.7275618821894397;2.305330103153569
-0.7499999999999999;2.3174904771298115
-0.733391800050431;2.3261796942227
-0.7499999999999999;2.3375139591097858
-0.7337148189967103;2.3660834897473877
-0.7499999999999999;2.3775609230697334
-0.7499999999999999;2.3575374410897596
-0.701967943339429;2.3031011506265933
-0.7278455516770971;2.3454362443434094
-0.7117638302997699;2.324072682955562
-0.6458495622829977;2.2972139351300136
-0.7275320786904856;2.385510547016062
-0.7499999999999999;2.3975844050497077
-0.6786624577321275;2.3207914870178135
-0.7107356418829986;2.3636684710572893
-0.03924377167940834;2.2915226963544093
-0.04757224795237495;2.2716105843972123
0;2.35753744108976
-0.02261018103384518;2.349692265748971
-0.01669486742215859;2.368954818485965
0;2.3775609230697334
-0.03815163803449708;2.3310884719883687
-0.04794212284252782;2.312136122839565
-0.6015070353133132;2.292150156831838
-0.7499999999999999;2.417607887029682
-0.7266170537388796;2.42552719837513
-0.7499999999999999;2.4376313690096554
-0.7334081216740044;2.4062338672970536
-0.7020805202296924;2.3829973222329754
-0.7024305964773475;2.34358427282036
-0.6335927088771812;2.33511081798071
-0.733037945277838;2.447090795264569
-0.7499999999999999;2.4576548509896297
-0.71064485156331;2.4034214729334655
-0.6786585887415614;2.3609980417317207
-0.6783822245625803;2.4006500186525974
-0.6443407315227145;2.3777752829295697
-0.7017495724853963;2.4229106414700303
-0.7096261036905932;2.444450563992688
-0.726172741752733;2.4675271236833303
-0.7499999999999999;2.477678332969604
-0.7327933864919565;2.4879853613077167
-0.7499999999999999;2.4977018149495778
-0.07190440539458716;2.294132466696693
-0.015742811254502755;2.408528043369168
0;2.3975844050497077
0;2.417607887029682
-0.022498031130441985;2.3895528518799685
-0.07074233865278962;2.3340357638977656
-0.038886616089376005;2.3712475653751435
-0.047530265529160814;2.3514491394671815
0;2.4576548509896297
-0.016760377021438;2.448937249971424
0;2.437631369009656
-0.02239001921616365;2.429461308950552
-0.2343541863470558;2.3063477666681282
-0.4253048628839379;2.276831347566071
-0.5386011706846991;2.2880107004044548
-0.5824075991534383;2.3298860506410084
-0.5974021310705155;2.3697225326542695
-0.29673736224204994;2.322579343473284
-0.3584658344352936;2.2837781577689555
-0.4010369047257261;2.3247757255279087
-0.7281976095431999;2.5077120289794013
-0.7499999999999999;2.5177252969295516
-0.7301481231188746;2.526560763877867
-0.677167964361505;2.4400576678338424
-0.6290874182028506;2.414243117140421
-0.5781311159377532;2.4068333761051672
-0.6996803640321301;2.4640456242640374
-0.707846821821461;2.4897871196954973
-0.7499999999999999;2.537748778909526
-0.7317952653391117;2.547984071394782
-0.7499999999999999;2.5577722608894997
-0.7365143083925717;2.5660481514743956
-0.7499999999999999;2.5777957428694744
-0.6747106107331963;2.4783721082011563
-0.728763684834032;2.585032821473334
-0.7499999999999999;2.597819224849448
-0.17340272865879802;2.28592742505356
-0.1154478357829207;2.280079050975912
-0.09881570027022052;2.318760995031031
-0.14216056545985695;2.323652947021904
-0.039229501574538285;2.4113595455433185
-0.048202739970250416;2.39190685430067
-0.10613797147380258;2.3530794279133778
-0.07163331983051113;2.374000261566347
0;2.477678332969604
-0.022443013278868974;2.4696356619728257
-0.03866756934804995;2.4506496490901806
-0.04732448914897164;2.4316087577049066
-0.19235382527791942;2.341760183961766
-0.016705433839938378;2.489109811681701
0;2.4977018149495778
-0.24484966619166837;2.36089462683322
-0.04796107132890074;2.470647457938654
-0.4682891212664506;2.3330882982515013
-0.5381118625365664;2.360588684138197
-0.5361217881522569;2.4263237090902683
-0.29529688391974257;2.3863124351796654
-0.3518004627597701;2.351109269186141
-0.41127088313955434;2.380457730469526
-0.6820299073836241;2.5109613593340696
-0.7088080130240683;2.5194666544801905
-0.6932283188781367;2.5398853680254807
-0.7161307348830289;2.5380929434266957
-0.7106279811473353;2.563097753504093
-0.5846670163713299;2.445007862719974
-0.6359981491402666;2.461620712161804
-0.5457583335419077;2.4774615421653587
-0.734055806488812;2.6062752484975946
-0.7499999999999999;2.617842706829422
-0.6443497153677679;2.5024507897778157
-0.5962538833625544;2.4890582444903293
-0.7033947691354302;2.5830629226327235
-0.7119943881323625;2.6039659720276447
-0.7277455217070814;2.6255856105180966
0;2.5177252969295516
-0.022184685187423767;2.509691042236376
0;2.537748778909526
-0.01656968655964364;2.5289974733031224
0;2.5577722608894997
-0.022282919679342098;2.5495918683911016
-0.19682446437006826;2.3913410412257523
-0.14997443625939677;2.3717065913422464
-0.07138439463668383;2.413581005492956
-0.11080487568142243;2.395089638412466
-0.151545830028517;2.4166722860767056
-0.039048571211898274;2.4908540202115965
-0.04682470763609109;2.5111623379467085
-0.07031733070529919;2.4531034558285123
-0.10921334320301461;2.436056426440869
-0.016022463500064813;2.569188825188591
0;2.5777957428694744
-0.2424968980409439;2.415937379280743
-0.07158533381586193;2.4910825936750447
-0.10339231163790243;2.4683792681579892
-0.47039962662021795;2.4101685093588783
-0.500868104594013;2.4625089004146012
-0.29600141689480314;2.4446125566117187
-0.35503505804052254;2.411853631142656
-0.4063302983829754;2.43212376447242
-0.6814681380831046;2.5668957532381
-0.6613284286026695;2.539208985872937
-0.49866310299242966;2.5073465819117216
-0.617395344154352;2.536856788778068
-0.5591276656587371;2.5244904687410177
-0.6800086163902019;2.6024718288384365
-0.7026280358989583;2.623357540445778
-0.013423802784253496;2.609684109877644
0;2.597819224849448
0;2.617842706829422
-0.021348910928775992;2.590353032883399
-0.01709344929547953;2.626642653724703
-0.03938781525131837;2.5307261153421994
-0.04669778638848096;2.5505938640713497
-0.0392325807471412;2.5712853149154196
-0.19270971997523262;2.4444140725427
-0.1436539682581209;2.4641841277225707
-0.07079169621060445;2.5314390387623193
-0.2361227328874418;2.476486029668396
-0.1182709262989169;2.509199455873966
-0.17576896382496834;2.5000189606523553
-0.29016709670347857;2.5081354403629583
-0.4403203507284417;2.4808884588412643
-0.3661909718800602;2.482140514949155
-0.4672199424745707;2.539912099297676
-0.333984162658182;2.5518419869709867
-0.6440592773880065;2.576066447382998
-0.51674970260953;2.563040861628196
-0.5867075735809557;2.588131245844459
-0.6370107648245809;2.6199633091811507
-0.05016536254930871;2.595843660686558
-0.03237136058513586;2.6118841352560143
-0.05188916557473469;2.6198491936981503
-0.07157524738984868;2.5713105233490117
-0.07867149729760249;2.6105956975704734
-0.1043681454851328;2.5527325152240623
-0.11546915469816212;2.5926924230913904
-0.2248588787876871;2.5349885727706645
-0.15916110158092472;2.5547250406261037
-0.2101138707906117;2.5892836550219442
-0.27159329026926426;2.5721889223078285
-0.40517315464851333;2.5493835007565036
-0.4593979254461176;2.5942841871706506
-0.3604857737016366;2.599134876159637
-0.3090497304921007;2.610377035826472
-0.5226133017412437;2.6255746518233045
-0.15955676297097962;2.61388173128082
-0.41194188660424375;2.620259185688786
-0.7499999999999999;2.6378661888093964
-0.7332458377966948;2.6463105726114424
-0.7499999999999999;2.6578896707893698
-0.7499999999999999;2.677913152769344
-0.7331765796862607;2.6866712924293648
-0.7499999999999999;2.697936634749318
-0.7271647764427264;2.665601266552746
-0.7108187471759508;2.6439245715062683
-0.7021220907479232;2.663026809492105
0;2.6378661888093964
0;2.6578896707893698
-0.0209317278983534;2.647894144139871
-0.01648514952568716;2.6673229972205257
0;2.677913152769344
-0.727236799366787;2.705958463486362
-0.7499999999999999;2.7179601167292917
-0.7108809206932186;2.684133820340599
-0.7333462649114886;2.726641538856518
-0.7499999999999999;2.737983598709266
-0.7273741975327902;2.745792372788449
-0.7499999999999999;2.7580070806892403
-0.7105888523030973;2.72435188460266
-0.7018717607891244;2.7038122244271343
-0.7333718087838221;2.7666216667929993
-0.7499999999999999;2.778030562669214
-0.6788868840508576;2.640921037515441
-0.6778844156218666;2.6807903165108686
-0.6485241567101716;2.6592192883188686
-0.023706321104438658;2.6890110503388907
0;2.6979366347493183
-0.04170250659559086;2.665191756907788
-0.039491004495952595;2.6360552104348245
-0.0662336098240422;2.6422725978737143
-0.015066805368803258;2.710053672485013
0;2.717960116729292
0;2.737983598709266
-0.018591705641218467;2.7276289105661804
-0.03732819761089405;2.7128207267416475
0;2.7580070806892403
-0.021800148927880927;2.7483265482822197
-0.01680390972344298;2.767979712463423
0;2.778030562669214
-0.7020333698702058;2.7438972201912293
-0.6777707026543218;2.721514610345877
-0.5923353203606805;2.65651700776262
-0.7103403457077456;2.764400590758464
-0.7335927816444763;2.8071337154857425
-0.7499999999999999;2.818077526629162
-0.7499999999999999;2.798054044649188
-0.7272873617788668;2.786024347764722
-0.7104902928969432;2.8047351244413825
-0.702157550172875;2.7845522651480326
-0.6335332768317209;2.698051016233616
-0.7272382021104762;2.826027925450772
-0.7499999999999999;2.838101008609136
-0.01296168651461204;2.8502354289459286
0;2.8381010086091365
0;2.8581244905891108
-0.020847741359587856;2.830795844282205
0;2.8180775266291627
0;2.798054044649188
-0.022969150586562407;2.7896573246098733
-0.01522525696951763;2.80933431500807
-0.049156858587194346;2.6915837848396347
-0.07475823620698402;2.6771202265996603
-0.10949731918675915;2.6447834648739668
-0.04292781365785353;2.7362766532307905
-0.07255382770600079;2.7169628190786614
-0.037107843053316415;2.8133085104727096
-0.04072161169773;2.7674145739540084
-0.06341775870730731;2.749573605962385
-0.04698482273757274;2.794034815032627
-0.07073639398162508;2.779818048947644
-0.1998547797348439;2.6368523483048043
-0.6773910747202438;2.7624839267357633
-0.2544253683801812;2.6313813290136654
-0.4683320161684694;2.659873491189684
-0.29265244321129585;2.674840442941862
-0.35604322072811423;2.6540384600348186
-0.22367159763720623;2.692226046940459
0;2.878147972569085
-0.017410670937086693;2.868001807743428
-0.03553753928411536;2.854241832843928
-0.5257739186854722;2.696979753615726
-0.6316079799803415;2.7415690045548606
-0.5887012020457589;2.7179018377419757
-0.7334565457251951;2.8474098938702
-0.7499999999999999;2.85812449058911
-0.7264727069964222;2.867000110027576
-0.7499999999999999;2.878147972569084
-0.7336963374737859;2.88861618564745
-0.6785858912270164;2.8027480537699603
-0.7020895782585062;2.8243944877359133
-0.7098459955714057;2.845062882882721
-0.7499999999999999;2.898171454549058
-0.7499999999999999;2.938218418509007
-0.7499999999999999;2.9181949365290327
-0.7324159688394147;2.9284408613402038
-0.7366243073191385;2.945864889446562
-0.7499999999999999;2.95824190048898
-0.728708595414695;2.9655264952754896
-0.04483382285043116;2.8345076044793953
-0.1163611761967055;2.698372978620134
-0.16203441298825957;2.6711885085829845
0;2.898171454549059
-0.022412324912835388;2.888425068112757
-0.016686857801538207;2.9092233584803413
0;2.9181949365290336
-0.10557750020972564;2.7517727914249237
-0.06930819520060762;2.818021035174495
-0.09679428540967296;2.795848472378628
-0.5465370959862405;2.749191377981951
-0.636237645874784;2.7833589856945835
-0.5885928991204266;2.7704704017326627
-0.2733389515583831;2.735600786301272
-0.16534003856880722;2.7363950221075632
-0.46442713247131423;2.712284192264315
-0.4086218544133812;2.6901088800256456
-0.49235137510934146;2.756000829698008
-0.34301884651523074;2.7239775775867905
-0.3042524071949502;2.776102342723651
-0.2194789577274996;2.7560214783476527
-0.041759357290411414;2.87835692222159
0;2.9382184185090074
-0.02300769473530373;2.93059033542141
-0.06762807440198723;2.8568214817302553
-0.7282680862388697;2.9071644320052132
-0.6786792883752019;2.8411468306987038
-0.7073025691421598;2.8899059972142
-0.7133421111629222;2.9424665865330524
-0.70716860350352;2.9176125887566005
-0.6472214001405109;2.8207180367291755
-0.6341878018780979;2.8566149785475208
-0.700315206508069;2.8638522690168813
-0.7499999999999999;2.9782653824689547
-0.7338935744856758;2.9865547757412045
-0.7499999999999999;2.9982888644489285
-0.7020994452507501;2.963026981989081
-0.7110720549775018;2.984190908310162
-0.044637503246323686;2.908992609426464
-0.06649084929869901;2.8928702605749526
-0.016076621251350388;2.990040476798479
0;2.9782653824689547
0;2.9982888644489294
-0.015714756269525038;2.949613923247256
0;2.958241900488981
-0.13480084265723047;2.7937534344810366
-0.10797256817690802;2.834104417962605
-0.5386260629298117;2.7927353951591205
-0.5956606343752318;2.8189167873162604
-0.2511504414491685;2.798109677129552
-0.30210365714364595;2.817920291137305
-0.18744507004135125;2.798972511148512
-0.1490203384897286;2.847287727283932
-0.42308907650813427;2.7642817507056403
-0.3549829931065883;2.796218256527974
-0.4687435785950973;2.8135752883377982
-0.0477144815209741;2.937452620328276
-0.021746608219245414;2.9707178504193807
-0.036602581381858824;2.953175461471121
-0.10715916782799727;2.8854903444001527
-0.5916042858339381;2.8767909650520633
-0.6751887302248037;2.87637899631931
-0.6425035366039956;2.905474181961124
-0.6854407486556301;2.903982900422776
-0.6789850216950455;2.939454796907608
-0.6383981436092389;2.9543176448665953
-0.6771558827690718;2.980885097493941
-0.528150830520786;2.8561295430543914
-0.5909411401966714;2.9318983191216406
-0.03715664888154084;2.992441869087261
-0.04484053193951654;2.9728162843520534
-0.08010216040942542;2.9256045049552313
-0.06419263572582411;2.959137542356638
-0.6417528251193616;3.000900972330073
-0.5524033033562499;2.9084421270133767
-0.33091396599483597;2.853132728265596
-0.27082661556858034;2.8622685667798082
-0.21046677000366706;2.849544813598263
-0.16988806443976143;2.8944624897279043
-0.39990484416172756;2.847599090379944
-0.46168677579404177;2.872227117573251
-0.1292824808795582;2.9337469889677426
-0.5919912649761802;2.9758527600289844
-0.4902675225773341;2.9211344972297915
-0.542900930679973;2.9527116585284556
-0.06948730310417617;2.99383820479323
-0.10242934274126334;2.9649262336846807
-0.35231827964727364;2.8957181693144705
-0.2953961055747007;2.9033120462732764
-0.23050302873450035;2.915914716430313
-0.1748933360988643;2.9425963763038365
-0.41070035799309795;2.934848388225579
-0.15438557882590878;2.981528931222307
-0.47280549873605093;2.9808971320185647
-0.2736186028115384;2.9514215627263956
-0.3312464318834997;2.950227767172877
-0.21509164003713893;2.988902658423905
-0.36160219908070323;2.994127616392737
-0.7273205309232204;3.0063286476563524
-0.7499999999999999;3.0183123464289032
-0.733513347207956;3.0271262649512396
-0.7499999999999999;3.0383358284088766
-0.727336678258097;3.046248303636082
-0.7499999999999999;3.058359310388851
-0.7333219677728428;3.067098771751903
-0.7499999999999999;3.078382792368825
-0.7021011787352694;3.0042590536744473
-0.7105440311041519;3.024613051075181
-0.7499999999999999;3.1384532383087467
-0.733270127025347;3.1470109521871685
-0.7499999999999999;3.1584767202887214
-0.7020925338070538;3.044087705580875
-0.022039978194920266;3.010508207216289
-0.04663229310173675;3.012349276670113
0;3.0183123464289032
-0.015874466653274338;3.0293248438428195
0;3.0383358284088775
0;3.058359310388851
-0.022595895505936922;3.0505919661429095
0;3.0783827923688256
-0.01660850082297115;3.069681611402592
-0.03853920836862074;3.032339024558772
-0.03853592154081063;3.0721284975035736
-0.04742223002532874;3.052651432386076
-0.7274952673054824;3.0863544439061026
-0.7499999999999999;3.0984062743487986
-0.7335152038781538;3.1068484692687606
-0.7499999999999999;3.118429756328773
-0.7114654252769003;3.0649451413628173
-0.6780948021302372;3.0219146759460362
-0.7025900747038316;3.0846021322476718
-0.7274441014181577;3.1264175646836567
-0.7104296796036927;3.1044442223637283
-0.7023884251703308;3.1240516944460985
-0.711122475815012;3.144874926461093
-0.7273859511915372;3.1665396133953534
-0.7499999999999999;3.1785002022686957
-0.6785922155754616;3.0616147244355814
-0.6484646779143958;3.036883646922738
-0.07155578217037184;3.0345774731201303
-0.02263944731136219;3.0903427178869736
0;3.0984062743487986
-0.01675293797966118;3.109737196423624
0;3.118429756328773
-0.6033678098077893;3.0308955590648745
-0.7332361201763598;3.1871408989183996
-0.7499999999999999;3.19852368424867
0;3.138453238308747
-0.022640881155803;3.130295621764706
-0.016025001547799546;3.1494878380748155
0;3.1584767202887214
-0.5436542462955937;3.006027883588943
-0.0477782450259413;3.092732966119899
-0.07121684155694648;3.0755273797682823
-0.12025801301624749;3.0181708141883363
-0.6784749258451217;3.1023007800959523
-0.6784993416109999;3.142182991434613
-0.7023583472888989;3.1645383249632912
-0.7099713455598012;3.1849801018713877
-0.6322757083024083;3.0774734201656972
-0.571113546791452;3.066226549097607
-0.10533503917087232;3.05772334803178
-0.03898757412722916;3.112173670939722
-0.04782406579542883;3.1328375768687358
0;3.1785002022686957
-0.02242180022576416;3.1703979066263006
-0.016317749544015228;3.189472158357838
0;3.19852368424867
-0.727298148406611;3.2067157257236634
-0.7499999999999999;3.2185471662286433
-0.7331900440804999;3.227224664950411
-0.7499999999999999;3.2385706482086176
-0.03983377405435037;3.1520618800247524
-0.5066540570043767;3.0454408744157035
-0.16787060715462468;3.0240170715905244
-0.4134921400138499;3.0118886933620783
-0.016410385403736353;3.2297270105946696
0;3.2185471662286433
0;3.2385706482086176
-0.07120551820604021;3.1148861338253053
-0.04804660656424348;3.1719674499326143
-0.07133334478405566;3.1541286806227316
-0.09957321662737073;3.1395114562537865
-0.11603897058077235;3.101191266400292
-0.15289384630393302;3.062988832882491
-0.644338840822068;3.121627162365917
-0.6326457650782471;3.159857865611763
-0.6777991056478342;3.1827079771445597
-0.7102208167474887;3.224985675267161
-0.7017523111048376;3.2047082375214373
-0.45123978023483746;3.0413286845206846
-0.7269295626744552;3.2466009623875016
-0.7499999999999999;3.2585941301885915
-0.733374681340468;3.2681484626553154
-0.7499999999999999;3.2786176121685653
-0.5918737619730017;3.1221554003216037
-0.5266044425125972;3.1056888989296305
-0.022415895471264533;3.210325131999844
-0.03986824732938994;3.191710423920618
-0.7336437564419495;3.308857563664125
-0.7499999999999999;3.3186645761285147
-0.7499999999999999;3.2986410941485396
-0.7499999999999999;3.338688058108488
-0.7318944845814724;3.3488022353640465
-0.7264354396523601;3.287647798794704
-0.7100984565330007;3.265424233990797
-0.4648573645134779;3.0913123982799404
-0.40678089709717696;3.070929789805782
-0.2919258047054003;3.0128576847435666
-0.3578335040614324;3.0484273926338314
-0.21359373811101437;3.0635082919664183
-0.1764313382838925;3.107010443344151
-0.04732817609941783;3.2122480279759866
-0.03911428470498819;3.2318934494838247
0;3.2585941301885915
-0.02224528040179213;3.250702641052834
-0.016536426885120917;3.269728688864075
0;3.2786176121685653
-0.1443895884284145;3.145227488037362
-0.07198717778753061;3.1934832994468825
-0.10661275855572708;3.1733139010166607
-0.7018947667469002;3.244661195826823
-0.5913178055230734;3.1782382619231506
-0.6314721187923896;3.2014057550979644
-0.6779964721424668;3.222813249972499
-0.4804090556693256;3.142517327458342
-0.5360236093108011;3.162139358981576
-0.555386886427318;3.2071681668581515
-0.7279508895261176;3.3286481401117785
0;3.3186645761285147
-0.016651101614506825;3.3098362287955645
0;3.2986410941485396
-0.7065721608796419;3.30993491448962
-0.7069940932721649;3.33831120225987
-0.7004518307109884;3.284260159365486
-0.6785901810445408;3.2617168243448305
-0.4166483921965594;3.13176731047282
-0.3573518918139907;3.1140839034367556
-0.2959723943738051;3.086223036840152
-0.24152519188739413;3.1314560196116434
-0.19640165127128445;3.165652459137954
0;3.338688058108488
-0.022577852444067376;3.3309836642933073
-0.016507270160433945;3.349915420131568
-0.07064998271574092;3.2337063279007188
-0.0481897007066792;3.251879397678782
-0.022695543521404984;3.2906152501282566
-0.03873025883251198;3.2716460521035877
-0.039320525030505094;3.311908684117951
-0.15316041644687303;3.194760674338458
-0.11389375113610094;3.21478311102363
-0.10369838091819751;3.252251106221908
-0.5891137293894926;3.230937557913767
-0.6354161091023174;3.2429785718432567
-0.43679668308024244;3.180817298508514
-0.4921199257415497;3.2124227202830147
-0.5417775546145697;3.2510982327427573
-0.6845749247451247;3.3261377801524175
-0.6744421479299317;3.2976845746677594
-0.6479249465301196;3.281184355073882
-0.37424801210600384;3.184640411801891
-0.3092672752249798;3.1520813643844345
-0.2524031949704206;3.190314949312808
-0.20470562482580681;3.219390021644905
-0.04861483239582476;3.3323435599653326
-0.07156894388002705;3.272200339473473
-0.04747402480457522;3.2917435611381833
-0.07268246083381637;3.3137147107631204
-0.11520320418917354;3.291137497441241
-0.1515204177589294;3.251330499924487
-0.2100197996109384;3.2688294788946233
-0.5956121324293001;3.2816541286898326
-0.42195614101873846;3.245031126543734
-0.35603238781938595;3.245785877560934
-0.4844753217535434;3.2733901921679336
-0.5378736494758283;3.297522764582758
-0.6389130495615646;3.3268722142761282
-0.4271080457433516;3.314713221960255
-0.3096167245241437;3.2132717555610926
-0.25780246561375425;3.2446276260135285
-0.11751574969248563;3.3326583394843237
-0.15981495156670195;3.305671458495465
-0.24752444988848055;3.290287937345722
-0.21384964656232658;3.3215274055360324
-0.3058692861162441;3.2833717358331653
-0.3746819561867678;3.2995021219301863
-0.5779739176691604;3.326856330914402
-0.48266726640485746;3.3333950276605915
-0.26811371784625615;3.333217995005664
-0.32620560144014893;3.344372172263793
-0.7499999999999999;3.3587115400884615
-0.7366010764896139;3.3661902366318146
-0.7499999999999999;3.378735022068436
-0.7136271948010748;3.3624098125858977
-0.7287107098584664;3.3856931822415746
-0.7499999999999999;3.39875850404841
-0.7336078802699318;3.406866855655354
-0.7499999999999999;3.418781986028384
-0.7019620283196829;3.3837426153330483
-0.7271874726227868;3.426335195874574
-0.7499999999999999;3.4388054680083577
-0.7333364386119914;3.447836408824444
-0.7499999999999999;3.4588289499883325
0;3.3587115400884615
-0.6775118259188846;3.3594595797907445
-0.7092908824442422;3.4044371362538257
-0.7268284685822222;3.4668545935807793
-0.7499999999999999;3.4788524319683063
-0.7102417801110075;3.4454686618367107
-0.7014518068769129;3.4250912708331516
-0.7329651733666211;3.488429001047148
-0.7499999999999999;3.4988759139482806
-0.7347002952705467;3.530242821111101
-0.7499999999999999;3.5389228779082282
-0.7499999999999999;3.518899395928254
0;3.378735022068436
-0.022951810327042934;3.3710006059619984
-0.01673483985363974;3.3903511791565375
-0.039319488198899945;3.352391081401028
-0.6751977032026061;3.4036874866282396
-0.7264603190803475;3.508515526720741
-0.7025917286934099;3.46559158627362
0;3.3987585040484096
-0.022581923705169316;3.410994768079159
0;3.4187819860283835
-0.01670194188227417;3.430397735768601
0;3.4388054680083577
-0.03939918096948007;3.3930655244064027
0;3.4788524319683063
-0.01653294671770446;3.470323138436896
0;3.458828949988332
-0.6435165513130157;3.3709188073731227
-0.6780932335465201;3.4446626945067216
-0.7099045669495266;3.4864435094786836
-0.7330975660977672;3.5694771091565034
-0.7499999999999999;3.578969841868176
-0.7499999999999999;3.558946359888202
-0.7368678595009442;3.5872047399584
-0.7499999999999999;3.59899332384815
-0.7300102342625068;3.54899398515181
-0.7006870392388459;3.506309634913155
-0.7084518986514626;3.5329021631252155
-0.04792244796507449;3.3734673727792943
-0.04798594786596259;3.4133806941384135
-0.03967753601320076;3.432836386476559
-0.0723533027645255;3.3542116283300762
-0.07174376650384906;3.3949194275072667
-0.7122916746882996;3.56026729364356
-0.5352082433442114;3.3558807884906083
-0.6366397984506099;3.4360794574755786
-0.5914581973474539;3.3658136413731263
-0.6268397842869514;3.402857655009508
-0.6788040771851758;3.4836750656451585
-0.02246726423875087;3.450969792654557
-0.04790618757521022;3.4532599889705144
0;3.518899395928254
-0.01649604384006399;3.510312921317193
0;3.4988759139482806
-0.03918900326811189;3.4726178410666515
-0.022476524956362383;3.4910098550445205
-0.6487258490249544;3.467197117662009
-0.7170556128546098;3.584682267063748
-0.7295252185070492;3.605697268408247
-0.7499999999999999;3.6190168058281245
-0.589612076086773;3.4247711383158066
-0.6089675272275598;3.469713206635233
-0.6990401011899209;3.57689785919016
-0.6752272063096598;3.521031078897054
-0.6842014610869059;3.555371724481256
-0.6407026604072815;3.502742319414832
-0.4387203035092686;3.362453824321828
-0.3856494858793776;3.359165633131961
-0.07235356832663771;3.4352545050875642
-0.11923755632289393;3.374479181083224
-0.16586652868043328;3.3515411349252986
-0.10706290532786646;3.4161352646355434
-0.22070152568249607;3.3742552077318795
-0.7338501867048198;3.6271400597431116
-0.7499999999999999;3.6390402878080987
-0.5394127528451048;3.4096304020327057
-0.47554760684665726;3.39329887926505
-0.047562996862933825;3.4931219455227063
-0.0715135801405372;3.4755851057486784
0;3.578969841868176
-0.022312731263235547;3.571131908264208
0;3.558946359888202
-0.01658827665137856;3.5504962259869233
0;3.5389228779082282
-0.022427730687456446;3.531090844638488
-0.038538603729367266;3.5529027962579316
-0.07146918089644613;3.516073853290856
-0.03842908340590615;3.512672770772843
-0.047956846685671836;3.5334795617171078
-0.479413633864644;3.445634480278419
-0.047040103059342114;3.573362282089529
-0.7014895703790726;3.6004921762215814
-0.7123902500786337;3.6249658295339096
-0.6727773732489808;3.586917686569115
-0.5467207015581158;3.471247431368374
-0.5921233468888104;3.520039836415891
-0.6417026073027176;3.5539584473341863
-0.7333679648225107;3.709056495934642
-0.7499999999999999;3.719134215727995
-0.7499999999999999;3.69911073374802
-0.7275886080473939;3.7288923289398275
-0.41789639003910617;3.416489594034537
-0.34509647654616865;3.4077820304894564
-0.36853146454958524;3.4652072068667956
-0.1011724774999924;3.5007810062390314
-0.28382001839686966;3.3917165448247006
-0.11866072620793187;3.4601683427189966
-0.1611545627258222;3.4161869669543417
-0.23226760304397986;3.429341336730721
-0.2970681667297256;3.4657919511728332
-0.7274945986814474;3.6470921077966887
-0.7499999999999999;3.659063769788072
-0.7334929539272443;3.668404764853218
-0.7499999999999999;3.6790872517680464
-0.713682371899771;3.666684856634417
-0.7062572370917897;3.64579261451909
-0.7268868108389224;3.6878432751047114
-0.42888495814746547;3.472264386300351
-0.7037570562861296;3.683156704553886
-0.39224916359382267;3.507937813022214
-0.4309084469108243;3.521770254648984
-0.34639147323680214;3.5202448175049765
-0.07111629836970222;3.5551801045163653
-0.10808308862236894;3.53569338422458
-0.03845108384790272;3.5927555602588415
-0.016413006957616317;3.590397385296874
0;3.59899332384815
0;3.6190168058281245
-0.022309613363690858;3.611106809285457
0;3.6390402878080987
-0.01644189036315434;3.6304512684160244
-0.48413770741443507;3.5068719203227348
-0.0703739970478661;3.5952620778389908
-0.0469195002452676;3.6130992199005414
-0.039316302140072236;3.6327381469988245
-0.6798517517330706;3.6271037637297416
-0.686974800998561;3.662347208627561
-0.6373334093702764;3.604336815831055
-0.5323077197748194;3.5456945305031384
-0.589737806297211;3.5759219809481753
-0.7074308450227964;3.7097702663718533
-0.145632089641139;3.5065900440277797
-0.17945651765214707;3.4698377395640536
-0.2041925516397463;3.5281720181699985
-0.23363437512950166;3.4876241737648686
-0.26998494311543847;3.53811281209218
-0.6766911464177302;3.6940015534983077
-0.4579026534764829;3.5717366269453366
-0.39355897182200017;3.5556165199006333
-0.3387936335380221;3.5789803841235486
0;3.659063769788072
-0.022504256876070456;3.6510125553515795
-0.01610302551005243;3.6702289358198774
0;3.6790872517680464
-0.046770747439566676;3.6528039293424337
-0.03862955430350614;3.67295828282778
0;3.69911073374802
-0.022584563531379998;3.691070718011969
-0.11274167871468141;3.5758473623330422
-0.15441030572667214;3.5562366918119768
-0.21490417441472526;3.5808080156180395
-0.1514553730635139;3.614131776656426
-0.1012524357754353;3.61418936564553
-0.07088581135726339;3.634207975052082
-0.11280418708377267;3.6534225021770257
-0.6452071244387478;3.661131515902907
-0.5912048224357758;3.634899846604583
-0.5284684198154717;3.6070143934041976
-0.6736957132312602;3.729032574039424
-0.636801628768632;3.7166113435592325
-0.2746135099121308;3.6040649075993043
-0.21928128874886021;3.6372610609516904
-0.16266667875743948;3.6740290276721606
-0.40044826908688774;3.6133360694663077
-0.4697965919425893;3.640018865660875
-0.3348482238937779;3.631468796498612
-0.07198238412598507;3.6750432758008156
-0.04823938877554526;3.693520683825851
-0.01675179142509367;3.7104894265966175
0;3.719134215727995
-0.02255602731749941;3.7310858920959182
-0.039990866813809034;3.7127477618429836
-0.07149900666118897;3.714051345364612
-0.11419500555857708;3.695755276729529
-0.596966879006363;3.6935971941217227
-0.534358530698422;3.6684336189360294
-0.4248276332721413;3.6791387518045484
-0.48235694377708666;3.706101276439476
-0.3704106926843482;3.6693608695992923
-0.2747294483909737;3.662796428481018
-0.32445115237154215;3.691747994950349
-0.21432997543614718;3.703324469241254
-0.15323657910581795;3.7366850042012936
-0.10023310420636655;3.7358338102415756
-0.04754453427190906;3.7324320893483836
-0.37775246380402505;3.7176948519760318
-0.5457924277877559;3.7284577914917953
-0.27177873832710786;3.7301525764991834
-0.7499999999999999;3.7391576977079684
-0.728316967847174;3.749118320930651
-0.7499999999999999;3.7591811796879426
-0.7312782568700332;3.768188764488345
-0.7499999999999999;3.7792046616679165
-0.7345520010025823;3.7888656195781594
-0.7499999999999999;3.7992281436478903
-0.7374541649657805;3.8068605726071443
-0.7499999999999999;3.819251625627864
-0.7299451599230427;3.824963094853349
-0.7499999999999999;3.839275107607838
-0.707770936315431;3.7639423039085007
-0.7066123459474949;3.7398574286881043
-0.6857964682982761;3.757057181413373
-0.718655070490253;3.803348047393593
-0.7189999117261959;3.78239696251865
-0.7342588068529281;3.846661135764492
-0.7499999999999999;3.859298589587813
-0.7128573371953908;3.8422764000746925
-0.7060927115495407;3.8201162322366997
-0.6863401321122533;3.7925070169728565
-0.6513573187223898;3.764236534841884
-0.7269330678800554;3.8657092025534223
-0.7499999999999999;3.879322071567787
-0.733431065619459;3.888154186766041
-0.7499999999999999;3.8993455535477612
-0.7110260385519168;3.8843079878466753
-0.7021029919185857;3.862070038265868
-0.7265173479360605;3.9066725043773376
-0.7499999999999999;3.919369035527734
-0.7335190547431578;3.928652724476695
-0.7499999999999999;3.9393925175077085
0;3.779204661667917
-0.0225349839780268;3.7714187898562637
0;3.7591811796879426
-0.016844410254612013;3.7505491565178097
0;3.7391576977079684
-0.016008083671961514;3.7910388618147817
0;3.7992281436478916
0;3.819251625627865
-0.020995930407057384;3.8120170200082297
-0.013402775369357741;3.831743271496771
0;3.839275107607839
-0.017767949266403616;3.848997060667589
0;3.859298589587813
-0.7015137376854115;3.905141440417774
-0.6778962249326814;3.8357083477461793
-0.6753934499296143;3.8805706374053845
-0.6023518932221356;3.74629271030389
-0.6550209994830366;3.8084298491949546
-0.614462978285014;3.8021538941494506
-0.7113178221861741;3.9258504531290317
-0.7335532443912869;3.9682312814082987
-0.7499999999999999;3.979439481467656
-0.7499999999999999;3.9594159994876827
-0.7273390460243406;3.947083045942005
-0.7108509237230225;3.965799748040058
-0.7275488972007415;3.987322015124105
-0.7499999999999999;3.9994629634476313
-0.7332540487878111;4.008104453151763
-0.7499999999999999;4.019486445427605
-0.7025499635149922;3.945397917377808
-0.7275010621764201;4.027560551589052
-0.7499999999999999;4.039509927407579
-0.7499999999999999;4.0795568913675275
-0.7332125487164223;4.088198175358155
-0.03762909037985781;3.8351308751469464
-0.04720395521033355;3.815146857035508
-0.042913109166481674;3.8591834676757104
-0.02250599832702305;3.869596946182904
0;3.879322071567787
-0.016718247247269898;3.8894960955377496
0;3.8993455535477612
-0.02346292504907312;3.9109407532614946
0;3.919369035527734
-0.07265344591549829;3.755305613157843
-0.03925630422736877;3.7936605653629725
-0.0735816976187151;3.796963924839348
-0.04846957105288486;3.773420219701217
-0.038974987741988626;3.752490238975864
-0.11277290000888879;3.774714767880843
-0.42740261950476405;3.7422024324067875
-0.48769448204809784;3.778862791817476
-0.678107629367378;3.9224259712536402
-0.6370237673775344;3.850980165012255
-0.6461210572828273;3.8963677694509267
-0.5598247037066229;3.792746773057499
-0.5882458116314936;3.834889974204775
-0.7332568143682613;4.04815839780975
-0.7276012139431488;4.067597847587592
-0.7499999999999999;4.059533409387553
-0.7106118011395374;4.006203677756369
-0.7015977158813563;3.9854727342584932
-0.6784751105824376;3.9637650830014812
-0.3775002137460813;3.7781744524518737
-0.4235954587190985;3.8023193634141688
-0.32160145278512814;3.754191876929776
-0.21198994929563217;3.7621768963425533
-0.1596550998301205;3.7933087479968552
-0.20665003891875114;3.8168428180876073
-0.7019286228071921;4.0258678913276515
-0.7099026861604444;4.046327534850991
-0.7102253981943482;4.08618567655219
-0.7014643030801028;4.06565860803711
-0.07007336534006478;3.8383781029912054
-0.1134116343037148;3.815954637813192
-0.16141414928680797;3.8385539485025717
-0.044533649371810397;3.8890133875152038
-0.06412299508259017;3.8731557461937225
-0.016250946293053275;3.9308885571109897
0;3.9393925175077085
-0.05064841130456408;3.914042637628826
-0.039983265616603286;3.9337173331744366
0;3.9594159994876827
-0.02167967991298026;3.9525316058147357
-0.013432533938923413;3.9719077414997193
0;3.979439481467656
0;3.9994629634476313
-0.01843189459869761;3.989396077152087
-0.07697597199589841;3.900882754848408
-0.10885406364570067;3.869314522845007
-0.523838179574325;3.8518416641861304
-0.4590822679660925;3.8365878516252288
-0.6782641846968059;4.003123012124652
-0.6776235628145542;4.0434626377169085
-0.6305521418331819;3.938148429840081
-0.5868636268196951;3.8929191031098815
-0.6398021603152008;3.983068653940653
-0.19693705784070195;3.8601301840003694
-0.16395912013955136;3.8870086383325777
-0.2703901127051439;3.7968815526232578
-0.328308796227623;3.812709050607488
-0.3748462450303287;3.8357423481555024
-0.4193023261984014;3.851159761453511
-0.3312924979791046;3.8684567407686874
-0.29459765484654965;3.84274222347708
-0.24218433948650442;3.8554865941309187
-0.6772761568773519;4.083960879187336
-0.0723116358770786;3.937751153970212
-0.04773737297638361;3.9554682325595683
-0.03904980309691237;3.976172788551618
-0.01660572133033689;4.02938119038352
0;4.019486445427605
0;4.039509927407579
-0.02182161007971054;4.009732800981524
0;4.059533409387553
-0.02337830790800082;4.050749864553186
-0.01604468523994393;4.071178012874672
0;4.0795568913675275
-0.04489909322058395;3.9997381450230565
-0.5901123376502488;3.957136417401796
-0.5343625616265512;3.9186762411358105
-0.3912679301487276;3.8939856444724628
-0.5494395011104071;3.9847273463316744
-0.490188974029389;3.9604856616847073
-0.07238046631994534;3.9780973768888983
-0.12400601020666599;3.9231897196274166
-0.17563025267048815;3.9232281347161377
-0.45966106048897803;3.8960688079366177
-0.6035194853137648;4.009554867439894
-0.6290543967060978;4.0557352905429624
-0.6468101100319066;4.01762426806895
-0.21091043586509978;3.89577052914178
-0.22082201493730352;3.9468387725932255
-0.27683898490162295;3.9015074843571647
-0.42736962947468254;3.942150058180447
-0.3312055431440471;3.9216070693238674
-0.10556181851081202;3.9630864383794266
-0.02094912560799919;4.09190499055395
-0.04420153353170444;4.028155785700996
-0.050402251945047924;4.054245797433556
-0.03867755562479577;4.073835951083441
-0.04538623107161298;4.095765170939574
-0.16382372789509556;3.9713300645009944
-0.06531006473990579;4.012628893562197
-0.5917811031534684;4.085455320535521
-0.5728062659484632;4.040850534838257
-0.38053936366917196;3.948468790448179
-0.401520371967818;3.9929981878606524
-0.4560940991578949;3.9997834271783765
-0.514330332731241;4.0198423280536435
-0.48098785920077874;4.056343753106918
-0.42605967914546744;4.048234518722392
-0.11064324093037389;4.011094382130786
-0.3450899688432896;3.9810169775318855
-0.28042474129736567;3.971717365823488
-0.22001708855570876;3.9937130379580594
-0.5364664128122034;4.074381934096302
-0.07677389120020366;4.041334770843065
-0.07237064754032096;4.079432765311791
-0.17151667293850734;4.01742579865302
-0.10537260179262008;4.058506821625227
-0.15228868547765997;4.054358871106508
-0.3080637937114114;4.033098500866918
-0.2561119751253028;4.025734425338125
-0.20419521232849308;4.046733032252364
-0.26377845692836427;4.082943250186072
-0.3679786929939272;4.039574834319615
-0.3348040285123944;4.096091926099991
-0.39772299048569193;4.094240342604026
-0.7499999999999999;4.099580373347501
-0.7499999999999999;4.1396273373074495
-0.7273878490177227;4.147713791502428
-0.7499999999999999;4.159650819287423
-0.7499999999999999;4.119603855327475
-0.7332317032131466;4.128296020943356
-0.7273015632146522;4.107778614464718
-0.7333865455062474;4.1682712676238145
-0.7499999999999999;4.179674301267397
-0.7272998247795541;4.1874566709925345
-0.7499999999999999;4.199697783247371
-0.7335579587050217;4.209011006159872
-0.7499999999999999;4.219721265227346
-0.7364991034671803;4.286496097380426
-0.7337293762082115;4.271084177381168
-0.720425242794382;4.284571431324345
-0.7261689374219752;4.227786993353301
-0.7499999999999999;4.239744747207319
-0.7499999999999999;4.299815193147243
-0.7499999999999999;4.2797917111672685
-0.7499999999999999;4.259768229187293
-0.7302631578947368;4.299815193147243
-0.7105263157894737;4.299815193147243
-0.7000279429442688;4.28268889206043
-0.7103494635286658;4.205403279303158
-0.7103739559071669;4.1659361900903376
-0.701807595725275;4.145810489966921
-0.7103213727154772;4.126283823399617
-0.7013744772515261;4.105995196692289
-0.6822313105610934;4.287179407456167
-0.6842425405613526;4.264121416863015
-0.72921380025048;4.25049791835206
-0.7109486363871741;4.2649231288127805
-0.7018585810663575;4.185024289768084
-0.7037773556839454;4.24564624115161
-0.6999592819486513;4.224566139743736
-0.012857279881786284;4.111972405667759
0;4.099580373347501
0;4.119603855327475
-0.6781207504085308;4.1238233004991764
-0.6787550220734033;4.163186061296839
-0.6631769237915515;4.280190136886656
-0.6907894736842104;4.299815193147243
-0.6710526315789472;4.299815193147243
-0.6331116549333508;4.099971632287232
-0.6790578117096518;4.201467249154798
-0.6524941754861384;4.252850680895516
-0.6409022234663461;4.281018049078427
-0.6779874789529329;4.234731098068167
-0.6361468986687927;4.1417798594030435
-0.6024290287910197;4.11976476910737
-0.016572888823607527;4.128992542834324
0;4.139627337307449
-0.017839129452319056;4.1486735682027565
0;4.159650819287423
-0.03502033008922409;4.115397239484051
-0.038638067334908766;4.138503166336402
-0.033149260809970015;4.158804832384821
-0.013320039469763557;4.286633200893154
0;4.299815193147243
-0.019736842105263143;4.299815193147243
0;4.279791711167268
-0.016000600612543322;4.27071264721128
0;4.259768229187293
-0.02900949149205023;4.284183163359269
-0.03947368421052635;4.299815193147243
-0.5590384429344718;4.118983872442966
-0.4526697690011034;4.099592704181118
-0.5046394620840307;4.108810936880299
-0.5901606230717432;4.158815793220697
-0.6438063562854814;4.217798272667665
-0.6375647991548306;4.181304228889367
-0.6233355835481392;4.285834151341059
-0.6244916800473057;4.264507714724508
-0.6036178509784512;4.279983209962226
-0.6211378430600618;4.236415324482446
-0.6084554602708147;4.20637497099019
-0.6054897628547774;4.2563343109436325
-0.5863855975588658;4.232637465117275
-0.5659875384524455;4.194699480051474
-0.6513157894736842;4.299815193147243
-0.631578947368421;4.299815193147243
-0.5856945756157136;4.262779857981318
-0.5670461052998521;4.25407456777612
-0.5840604415721969;4.284357130602619
-0.5645201407130218;4.2783081395365326
-0.6118421052631579;4.299815193147243
-0.5921052631578947;4.299815193147243
-0.548941923532454;4.2297182180595625
-0.546508891994482;4.261723891084447
-0.5308651603725186;4.203379884539142
-0.5273837699748657;4.252271633723509
-0.5107012031425974;4.227996733079101
0;4.179674301267397
-0.019230897055272464;4.17053031711535
0;4.199697783247371
-0.020781301577840052;4.189472731803855
0;4.219721265227345
-0.02107725288593491;4.207363190565572
-0.02193892073456142;4.250116036770413
0;4.239744747207319
-0.020556411115658563;4.229816058148426
-0.03894304331525971;4.262795286043972
-0.037604795285112985;4.216444433571561
-0.04091651308395386;4.176419630818756
-0.06758037749358417;4.120327574211245
-0.058500652969445045;4.158053727623389
-0.049394607420713256;4.280376644644174
-0.05921052631578949;4.299815193147243
-0.0687095654705735;4.283661532077218
-0.07894736842105263;4.299815193147243
-0.0986842105263158;4.299815193147243
-0.08960193200990764;4.276391352690314
-0.37681210574149293;4.141523230821733
-0.29230293045310063;4.134825797795468
-0.3301278936762789;4.150805262629279
-0.40365665691881997;4.284417221982892
-0.422863349455024;4.2775911259808925
-0.40177238294958734;4.258736305534156
-0.4307638598622809;4.256369706080893
-0.5337697462319925;4.1565032705994405
-0.4266251156724718;4.143554259994889
-0.47879778510608695;4.144767312614244
-0.4943194188415963;4.189337066317584
-0.47339931736819496;4.223883888373837
-0.4408152512680115;4.222134454309698
-0.4608278326738046;4.256111773023156
-0.4523298995567888;4.187330656330827
-0.40503161080788813;4.1974412219430075
-0.41188221792330226;4.236446172474838
-0.5252850576122791;4.277101172440387
-0.5443834203797839;4.283280293955411
-0.5723684210526315;4.299815193147243
-0.5526315789473684;4.299815193147243
-0.5043224597564411;4.282136994491215
-0.5063873799192905;4.259456013024947
-0.48710214821347214;4.249261142811543
-0.48408987562641603;4.275529595959902
-0.46280545606753626;4.283033467133367
-0.4934210526315789;4.299815193147243
-0.513157894736842;4.299815193147243
-0.5328947368421053;4.299815193147243
-0.4437701344257921;4.278012354333477
-0.47368421052631576;4.299815193147243
-0.4539473684210526;4.299815193147243
-0.3837526677196563;4.231135671691091
-0.372687263589512;4.257479380037909
-0.3509867068072034;4.237230624299118
-0.3848873424271226;4.279471277972398
-0.36463172682259165;4.28305381067877
-0.3077940243225296;4.283917106036254
-0.32808541176790323;4.279187340636547
-0.3111285093368495;4.261157520074348
-0.3530646222241705;4.196237637395473
-0.2886328992885733;4.276912317592291
-0.26746641966068047;4.283168384472678
-0.26975742679461495;4.26103903488658
-0.2485085730367258;4.277348529494679
-0.2902265723036347;4.252328446971568
-0.29605263157894735;4.299815193147243
-0.27631578947368424;4.299815193147243
-0.2565789473684211;4.299815193147243
-0.23684210526315794;4.299815193147243
-0.04098747073825619;4.197529240884935
-0.06613128779555646;4.259517568151756
-0.04683630380719579;4.238350791621215
-0.061234169176158176;4.212718176985134
-0.06713327204954193;4.186131754980551
-0.22809690362656487;4.283413453593186
-0.21710526315789477;4.299815193147243
-0.10912016443174379;4.283389469525844
-0.11842105263157898;4.299815193147243
-0.12098355778765493;4.1029034658339025
-0.09882179126502012;4.158538099571166
-0.1873294803127175;4.105111788733205
-0.293000972344993;4.182480028228108
-0.24185530728112886;4.147883584825648
-0.22990128806370683;4.260958495228354
-0.20911736759541455;4.277816846897986
-0.1973684210526316;4.299815193147243
-0.18903526784053917;4.283427241917416
-0.17763157894736847;4.299815193147243
-0.16983383918996142;4.2772955778454635
-0.1578947368421053;4.299815193147243
-0.2716766315255334;4.227757772697868
-0.24975520300709997;4.252879384576872
-0.24955814191526202;4.199756692570507
-0.19120126498464268;4.260214723946958
-0.1724979539278608;4.251787565416545
-0.23132218109958833;4.229588401662184
-0.2105738399297285;4.252694037631647
-0.1516457205020314;4.261765142549382
-0.14946842820741532;4.283154792669021
-0.13815789473684215;4.299815193147243
-0.13031291132665943;4.2773963568530915
-0.13224629174164576;4.252850611982987
-0.1116831671135989;4.261934461745772
-0.09296446055958615;4.2525225747634
-0.4342105263157895;4.299815193147243
-0.4144736842105263;4.299815193147243
-0.3947368421052632;4.299815193147243
-0.37500000000000006;4.299815193147243
-0.3157894736842105;4.299815193147243
-0.35526315789473684;4.299815193147243
-0.3472401162487868;4.287189983035924
-0.3355263157894737;4.299815193147243
-0.314524808325649;4.226182267027465
-0.33295141422021984;4.256161779231589
-0.3507600570721214;4.265062623988264
-0.08136544961159826;4.231437279554778
-0.15492451477783353;4.228824431396037
-0.0937961205029259;4.200210611033434
-0.11596539217455169;4.230222966843293
-0.21358456743869733;4.1927520743016276
-0.19244042094184102;4.229302322523855
-0.17777918613679586;4.201409890443335
-0.18510181886239352;4.161203172259336
-0.14195218161498135;4.185675203985665
-0.14791920680175635;4.146231529865112
% Elements (triangles)
1;2;3
4;5;3
1;3;5
6;267;7
6;8;9
9;267;6
10;11;12
13;14;15
13;15;16
17;18;19
20;21;17
20;17;19
22;23;21
22;21;20
24;25;26
27;4;7
27;7;267
27;5;4
28;29;30
31;32;33
34;268;31
32;31;268
33;269;35
32;269;33
36;37;38
38;39;10
37;39;38
11;10;39
40;270;36
37;36;270
41;42;40
42;270;40
27;267;271
27;271;5
1;5;272
5;271;272
1;43;2
1;272;43
272;271;273
272;274;43
272;273;274
44;45;275
46;47;48
48;49;50
47;49;48
51;52;45
52;275;45
50;53;54
53;50;49
54;276;51
53;276;54
52;51;276
55;56;57
58;59;34
59;268;34
30;277;58
29;277;30
59;58;277
29;28;278
60;278;28
61;62;60
62;278;60
63;64;65
57;66;67
55;57;67
64;68;66
63;68;64
67;66;68
69;70;71
72;73;74
75;76;77
77;279;65
76;279;77
63;65;279
78;79;80
81;79;44
81;44;275
81;80;79
74;71;82
82;71;70
72;74;82
83;78;84
80;84;78
85;69;83
85;83;84
85;70;69
86;280;41
42;41;280
87;88;89
89;281;8
88;281;89
9;8;281
12;90;87
11;90;12
88;87;90
11;39;282
11;282;90
283;90;282
267;284;271
9;281;285
9;285;267
285;284;267
91;92;14
13;91;14
18;92;93
91;93;92
93;19;18
13;16;286
13;286;91
286;16;287
93;91;288
286;288;91
23;94;95
23;22;94
286;287;289
288;286;289
290;19;93
290;93;288
96;97;95
96;95;94
19;291;20
290;291;19
22;20;292
22;292;94
292;20;291
97;98;99
96;98;97
100;101;99
100;99;98
101;293;102
100;293;101
102;103;104
103;102;293
105;106;107
108;109;110
107;294;111
106;294;107
111;112;113
112;111;294
113;295;108
112;295;113
109;108;295
114;115;116
117;118;119
120;121;117
118;117;121
122;123;124
125;126;127
127;296;122
126;296;127
123;122;296
128;129;130
116;297;128
115;297;116
129;128;297
131;132;133
130;134;131
129;134;130
132;131;134
135;136;46
47;46;136
137;138;135
138;136;135
139;140;141
142;143;144
144;145;139
143;145;144
140;139;145
146;147;148
149;150;151
152;153;154
155;298;149
150;149;298
156;157;155
157;298;155
158;159;160
161;162;163
164;165;166
151;299;164
150;299;151
165;164;299
167;159;168
158;168;159
169;170;171
171;167;172
172;167;168
169;171;172
170;173;174
169;173;170
174;175;176
175;174;173
176;300;152
175;300;176
153;152;300
154;177;156
153;177;154
157;156;177
178;179;24
25;24;179
119;180;181
118;180;119
181;182;178
182;181;180
182;179;178
26;183;184
25;183;26
184;185;186
185;184;183
141;301;137
140;301;141
138;137;301
25;179;302
25;302;183
274;273;454
32;268;303
32;303;269
59;277;304
59;304;268
303;268;305
305;268;304
29;278;306
29;306;277
307;304;277
307;277;306
187;188;86
188;280;86
35;189;190
189;35;269
190;308;187
189;308;190
188;187;308
189;269;309
189;309;308
309;269;310
310;269;303
188;308;311
188;311;280
311;308;312
312;308;309
37;270;313
37;313;39
282;39;314
314;39;313
313;270;315
316;280;311
42;280;317
42;317;270
316;317;280
315;270;317
273;455;454
455;273;456
271;456;273
284;456;271
456;457;455
314;458;282
282;458;283
47;136;318
47;318;49
85;84;319
85;319;70
53;49;320
53;320;276
52;276;321
52;321;275
322;321;276
322;276;320
81;275;323
81;323;80
324;323;275
324;275;321
320;49;325
325;49;318
191;192;193
56;194;191
55;194;56
192;191;194
67;326;55
55;326;194
193;327;195
192;327;193
195;196;197
196;195;327
197;328;198
196;328;197
198;199;200
199;198;328
200;329;61
199;329;200
62;61;329
62;329;330
62;330;278
331;306;278
331;278;330
63;279;332
63;332;68
68;333;67
68;332;333
326;67;333
70;334;82
70;319;334
72;82;335
335;82;334
73;201;75
72;201;73
76;75;201
72;335;201
336;201;335
76;201;337
76;337;279
337;201;336
338;332;279
338;279;337
84;80;339
80;323;339
84;339;319
88;90;340
88;340;281
340;90;283
281;341;285
341;281;340
283;459;340
341;340;459
283;458;459
457;456;460
284;460;456
341;461;285
341;459;461
285;461;284
461;460;284
461;459;462
461;462;460
202;203;204
204;205;206
203;205;204
207;208;209
210;211;212
209;342;210
208;342;209
211;210;342
213;214;215
215;216;161
214;216;215
162;161;216
217;218;219
219;220;221
218;220;219
222;223;224
221;225;222
225;221;220
225;223;222
224;226;227
226;224;223
228;229;230
163;231;217
162;231;163
218;217;231
230;232;202
229;232;230
203;202;232
233;234;120
234;121;120
124;235;233
123;235;124
234;233;235
236;237;238
166;343;236
165;343;166
237;236;343
239;240;241
241;344;114
240;344;241
115;114;344
238;242;239
237;242;238
240;239;242
165;299;345
165;345;343
133;346;125
132;346;133
126;125;346
288;289;347
290;288;347
290;347;291
463;289;287
289;463;464
289;464;347
463;465;464
96;94;348
96;348;98
349;348;94
349;94;292
104;243;105
103;243;104
106;105;243
291;466;292
291;347;466
349;292;466
100;98;350
100;350;293
350;98;351
351;98;348
349;467;348
349;466;467
351;348;467
244;245;213
214;213;245
246;247;244
247;245;244
248;352;246
247;246;352
249;250;248
250;352;248
110;353;249
109;353;110
250;249;353
250;353;354
250;354;352
355;293;350
103;293;356
103;356;243
355;356;293
106;243;357
106;357;294
109;295;358
109;358;353
359;294;357
112;294;360
112;360;295
360;294;359
358;295;361
361;295;360
218;231;362
218;362;220
115;344;363
115;363;297
302;179;364
182;180;365
182;365;179
364;179;365
118;121;366
118;366;180
365;180;367
367;180;366
234;235;368
234;368;121
366;121;369
369;121;368
123;296;370
123;370;235
368;235;371
371;235;370
126;346;372
126;372;296
370;296;373
373;296;372
129;297;374
129;374;134
374;297;375
375;297;363
132;134;376
132;376;346
376;134;377
377;134;374
186;378;142
185;378;186
143;142;378
379;318;136
138;301;380
138;380;136
379;136;380
140;145;381
140;381;301
185;183;382
185;382;378
143;378;383
143;383;145
381;145;384
384;145;383
383;378;385
385;378;382
212;386;251
211;386;212
252;253;251
252;251;386
148;254;255
146;148;255
256;257;258
257;387;160
256;387;257
158;160;387
258;259;260
256;258;260
261;388;259
260;259;388
262;263;261
263;388;261
146;255;389
147;390;262
146;390;147
263;262;390
146;389;390
253;264;254
252;264;253
255;254;264
150;298;391
150;391;299
345;299;392
392;299;391
153;300;393
153;393;177
391;298;394
157;177;395
157;395;298
394;298;395
158;387;396
158;396;168
265;397;207
208;207;397
206;266;265
266;206;205
266;397;265
214;245;398
214;398;216
399;398;245
162;216;400
162;400;231
400;216;401
401;216;398
168;402;172
402;168;396
468;402;396
172;403;169
169;403;173
403;172;402
404;173;403
175;173;405
175;405;300
405;173;404
393;300;406
406;300;405
395;177;407
407;177;393
382;183;408
408;183;302
380;301;409
409;301;381
364;469;302
408;302;469
470;455;457
471;454;455
455;470;471
471;470;472
305;473;303
310;303;473
307;474;304
304;474;305
305;474;473
331;475;306
307;306;475
307;475;474
310;476;309
310;473;476
309;476;312
312;477;311
312;476;477
316;311;477
315;478;313
314;313;478
314;478;458
316;479;317
316;477;479
315;317;479
315;479;478
460;480;457
460;462;480
481;470;457
481;457;480
643;472;482
470;482;472
481;482;470
643;644;645
482;644;643
482;483;644
481;483;482
481;480;483
484;458;478
459;458;485
462;459;485
484;485;458
379;486;318
318;486;325
334;319;487
410;319;339
410;487;319
339;323;488
410;339;488
325;489;320
325;486;489
322;320;489
322;490;321
322;489;490
324;321;490
324;491;323
324;490;491
491;488;323
326;411;194
192;194;412
192;412;327
412;194;411
413;326;333
413;411;326
196;327;414
196;414;328
414;327;415
415;327;412
416;328;414
199;328;417
199;417;329
417;328;416
330;329;418
418;329;417
418;492;330
331;330;492
331;492;475
416;493;417
418;417;493
418;493;492
411;494;412
415;412;494
338;495;332
332;495;496
333;332;496
333;496;413
411;497;494
413;497;411
413;496;497
335;334;498
334;487;498
336;335;498
336;499;337
336;498;499
337;499;338
338;499;495
500;495;499
487;501;498
480;502;483
480;462;502
485;502;462
227;419;228
226;419;227
229;228;419
225;220;420
225;420;223
226;223;421
226;421;419
422;421;223
422;223;420
423;419;421
229;419;424
229;424;232
424;419;423
203;232;425
203;425;205
425;232;426
426;232;424
427;205;425
266;205;428
266;428;397
428;205;427
208;397;429
208;429;342
429;397;430
430;397;428
211;342;431
211;431;386
431;342;432
432;342;429
433;420;220
433;220;362
362;231;434
434;231;400
237;343;435
237;435;242
436;435;343
436;343;345
363;344;437
240;242;438
240;438;344
437;344;438
438;242;439
439;242;435
392;503;345
436;345;503
372;346;440
440;346;376
347;464;504
347;504;466
505;465;506
505;464;465
505;504;464
505;506;507
505;507;504
506;646;507
357;243;441
441;243;356
508;467;466
508;466;504
351;509;350
351;467;509
350;509;355
508;504;510
508;510;511
508;511;467
467;511;509
512;509;511
247;352;442
247;442;245
399;245;442
442;352;443
443;352;354
354;353;444
444;353;358
443;513;442
399;442;513
444;514;354
354;514;443
443;514;513
355;515;356
355;509;515
441;356;515
512;515;509
441;516;357
441;515;516
359;357;516
361;517;358
444;358;517
444;517;514
359;518;360
359;516;518
361;360;518
361;518;517
434;519;362
362;519;433
437;520;363
363;520;375
367;521;365
364;365;521
364;521;469
369;522;366
367;366;522
367;522;521
371;523;368
369;368;523
369;523;522
373;524;370
371;370;524
371;524;523
440;525;372
373;372;525
373;525;524
375;526;374
375;520;526
377;374;526
377;527;376
377;526;527
376;527;440
440;527;525
409;528;380
379;380;528
379;528;486
384;529;381
409;381;529
409;529;528
408;530;382
408;469;530
385;382;530
385;531;383
385;530;531
384;383;531
384;531;529
532;469;521
445;386;431
252;386;446
264;252;446
445;446;386
264;447;255
264;446;447
255;447;389
260;448;256
256;448;387
449;396;387
449;387;448
450;389;447
388;451;260
448;260;451
263;390;452
263;452;388
388;452;451
452;390;453
389;453;390
450;453;389
394;533;391
392;391;533
392;533;503
406;534;393
407;393;534
407;535;395
407;534;535
394;395;535
394;535;533
449;536;396
468;396;536
399;537;398
399;513;537
398;537;401
401;538;400
401;537;538
434;400;538
434;538;519
468;536;539
403;402;540
468;540;402
404;403;540
468;539;540
405;404;541
404;540;541
406;405;541
406;541;534
469;542;530
532;542;469
474;543;473
476;473;544
543;544;473
475;545;474
543;474;545
492;546;475
546;545;475
547;477;476
547;476;544
477;548;479
547;548;477
478;479;549
548;549;479
484;478;549
647;645;648
644;648;645
649;648;644
649;644;483
649;483;650
502;650;483
502;651;650
485;651;502
484;651;485
484;549;651
528;550;486
486;551;489
551;486;550
410;552;487
410;488;552
501;487;552
488;491;553
488;553;552
489;554;490
551;554;489
491;490;555
553;491;555
555;490;554
415;556;414
415;494;556
416;414;556
416;556;493
492;493;557
546;492;557
546;557;558
546;558;545
556;559;493
557;493;559
494;560;556
559;556;560
497;561;494
561;560;494
499;498;562
501;562;498
500;499;562
501;552;563
501;563;562
495;564;496
500;564;495
496;564;497
565;500;562
500;565;564
561;497;566
566;497;564
433;567;420
433;519;567
422;420;567
422;568;421
422;567;568
423;421;568
423;569;424
423;568;569
424;569;426
426;570;425
426;569;570
427;425;570
427;571;428
427;570;571
428;571;430
430;572;429
430;571;572
432;429;572
432;573;431
432;572;573
431;573;445
436;574;435
436;503;574
439;435;574
439;575;438
439;574;575
437;438;575
437;575;520
503;533;576
577;574;503
577;503;576
518;578;517
507;652;504
510;504;652
646;653;654
507;646;654
654;652;507
655;654;653
655;653;656
510;652;657
510;657;511
511;657;579
512;511;579
515;580;516
512;580;515
512;579;580
581;537;513
514;582;513
581;513;582
583;514;517
583;517;578
514;583;582
516;584;518
584;516;580
578;518;584
538;585;519
586;567;519
586;519;585
583;578;587
583;587;582
588;526;520
575;589;520
588;520;589
521;522;590
532;521;590
523;591;522
590;522;591
592;523;524
592;591;523
524;525;593
592;524;593
594;525;527
594;593;525
526;595;527
588;595;526
594;527;595
596;529;531
529;597;528
596;597;529
550;528;597
531;530;598
542;598;530
596;531;598
532;590;599
532;599;542
445;600;446
445;573;600
601;446;600
447;446;601
450;447;601
448;451;602
449;448;602
449;602;536
450;603;453
450;601;603
451;452;604
451;604;602
605;452;453
453;603;605
605;604;452
536;602;606
539;536;606
535;607;533
576;533;607
608;534;541
609;535;534
608;609;534
609;607;535
606;610;539
537;611;538
581;611;537
585;538;611
541;540;612
539;612;540
612;539;610
613;541;612
608;541;613
576;607;658
598;542;659
542;599;659
648;660;647
647;660;661
660;662;661
663;661;662
544;614;547
547;614;548
543;545;615
543;615;544
544;615;614
664;615;545
664;545;558
548;665;549
548;614;665
549;665;651
648;666;660
649;666;648
649;650;666
667;666;650
650;651;667
668;662;660
668;660;666
668;669;662
667;651;670
665;670;651
668;666;671
668;671;669
667;671;666
667;670;671
597;616;550
551;550;617
551;617;554
617;550;616
553;618;552
618;563;552
555;672;553
618;553;672
616;673;617
617;674;554
674;617;673
554;675;555
675;554;674
672;555;675
676;672;675
672;677;618
677;672;676
618;678;563
677;678;618
619;557;559
619;558;557
619;679;558
558;679;664
566;564;620
565;620;564
559;560;680
619;559;680
619;680;679
566;681;561
561;681;560
566;620;681
560;681;680
563;682;562
565;562;682
563;678;682
565;682;620
567;621;568
586;621;567
622;573;572
568;623;569
623;568;621
624;570;569
624;569;623
571;570;625
624;625;570
571;626;572
626;571;625
622;572;626
600;573;627
622;627;573
575;574;628
577;628;574
589;575;628
577;576;629
577;629;628
576;658;629
578;584;630
578;630;587
656;683;684
655;656;684
655;684;685
655;685;654
654;685;652
652;685;657
683;686;687
684;683;687
688;687;686
687;689;684
684;689;685
690;685;689
690;657;685
580;579;691
580;691;584
584;691;630
690;692;657
579;657;692
579;692;691
581;582;631
581;631;611
582;587;631
611;693;585
611;631;693
586;585;632
586;632;621
585;693;632
587;630;694
587;694;631
588;589;633
588;633;595
628;634;589
628;629;634
634;633;589
591;695;590
590;695;599
592;593;635
592;635;591
591;635;695
594;595;696
594;696;593
593;696;635
697;696;595
697;595;633
596;598;636
596;636;597
598;659;636
597;636;616
695;698;599
698;699;599
659;599;699
601;600;637
600;627;637
601;637;603
604;638;602
606;602;638
603;639;605
605;639;604
603;637;639
604;639;638
610;606;700
638;700;606
608;640;609
609;640;607
608;613;640
607;640;658
613;612;701
613;701;640
610;700;702
703;701;612
703;612;610
703;610;702
704;629;658
658;640;705
704;658;705
703;706;701
703;702;706
675;674;707
676;675;707
659;708;636
699;708;659
709;636;708
616;636;709
673;616;709
710;673;709
662;711;663
662;669;711
663;711;712
665;713;670
614;713;665
614;615;713
664;714;615
615;714;713
664;679;714
715;670;713
716;711;669
716;669;717
669;671;717
671;670;717
715;717;670
707;674;718
673;718;674
710;718;673
676;707;719
676;719;677
677;719;678
678;720;682
721;720;678
721;678;719
722;714;679
679;680;723
722;679;723
620;724;681
620;682;724
682;720;724
725;680;681
725;681;724
725;723;680
621;726;623
621;632;726
622;626;641
622;641;627
623;642;624
624;642;625
623;726;642
625;727;626
625;642;727
727;641;626
627;728;637
627;641;728
631;694;729
631;729;693
704;730;629
730;634;629
691;692;731
630;731;694
691;731;630
690;689;732
690;732;692
692;732;731
688;686;733
687;688;734
687;734;689
689;734;732
733;812;735
688;733;735
688;735;734
693;736;632
736;693;729
737;726;632
737;632;736
738;694;731
694;738;729
634;739;633
730;739;634
697;633;739
695;635;740
695;740;698
741;740;635
696;741;635
697;742;696
697;739;742
741;696;742
699;743;708
744;698;740
745;699;698
745;698;744
745;743;699
637;746;639
728;746;637
638;639;747
747;639;746
747;700;638
747;748;700
746;749;747
749;748;747
750;700;748
702;700;750
751;702;750
751;706;702
701;752;640
706;752;701
752;705;640
730;704;753
704;705;753
730;753;739
705;752;754
705;754;753
706;755;752
751;755;706
752;755;754
718;756;707
707;756;719
718;757;756
710;757;718
709;708;758
758;708;743
710;709;758
710;758;757
756;759;719
721;719;759
725;724;760
725;760;723
761;760;724
761;724;720
711;762;712
716;762;711
813;712;762
762;814;813
813;814;815
715;713;763
714;763;713
722;763;714
764;763;722
722;723;764
762;765;814
716;765;762
716;717;765
765;717;816
817;814;765
765;816;817
816;717;766
715;766;717
715;763;766
818;815;819
814;819;815
817;819;814
820;821;822
721;767;720
721;759;767
720;767;761
760;768;723
764;723;768
756;757;769
759;756;769
770;728;641
726;771;642
737;771;726
727;772;641
770;641;772
773;642;771
773;727;642
773;772;727
728;774;746
770;774;728
749;746;774
770;772;775
770;775;774
751;750;776
751;776;755
729;738;777
729;777;736
739;778;742
739;753;778
812;823;824
735;812;824
779;731;732
731;779;738
824;780;735
734;735;780
780;781;734
732;734;781
779;732;781
825;823;826
825;824;823
825;826;827
828;827;826
829;827;828
830;829;828
736;777;782
737;736;782
737;782;771
779;781;783
779;783;738
738;783;777
741;742;784
740;741;784
744;740;784
785;784;742
785;742;778
743;786;758
758;786;757
757;787;769
787;757;786
744;788;745
745;788;743
744;784;788
743;788;786
789;786;788
786;789;787
790;785;778
791;778;753
790;778;791
750;748;792
792;776;750
749;793;748
793;792;748
794;749;774
794;774;775
794;793;749
776;795;755
754;796;753
791;753;796
797;754;755
797;755;795
797;796;754
798;767;759
798;759;769
799;766;763
764;799;763
764;768;799
831;766;799
760;800;768
761;767;800
761;800;760
799;801;831
768;801;799
768;800;801
817;832;819
817;816;832
816;833;832
816;766;833
831;833;766
834;832;833
821;835;836
822;821;836
835;818;837
819;837;818
837;836;835
819;832;837
837;838;836
838;837;832
838;832;834
822;836;839
820;840;841
822;840;820
822;839;840
842;841;840
843;836;838
843;839;836
843;838;844
844;838;834
842;845;841
833;846;834
846;833;831
847;769;787
767;848;800
798;848;767
831;849;846
849;831;801
801;850;849
801;800;850
850;800;848
798;851;848
798;769;851
847;851;769
771;782;802
773;771;802
772;802;775
773;802;772
803;775;802
803;804;775
794;775;804
794;804;793
792;805;776
805;795;776
806;792;793
793;804;806
806;805;792
781;780;852
781;852;783
777;783;807
777;807;782
825;827;853
825;853;824
824;853;780
780;853;852
854;853;827
829;855;827
855;854;827
829;830;856
829;856;855
857;856;830
782;807;808
782;808;802
803;802;808
852;858;783
858;807;783
854;859;853
852;853;859
859;858;852
785;809;784
790;809;785
784;809;788
848;860;850
848;851;860
847;787;861
789;861;787
862;788;809
789;788;862
789;862;861
847;863;851
847;861;863
864;857;865
864;856;857
796;797;810
797;795;810
791;796;866
796;810;866
790;791;866
790;866;809
867;810;795
867;795;868
805;868;795
869;840;839
844;870;843
843;870;839
869;839;870
844;834;871
844;871;870
834;846;871
842;840;872
869;872;840
842;873;845
842;872;873
845;873;874
875;876;874
875;874;873
846;877;871
877;846;849
878;860;851
878;851;863
849;879;877
850;879;849
879;850;860
803;808;880
803;880;804
804;880;811
806;804;811
805;811;868
806;811;805
858;881;807
807;881;808
882;859;854
854;855;883
882;854;883
855;856;884
884;883;855
864;885;856
885;884;856
811;880;886
881;887;808
880;808;887
880;887;886
882;888;859
859;888;858
858;888;881
889;881;888
889;887;881
809;890;862
809;866;890
891;877;879
879;892;891
892;879;860
892;860;893
878;893;860
862;890;894
861;894;863
861;862;894
863;895;878
878;895;893
863;894;895
896;897;865
864;865;897
864;897;885
898;896;899
898;897;896
900;901;899
898;899;901
902;901;900
903;902;900
904;811;886
904;868;811
868;904;905
867;868;905
867;905;906
810;906;866
810;867;906
907;866;906
907;890;866
875;873;908
909;908;873
909;873;872
871;910;870
871;877;910
877;891;910
869;911;872
869;870;911
909;872;911
870;910;911
875;912;876
875;908;912
876;912;913
913;914;915
914;913;912
916;912;908
914;912;917
917;912;916
915;918;919
914;918;915
914;917;918
891;920;910
921;922;923
922;924;903
921;924;922
902;903;924
882;883;925
882;925;888
926;883;884
926;925;883
885;927;884
926;884;927
928;885;897
928;927;885
898;901;929
898;929;897
928;897;929
930;929;901
902;924;931
902;931;901
930;901;931
886;887;932
886;932;933
904;886;933
904;933;905
889;934;887
934;932;887
925;935;888
889;888;935
889;935;934
890;936;894
890;907;936
920;891;937
937;891;892
938;937;892
938;892;893
938;893;939
939;893;895
895;894;940
895;940;939
894;936;940
905;933;941
905;941;906
906;941;942
907;906;942
907;942;936
909;943;908
909;911;943
916;908;943
943;911;944
910;944;911
944;910;920
919;945;946
945;919;918
947;948;949
946;950;949
945;950;946
947;949;950
916;951;917
916;943;951
945;918;952
945;952;950
952;918;953
953;918;917
953;917;951
920;954;944
955;954;920
955;920;937
956;957;923
921;923;957
958;957;956
959;958;956
921;957;960
921;960;924
931;924;961
961;924;960
927;962;926
926;962;925
925;962;935
930;963;929
928;929;963
928;963;927
927;963;962
961;964;931
931;964;930
930;964;963
965;932;934
965;966;932
933;932;966
933;966;941
934;935;967
965;934;967
935;962;967
968;940;936
942;969;936
968;936;969
937;970;955
938;970;937
938;939;970
939;971;970
971;939;940
968;972;940
971;940;972
941;966;973
941;973;942
942;973;969
943;974;951
944;974;943
974;944;954
948;1018;1019
947;1018;948
975;951;974
975;974;976
954;976;974
1020;1021;1019
1020;1019;1018
947;950;977
947;977;1018
978;977;950
978;950;952
953;979;952
953;951;979
952;979;978
951;975;979
954;980;976
955;980;954
955;970;980
960;957;981
981;982;960
961;960;982
961;982;964
958;983;957
981;957;983
984;985;959
958;959;985
958;985;983
1022;984;1023
1022;985;984
1024;1025;1023
1022;1023;1025
964;986;963
963;986;962
962;986;967
987;964;982
987;986;964
983;985;988
1026;1018;977
1021;1027;1028
1020;1027;1021
1028;1029;1030
1029;1028;1027
965;967;989
965;989;966
966;989;990
973;966;990
991;967;986
989;967;991
968;992;972
968;969;992
973;990;993
969;973;993
993;992;969
970;994;980
971;994;970
971;972;994
972;995;994
972;992;995
980;996;976
980;994;996
1020;1018;1031
1020;1031;1027
1026;1031;1018
978;997;977
978;979;997
1026;977;997
979;998;997
998;979;975
998;975;999
976;999;975
976;996;999
1032;1033;1030
1032;1030;1029
1034;1025;1024
1035;1034;1024
987;1000;986
1000;991;986
988;1001;983
981;983;1001
981;1001;982
1001;1002;982
987;982;1002
987;1002;1000
1022;1025;1036
1022;1036;985
988;985;1036
1034;1037;1025
1036;1025;1038
1038;1025;1037
1038;1039;1036
1036;1039;988
988;1039;1001
1033;1040;1041
1032;1040;1033
1041;1042;1043
1042;1041;1040
998;1003;997
998;999;1003
1026;1044;1031
1026;997;1044
1044;997;1003
1027;1045;1029
1027;1031;1045
1029;1046;1032
1032;1046;1040
1046;1029;1045
1047;1031;1044
1047;1045;1031
991;1004;989
1004;990;989
1005;990;1004
1005;993;990
1000;1006;991
1004;991;1006
1005;1007;993
993;1007;992
992;1007;995
1008;995;1007
996;994;1009
1009;994;995
1010;1009;995
1008;1010;995
1048;1049;1050
1043;1051;1050
1042;1051;1043
1048;1050;1051
996;1011;999
1011;996;1009
1012;1003;999
1012;999;1011
1052;1053;1054
1053;1055;1035
1052;1055;1053
1034;1035;1055
1034;1055;1037
1056;1057;1058
1057;1059;1054
1056;1059;1057
1052;1054;1059
1002;1013;1000
1013;1006;1000
1039;1014;1001
1002;1001;1014
1014;1013;1002
1060;1061;1062
1061;1063;1058
1060;1063;1061
1056;1058;1063
1052;1059;1064
1052;1064;1055
1037;1055;1065
1065;1055;1064
1065;1066;1037
1037;1066;1038
1038;1066;1039
1067;1039;1066
1067;1014;1039
1068;1012;1011
1012;1069;1003
1012;1068;1069
1070;1069;1068
1071;1040;1046
1042;1040;1072
1042;1072;1051
1071;1072;1040
1047;1044;1073
1044;1003;1073
1003;1069;1073
1049;1074;1075
1048;1074;1049
1048;1051;1076
1048;1076;1074
1046;1045;1077
1045;1047;1077
1071;1046;1077
1047;1073;1077
1006;1013;1015
1004;1006;1016
1005;1004;1016
1015;1016;1006
1005;1016;1007
1017;1007;1016
1008;1007;1017
1008;1017;1078
1008;1078;1010
1009;1079;1011
1079;1009;1010
1068;1011;1079
1080;1079;1010
1080;1010;1078
1081;1076;1051
1081;1051;1072
1075;1082;1083
1082;1075;1074
1083;1084;1085
1082;1084;1083
1086;1085;1084
1085;1086;1087
1088;1089;1090
1090;1091;1062
1089;1091;1090
1060;1062;1091
1056;1063;1092
1056;1092;1059
1064;1059;1093
1093;1059;1092
1067;1094;1014
1014;1094;1013
1013;1094;1015
1067;1066;1095
1067;1095;1094
1060;1091;1096
1060;1096;1063
1097;1092;1063
1097;1063;1096
1093;1098;1064
1064;1098;1065
1065;1098;1066
1066;1098;1095
1097;1099;1092
1093;1092;1099
1093;1099;1098
1070;1068;1100
1100;1068;1079
1069;1101;1073
1070;1101;1069
1070;1102;1101
1070;1100;1102
1072;1071;1103
1071;1077;1103
1081;1072;1103
1077;1104;1103
1073;1104;1077
1104;1073;1101
1105;1074;1076
1082;1074;1106
1082;1106;1084
1105;1106;1074
1081;1107;1076
1081;1103;1107
1076;1107;1105
1108;1084;1106
1109;1015;1094
1109;1110;1015
1110;1016;1015
1110;1017;1016
1111;1017;1110
1017;1111;1078
1112;1078;1111
1080;1078;1112
1100;1079;1113
1080;1113;1079
1080;1112;1113
1087;1114;1115
1086;1114;1087
1086;1084;1116
1086;1116;1114
1108;1116;1084
1117;1115;1114
1115;1117;1118
1119;1120;1121
1120;1122;1088
1119;1122;1120
1089;1088;1122
1089;1122;1123
1089;1123;1091
1096;1091;1124
1124;1091;1123
1094;1095;1125
1125;1109;1094
1095;1098;1126
1126;1125;1095
1125;1127;1109
1124;1128;1096
1096;1128;1097
1097;1128;1099
1099;1128;1129
1099;1129;1098
1129;1126;1098
1100;1130;1102
1130;1100;1113
1131;1102;1130
1101;1132;1104
1101;1102;1132
1102;1131;1132
1107;1103;1133
1134;1103;1104
1133;1103;1134
1134;1104;1132
1105;1135;1106
1105;1107;1135
1108;1106;1135
1136;1135;1107
1133;1136;1107
1108;1137;1116
1108;1135;1137
1127;1138;1109
1110;1109;1138
1111;1110;1138
1139;1111;1138
1139;1112;1111
1130;1113;1140
1139;1140;1112
1112;1140;1113
1117;1114;1141
1141;1114;1142
1142;1114;1116
1142;1116;1137
1118;1143;1144
1117;1143;1118
1117;1141;1143
1145;1146;1144
1145;1144;1143
1146;1212;1213
1145;1212;1146
1145;1143;1147
1145;1147;1212
1142;1148;1141
1142;1137;1148
1147;1143;1149
1149;1143;1141
1149;1141;1148
1150;1151;1152
1152;1153;1121
1151;1153;1152
1119;1121;1153
1127;1154;1138
1119;1153;1155
1119;1155;1122
1123;1122;1156
1156;1122;1155
1156;1157;1123
1123;1157;1124
1124;1157;1128
1158;1125;1126
1158;1127;1125
1129;1159;1126
1158;1126;1159
1158;1159;1160
1160;1127;1158
1160;1154;1127
1157;1161;1128
1128;1161;1129
1161;1159;1129
1131;1130;1162
1162;1130;1140
1163;1131;1162
1164;1132;1131
1164;1131;1163
1136;1133;1165
1134;1132;1165
1133;1134;1165
1165;1132;1164
1135;1166;1137
1136;1166;1135
1136;1165;1166
1148;1137;1167
1167;1137;1166
1168;1148;1167
1138;1154;1169
1139;1138;1169
1139;1169;1140
1140;1170;1162
1170;1140;1169
1213;1214;1215
1214;1213;1212
1171;1212;1147
1214;1212;1216
1216;1212;1171
1149;1172;1147
1149;1148;1172
1171;1147;1172
1168;1172;1148
1171;1217;1216
1171;1172;1217
1173;1174;1150
1151;1150;1174
1175;1176;1173
1176;1174;1173
1151;1174;1177
1151;1177;1153
1155;1153;1178
1178;1153;1177
1160;1159;1179
1160;1179;1154
1154;1179;1180
1154;1180;1169
1178;1181;1155
1156;1155;1181
1156;1181;1157
1182;1157;1181
1182;1161;1157
1182;1183;1161
1161;1183;1159
1179;1159;1183
1218;1219;1220
1219;1221;1175
1218;1221;1219
1176;1175;1221
1222;1223;1224
1224;1225;1220
1223;1225;1224
1218;1220;1225
1163;1162;1184
1184;1162;1170
1163;1185;1164
1163;1184;1185
1186;1165;1164
1186;1164;1185
1167;1166;1187
1166;1165;1187
1186;1187;1165
1168;1167;1188
1188;1167;1187
1172;1189;1217
1168;1189;1172
1168;1188;1189
1190;1169;1180
1170;1169;1190
1191;1170;1190
1170;1191;1184
1192;1184;1191
1215;1226;1227
1214;1226;1215
1214;1216;1226
1227;1228;1229
1228;1227;1226
1230;1231;1232
1233;1226;1216
1233;1216;1217
1229;1234;1232
1228;1234;1229
1230;1232;1234
1228;1226;1235
1228;1235;1234
1235;1226;1233
1236;1217;1189
1231;1237;1238
1230;1237;1231
1233;1239;1235
1233;1217;1239
1217;1236;1239
1230;1234;1240
1230;1240;1237
1180;1193;1190
1177;1174;1194
1176;1221;1195
1176;1195;1174
1194;1174;1195
1194;1196;1177
1177;1196;1178
1178;1196;1181
1218;1225;1241
1218;1241;1221
1195;1221;1242
1242;1221;1241
1179;1183;1197
1197;1180;1179
1180;1197;1193
1196;1198;1181
1182;1181;1198
1182;1198;1183
1199;1183;1198
1199;1197;1183
1243;1244;1222
1223;1222;1244
1245;1244;1243
1246;1245;1243
1223;1244;1247
1223;1247;1225
1241;1225;1248
1248;1225;1247
1200;1185;1184
1192;1200;1184
1188;1187;1201
1186;1201;1187
1185;1201;1186
1185;1200;1201
1202;1189;1188
1202;1188;1201
1236;1189;1249
1202;1249;1189
1192;1203;1200
1193;1204;1205
1205;1190;1193
1190;1205;1191
1206;1191;1205
1203;1192;1206
1192;1191;1206
1250;1251;1252
1238;1253;1250
1253;1238;1237
1253;1251;1250
1254;1237;1240
1240;1234;1255
1255;1234;1235
1255;1235;1239
1236;1256;1239
1236;1249;1256
1257;1252;1251
1257;1258;1252
1253;1237;1259
1253;1259;1251
1259;1237;1254
1255;1260;1240
1255;1239;1260
1254;1240;1260
1239;1256;1260
1254;1261;1259
1254;1260;1261
1260;1262;1261
1262;1260;1256
1263;1251;1259
1263;1259;1261
1257;1251;1264
1263;1264;1251
1258;1265;1266
1257;1265;1258
1257;1264;1265
1267;1266;1265
1268;1266;1267
1199;1207;1197
1204;1193;1207
1197;1207;1193
1242;1208;1195
1194;1195;1208
1194;1208;1196
1208;1209;1196
1209;1198;1196
1248;1269;1241
1241;1269;1242
1242;1269;1208
1209;1210;1198
1199;1198;1210
1199;1210;1207
1270;1271;1272
1271;1273;1246
1270;1273;1271
1245;1246;1273
1248;1247;1274
1248;1274;1269
1245;1273;1275
1245;1275;1244
1247;1244;1276
1276;1244;1275
1276;1274;1247
1277;1278;1279
1279;1280;1272
1278;1280;1279
1270;1272;1280
1281;1204;1207
1200;1211;1201
1203;1211;1200
1203;1282;1211
1203;1206;1282
1202;1283;1249
1202;1201;1283
1283;1201;1211
1284;1256;1249
1284;1249;1283
1262;1256;1285
1285;1256;1284
1286;1204;1281
1204;1286;1287
1205;1204;1287
1206;1205;1287
1206;1287;1282
1288;1282;1287
1268;1289;1290
1267;1289;1268
1291;1290;1289
1263;1292;1264
1263;1261;1292
1261;1293;1292
1262;1293;1261
1262;1285;1293
1294;1293;1285
1295;1265;1264
1264;1292;1295
1267;1265;1296
1267;1296;1289
1295;1296;1265
1290;1291;1297
1298;1297;1291
1299;1297;1298
1300;1299;1298
1300;1301;1299
1295;1302;1296
1295;1292;1302
1301;1303;1304
1300;1303;1301
1305;1207;1210
1305;1281;1207
1269;1306;1208
1209;1208;1306
1209;1306;1210
1210;1306;1305
1307;1269;1274
1307;1306;1269
1307;1308;1306
1308;1305;1306
1270;1280;1309
1270;1309;1273
1275;1273;1310
1310;1273;1309
1307;1274;1311
1307;1311;1308
1310;1312;1275
1275;1312;1276
1276;1312;1274
1274;1312;1311
1313;1314;1277
1278;1277;1314
1278;1314;1315
1278;1315;1280
1309;1280;1316
1316;1280;1315
1308;1317;1305
1317;1281;1305
1318;1314;1313
1319;1318;1313
1281;1317;1320
1281;1320;1286
1315;1314;1321
1211;1322;1283
1282;1322;1211
1288;1322;1282
1284;1323;1285
1284;1283;1323
1285;1323;1294
1323;1283;1322
1294;1323;1324
1325;1286;1320
1326;1287;1286
1286;1325;1326
1288;1287;1326
1288;1327;1322
1288;1326;1327
1328;1296;1302
1291;1289;1329
1289;1296;1329
1329;1296;1328
1329;1328;1330
1331;1298;1291
1331;1291;1329
1331;1329;1330
1298;1332;1300
1300;1332;1303
1331;1332;1298
1331;1330;1332
1294;1333;1293
1294;1324;1333
1302;1292;1334
1334;1292;1293
1334;1293;1333
1333;1324;1335
1336;1304;1303
1336;1337;1304
1328;1302;1338
1338;1302;1334
1334;1339;1338
1339;1334;1333
1333;1335;1339
1340;1303;1332
1336;1303;1341
1341;1303;1340
1337;1342;1416
1336;1342;1337
1336;1341;1342
1343;1344;1319
1318;1319;1344
1345;1346;1343
1346;1344;1343
1347;1348;1345
1346;1345;1348
1317;1349;1320
1311;1350;1308
1350;1317;1308
1349;1317;1350
1316;1351;1309
1310;1309;1351
1310;1351;1312
1351;1352;1312
1311;1312;1352
1352;1350;1311
1350;1352;1353
1350;1353;1349
1318;1344;1354
1318;1354;1314
1321;1314;1354
1355;1354;1344
1321;1356;1315
1316;1315;1356
1316;1356;1351
1356;1357;1351
1352;1351;1357
1352;1357;1353
1358;1348;1347
1358;1347;1359
1360;1320;1349
1320;1360;1325
1355;1361;1354
1321;1354;1361
1321;1361;1356
1356;1361;1362
1362;1357;1356
1324;1323;1363
1322;1363;1323
1327;1363;1322
1364;1335;1324
1364;1324;1363
1325;1360;1365
1366;1327;1326
1366;1326;1325
1325;1365;1366
1327;1367;1363
1367;1327;1366
1340;1332;1368
1332;1330;1368
1328;1338;1369
1330;1369;1368
1330;1328;1369
1364;1370;1335
1338;1371;1369
1338;1339;1371
1339;1372;1371
1372;1339;1335
1335;1370;1372
1417;1416;1342
1416;1417;1418
1419;1420;1421
1418;1422;1419
1417;1422;1418
1420;1419;1422
1417;1342;1423
1417;1423;1422
1340;1373;1341
1340;1368;1373
1423;1342;1374
1374;1342;1341
1374;1341;1373
1424;1422;1423
1375;1376;1377
1376;1378;1359
1375;1378;1376
1358;1359;1378
1377;1425;1379
1375;1377;1379
1426;1427;1425
1379;1425;1427
1346;1348;1380
1346;1380;1344
1355;1344;1380
1381;1380;1348
1358;1378;1382
1358;1382;1348
1381;1348;1382
1353;1383;1349
1349;1383;1360
1362;1384;1357
1357;1384;1353
1353;1384;1383
1381;1385;1380
1355;1380;1385
1355;1385;1361
1428;1427;1426
1428;1426;1429
1383;1386;1360
1360;1386;1365
1361;1385;1387
1362;1361;1387
1362;1387;1384
1384;1387;1388
1384;1388;1383
1383;1388;1386
1389;1365;1386
1364;1390;1370
1364;1363;1390
1367;1390;1363
1365;1389;1391
1366;1365;1391
1367;1366;1391
1367;1391;1390
1370;1390;1392
1393;1391;1389
1368;1394;1373
1368;1369;1394
1369;1371;1394
1395;1372;1370
1392;1395;1370
1394;1371;1396
1371;1372;1396
1372;1395;1396
1421;1430;1431
1420;1430;1421
1420;1422;1432
1420;1432;1430
1432;1422;1424
1431;1433;1434
1433;1431;1430
1434;1435;1436
1433;1435;1434
1433;1430;1437
1433;1437;1435
1437;1430;1438
1438;1430;1432
1439;1436;1435
1436;1439;1440
1374;1441;1423
1374;1373;1441
1424;1423;1441
1424;1442;1432
1424;1441;1442
1432;1442;1438
1373;1397;1441
1394;1397;1373
1394;1396;1397
1443;1442;1441
1443;1441;1397
1382;1378;1398
1375;1379;1399
1375;1399;1378
1399;1398;1378
1399;1400;1398
1428;1429;1444
1445;1444;1429
1428;1444;1446
1428;1446;1427
1427;1447;1379
1427;1446;1447
1379;1447;1399
1400;1399;1447
1382;1398;1401
1382;1401;1381
1381;1401;1385
1447;1446;1448
1400;1447;1448
1398;1402;1401
1400;1402;1398
1400;1448;1402
1403;1385;1401
1403;1387;1385
1402;1404;1401
1403;1401;1404
1449;1445;1450
1449;1444;1445
1450;1451;1452
1449;1450;1452
1449;1452;1453
1449;1453;1444
1454;1455;1451
1452;1451;1455
1456;1454;1457
1456;1455;1454
1405;1386;1388
1386;1405;1389
1403;1404;1406
1403;1406;1387
1388;1387;1406
1388;1406;1405
1458;1435;1437
1407;1405;1406
1405;1407;1408
1408;1389;1405
1393;1389;1408
1392;1390;1409
1393;1409;1391
1390;1391;1409
1392;1410;1395
1392;1409;1410
1411;1409;1393
1412;1393;1408
1411;1393;1412
1413;1396;1395
1395;1410;1413
1438;1459;1437
1438;1442;1459
1437;1459;1458
1443;1397;1460
1397;1396;1460
1396;1413;1460
1439;1435;1461
1461;1435;1458
1462;1463;1464
1440;1465;1464
1439;1465;1440
1462;1464;1465
1439;1461;1465
1462;1465;1466
1466;1465;1467
1467;1465;1461
1442;1468;1459
1443;1468;1442
1443;1460;1468
1463;1469;1470
1462;1469;1463
1462;1466;1469
1471;1472;1473
1472;1474;1475
1471;1474;1472
1476;1477;1457
1456;1457;1477
1478;1476;1475
1478;1475;1474
1478;1477;1476
1479;1446;1444
1479;1444;1453
1479;1480;1446
1446;1480;1448
1448;1480;1481
1448;1481;1402
1402;1481;1404
1404;1481;1414
1404;1414;1406
1414;1407;1406
1455;1482;1452
1453;1452;1482
1482;1483;1453
1479;1453;1483
1479;1483;1480
1478;1474;1484
1478;1484;1477
1456;1477;1485
1456;1485;1455
1455;1485;1482
1486;1482;1485
1486;1483;1482
1487;1485;1477
1487;1477;1484
1487;1488;1485
1486;1485;1488
1489;1407;1414
1458;1490;1461
1458;1459;1490
1461;1490;1467
1489;1491;1407
1491;1408;1407
1412;1408;1491
1410;1409;1415
1411;1415;1409
1492;1413;1410
1410;1415;1492
1491;1493;1412
1412;1493;1494
1411;1494;1415
1411;1412;1494
1489;1495;1491
1491;1495;1493
1473;1496;1497
1471;1473;1497
1497;1498;1471
1471;1498;1474
1413;1499;1460
1492;1499;1413
1459;1500;1490
1468;1500;1459
1500;1468;1501
1468;1460;1501
1501;1460;1499
1502;1470;1469
1502;1503;1470
1503;1504;1505
1502;1504;1503
1506;1505;1504
1467;1507;1466
1467;1490;1507
1508;1469;1466
1508;1466;1507
1502;1469;1509
1502;1509;1504
1508;1509;1469
1506;1510;1505
1511;1512;1513
1514;1511;1513
1514;1515;1511
1514;1516;1515
1484;1474;1517
1517;1474;1498
1480;1483;1518
1480;1518;1481
1518;1519;1481
1519;1414;1481
1489;1414;1519
1489;1519;1495
1520;1521;1496
1497;1496;1521
1522;1521;1520
1522;1520;1523
1486;1488;1524
1486;1524;1483
1483;1524;1518
1517;1525;1484
1484;1525;1487
1487;1525;1488
1526;1488;1525
1488;1526;1524
1527;1501;1499
1490;1528;1507
1528;1490;1500
1528;1500;1529
1500;1501;1529
1527;1529;1501
1530;1493;1495
1524;1531;1518
1518;1531;1519
1519;1531;1495
1532;1499;1492
1532;1492;1533
1492;1415;1533
1494;1533;1415
1527;1499;1534
1532;1534;1499
1493;1530;1535
1536;1535;1530
1493;1535;1494
1494;1535;1533
1537;1495;1531
1537;1530;1495
1521;1538;1497
1498;1497;1538
1539;1540;1523
1522;1523;1540
1498;1538;1541
1517;1498;1541
1517;1541;1525
1510;1542;1512
1506;1542;1510
1513;1512;1542
1508;1543;1509
1508;1507;1543
1506;1504;1544
1506;1544;1542
1514;1513;1545
1514;1545;1516
1542;1546;1513
1542;1544;1546
1545;1513;1546
1547;1543;1507
1547;1507;1528
1547;1548;1543
1549;1544;1504
1549;1504;1509
1549;1509;1543
1515;1516;1550
1551;1552;1550
1551;1550;1516
1553;1516;1545
1551;1516;1554
1554;1516;1553
1552;1615;1616
1551;1615;1552
1551;1554;1615
1617;1616;1615
1617;1618;1616
1522;1540;1555
1522;1555;1521
1521;1555;1538
1556;1538;1555
1538;1556;1541
1557;1558;1559
1560;1540;1539
1560;1539;1561
1526;1562;1524
1524;1562;1531
1525;1541;1563
1526;1525;1563
1526;1563;1562
1527;1564;1529
1527;1534;1564
1547;1528;1565
1547;1565;1548
1529;1565;1528
1529;1564;1565
1537;1566;1530
1567;1536;1566
1536;1530;1566
1562;1568;1531
1537;1568;1566
1537;1531;1568
1563;1569;1562
1562;1569;1568
1532;1533;1570
1532;1570;1534
1533;1535;1570
1536;1567;1571
1536;1571;1535
1571;1570;1535
1534;1572;1564
1572;1534;1570
1573;1555;1540
1558;1574;1561
1557;1574;1558
1560;1561;1574
1560;1574;1575
1560;1575;1540
1573;1540;1575
1556;1576;1541
1541;1576;1563
1563;1576;1569
1548;1565;1577
1549;1578;1544
1549;1543;1578
1578;1543;1548
1578;1548;1579
1548;1577;1579
1580;1544;1578
1580;1546;1544
1580;1578;1579
1545;1546;1581
1546;1580;1581
1553;1545;1581
1580;1579;1581
1582;1581;1579
1618;1619;1620
1617;1619;1618
1620;1621;1622
1621;1620;1619
1553;1583;1554
1553;1581;1583
1581;1582;1583
1623;1615;1554
1554;1583;1623
1617;1615;1624
1617;1624;1619
1624;1615;1623
1625;1626;1627
1564;1584;1565
1577;1565;1584
1564;1572;1584
1582;1579;1585
1585;1579;1577
1628;1619;1624
1557;1586;1574
1575;1574;1587
1587;1574;1586
1573;1588;1555
1556;1555;1588
1556;1588;1576
1587;1589;1575
1573;1575;1589
1573;1589;1588
1557;1559;1629
1557;1629;1586
1586;1629;1630
1631;1629;1559
1590;1583;1582
1591;1585;1577
1591;1577;1584
1567;1592;1571
1567;1566;1593
1567;1593;1592
1594;1568;1569
1568;1594;1566
1594;1593;1566
1569;1576;1595
1595;1594;1569
1572;1570;1596
1571;1592;1596
1571;1596;1570
1597;1584;1572
1597;1572;1596
1632;1631;1633
1632;1629;1631
1634;1635;1633
1632;1633;1635
1636;1637;1634
1637;1635;1634
1632;1635;1638
1632;1638;1629
1630;1629;1638
1588;1598;1576
1598;1595;1576
1637;1639;1635
1638;1635;1640
1640;1635;1639
1582;1599;1590
1599;1582;1585
1622;1641;1642
1621;1641;1622
1642;1643;1644
1643;1642;1641
1621;1619;1645
1621;1645;1641
1645;1619;1628
1623;1646;1624
1623;1583;1646
1624;1646;1628
1583;1590;1646
1647;1641;1645
1644;1648;1625
1643;1648;1644
1626;1625;1648
1643;1641;1649
1643;1649;1648
1649;1641;1647
1650;1648;1649
1626;1648;1651
1651;1648;1650
1627;1652;1653
1626;1652;1627
1626;1651;1652
1591;1584;1600
1597;1600;1584
1585;1601;1599
1591;1601;1585
1601;1591;1600
1628;1654;1645
1628;1646;1654
1645;1654;1647
1655;1654;1646
1655;1646;1590
1630;1602;1586
1586;1602;1587
1587;1602;1589
1640;1656;1638
1638;1656;1630
1630;1656;1602
1589;1602;1603
1589;1603;1588
1603;1598;1588
1637;1636;1657
1637;1657;1639
1658;1657;1636
1659;1657;1658
1660;1659;1658
1655;1590;1661
1590;1599;1661
1662;1653;1652
1653;1662;1663
1664;1665;1660
1659;1660;1665
1666;1664;1667
1666;1665;1664
1599;1668;1661
1601;1668;1599
1604;1596;1592
1593;1605;1592
1604;1592;1605
1595;1606;1594
1593;1594;1606
1605;1593;1606
1607;1595;1598
1607;1606;1595
1597;1596;1608
1600;1597;1608
1604;1608;1596
1639;1657;1669
1598;1603;1609
1607;1598;1609
1669;1670;1639
1639;1670;1640
1640;1670;1656
1656;1671;1602
1603;1602;1671
1609;1603;1671
1647;1672;1649
1647;1654;1672
1649;1672;1650
1650;1673;1651
1650;1672;1673
1674;1652;1651
1674;1651;1673
1662;1652;1675
1674;1675;1652
1668;1601;1610
1600;1610;1601
1610;1600;1608
1654;1676;1672
1655;1676;1654
1655;1661;1676
1661;1677;1676
1661;1668;1677
1678;1656;1670
1678;1671;1656
1659;1665;1679
1659;1679;1657
1669;1657;1679
1679;1665;1680
1681;1682;1667
1666;1667;1682
1683;1682;1681
1683;1681;1684
1663;1685;1686
1662;1685;1663
1662;1675;1685
1686;1687;1688
1687;1686;1685
1666;1682;1689
1666;1689;1665
1680;1665;1689
1668;1690;1677
1690;1668;1610
1611;1605;1606
1611;1612;1605
1604;1605;1612
1604;1612;1608
1607;1613;1606
1609;1613;1607
1611;1606;1613
1691;1609;1671
1691;1613;1609
1692;1610;1608
1614;1692;1608
1614;1608;1612
1693;1694;1695
1680;1696;1679
1669;1679;1696
1669;1696;1670
1689;1682;1697
1697;1698;1689
1689;1698;1680
1680;1698;1696
1699;1696;1698
1696;1700;1670
1699;1700;1696
1678;1670;1700
1678;1700;1701
1678;1701;1671
1691;1671;1701
1702;1673;1672
1702;1672;1676
1702;1703;1673
1674;1704;1675
1674;1673;1704
1673;1703;1704
1687;1685;1705
1705;1685;1706
1706;1685;1675
1675;1704;1706
1707;1690;1610
1707;1610;1692
1688;1708;1709
1687;1708;1688
1687;1705;1708
1710;1711;1709
1710;1709;1708
1702;1676;1712
1702;1712;1703
1712;1676;1677
1677;1713;1712
1713;1677;1690
1694;1714;1684
1693;1714;1694
1683;1684;1714
1683;1714;1715
1683;1715;1682
1697;1682;1715
1716;1717;1718
1807;1719;1720
1711;1721;1718
1710;1721;1711
1716;1718;1721
1710;1708;1722
1710;1722;1721
1808;1807;1720
1808;1809;1807
1723;1713;1690
1707;1723;1690
1707;1724;1723
1707;1692;1724
1611;1613;1725
1611;1725;1612
1614;1612;1725
1614;1725;1726
1614;1726;1692
1724;1692;1726
1691;1701;1727
1691;1727;1613
1613;1727;1725
1701;1700;1728
1728;1727;1701
1729;1715;1714
1693;1730;1714
1729;1714;1730
1731;1732;1695
1693;1695;1732
1693;1732;1730
1733;1731;1734
1733;1732;1731
1699;1735;1700
1735;1728;1700
1729;1736;1715
1715;1736;1697
1697;1736;1698
1736;1737;1698
1699;1698;1737
1699;1737;1735
1738;1722;1708
1738;1708;1705
1703;1712;1739
1740;1704;1703
1703;1739;1740
1706;1741;1705
1706;1704;1741
1705;1741;1738
1704;1740;1741
1742;1713;1723
1713;1743;1712
1739;1712;1743
1743;1713;1742
1744;1739;1743
1717;1745;1719
1716;1745;1717
1720;1719;1745
1746;1747;1748
1716;1721;1749
1716;1749;1745
1745;1750;1720
1750;1745;1749
1720;1810;1808
1810;1720;1750
1751;1749;1721
1751;1721;1722
1738;1752;1722
1738;1741;1752
1751;1722;1752
1809;1811;1812
1808;1811;1809
1808;1810;1811
1812;1813;1814
1813;1812;1811
1723;1753;1742
1724;1753;1723
1753;1724;1754
1724;1726;1754
1755;1725;1727
1755;1726;1725
1754;1726;1755
1728;1756;1727
1756;1755;1727
1735;1757;1728
1757;1756;1728
1758;1759;1746
1760;1759;1758
1747;1746;1759
1730;1761;1729
1729;1761;1736
1730;1732;1762
1762;1761;1730
1748;1763;1734
1747;1763;1748
1733;1734;1763
1733;1763;1764
1733;1764;1732
1762;1732;1764
1747;1759;1765
1747;1765;1763
1735;1737;1766
1766;1757;1735
1736;1761;1767
1768;1767;1761
1737;1736;1767
1767;1766;1737
1740;1739;1769
1744;1769;1739
1752;1741;1770
1770;1741;1740
1770;1740;1769
1771;1742;1753
1743;1742;1772
1744;1743;1772
1771;1772;1742
1744;1773;1769
1773;1744;1772
1815;1811;1810
1814;1816;1817
1813;1816;1814
1818;1819;1817
1818;1817;1816
1760;1758;1820
1774;1750;1749
1751;1775;1749
1751;1752;1775
1774;1749;1775
1810;1750;1821
1774;1821;1750
1815;1810;1821
1775;1752;1776
1776;1752;1770
1813;1811;1822
1813;1822;1816
1815;1822;1811
1819;1823;1824
1818;1823;1819
1818;1816;1825
1818;1825;1823
1825;1816;1826
1826;1816;1822
1827;1824;1823
1827;1828;1824
1829;1830;1831
1832;1833;1820
1834;1833;1832
1760;1820;1833
1753;1754;1777
1771;1753;1777
1755;1756;1778
1778;1754;1755
1754;1778;1777
1756;1757;1779
1779;1778;1756
1757;1766;1780
1780;1779;1757
1760;1833;1835
1760;1835;1759
1765;1759;1781
1781;1759;1835
1762;1764;1782
1762;1782;1761
1768;1761;1782
1783;1764;1763
1783;1763;1765
1783;1782;1764
1781;1784;1765
1765;1784;1783
1783;1784;1782
1782;1784;1785
1768;1782;1785
1768;1785;1786
1768;1786;1767
1767;1786;1766
1766;1786;1780
1787;1780;1786
1776;1770;1788
1769;1788;1770
1769;1773;1788
1771;1789;1772
1771;1777;1789
1790;1789;1777
1791;1773;1772
1791;1772;1789
1792;1788;1773
1792;1773;1791
1815;1836;1822
1815;1821;1836
1826;1822;1836
1828;1837;1831
1827;1837;1828
1829;1831;1837
1838;1823;1825
1839;1834;1832
1834;1839;1840
1841;1840;1839
1842;1840;1841
1843;1842;1841
1834;1840;1844
1834;1844;1833
1845;1846;1847
1774;1775;1793
1775;1776;1793
1774;1793;1821
1776;1788;1793
1821;1848;1836
1848;1821;1793
1826;1849;1825
1826;1836;1849
1825;1849;1838
1827;1823;1850
1827;1850;1837
1838;1850;1823
1851;1852;1853
1854;1852;1851
1854;1855;1852
1853;1830;1856
1829;1856;1830
1851;1853;1856
1857;1837;1850
1829;1837;1858
1829;1858;1856
1857;1858;1837
1789;1794;1791
1835;1833;1859
1859;1833;1844
1795;1778;1779
1795;1777;1778
1790;1777;1795
1787;1796;1780
1779;1780;1796
1796;1795;1779
1844;1840;1860
1842;1861;1840
1860;1840;1861
1859;1862;1835
1781;1835;1862
1781;1862;1784
1860;1863;1844
1859;1844;1863
1859;1863;1862
1784;1862;1797
1785;1784;1797
1785;1797;1798
1785;1798;1786
1786;1798;1787
1799;1796;1787
1800;1787;1798
1799;1787;1800
1799;1801;1796
1796;1801;1795
1790;1795;1801
1794;1789;1802
1790;1801;1802
1790;1802;1789
1856;1864;1851
1856;1858;1864
1803;1793;1788
1803;1788;1792
1803;1792;1865
1791;1804;1792
1865;1792;1804
1804;1791;1794
1849;1836;1866
1848;1793;1867
1803;1867;1793
1803;1865;1867
1848;1868;1836
1868;1866;1836
1868;1848;1867
1838;1869;1850
1838;1849;1869
1850;1869;1857
1847;1870;1843
1846;1870;1847
1842;1843;1870
1842;1870;1861
1861;1870;1871
1872;1873;1874
1846;1875;1870
1871;1870;1875
1874;1876;1845
1873;1876;1874
1846;1845;1876
1846;1876;1875
1877;1869;1849
1877;1849;1866
1854;1851;1878
1851;1864;1878
1855;1879;1880
1854;1879;1855
1854;1878;1879
1868;1881;1866
1868;1867;1881
1877;1866;1882
1866;1881;1882
1883;1878;1864
1857;1884;1858
1857;1869;1884
1858;1884;1885
1864;1858;1885
1883;1864;1885
1884;1869;1886
1877;1886;1869
1877;1882;1886
1887;1804;1794
1887;1794;1888
1802;1888;1794
1799;1800;1805
1799;1805;1801
1871;1889;1861
1860;1861;1889
1860;1889;1863
1862;1863;1890
1797;1862;1890
1797;1890;1891
1798;1797;1891
1798;1891;1800
1889;1892;1863
1892;1890;1863
1800;1891;1893
1800;1893;1805
1805;1806;1801
1806;1802;1801
1888;1802;1806
1894;1880;1879
1880;1894;1895
1865;1896;1867
1881;1867;1896
1896;1865;1897
1804;1897;1865
1887;1897;1804
1875;1876;1898
1898;1899;1875
1875;1899;1871
1871;1899;1889
1900;1901;1902
1902;1903;1904
1903;1902;1901
1904;1905;1872
1903;1905;1904
1873;1872;1905
1903;1901;1906
1903;1906;1905
1898;1907;1899
1873;1905;1908
1873;1908;1876
1898;1876;1908
1898;1908;1907
1908;1905;1909
1909;1905;1906
1909;1907;1908
1897;1910;1896
1906;1901;1911
1878;1912;1879
1878;1883;1912
1894;1879;1913
1913;1879;1912
1883;1914;1912
1883;1885;1914
1882;1881;1915
1896;1915;1881
1896;1910;1915
1886;1882;1916
1882;1915;1916
1885;1884;1917
1884;1886;1917
1885;1917;1914
1886;1916;1917
1918;1919;1920
1918;1921;1919
1897;1922;1910
1887;1922;1897
1887;1888;1922
1888;1923;1922
1888;1806;1923
1924;1922;1923
1925;1899;1907
1805;1893;1926
1805;1926;1806
1926;1923;1806
1899;1927;1889
1925;1927;1899
1892;1889;1927
1892;1927;1928
1892;1928;1890
1890;1928;1891
1891;1928;1893
1929;1893;1928
1929;1926;1893
1929;1930;1926
1926;1930;1923
1924;1923;1930
1895;1931;1932
1894;1931;1895
1894;1913;1931
1933;1934;1932
1933;1932;1931
1933;1931;1935
1936;1935;1931
1936;1931;1913
1934;1937;1920
1933;1937;1934
1918;1920;1937
1933;1935;1937
1919;1921;2019
2020;2019;1921
2019;2020;2021
2022;2021;2020
2021;2022;2023
2024;2023;2022
2024;2025;2023
2026;2025;2024
1938;1910;1922
1938;1922;1924
1939;1937;1935
1940;1938;1924
1941;1938;1940
1924;1930;1942
1940;1924;1942
1911;1943;1906
1909;1906;1943
1909;1943;1907
1907;1943;1944
1925;1907;1944
1911;1901;1945
1946;1901;1900
1946;1945;1901
1946;1900;1947
1948;1949;1947
1946;1947;1949
1946;1949;1945
1950;1951;1948
1951;1949;1948
2026;2027;2025
1952;1915;1910
1941;1952;1938
1910;1938;1952
1911;1945;1953
1911;1953;1943
1945;1949;1954
1954;1953;1945
1951;1955;1949
1954;1949;1955
1913;1912;1956
1912;1914;1956
1936;1913;1956
1936;1957;1935
1936;1956;1957
1939;1935;1957
1914;1958;1956
1914;1917;1958
1916;1915;1959
1952;1959;1915
2027;2028;2029
2026;2028;2027
1958;1917;1960
1960;1917;1916
1960;1916;1959
1918;1937;1961
1918;1961;1921
1939;1961;1937
2022;2020;2030
2020;1921;2031
1921;1961;2031
2031;2030;2020
2030;2031;2032
1925;1944;1962
1925;1962;1927
1928;1927;1963
1962;1963;1927
1963;1929;1928
1962;1964;1963
1965;1929;1963
1965;1963;1964
1965;1930;1929
1965;1964;1966
1965;1966;1930
1930;1966;1942
2026;2024;2033
2026;2033;2028
2034;2024;2022
2034;2022;2030
2034;2033;2024
2029;2035;2036
2035;2029;2028
1939;1967;1961
1939;1957;1967
1952;1968;1959
1941;1968;1952
1941;1969;1968
1940;1969;1941
1940;1942;1969
1942;1966;1970
1942;1970;1969
1971;1972;1950
1951;1950;1972
1951;1972;1955
1973;1971;1974
1973;1972;1971
1975;1955;1972
1973;1976;1972
1975;1972;1976
1977;1978;1974
1973;1974;1978
1973;1978;1976
1943;1953;1979
1944;1943;1979
1979;1980;1944
1962;1944;1980
1980;1964;1962
1964;1980;1981
1964;1981;1966
1979;1982;1980
1980;1982;1981
1983;1979;1953
1983;1982;1979
1975;1984;1955
1955;1984;1954
1954;1984;1953
1983;1953;1984
1983;1984;1985
1983;1985;1982
1956;1958;1986
1957;1956;1986
1957;1986;1967
1958;1987;1986
1958;1960;1987
1987;1960;1988
1959;1988;1960
1959;1968;1988
2035;2028;2037
2037;2028;2038
2038;2028;2033
1967;1989;1961
2031;1961;1989
2032;2031;1989
1989;1967;1990
1967;1986;1990
2034;2030;2039
2033;2034;2039
2032;2039;2030
2038;2033;2039
2032;2040;2039
1989;1990;2040
2032;1989;2040
2035;2041;2036
2035;2037;2041
2036;2041;2042
2043;2044;2042
2043;2042;2041
2043;2041;2045
2045;2041;2046
2046;2041;2037
2043;2047;2044
2043;2045;2047
2044;2047;2048
2049;2050;2048
2049;2048;2047
1991;1966;1981
1991;1970;1966
1992;1981;1982
1981;1992;1991
1985;1993;1982
1993;1992;1982
1969;1994;1968
1969;1970;1994
1995;1988;1968
1968;1994;1995
1996;1970;1991
1996;1994;1970
2051;2052;2053
1976;1997;1975
1975;1997;1984
1984;1997;1985
1976;1978;1998
1998;1997;1976
1999;1978;1977
2000;1999;1977
1999;2000;2001
2054;2053;2052
2053;2054;2055
2055;2001;2000
2054;2001;2055
1999;2001;2002
1999;2002;1978
1998;1978;2002
1998;2002;2003
1998;2003;1997
2056;2051;2057
2056;2052;2051
2058;2059;2057
2056;2057;2059
2060;2058;2061
2060;2059;2058
2060;2061;2062
2061;2063;2062
2003;2004;1997
1985;1997;2004
2004;1993;1985
2005;1986;1987
1990;1986;2005
1987;2006;2005
2006;1987;1988
1988;1995;2006
2007;1995;1994
2008;2006;1995
2007;2008;1995
2064;2047;2045
2038;2065;2037
2038;2039;2065
2037;2065;2046
2046;2066;2045
2046;2065;2066
2045;2066;2064
1990;2067;2040
1990;2005;2067
2068;2039;2040
2068;2065;2039
2068;2040;2069
2040;2067;2069
2049;2047;2070
2070;2047;2064
2071;2072;2073
2050;2074;2073
2049;2074;2050
2071;2073;2074
2049;2070;2074
2071;2074;2075
2072;2076;2077
2071;2076;2072
2071;2075;2076
2077;2078;2079
2078;2077;2076
2080;2075;2074
2080;2074;2070
2009;2007;1994
2009;1994;1996
2010;1991;1992
1991;2010;1996
2011;1996;2010
2009;1996;2011
2012;1992;1993
1992;2012;2010
2004;2013;1993
1993;2013;2012
2079;2081;2082
2078;2081;2079
2083;2084;2219
2062;2085;2060
2060;2085;2059
2086;2059;2085
2085;2062;2087
2062;2063;2088
2088;2087;2062
2089;2088;2063
2090;2089;2091
2090;2088;2089
2090;2091;2092
2093;2092;2091
2014;2003;2094
2014;2004;2003
2014;2013;2004
2056;2059;2095
2056;2095;2052
2095;2059;2086
2086;2096;2095
2097;2052;2095
2097;2095;2096
2097;2096;2094
2054;2052;2098
2054;2098;2001
2098;2052;2097
2097;2094;2098
2015;2002;2001
2015;2001;2098
2015;2003;2002
2098;2094;2015
2015;2094;2003
2009;2011;2016
2009;2016;2007
2094;2096;2099
2014;2094;2099
2014;2099;2013
2017;2005;2006
2067;2005;2017
2006;2008;2017
2007;2100;2008
2016;2100;2007
2008;2101;2017
2100;2101;2008
2064;2102;2070
2064;2066;2102
2070;2102;2080
2065;2103;2066
2068;2069;2103
2065;2068;2103
2104;2102;2066
2104;2066;2103
2069;2067;2105
2067;2017;2105
2105;2017;2101
2106;2103;2069
2106;2069;2105
2107;2082;2081
2084;2083;2108
2082;2107;2109
2109;2108;2083
2107;2108;2109
2078;2076;2110
2078;2110;2081
2110;2076;2111
2111;2076;2075
2080;2112;2075
2080;2102;2112
2111;2075;2112
2016;2113;2100
2114;2101;2100
2114;2100;2113
2018;2010;2012
2011;2010;2018
2115;2011;2018
2113;2016;2115
2011;2115;2016
2116;2012;2013
2012;2116;2018
2099;2117;2013
2117;2116;2013
2118;2116;2117
2119;2081;2110
2107;2081;2120
2107;2120;2108
2119;2120;2081
2220;2221;2222
2223;2224;2220
2224;2221;2220
2219;2225;2223
2084;2225;2219
2224;2223;2225
2084;2108;2121
2084;2121;2225
2121;2108;2122
2122;2108;2120
2222;2226;2227
2226;2222;2221
2227;2228;2229
2226;2228;2227
2230;2231;2229
2230;2229;2228
2232;2233;2234
2230;2235;2231
2231;2235;2236
2232;2237;2238
2232;2238;2233
2233;2238;2239
2085;2087;2123
2086;2085;2123
2086;2123;2096
2096;2123;2124
2124;2099;2096
2099;2124;2117
2117;2124;2125
2125;2118;2117
2090;2092;2126
2090;2126;2088
2088;2126;2087
2127;2087;2126
2087;2127;2123
2128;2092;2093
2128;2093;2129
2130;2126;2092
2128;2131;2092
2130;2092;2131
2132;2133;2129
2128;2129;2133
2128;2133;2131
2134;2132;2135
2134;2133;2132
2135;2136;2137
2134;2135;2137
2130;2138;2126
2127;2126;2138
2138;2139;2127
2127;2139;2123
2123;2139;2124
2124;2139;2125
2106;2105;2140
2105;2101;2140
2141;2140;2101
2141;2101;2114
2111;2142;2110
2111;2112;2142
2110;2142;2119
2119;2143;2120
2119;2142;2143
2120;2143;2122
2102;2144;2112
2104;2144;2102
2104;2103;2145
2104;2145;2144
2106;2145;2103
2106;2140;2145
2112;2146;2142
2146;2112;2144
2147;2118;2125
2148;2125;2139
2147;2125;2148
2118;2149;2116
2018;2116;2149
2115;2018;2149
2150;2115;2149
2150;2113;2115
2113;2151;2114
2151;2113;2150
2152;2141;2114
2152;2114;2151
2232;2240;2237
2232;2234;2240
2234;2241;2240
2241;2234;2242
2151;2150;2153
2154;2150;2149
2154;2153;2150
2147;2155;2118
2155;2149;2118
2154;2149;2155
2230;2228;2243
2230;2243;2235
2226;2221;2244
2226;2244;2228
2244;2221;2245
2224;2225;2246
2224;2246;2221
2245;2221;2246
2246;2225;2247
2247;2225;2121
2122;2156;2121
2122;2143;2156
2247;2121;2156
2248;2242;2249
2239;2236;2250
2250;2236;2235
2233;2239;2250
2242;2234;2251
2250;2251;2233
2242;2251;2249
2234;2233;2251
2243;2228;2252
2252;2228;2244
2250;2235;2253
2251;2250;2253
2251;2253;2249
2254;2253;2235
2254;2235;2243
2130;2131;2157
2130;2157;2138
2158;2131;2133
2158;2157;2131
2137;2159;2134
2134;2159;2133
2158;2133;2159
2160;2161;2162
2161;2163;2136
2160;2163;2161
2137;2136;2163
2164;2165;2162
2160;2162;2165
2166;2164;2167
2166;2165;2164
2255;2256;2257
2163;2168;2137
2159;2137;2168
2144;2169;2146
2144;2145;2169
2145;2170;2169
2170;2145;2140
2151;2153;2171
2152;2151;2171
2169;2170;2172
2173;2172;2170
2159;2168;2174
2159;2174;2158
2158;2174;2157
2138;2157;2175
2138;2175;2139
2175;2148;2139
2176;2148;2175
2140;2177;2170
2173;2170;2177
2141;2177;2140
2141;2152;2177
2152;2171;2177
2178;2146;2169
2169;2172;2178
2143;2179;2156
2180;2143;2142
2180;2142;2146
2180;2179;2143
2180;2146;2178
2180;2178;2179
2247;2258;2246
2247;2156;2258
2246;2258;2245
2176;2181;2148
2176;2182;2181
2147;2148;2181
2147;2181;2155
2155;2181;2183
2181;2182;2183
2155;2183;2154
2154;2183;2153
2184;2173;2177
2184;2177;2171
2185;2153;2183
2153;2185;2171
2245;2259;2244
2245;2258;2259
2244;2259;2252
2248;2249;2260
2261;2241;2242
2248;2261;2242
2248;2262;2261
2248;2260;2262
2156;2263;2258
2263;2156;2179
2252;2264;2243
2252;2259;2264
2254;2243;2264
2260;2265;2266
2260;2249;2265
2254;2267;2253
2254;2264;2267
2267;2265;2249
2253;2267;2249
2258;2268;2259
2268;2258;2263
2269;2268;2263
2174;2186;2157
2186;2175;2157
2255;2257;2270
2270;2257;2271
2270;2271;2272
2271;2273;2272
2256;2187;2167
2255;2187;2256
2166;2167;2187
2160;2165;2188
2160;2188;2163
2168;2163;2188
2189;2188;2165
2166;2187;2190
2166;2190;2165
2189;2165;2190
2255;2270;2274
2255;2274;2187
2272;2275;2270
2274;2270;2275
2276;2275;2272
2191;2190;2187
2191;2187;2274
2186;2192;2175
2176;2175;2192
2176;2192;2182
2193;2168;2188
2168;2193;2174
2277;2278;2279
2277;2280;2278
2277;2281;2280
2281;2282;2280
2283;2279;2284
2277;2279;2283
2277;2283;2281
2263;2179;2194
2269;2263;2194
2194;2179;2195
2178;2195;2179
2178;2172;2195
2196;2184;2171
2196;2171;2185
2196;2197;2184
2198;2173;2184
2197;2198;2184
2172;2199;2195
2198;2199;2173
2172;2173;2199
2199;2198;2200
2201;2200;2198
2198;2197;2201
2193;2202;2174
2186;2174;2202
2186;2202;2192
2196;2203;2197
2196;2185;2203
2204;2183;2182
2183;2204;2185
2203;2185;2204
2205;2182;2192
2205;2204;2182
2195;2206;2194
2206;2195;2199
2200;2206;2199
2269;2194;2285
2285;2194;2206
2200;2201;2286
2206;2287;2285
2286;2287;2200
2287;2206;2200
2269;2288;2268
2269;2285;2288
2265;2267;2289
2267;2264;2289
2259;2290;2264
2289;2264;2290
2290;2259;2268
2268;2288;2290
2291;2266;2292
2291;2292;2293
2292;2266;2265
2292;2265;2294
2294;2265;2289
2294;2289;2295
2289;2290;2295
2295;2290;2288
2296;2293;2292
2296;2292;2294
2296;2294;2297
2295;2297;2294
2297;2295;2298
2298;2295;2288
2262;2260;2299
2266;2299;2260
2300;2299;2266
2291;2300;2266
2296;2301;2293
2301;2296;2297
2302;2301;2297
2303;2293;2301
2303;2301;2304
2302;2304;2301
2291;2305;2300
2291;2293;2305
2305;2293;2306
2303;2306;2293
2302;2297;2307
2307;2297;2298
2302;2308;2304
2302;2307;2308
2309;2307;2298
2310;2308;2307
2310;2307;2311
2309;2311;2307
2312;2313;2273
2272;2273;2313
2276;2272;2313
2312;2314;2315
2313;2312;2315
2314;2316;2317
2317;2315;2314
2282;2318;2319
2281;2318;2282
2319;2320;2316
2320;2319;2318
2320;2317;2316
2318;2281;2321
2283;2321;2281
2322;2317;2320
2189;2207;2188
2193;2188;2207
2193;2207;2202
2313;2315;2323
2276;2313;2323
2191;2208;2190
2189;2190;2208
2189;2208;2207
2274;2275;2324
2274;2324;2191
2191;2324;2208
2276;2323;2325
2276;2325;2275
2275;2325;2324
2209;2192;2202
2209;2205;2192
2207;2208;2210
2207;2210;2202
2210;2211;2202
2211;2209;2202
2203;2204;2212
2213;2204;2205
2213;2212;2204
2209;2211;2214
2209;2214;2205
2205;2214;2213
2213;2214;2215
2213;2215;2212
2283;2284;2326
2326;2321;2283
2327;2326;2284
2328;2327;2329
2328;2326;2327
2330;2331;2329
2328;2329;2331
2216;2201;2197
2216;2203;2212
2197;2203;2216
2216;2212;2217
2212;2215;2217
2218;2216;2217
2201;2216;2218
2218;2286;2201
2332;2218;2217
2333;2217;2215
2334;2332;2217
2334;2217;2333
2335;2336;2337
2336;2338;2337
2309;2298;2339
2298;2288;2339
2285;2339;2288
2285;2287;2339
2332;2340;2218
2286;2218;2340
2287;2341;2339
2286;2340;2341
2341;2287;2286
2309;2342;2311
2309;2339;2342
2342;2339;2341
2343;2311;2342
2343;2344;2345
2338;2345;2344
2344;2343;2346
2342;2346;2343
2342;2341;2346
2346;2341;2340
2344;2346;2347
2346;2340;2347
2340;2332;2347
2348;2337;2338
2348;2338;2344
2348;2344;2347
2310;2349;2308
2350;2304;2308
2350;2308;2349
2303;2351;2306
2303;2304;2351
2351;2304;2352
2350;2352;2304
2353;2349;2354
2310;2354;2349
2310;2311;2354
2355;2343;2345
2354;2311;2355
2355;2311;2343
2353;2354;2356
2357;2356;2345
2355;2345;2356
2355;2356;2354
2353;2356;2358
2359;2353;2358
2353;2359;2349
2352;2350;2360
2360;2349;2359
2350;2349;2360
2357;2345;2361
2336;2361;2338
2361;2345;2338
2358;2356;2362
2357;2362;2356
2363;2362;2357
2357;2361;2363
2348;2364;2337
2348;2347;2364
2365;2337;2364
2365;2364;2366
2335;2337;2367
2367;2337;2365
2367;2365;2368
2369;2370;2371
2364;2347;2372
2372;2347;2332
2366;2364;2372
2334;2372;2332
2369;2371;2373
2374;2373;2375
2374;2375;2376
2377;2375;2373
2377;2373;2371
2369;2373;2378
2378;2373;2379
2374;2379;2373
2379;2374;2380
2374;2376;2380
2380;2376;2381
2315;2317;2382
2322;2382;2317
2382;2323;2315
2328;2331;2383
2328;2383;2326
2326;2383;2321
2318;2384;2320
2321;2384;2318
2322;2320;2384
2321;2383;2384
2322;2384;2385
2322;2385;2382
2323;2382;2386
2385;2386;2382
2323;2386;2325
2387;2381;2376
2381;2387;2388
2389;2331;2330
2389;2330;2390
2208;2324;2391
2210;2208;2391
2210;2391;2211
2325;2386;2392
2325;2392;2324
2324;2392;2391
2214;2393;2215
2214;2211;2393
2211;2391;2393
2333;2394;2334
2334;2394;2372
2333;2395;2394
2333;2215;2395
2395;2215;2393
2387;2376;2396
2388;2397;2398
2387;2397;2388
2387;2396;2397
2399;2398;2397
2398;2399;2400
2400;2401;2402
2399;2401;2400
2377;2403;2375
2404;2396;2376
2404;2376;2375
2375;2403;2404
2405;2403;2394
2405;2394;2395
2399;2397;2406
2399;2406;2401
2407;2401;2406
2404;2408;2396
2404;2403;2408
2405;2408;2403
2406;2397;2409
2409;2397;2396
2409;2396;2408
2410;2401;2407
2402;2411;2412
2411;2402;2401
2411;2401;2410
2412;2413;2390
2411;2413;2412
2389;2390;2413
2411;2410;2413
2414;2413;2410
2389;2413;2415
2389;2415;2331
2415;2413;2414
2416;2383;2331
2416;2331;2415
2417;2363;2361
2361;2336;2417
2418;2417;2336
2335;2418;2336
2335;2419;2418
2335;2367;2419
2419;2367;2420
2368;2420;2367
2421;2369;2378
2369;2421;2370
2368;2422;2420
2423;2422;2368
2423;2424;2422
2424;2370;2421
2423;2370;2424
2371;2425;2377
2377;2425;2403
2366;2372;2425
2425;2394;2403
2425;2372;2394
2426;2371;2370
2371;2426;2425
2426;2366;2425
2423;2368;2427
2423;2427;2370
2427;2368;2365
2427;2365;2366
2426;2370;2427
2426;2427;2366
2416;2428;2383
2383;2428;2384
2385;2384;2428
2407;2429;2410
2414;2410;2429
2428;2430;2385
2386;2385;2430
2430;2392;2386
2414;2431;2415
2414;2429;2431
2415;2431;2416
2416;2431;2428
2428;2431;2430
2405;2432;2408
2405;2395;2432
2409;2433;2406
2409;2408;2433
2407;2406;2433
2407;2433;2429
2408;2432;2433
2434;2429;2433
2434;2433;2432
2434;2432;2435
2432;2395;2435
2435;2395;2393
2429;2436;2431
2434;2436;2429
2430;2431;2436
2434;2435;2436
2430;2436;2392
2437;2391;2392
2437;2392;2436
2437;2436;2435
2435;2393;2437
2437;2393;2391
% Data (solid.pmGp (N/m^2))
-2679822.829627986
-7046689.814329497
-8587686.62810064
-9655211.078677323
-1272776.4779189008
-8631896.376514398
-8422668.665165978
-8872904.181912525
-1023572.559708824
-9535513.587108625
-798355.514356184
-8258479.236273694
-2169856.786981213
-8694859.833996616
-7230957.928587668
-1135104.6010576661
-9202059.19225916
-7072118.921848712
-740452.4594918938
-469120.4080049099
-9849383.797158627
-2010014.5949459288
-7469855.112207361
-9181832.99187957
-870628.7696109542
-8959563.85850991
-527636.3628618295
-7745941.237503651
-1103587.128745025
-7992115.755335036
-7614935.538397916
-1410611.8857487973
-6705592.291828665
-9026354.232060801
-7111684.250983972
-8869158.289088996
-1113348.044747193
-9763027.980517987
-203668.98569776097
-7863138.883660181
-9277543.813218873
-1211638.537806705
-1356370.1787541646
-9002938.744905876
-1.0079437209264802E7
-9688908.838588936
-676552.3082733151
-1.0306896713860294E7
39149.76368870719
-9728949.153495861
-1.0438922433632849E7
-923725.1970109853
-1347913.5847275828
-9360497.954393858
-1688276.261886539
-9927316.435711384
-1.1366529531748854E7
-8963012.888764655
-1141339.1011577514
-8625307.609198684
-1.041289925665097E7
-793339.6131155391
-1017322.5338568076
-1.0125573745446427E7
-9255650.784827383
-9437164.858397713
-198833.4801564937
11078.970902789733
-1.0233878951559415E7
-171857.6925650921
-8922115.743357541
-769916.3383184877
-9379788.454186434
-1.145162784037351E7
-9640934.12473078
-1467772.4074598937
-8869566.77306897
-9196374.831324285
-9181768.92129679
-578554.5400451819
-913900.7343053252
-297413.12767448166
-8949653.765612612
-545845.1914259326
-252982.90442808927
-1.0160104200428713E7
-8141474.9750802005
-705626.4408702146
-9323327.26116109
-787498.424667077
-1640192.7849452582
-7713953.055651938
-1182848.5940367845
-1041130.8765095558
-7589097.29450696
-1602315.770850574
-8195425.014030005
-624723.7061526132
-7770144.340297499
-1624402.8276427572
-7639102.483210889
-7455851.478316111
-1167654.507952523
-7683685.831587196
-9070901.855927682
-544475.5121193224
-9457605.027157476
-7804467.270666003
-1149715.3057382454
-6944338.512293491
-8214205.785049203
-1309603.6497056535
-7863949.758039679
-9856922.390370542
-1748630.7818304808
-9968370.282243783
-9294705.931487218
-1010322.4915240348
-9002347.801400306
-9959310.647291185
-661134.6808168126
-1.0214953270240624E7
-544029.2136509421
-1.0952589509095524E7
-9241635.311569612
-1106433.6400339995
-1.0378659988510126E7
-8049335.737519528
-1483422.7510084524
-7750411.286555029
-9804470.15425466
-726609.1950888665
-8801165.692981789
-478389.67012581235
-9800208.937741714
-770522.9008654976
-8984969.27201022
-577760.1077288185
-1.0296859071176639E7
-769434.7104502051
-9708740.32459096
-8810817.883555947
-1362686.3165593152
-9075412.337209314
-627479.4895088071
-1376028.995356596
-1.0115792113459894E7
-9861196.485823503
-9486238.182658738
-1151366.7726344876
-9375154.607117873
-9123210.644383738
-1029759.856881322
-9293571.232943106
-9381342.574339448
-1.0915343614097541E7
-524763.1164641923
-745846.394142008
-8350110.001296497
-8153454.714845687
-6306268.787961927
-1590611.2577435316
-7031382.289476439
-1.0037042470251504E7
-1136277.6430055425
-1.0677054515673563E7
-7726345.778434672
-1152045.0709613913
-920042.4754501734
-1.0629462229860066E7
-1.0399731763231413E7
-949446.2400573433
-1053284.029462097
-9537568.634426875
-1502802.53804326
-9395343.398837686
-97639.41356325033
-8667751.480360558
-845743.0545034574
-532631.1497145972
-8920904.854122877
-1876850.700807054
-445394.90306411876
-1.0652712662967332E7
-832856.6253488195
-1.0056943744356185E7
-1.0346759925517857E7
-1271249.626031847
-1446528.73910069
-9036853.009490492
-9450201.248454386
-753532.0862945158
-9749672.66533566
-820256.9631605174
-9736776.073095294
-1418690.3616339911
-9830940.03042859
-8521426.865865238
-1255825.7715912634
-9649784.741191048
-747611.6876304924
-9753449.724891687
-701850.4738892878
-9190959.13570292
-404973.0738698721
-9101634.566803534
-1.002293951184666E7
-894302.8253382413
-9952183.61650165
-9195718.607065344
-1121388.8174118935
-8890876.976310987
-8746747.33145838
-1223053.0161869347
-7125448.01447421
-1073840.7475951402
-9890527.853886843
-552160.6248847811
-9349631.577504732
-1380594.1715457297
-7696273.881342393
-9729697.512588227
-160769.44902467806
-9353326.623063361
-1470057.4439880177
-519012.54644455
-9763648.76553758
-8250621.567753587
-1415944.6757476067
-8506514.935304774
-705303.4872699569
-421017.1137341383
-1.0107397288540995E7
-498379.9458946163
-91246.02635881126
-8695702.959967772
-919973.505699876
-9254831.884845791
-1.031908207507408E7
-548432.3864116112
-1.1417630313275525E7
-232367.13533681908
-734346.1373154876
-8886219.22900208
-578717.1294935215
-9462030.505852247
-1876932.869182275
-8736947.743684174
-7891169.142610458
-1474462.4581266593
-8569772.564204989
-1197884.9198522768
-9520865.157388804
-8360957.0915461555
-1480666.782957983
-1641650.2604248966
-9007110.60399349
-9764441.736863727
-9989330.90252284
-1289002.6967550206
-9370883.03710965
-8541129.1271046
-1242621.735068064
-443666.0006662036
-9070188.440193767
-1153495.1807280579
-235444.85479423899
-526178.9263857605
-1183976.4319088254
-760824.0118736444
-1104108.8046373837
-1204025.6183291266
-982535.8428780803
-1028834.2110632312
-347433.7471698769
-11506.96516946793
-394435.2951280171
-729278.7289965034
-306241.83398354624
-277583.33938963525
-77590.42135249052
-1188507.9050419228
-1139143.302671087
-974930.0468693447
-1095145.380188128
-1135678.5345327388
-996100.1718452225
-1014013.3555226718
-940065.4195783706
-1166299.0283361282
-1127191.3109795873
-1178341.1950780165
-540950.3162063824
-494788.92700843845
-714023.1338672681
-374408.5203769126
-296727.37584295636
-774613.1969648182
-963705.4359172985
-678650.9539692217
-529594.4798741322
-1166414.2917580982
-1160143.4037831782
-1126100.4539444235
-1163484.1226123497
-1145504.1570294797
-1106390.2389856987
-18877.10991138948
-1164278.8142360284
-1104454.5110537175
-1201440.0413309205
-1128592.630504644
-1190579.6389616649
-1131260.8937844057
-1071063.4484628865
-1105241.3897023231
-1140623.5291880013
-1300887.5666466022
-1161850.119024373
-1244706.7211509626
-1223458.8966729485
-1161032.4915128085
-1203696.0002630204
-1115152.4609561535
-1153671.1863829582
-1323714.2189195761
-867778.7993600027
-671512.5509810896
-57017.440500757526
-1208720.465485738
-1158197.5375071864
-1203008.698680471
-1183145.3988435303
-1235520.5419600431
-1251742.7017012776
-1256405.5198970246
-1168703.8589600225
-1214721.132684226
-1210160.651391669
-1061417.180424452
-984440.0582157925
-246497.14233754753
-450113.667958432
-278426.3961842057
-1203878.5197477445
-535871.9657307698
-920987.7584265555
-1097129.887290729
-1083979.7439369683
-1155191.5694152883
-1097254.0752814277
-532946.6799220489
-647192.889913333
-1187836.2264798197
-1079602.444211572
-1148435.5043936924
-1103239.2733128231
-1204395.4102494975
-1070405.1882761538
-1115032.1672993603
-1145073.7814455081
-1264705.1778606775
-1285654.6397822683
-1148251.983646031
-1282436.7494363221
-1257126.6760798886
-1209801.1588648907
-1172951.8721266186
-1207713.729601574
-1129405.5586348218
-1164210.165767869
-1290001.3008450025
-1217428.032669653
-1159282.267279315
-1222159.5057525567
-1246628.0998897005
-1182728.2768528662
-491463.85373174475
-1135415.7594560946
-1297164.209848122
-1285116.9416889925
-1256512.6424404846
-1223715.5959257276
-1172662.2546552322
-1224396.2076061121
-860173.8720071848
-712981.2190490902
-577948.2613162851
-1125932.2570868277
-760076.2158468935
-1205473.807254291
-1195229.1950631991
-1289656.2640848977
-1186346.6555196918
-1176540.6469948434
-1177786.6447678006
-838156.7000194282
-1318440.601303702
-1212664.2845939724
-1110675.8050299615
-1166637.2468530792
-1221778.2099716917
-1246747.6586167847
-1155576.9067627704
-1255104.6765657582
-1174363.0178356436
-1210615.5776637264
-1161288.5245807394
-1156110.590947666
-1080362.755394855
-1110061.608137925
-1205334.7682451366
-1152023.835912386
-1143328.8438892101
-1185501.5214291571
-1119896.6147551017
-1219045.5341664432
-1180986.7099041764
-297139.1024800053
-1297820.3541895617
-1229144.70222512
-1194137.2305897134
-1172474.64733398
-1261913.6972299085
-1300514.2615930045
-1229780.6551971799
-1133358.8682248031
-1266494.7307910777
-1198942.4752294237
-1192958.646120788
-1153126.8954120902
-1165462.0631263382
-1141800.4072808097
-1176525.5246769672
-1222104.0106462392
-1203668.4921804676
-1109705.1694846503
-1321684.8641585133
-1213993.8013671332
-1197072.428174677
-1062208.4535495872
-1183101.552208993
-1176861.0199391213
-1148218.621416402
-1150396.8164254357
-1163937.763136407
-1262824.7327029111
-1181939.7140894248
-1161209.2246507786
-1194252.681152439
-1186037.360532547
-1164192.3437864867
-1139296.1309098245
-894146.3058583001
-833379.7234881921
-907306.4129633247
-798741.8547751721
-948645.8019967937
-921677.9224308821
-848882.5979889263
-942017.2310180314
-834758.9638412861
-860265.0532432635
-832299.305830772
-771641.4163163569
-953036.308082982
-922090.7858604024
-1086825.3869812663
-1060692.9104499721
-749956.2211718921
-778560.3136237118
-709082.3879445484
-1006590.3973084613
-981366.4476843429
-1003383.658732806
-988565.2115658139
-980225.0595738597
-947831.5806924581
-976469.883074836
-753753.2385301954
-731098.5360950459
-681659.2960231011
-675071.7119818584
-811899.6765580564
-796451.326654103
-1046979.0329382957
-1066241.1208918907
-1016881.161581912
-1050742.8202706086
-1033496.410711285
-1014643.0056045867
-1002421.0225968979
-1000301.4921840572
-998253.4695885045
-1009927.2408274635
-1066474.3316365685
-980420.2678440623
-1046315.9418542503
-1050674.4954269314
-940411.6435215073
-929911.5850729747
-707732.4316349748
-1051467.8885155586
-766261.3842116841
-740848.448612937
-703617.4708854599
-686648.1921404285
-818641.4958946315
-942232.1214412488
-737098.8286753787
-783259.3468097243
-840689.5224110724
-1002504.121870523
-1013724.7944155909
-950335.7295196307
-949433.5577159451
-1001576.5884004086
-987181.961903135
-1015356.4511448125
-1069717.811163824
-1042361.977284614
-1070807.9353733514
-1058086.700528433
-1031885.0181783447
-1044249.1816033509
-1037631.4917319219
-1042626.7608902019
-1047450.167342079
-1048546.1188073363
-1063042.5865669963
-1042046.3962007618
-933211.231909198
-1057713.7495297696
-1061028.8335842846
-1072120.0601497844
-1041556.0380360464
-1010513.1137754243
-1031683.8088607639
-932955.0851506524
-1055450.9144689757
-1020848.0478469428
-881807.7681471357
-860831.1361887833
-836916.173178561
-819712.2405622307
-863830.3220024474
-853883.186227393
-800571.7730364617
-776845.1505146843
-897990.5243470772
-895552.684990846
-908986.3368154772
-886762.2885585447
-845700.3307672878
-849256.4349858355
-1007161.6465394805
-857384.8446913707
-771813.3540066717
-817544.2691702266
-828605.3537809681
-866367.4440116048
-865169.7686829455
-795520.8641054613
-883522.8456396032
-833143.6450124597
-824168.4524390176
-1024770.2849289859
-1044272.1691104817
-1031699.0726380717
-1008871.4958764812
-1004442.4774150681
-1022311.055617447
-1035764.9668911308
-1059961.4109027057
-1079216.8760673092
-878675.811428026
-933104.2801297348
-834345.2194481107
-723416.8753982288
-799046.9247307405
-907749.7606394913
-870943.0879651607
-892512.7071521336
-817517.6822403696
-854812.7823435896
-903631.8597192827
-775858.7806442411
-924108.9135823637
-903657.5156483254
-905210.0780100668
-878894.4491244331
-926669.3505497512
-895003.3014375608
-922249.4271622704
-873323.09517191
-909784.6521119572
-883583.6924012533
-883178.9623796359
-800163.7238060298
-1009319.8282061092
-1080953.7552102935
-1034253.9591218147
-1025698.8604564704
-1008690.9023957126
-1095048.5167171801
-873294.1031247065
-883208.3760503702
-913108.2371575447
-943688.3516025841
-784951.0380423922
-839519.0452777751
-850686.7270929993
-854605.1709376986
-739365.8662163299
-728887.8011870949
-783937.113968239
-803221.0454308145
-785187.8087532845
-750821.6613433817
-759540.0270302376
-851515.3891908888
-919338.8228356738
-876240.8004485472
-909163.6687203621
-862930.6784947664
-879029.5851013531
-860052.4406313631
-893071.3518124452
-806981.1096718797
-735244.2628393751
-756115.8432871575
-754816.8786283851
-803319.8759670234
-800283.9216378363
-799578.9316444983
-781879.430245747
-880573.7681936761
-857484.8579506101
-886305.9151715551
-804525.9874981989
-779639.1401543625
-770448.439086968
-657599.6521447832
-637718.3879129221
-611071.3346264687
-647541.6731559712
-577820.9069858586
-594242.984055136
-623957.7138883669
-637616.4802855136
-681091.869805878
-668355.4461166412
-609969.3581993566
-634971.3245878676
-598247.761761742
-576132.2797415083
-664998.2955066159
-789057.4067463657
-781336.039576663
-561736.502265721
-546099.8198107328
-533517.261867114
-520902.64146277035
-722665.7525002226
-678528.0559263914
-583616.7453810982
-592777.7988795451
-548592.3192047614
-526779.7260756339
-582762.6223487797
-552445.4392327232
-776543.1138054774
-708744.4156448472
-734815.7702762731
-752326.2348999529
-711238.9838726583
-710396.8563409137
-682632.2461103213
-680183.0355595518
-706926.7170797403
-749185.827921189
-730191.7689994973
-549826.2365963976
-568363.0890455792
-604761.7069170427
-525317.4545452785
-541576.2777301385
-516608.6982983808
-559251.797011605
-599644.4957486556
-710202.4938751833
-638572.09082589
-747431.9785828633
-679102.0038067795
-780297.9787871974
-777878.7134621289
-760882.4066537526
-702089.2790044876
-692638.1798443397
-744346.5853908446
-762832.4768538376
-710878.3723541922
-754347.4296838859
-725012.4703242921
-684008.0119003895
-694052.6663576538
-680246.9974450772
-691493.0134608344
-701830.7799030332
-657639.335408869
-510959.6194096702
-499806.216573704
-624680.5664627388
-642921.6970571807
-552587.0628372589
-503191.1195126067
-513256.1053871667
-648641.2713807612
-648204.9926852295
-628572.4630950318
-613334.6658202414
-613722.862408011
-610242.721352807
-659505.5263196587
-658896.7711798119
-759230.3498609796
-765023.5281592319
-769233.5943534541
-654624.8061074397
-727758.354390986
-627210.614062786
-565075.8264929277
-504964.84336651256
-520984.36235202505
-497964.46315522696
-657405.9157148929
-683933.39068358
-597574.8375715466
-684176.6359417661
-698641.3209172973
-709973.1608433996
-672742.8204737095
-622427.1410934004
-644504.9667960679
-649810.7850835505
-754083.7820038004
-752329.7693366249
-664714.1009646766
-675381.9556177271
-653159.1738186571
-651930.2605261945
-686377.7333723399
-646061.4501846089
-620901.466920666
-622048.556037463
-608864.4071956039
-595874.8820536265
-632995.3341453894
-575130.3091531919
-589237.4683304082
-594614.9224758132
-489041.1956989093
-564602.0060206013
-570147.8739446272
-483765.13145363197
-498613.6147855344
-558809.8383081165
-546963.6651012818
-547099.028226169
-699816.5829666823
-667936.4529077256
-683897.932424177
-701580.4261542144
-675153.5329338802
-625554.7484502782
-605248.6926502724
-581246.0544764007
-622131.0810027634
-559853.7434933358
-491494.1430869856
-518749.5920305786
-595984.4079430897
-528634.5732536034
-612544.6596758366
-605661.6751734326
-578414.2378783531
-543572.1723092451
-575194.6965636376
-544033.6536531782
-578375.0357062658
-585506.8706750476
-606623.5140552843
-610816.1400538685
-631139.8400221098
-553366.3713180721
-569426.0592206906
-577715.2158859997
-538877.7688556638
-519885.9666449725
-531474.8863686414
-499454.3096452201
-609241.0269672052
-568249.4003614136
-571030.5548445367
-553810.4788866262
-574854.9265852997
-527321.750279043
-531746.9385953683
-542287.2537629607
-530198.5285786709
-523006.42015961267
-485929.82440360606
-480500.18823875353
-473662.5456538655
-463218.983288124
-475403.97354548256
-466673.75346158573
-448848.75367688754
-455223.2093913233
-416368.65366787085
-425552.6014986195
-419689.20359083376
-469521.3575256002
-478881.6541669355
-462786.44929785735
-455165.123520935
-448265.9185168875
-442377.8037051281
-436655.94011461455
-431621.66299180576
-479465.0505866232
-450179.02671227686
-462045.77100790315
-442512.9426800124
-436624.7481997889
-428141.5691564392
-442128.23531484953
-436902.0813322411
-418221.35295248823
-411509.9439191282
-408051.4135316017
-404053.09618179454
-425452.0788142113
-429305.87760895316
-400329.7552659034
-449236.9994409522
-515180.84279971506
-504228.09630142694
-463568.99843810574
-477624.8774743274
-494363.0991825019
-485157.3127802175
-462843.44142592064
-445486.8529460227
-435782.388454925
-424849.00155038614
-421993.53013635246
-484873.6754787923
-462991.7241219855
-461593.6739206905
-510267.35094316164
-517807.7880903454
-479424.38089386857
-416659.27892631834
-413464.1892226984
-530373.5055241748
-516381.8045912568
-515231.48737185774
-410486.4171480614
-417319.90912369796
-429331.46054904145
-403106.78418039717
-396667.2544550979
-393452.1474072673
-389929.8107733245
-386873.13852813485
-437263.5693359917
-463555.0251065419
-447446.0192277411
-517732.7660121596
-482028.93375381205
-442346.1562601204
-431674.06827805686
-421951.705980038
-414858.2750747556
-480303.3947303651
-472266.7974479186
-450813.6555503054
-452583.6381692464
-493084.24317847466
-425007.43800480576
-435206.22457615024
-441395.4880495391
-469060.2156511484
-448408.40168940974
-405616.8884471806
-407767.7233689529
-400802.95897055685
-398352.28535606124
-391461.44754649646
-393277.2602040266
-386938.7306284594
-385006.14941809996
-491775.230192247
-482184.42161058035
-484678.79064515745
-476791.8948473539
-389374.9159798496
-395900.4766877584
-413321.7328506615
-402269.13667237584
-383564.80733014346
-380640.6709151285
-377543.34012647317
-374797.4156109225
-382802.46932616143
-377052.79522604664
-371552.96591955464
-369020.7306424523
-405232.63592187717
-374854.4775908134
-378746.0905563009
-372814.22429972864
-380188.4898003397
-428744.24893796025
-420656.4107155104
-410350.10575165757
-405914.30809312745
-398932.70871387277
-391531.9993648014
-385254.1128292228
-448742.48072630476
-460570.44150769553
-436651.0476907105
-427835.6199247548
-447046.5405278122
-412666.99168440775
-424076.37025969755
-423783.56191734807
-428506.16498533316
-450995.2304294578
-444529.8997166169
-388188.9138992383
-394903.76477860776
-365952.43460230285
-363540.1438126114
-354833.1613980258
-352824.29751006747
-358040.1172102114
-360384.0817820448
-376164.3752895854
-365662.16577723256
-371047.52649242553
-388874.9603330007
-399240.62647131796
-366902.36802512483
-368237.0550322685
-362923.80275702116
-361345.97818832187
-372840.91598502826
-378308.2725935237
-409819.249606959
-397237.4207022185
-383092.55077786784
-422087.572369591
-427354.9057299015
-408064.925136475
-414610.4115654632
-418825.535394908
-403534.66185599193
-407807.12049953936
-398519.412341385
-419498.1157665553
-381787.33008361026
-369852.4772770665
-375590.6451335374
-354646.96154180326
-359763.21436240606
-365023.68924643815
-386612.10029470123
-366661.0628960414
-370831.3166270487
-361421.5458355958
-355658.8275976645
-356981.6656722688
-388565.91120434704
-374841.2401575631
-355440.7856203296
-402358.0251951632
-401204.04756709427
-385380.5455485242
-394075.7507291553
-396717.2860216867
-384375.9781438755
-373750.30048245366
-369621.4193537697
-354417.31132181484
-359805.87058682623
-361177.47988457925
-373170.6598578717
-359398.1669780236
-363692.71604982245
-348323.38485146913
-381238.61476270854
-382528.8243495963
-366516.528206413
-372437.6124797835
-357191.7968383682
-362808.87782899075
-353059.77468983753
-354301.836985027
-348435.2781424232
-357190.487156862
-352038.34643656114
-349400.48635255307
-361649.706952755
-351730.70304009406
-349613.5016166198
-347497.8994713772
-344303.65770839044
-342359.37387043814
-352053.9213327254
-350301.54318933375
-344818.3442978514
-346116.84111218277
-349353.05200880393
-339184.77681188454
-337175.94592882297
-334046.48276355467
-332147.1859644504
-342984.6998592081
-329725.8682938332
-326975.8736710245
-341315.4160223413
-339595.82532654307
-350551.77135763346
-339806.8921837953
-344809.34878191596
-348462.389051204
-324597.82516461436
-322071.4765830592
-319436.3097913298
-316982.44414392434
-344783.6318818442
-335822.8852550935
-330094.18663297227
-338096.68112642295
-309374.3990802867
-306964.46111215424
-312040.5437901393
-314343.49648560624
-330555.3006364269
-334296.5677458698
-328993.35246769077
-335307.49715587124
-320346.9264938859
-323786.2206967593
-318690.0861498276
-325014.8716854396
-310328.50852661696
-313489.3734129279
-308484.79064041405
-314910.96789289423
-328704.68743733707
-333695.1338309377
-337329.08765150333
-342029.8378334135
-341995.4378901133
-339878.03788919206
-333679.6080888027
-324639.85515191255
-319405.76338642143
-335902.27266489866
-304380.51468076877
-302123.3733731686
-309203.19497075654
-328997.0988789567
-345697.7981580206
-343656.2718329559
-340778.1433475186
-313729.2303821431
-299626.13660275826
-297101.5324357697
-294711.6815386023
-292279.8280313779
-289805.13345817017
-287286.1675332998
-298387.92244361
-300125.3490378745
-303313.8624150574
-304833.28220069787
-319216.5352038463
-322578.456900031
-340993.8728510031
-331521.7973594675
-308926.09803348454
-313513.93442842225
-325769.4825350671
-316820.7755844084
-333155.13556042867
-328695.48966106126
-324638.91685419914
-318325.758907867
-324056.67606668855
-304130.02934072993
-299501.398101395
-308231.53761179646
-294528.8625783503
-334660.9266843586
-342545.42073411803
-335971.9243171528
-331896.3509479633
-330004.53796911944
-284965.18889168155
-282544.21408308035
-289765.55686110636
-280170.7629882113
-277536.0527083385
-290149.9138217232
-293239.9994122137
-288384.9248197072
-294851.4706098532
-299212.5315247284
-304018.9736437852
-326584.43367482827
-319901.8230844177
-319070.28162964765
-308092.0946108291
-313689.40680514806
-319263.3052235181
-311249.83393347665
-316199.5780186951
-309157.129372114
-314438.91016541474
-298715.12710470706
-302268.5365081785
-289692.1022255758
-322706.2116624387
-322138.9707197461
-313885.8408439174
-280180.63252063695
-284955.2158112385
-275302.71145398135
-272867.4260016233
-270494.2253471442
-268020.11455600196
-270683.7714049613
-280403.5108032832
-275403.81690562237
-278535.196215102
-280280.0683143843
-283315.8207362801
-284884.6585778598
-306938.34106038953
-289157.0512654533
-293834.0888209429
-297842.27717301354
-315959.051273885
-306209.20246479183
-309385.3067359993
-301151.9630758204
-305306.8696979958
-299417.1343123245
-301689.081229823
-303045.2965493698
-293949.15872835316
-283859.35474685597
-275906.1022852433
-306382.7046145098
-297691.53608403663
-265840.89452600584
-270797.1635323203
-273519.4476546883
-275066.2156702588
-268711.39486042684
-270386.00633919024
-279204.2715697987
-283833.17380215635
-298329.40295447706
-292943.71475865814
-287826.8703637056
-291901.1274812389
-291719.9454854847
-290120.42546117835
-289425.83493800386
-292168.0061042793
-287280.28965155856
-276248.5728718468
-266427.42404803063
-288303.30269927904
-283358.70824190404
-277449.9965609353
-278367.05605801585
-274155.1272757723
-269626.4166233626
-277927.73735244945
-285002.99154520716
-281380.5831808175
-279398.7959280587
-277875.40424072754
-276153.0705532456
-266959.03467087436
-270018.662523754
-263772.0982172927
-273572.7243633581
-270480.9185875301
-268575.06681270973
-268369.59405512887
-271985.0567317141
-270238.0928739301
-263960.34301437106
-265696.1050540037
-263194.6568768416
-260945.28928794974
-258409.59505507335
-261124.92100069902
-261291.29195309881
-260853.10988537557
-263837.9719175413
-259081.13599925837
-265427.32412442577
-249530.7297982321
-251330.01642987496
-254305.21903534656
-255830.3162099168
-256331.93117394726
-253792.12374606155
-251486.55428430592
-248948.0173473171
-242203.15037220874
-239686.07514373763
-244432.85806514963
-256491.6534532706
-246877.0165991031
-251682.82263118983
-257048.61753881318
-237673.98923754023
-235198.3008762499
-251971.4385385977
-242467.26995734152
-259918.30978688048
-264518.95927202527
-244797.00071521194
-246383.8443603586
-241924.8903552487
-240173.2295422475
-250539.27831925763
-254864.3355019331
-257663.77915269087
-230571.83969432907
-228565.5958153708
-226120.22276936195
-233001.4411765046
-237916.7633160633
-247027.6090620063
-248079.61346947736
-223768.33460812835
-221600.70204976146
-233334.4446763574
-242678.57147090163
-233647.7525568901
-238408.21103832228
-228871.68442902854
-224095.79030310837
-219135.78439968842
-217153.00685169548
-214633.00775424694
-212681.90135216538
-258747.32302604942
-232782.42767094215
-235606.31576000518
-230910.77744916067
-237107.31174569624
-249394.32107707113
-241148.5947878453
-245592.9195813626
-221943.35731614218
-223666.47265500814
-226387.54665385373
-227992.42504036572
-253851.20119917762
-260080.35476318092
-257990.98715559408
-248702.19135301647
-239815.48849996264
-249676.2687758942
-258444.2758332906
-248868.75931592882
-210374.65532056373
-208437.80654981537
-206219.60446237834
-224688.9179729011
-229963.53987648073
-231148.92141022757
-219609.73937407375
-214033.61123796986
-203977.9591858332
-201722.6501441939
-199796.00571151337
-197786.64888302138
-195464.22656146655
-216191.4784064419
-193825.88522582155
-191349.52085497914
-259176.8319270629
-261390.1491903041
-252587.58860658755
-250835.82040119404
-231935.80718921882
-236265.15057529928
-244496.76111967952
-240003.32534889967
-217415.1477168895
-218915.87081970504
-222997.61458467666
-227208.15522639075
-246008.70124326437
-214679.07133643766
-213009.38648200812
-241161.94880277873
-218400.53380917333
-247166.7029349197
-241295.81250906753
-226434.59937871378
-235127.4377619668
-242924.22875231892
-236261.99105685798
-209102.32509373812
-207533.07362846678
-202967.9479379235
-203572.63249186805
-198224.40829139715
-222647.99362251256
-219407.93566057517
-215231.32357779102
-189303.70469500296
-187119.5984176712
-210569.244191941
-213007.84896347925
-193918.17736179638
-189611.85296157456
-185352.53244246612
-208615.26660937708
-210090.48303739706
-204199.08287823875
-205992.84472108228
-199986.98075216333
-201421.23082921558
-234704.41481012548
-239641.5880672375
-231067.3165536027
-234715.74608244267
-229409.35489911088
-214078.99843630302
-209523.95084746447
-222093.9727442358
-225487.36580825236
-197400.7819512915
-195652.34185947917
-228777.0746689542
-213644.27863815473
-218324.59828772274
-229739.8191876784
-218156.30282723028
-222173.11622187818
-229156.55826922474
-224621.60763647227
-197046.46062515312
-202801.32117734177
-208406.3456308608
-202838.1908309223
-205079.2536568845
-189604.74776446307
-185514.46136523463
-188787.52623915934
-191516.536056212
-187187.49164568822
-192763.5108483324
-185239.71597645208
-205335.79588344073
-200995.67620988458
-196634.14441513526
-222715.21813968007
-218773.20924821543
-204802.11661065355
-215369.6914558919
-209194.34735399648
-210667.57918672357
-208182.87157952305
-213932.5157644932
-213704.4110511459
-201266.091444557
-198590.12166262223
-194824.0203664948
-196516.95739669865
-191717.9311907361
-185547.7500504026
-191328.43456237743
-188177.1444938899
-186328.82396577994
-196321.3033222887
-187927.0178741926
-199825.0220643655
-191385.01540311365
-202671.66284491468
-198819.9949888334
-191264.2685659721
-194452.0449985346
-199169.68496075252
-189703.962114578
-188570.1193442428
-186369.58625135795
-183587.5478153436
-186557.2176733579
-184300.46687147292
-183068.00431180358
-181110.1661947317
-178920.5708332071
-174961.27279072555
-172970.39796825085
-170925.97354380993
-177157.51546620627
-181396.983551181
-177416.8832681756
-183168.23164505034
-179114.69970586788
-180897.52581676547
-177008.78266707025
-175065.90403199595
-169160.03145867324
-167068.93091432747
-173266.35017040663
-165151.82376006624
-163064.83333949503
-161395.58674028137
-159300.1333177704
-165337.0003511104
-169269.54848477402
-157380.98384684054
-155420.95231012444
-181663.98237521728
-173606.2387278446
-177628.00624525273
-172555.94799580943
-171016.12773563174
-177159.8120965951
-183126.06286253777
-181585.25928788562
-168533.38610007853
-167130.3351061111
-163186.64767597924
-165012.97432980317
-167715.27842635044
-159348.47158711983
-160905.05581545245
-157315.418365951
-155554.0967763468
-161486.3048696317
-165577.77362502413
-177689.14935686646
-157633.92401964543
-149954.66429743863
-147972.82741038836
-151787.41091918363
-153714.0093730988
-150031.31066290106
-153753.4145104746
-169711.03022007825
-146287.6202046477
-144385.09930251024
-142044.49263502366
-144394.9406544383
-140830.22641918843
-145488.97596276208
-148074.13391145098
-151769.35650059828
-153073.68012614112
-149534.97750670498
-171786.2092089826
-174396.9839931443
-180600.80685651567
-163052.25846345155
-166514.41195996685
-148550.56529006534
-157106.2575747752
-160279.01476097965
-152022.40463014256
-154466.17171951247
-181420.81782706236
-157648.97323219728
-182274.58417605355
-176409.41709018222
-173294.16057392236
-177453.69571060955
-170217.5872473778
-137234.7694634357
-138838.59033004675
-141112.24761920422
-169156.92858727786
-161194.92880512547
-165474.42241467544
-142415.17404349716
-140708.4650319049
-138943.79225299007
-137223.37378991258
-135118.27689243224
-150075.18135343844
-146289.9859406144
-142650.98359003032
-133603.38871665855
-126772.45507497848
-130169.34377772997
-128186.29334227993
-125327.25588915075
-123352.7986901636
-121934.80291630355
-144587.66153747553
-169778.94733993104
-174776.78150783372
-133622.2589003188
-135126.4430140688
-131547.47697451402
-130241.56729155885
-159450.8048774468
-147302.06625230503
-151176.34644903484
-159137.27434902365
-153339.60789543658
-155400.00678524235
-161416.19907280125
-161902.7920211116
-165881.9011466179
-170191.00373656454
-157643.4313066856
-163525.4496520379
-153642.46316095773
-157793.21289724385
-136686.60661749516
-126727.22111788792
-127821.71255089242
-140319.35859046684
-131793.74453181404
-143050.57133083948
-134621.14568317405
-125587.08877777167
-129806.66472743281
-146473.47002279246
-139849.40388569373
-139182.6681882624
-120042.26357775404
-118438.9140194464
-116714.62338081961
-121998.60149704156
-118591.28546855946
-131310.93500807678
-133849.76092822346
-117939.34163591913
-120064.80545691335
-116754.11642863881
-124629.35071725662
-123413.56282838393
-151148.07940935725
-144061.0491615541
-150824.10637743887
-146311.25148983166
-149666.98948512218
-145831.0002316993
-149926.30192473406
-141316.36454923294
-155738.96508973395
-149801.38523645376
-146584.49819224692
-126384.97740501523
-121038.8639630688
-123848.4589992307
-134735.05442469046
-135786.49955249426
-136630.59044157955
-131244.53398501864
-131942.02993018943
-125745.66492028616
-122841.25005238537
-118789.12538731747
-139117.05386412088
-126227.12419188728
-117301.0711391619
-120420.50193996514
-128070.0590124112
-122546.11287720804
-115197.81022515644
-130003.23379831894
-139398.2522633388
-137834.89176612688
-140461.548274571
-132748.47279499294
-140303.5022162409
-136027.2335671313
-126179.89465401223
-118854.06257265748
-127503.79270542675
-122415.4285705106
-116718.37677260314
-121157.25967020221
-131779.02462021704
-130483.52322145528
-128575.13141549208
-124298.96804904877
-124910.49521959262
-118033.09116919736
-117356.96722085345
-122305.05953738533
-122460.67260014836
-116379.89508690588
-115140.87460464123
-115212.5910088036
-113431.81775224088
-111804.0765792105
-110334.95609427795
-108791.11298399675
-107088.80824261311
-105603.22246879697
-104081.77095812385
-115230.28708319571
-112062.78149321511
-94936.61541460858
-93563.35258948532
-92145.05984182122
-108861.70144990296
-114482.09499869247
-113951.58018527893
-113465.65477011354
-111581.15937161136
-110347.8276648069
-107133.22419767507
-108114.47599278588
-104087.47905778683
-105215.9458548878
-110846.51051224784
-104595.37042259397
-107541.18166420954
-102576.30700457054
-100942.2334199346
-99463.49914034591
-98036.88117824709
-105679.11864872511
-112128.50610600483
-102575.03467486624
-96566.31098526534
-99630.50834127369
-96635.87240432561
-93644.06426116514
-90737.76416351044
-89205.62586102534
-105858.30765119521
-109470.22806365504
-110110.07236325127
-101958.79253638613
-100995.56693594671
-99104.33511342942
-97977.72863058573
-109976.77282521444
-87768.11308707434
-86451.04656371479
-95068.39757860423
-95976.8397518478
-93226.52166194617
-92061.80149447914
-113550.3651150113
-101329.95795415304
-103731.42178246999
-112289.2771157346
-99619.30153978497
-93688.48723424225
-90702.54663477518
-87904.60846673562
-102933.53575852489
-104209.21689560641
-106112.0853321065
-98503.31885898899
-95339.44072685098
-89290.83474083582
-90152.65744143985
-87567.98097783222
-86411.2698129175
-85040.73829496626
-83628.67921800504
-82275.97222151709
-80967.712364403
-92577.20810698316
-107113.9632519937
-111003.00163949831
-112238.37974448632
-81959.1986576799
-83691.94986544305
-80942.92456775504
-97756.4712203584
-89678.98932858612
-91933.67660288619
-93807.48085407398
-99388.27571579826
-104883.49226794962
-96393.82809003553
-90729.14069636741
-87849.51013459034
-82317.24550730675
-85040.53591640161
-107598.89968228615
-79599.8095023183
-78232.78384761036
-76792.3709371071
-75686.83457657137
-95875.17295163905
-97905.19431095762
-84499.42414576451
-86944.68634891891
-71549.98371668068
-70520.54834453332
-73061.14998316401
-68052.6059381936
-66584.26308339264
-74165.3632626498
-76914.77662458783
-99909.693540017
-102820.56302907919
-112144.69935529729
-106361.20672735863
-104410.01772000213
-97954.7341058356
-84002.46228585023
-81387.66433906324
-78303.49240951212
-79062.95661611078
-76606.73909310796
-75635.5711347321
-92542.0910120588
-86338.08553900012
-88878.36373490957
-79571.89883625729
-87709.53209950251
-84771.85165795458
-82269.25828124688
-92139.36290969746
-89646.47329108386
-83386.7311862281
-69025.16088254216
-70479.5309647121
-71412.53094670207
-73069.22781797031
-71119.78285884556
-67602.17528525622
-74367.61282675285
-77063.43293135373
-93679.65843689306
-96234.47872700013
-100576.67433215155
-93940.92319831857
-89243.54179753752
-68060.10568820992
-68705.00274518479
-66475.47066863952
-80827.88051412154
-78639.11142488185
-73807.00025087026
-76103.29130145894
-70930.39924466542
-85380.46571848172
-82987.36426393664
-78007.3658861457
-80417.67180485804
-79162.95354990124
-86580.73878515963
-82400.83804268125
-77327.7547786788
-68857.69213960324
-72360.23135966982
-74152.89495086946
-85947.19876009611
-90791.32378827296
-85446.44316020892
-81651.70778951839
-68246.92889135219
-75676.30578247634
-73385.07287206026
-70349.16696667096
-72784.4540351714
-77733.13874419812
-75059.22026251043
-73640.31385719616
-77685.46579860782
-77599.96744309706
-74132.28154571787
-71279.29488414641
-68296.76720894381
-68694.65303549587
-82037.87692465317
-77963.26892076188
-67512.01792225438
-70588.94430866768
-72052.02595339723
-68253.88558156065
-72762.31412099271
-70574.9478307856
-67864.34861572327
-66488.7209632676
-66496.4681854873
-64906.73262107175
-65553.67210756562
-64535.73252769944
-63162.67375219369
-64733.49054274289
-62135.54091842178
-60838.39139979364
-59751.253125041
-58494.58349068116
-62044.24672037499
-57418.84672985949
-56321.48647236177
-55140.32275675009
-54089.078624681315
-65578.66357828242
-64692.70488767815
-59709.654610438236
-52962.28983117168
-51928.89877287537
-55103.589987126186
-57294.598143557785
-50726.46159117442
-49782.09373235166
-46432.328487252256
-45696.73665543406
-47782.78240063737
-63215.481543026486
-63853.5424601825
-61612.76669907298
-65901.1567978195
-59444.05689037357
-48547.51219315637
-52840.52167801997
-60799.69463567701
-59197.2130786307
-58579.26286780902
-56992.91332799646
-56240.827589053144
-61096.7769101025
-51917.34284338015
-52659.89012892783
-54139.149133544975
-62996.32687898696
-54838.483153211535
-50661.87390192015
-42586.55286548371
-41816.06796478647
-43802.04437007924
-40883.396482629396
-39988.32383732689
-44510.09477406096
-48536.37384344156
-45879.87363248526
-63271.03415898995
-58624.47653754088
-56528.12783583093
-65331.88796223655
-60506.25463052701
-43224.70566451751
-64017.874976389336
-55433.82621927565
-63108.82088405007
-59102.24158432063
-50633.762606150056
-54692.83022747813
-54182.82642761189
-47727.24038838555
-48410.0448442004
-49869.66070462608
-52150.28192641813
-50399.117823960376
-52074.83130139599
-40947.43444849569
-39128.022524477165
-38086.97644595778
-56300.31085149223
-51479.08376484541
-41478.78525326471
-46740.07721188639
-43412.188208566535
-48296.1749627741
-62783.6230297436
-63153.33857625169
-55903.89049237879
-62446.977066836196
-64819.093399775185
-57688.524872661204
-61745.61684424433
-37208.27724379072
-36381.67853456071
-57656.07601234421
-59222.680678460485
-49878.33510407364
-51492.04925405688
-41875.914216058976
-42312.80038538806
-43738.11996403528
-44402.943724205616
-45772.56844210942
-46258.36767088553
-43963.2408778075
-47250.42695090081
-47963.73353159123
-45771.50197091584
-53333.88350967638
-41853.74794996924
-39285.49738095873
-37184.31673847052
-40262.26444023646
-50882.71480608179
-46088.98231754388
-43108.35222371178
-30273.792837247554
-29696.180872795947
-31252.60227299591
-28658.52503039692
-56442.00030327871
-57473.12794519682
-50979.69528558187
-48546.182968269764
-59452.56213520085
-52682.060843401814
-57250.694462459025
-55335.58219540893
-51047.20366715609
-35415.281717780184
-34590.03819952177
-33623.67328609357
-32942.26407136869
-33554.55047125079
-35298.873246621035
-31915.367399547948
-50299.27452913974
-32067.835148544156
-46536.98357407523
-45194.67160878306
-45222.57600422526
-43368.39421287903
-44911.800173844014
-40133.01329230368
-40556.52209908868
-39936.5985319566
-38180.586791808055
-38619.5080638734
-36340.11248107514
-36909.10661485509
-46843.76752976049
-39544.366967656875
-38144.56928621854
-36472.641969199365
-36637.39295857855
-33651.38200828645
-38310.02236355244
-43089.75419483444
-40507.74326217858
-29946.193331210878
-47559.786937902616
-51179.86150960808
-44948.59383899741
-48960.73142655399
-43615.320954128874
-30904.517411970384
-40278.552941326176
-41749.90266317048
-39525.94497168324
-34631.99653552934
-35042.864657803395
-33477.85826594629
-32915.926135758906
-34652.729726892154
-33028.19258799471
-31280.200404959392
-31681.981607841444
-40938.54514309309
-42491.56874830452
-39766.933480772335
-37098.510889428275
-37473.03673182212
-36016.87000432994
-33935.36097616795
-33308.55609169693
-35184.536224986645
-37223.76238414757
-28068.02514740508
-28689.277649600805
-37290.3908631788
-34498.14149778109
-31741.933177675284
-36265.3456967926
-34017.04871025659
-34584.04846988772
-32486.634140218222
-31193.728486565284
-30136.782870013936
-29640.67748562289
-28472.26380953653
-29737.691068090033
-29308.806743987578
-30338.215538516222
-30160.82177518439
-31852.181825743188
-30556.16684961267
-28475.655977163406
-31336.081399354694
-32073.38361431984
-29471.649745893174
-28962.661192750937
-26750.29507650173
-27298.829440575675
-28092.574986343283
-27329.287236412
-26987.87285408696
-26567.101283806765
-28080.20668636754
-27125.385506436607
-26624.94814568988
-25714.55755427795
-25094.767193062387
-24252.621596813682
-23740.851503111102
-23058.888360063687
-22337.249387764357
-21727.037447219493
-20984.27216932268
-25774.864037467818
-27582.15538896999
-26079.534442209646
-23082.116139163787
-24558.98272090058
-20346.282796377956
-19680.110902935357
-20384.32060208559
-21779.099426260444
-23476.03532466965
-25183.754476933584
-19032.64632200217
-18437.796993029096
-17754.155114659992
-17244.88049068648
-17700.981556909814
-18992.270978017175
-16512.595559058096
-16047.567832534383
-15350.896895655775
-14916.633461902655
-25146.765471301613
-25443.132969795308
-26582.25834427928
-27065.087497631623
-28149.60381258363
-24129.815687631937
-23705.73140994832
-22350.992842192343
-22575.758983549877
-21318.182769456347
-20954.682592260597
-20142.84423928679
-19717.45916766235
-16344.85525784853
-20441.376469700142
-17548.419915207618
-26053.41921499696
-22043.680696250358
-22134.391602720792
-15241.104578607736
-13155.363699770238
-12775.540809141565
-13821.862121919185
-14253.923655507255
-13041.6043425116
-12100.583612105243
-11736.81979117332
-11101.00548469499
-10776.057730718132
-14058.49545621532
-10103.946324817352
-9782.336164245236
-7960.878545068964
-7374.31094897129
-20852.366193723243
-22088.232980787645
-19235.65297446156
-18793.49100726659
-18427.243341117643
-17654.346445704992
-17249.397834396048
-16275.118809098703
-16040.017447923514
-26107.632945742607
-23685.209710588504
-23070.121338731165
-25020.879117404693
-26684.985781799984
-24252.88088086051
-25498.43898770955
-22960.869372924764
-15062.203254000755
-19027.202713589697
-16276.780703530088
-22335.060869226436
-19664.99863253893
-9148.859407005864
-8228.119136986696
-8881.296675593889
-10934.13348704022
-11885.505913438876
-12761.906184902002
-22798.091750958363
-21106.158789286997
-24553.071203078318
-24433.654304051346
-22506.774537931633
-20498.7200282588
-9863.660099013036
-8967.821457451306
-7154.677743101674
-7971.111587647259
-20296.00698356196
-21354.212633963372
-19417.996980741245
-17351.06432220514
-18110.342666392688
-15199.138089094524
-14941.017624640333
-15781.36900937917
-14788.33122360267
-13819.62204901148
-13933.455204909033
-13029.549295383524
-12791.798460836653
-11729.036520057738
-12013.897062759772
-16288.70227751287
-17880.416000160567
-18047.82551408036
-18824.70085523544
-10703.432442114683
-8702.43405759266
-13656.11028602762
-15919.109717279789
-11283.08463591776
-17734.007780999902
-16309.39738012057
-21601.680651879287
-20339.05101027973
-18729.564988367372
-17741.38034608971
-16667.49803819886
-18427.738623810932
-17784.47388813437
-6798.471890675059
-14188.336913768024
-13488.085569874765
-12493.6665998121
-10086.271695582655
-10779.167700693984
-9802.064813562776
-10978.010396596794
-8885.54634156493
-8985.558038625424
-8134.1587991192155
-7958.253885688493
-11202.538977929376
-12241.440248998128
-14001.881814586435
-15027.771394591347
-10406.135722434508
-11381.330553291657
-11992.272544784088
-14493.26351104135
-14015.55655916076
-14997.130554723606
-9523.796097380467
-7564.7828422689345
-9592.363839219937
-15414.70656069261
-12361.24450283727
-14703.257683500382
-12184.80632736007
-13338.862758443489
-12427.142007260793
-7123.035903751312
-9797.695252618054
-8475.455780290216
-7729.186655598282
-6638.962167952656
-11391.158201602297
-10317.862624714133
-5728.332923031029
-7685.121229401123
-11771.008711902952
-9338.932992051678
-9065.424632998314
-8341.946423040505
-6332.995644420572
-6558.511835305305
-9856.695704295453
-9967.401484067172
-10648.506097026071
-9687.05454660384
-5792.391502634015
-8750.249841277042
-7031.365920662039
-8942.189581091947
-7578.197162375247
-7284.502248136553
-7273.277017503412
-7906.206527317605
-7192.64552893185
-5077.31949389857
-6891.051433704052
-4192.992624665879
-4265.595032975295
-7090.462041615872
-5432.709240363486
-4742.7944597703845
-4561.629549511701
-6225.473591300534
-5633.880236955882
-6430.7437030071615
-3956.6319447331575
-3811.712449748564
-3110.7760304372955
-2979.259083016185
-2310.216226391594
-2216.677471982252
345.54331650127676
52.5638046933766
530.5701581039762
-1436.7366121016278
-1399.805661602885
227.5467080723098
47.16174751146078
-676.4371433900552
245.02686875207806
355.5318500250448
752.2495189723027
-2088.1772662130275
-3723.471880427684
-4446.326606612047
-5387.07450164865
-6148.0671568350435
929.8630842048303
551.2574919259056
-594.842801698323
188.94631816043355
-2802.6750874154386
-383.93822752784587
-1131.8517261209772
-6386.937894430349
-7111.905732228137
-6228.509959898848
-5041.579751719361
-3348.303382148884
1185.7919566502082
553.1588962152446
780.6572607006264
-5516.901539938252
-1760.0334273010938
645.4685298386287
1420.8705419615653
-406.67138369893956
-3698.5544118510225
-4293.498471394123
-5612.902127165503
-5431.136766132083
-4777.123279028677
-4575.899313069455
-5938.835470051254
-4892.308575292556
-4110.732235135014
364.42032111387783
222.6444349229635
245.22450422705958
57.85516786333003
67.18066269627982
-625.1798718424881
536.5866531403639
487.9428492054997
-3880.5870609021053
-4152.623962906807
-3967.863115876093
-2433.740424863413
-610.6120613913765
-2010.8307073947633
1603.7566630391543
1297.133869884277
1804.649252899883
407.63708514284195
-632.3054383565418
1248.0075289886718
664.4826223863607
-649.6547068262599
1073.1235940803515
1247.71334674448
1657.663740305632
1590.3336513596166
1999.8453198721065
2214.867890417779
1454.7871634156802
1704.4490320970483
890.072810790726
1982.4448131885795
-48.184635154535385
1847.6676950122007
1097.2883764815228
-3797.2532037871315
-3843.394464230972
-2986.646255459547
-3038.128963115767
-2207.1046348203095
-2301.046638660566
-582.4231873064883
-1395.849335063617
-1420.0175619209224
137.4155538280795
-1659.3748233328356
-3276.887849336301
-5270.609474967336
-3764.959531558909
703.478812516391
629.217758148121
958.2183601537338
813.1767196388987
1073.6699369957062
1157.7343657412803
-2092.230662136493
-2515.7114092968172
-1682.95517680741
3044.6210882044907
2985.802678748551
2559.494733591033
2407.9715462873723
-2016.7365457087853
-2035.0551661079571
-2178.348472531651
-378.2454084213555
1115.8054201997443
1203.168392703106
2324.734988662545
-264.7879256701381
279.1332893135706
1780.6582390945932
2488.812119806193
2388.3223869057497
1823.8379549669944
2151.80489921253
2660.217486483361
2191.851079437334
2014.6910874875634
2746.488827215212
2905.8140906538006
2493.0008704722472
2403.3281241017544
2306.5738883695394
2938.292226764572
2605.1729824792974
2711.8096065230748
1607.503180546646
2551.200719166956
1836.11629711581
3065.6732791256786
3089.0140983111796
2980.737883833765
3001.0165335894912
2559.7895248431723
233.53597802677405
2861.7583649520543
2783.8557499636972
2393.807669862392
2658.0250852086906
2227.252163661278
2695.1565382804356
2612.980692790612
2519.207163065581
2372.3966599458595
-2387.528646429701
450.6379454026491
-641.182673298643
-1432.8414846805438
-2462.4364070685733
2550.676509571008
2312.9725085546665
1426.2867470776594
1296.2323655276243
-5362.457906552148
-3164.3277851337566
-4537.7246490440375
-455.45048099457057
-2236.7240205771245
2179.363644724646
2386.238431996377
2113.6791060878104
2238.2148133402434
1891.6768260155611
2048.062785678357
1790.4403291898918
1273.750923359461
2059.488549172474
45.706684442654755
1855.72760498763
1404.8894033643026
1073.3809456195324
1762.1400955567992
1535.737493297381
1857.3587557370502
1535.011188155272
1655.4900746572164
1054.7197093808613
1067.9627627943903
530.568277802958
2794.7190115450394
2794.216955753645
2873.973642701236
2902.17802310504
2807.417988117692
2858.9894278146203
3066.512751391855
2795.429366052945
1344.6711857827956
2465.40960740706
2756.525850020336
-397.05595236989524
403.5337887988218
-1426.6383350010726
25.717137586017262
-483.5182296246596
777.5622900563139
-485.01595384360314
-2062.8873657029594
-1475.2383928550503
-3072.5253835879244
