% Model:              K-Totem.mph
% Version:            COMSOL 6.4.0.293
% Date:               Jun 1 2026, 19:49
% Dimension:          2
% Nodes:              2154
% Elements:           3864
% Expressions:        1
% Description:        Pressure
% Length unit:        m
% Coordinates
-3.232694813778237;0
-3.240351423375879;0.0158269578324213
-3.251971647400255;0
-3.2599589956329966;0.01540706338229606
-3.270747137554955;0
-3.248876681640026;0.03123424802144743
-3.2298106801462834;0.03136379241032464
-3.220895875308318;0.015079053864218879
-3.212829054519029;0
-3.2374645315534614;0.0475324874202166
-3.1928834081963036;0
-3.201006582753832;0.01758808536608507
-3.2260134930160005;0.06388626528261913
-3.2171064752042438;0.045512874347204337
-3.214123789134133;0.029423956002951203
-3.172937760286483;0
-3.18389591475113;0.020245763363712515
-3.133046464466843;0
-3.1422417718128726;0.017559037526203528
-3.1529921123766633;0
-3.196741069472345;0.04025474962621405
-3.2062553282276216;0.06235557797165027
-3.2145624534364168;0.08024004463332618
-3.1994194191121577;0.07795910437498538
-3.203111413856833;0.09659382398403323
-3.160763901827516;0.024159055257901376
-3.1769856154160614;0.03850734981699535
-3.093155168647203;0
-3.101771866727845;0.01657731883838315
-3.1131008165570226;0
-3.1210251825860564;0.022970780907313387
-3.139974809037078;0.040188517418751055
-3.1824284781677057;0.06288706976813258
-3.181908491715477;0.08968665619368361
-3.1591020351179786;0.09649010131549735
-3.160038952367525;0.05064015046801257
-3.1644720847794563;0.07428944913934513
-3.053263872827563;0
-3.0619000539607777;0.016793661594269937
-3.073209520737383;0
-3.0811776067251273;0.02258767033381068
-3.0994310833320244;0.038935391920136085
-3.118095272480075;0.048176876428514114
-3.135498742135258;0.07377099582620798
-3.013372577007923;0
-3.0217903857549926;0.016853269094397664
-3.033318224917743;0
-3.0413282589861237;0.022713145140538474
-2.973481281188283;0
-2.9817963215357843;0.01676550220051658
-2.9934269290981033;0
-3.001080145772032;0.022771970447066452
-3.0596644773945285;0.03933367514475177
-3.079004236690269;0.04774326783061128
-3.095474819303698;0.07032695840492248
-2.933589985368643;0
-2.9418881110438333;0.016650005480687215
-2.9535356332784626;0
-2.9611790391055157;0.02260687071903533
-3.0194369930320986;0.038907871124391764
-3.0399395995601814;0.047758424673808385
-2.9790660330425656;0.03953334810851141
-2.998196602993083;0.048729209917002296
-2.913644337458823;0
-2.921398192021317;0.022366841033313763
-2.9019320377036153;0.016020990869004523
-2.8936986895490033;0
-2.873753041639183;0
-2.8814478922934805;0.021611584846496047
-2.8617456579584037;0.013739192901761045
-2.8538073937293627;0
-3.0570649103420062;0.07100391398659887
-2.9393844414995938;0.03909064217016294
-2.9583215374963;0.04789627985017035
-3.016103864119376;0.07301727923451302
-2.9757704624830232;0.07209028811954646
-2.9188512071112824;0.04679712500041174
-2.899612885192365;0.038162109956108796
-2.8338617458195423;0
-2.845053411808704;0.017684364808644774
-2.8790250299669817;0.04529689599185699
-2.8590334276678817;0.036517906780889724
-2.813916097909723;0
-2.8233412346699582;0.021445181818090932
-2.7939704499999025;0
-2.8029665895143094;0.022855525875834504
-2.7835975876448518;0.01646560749841052
-2.774024802090083;0
-2.7418417184224664;0.01393973882533635
-2.7540791541802627;0
-2.7341335062704424;0
-2.714187858360623;0
-2.7245995076490463;0.018436310923291448
-2.93650949139808;0.07085653713235568
-2.9494167502811486;0.10112935256894978
-2.8968657114546006;0.06991184565692346
-2.8378060709558928;0.04470072493268811
-2.8589158580966285;0.06720686804240208
-2.8133779825215823;0.04525151176720161
-2.7622427688199074;0.022458346376977037
-2.6942422104508026;0
-2.7041616684098044;0.02222253942980393
-2.6843533556152575;0.016784353659790953
-2.6742965625409827;0
-2.7835497320705107;0.0432624031244873
-2.738145905369449;0.03687444070638026
-2.713336509851874;0.041783426352742854
-2.6344052667213425;0
-2.6431320016348696;0.017030847068450018
-2.654350914631163;0
-2.7980596939153877;0.06637189370694964
-2.825617889106977;0.07655432819650589
-2.4827955430349786;0.015698747093046736
-2.4947857313526023;0
-2.4748400834427824;0
-2.3551661959838626;0
-2.343681198546449;0.016402276197680397
-2.3648625505634193;0.017930898820283377
-2.3751118438936825;0
-2.3950574918035024;0
-2.3859792656028027;0.01940356628683381
-2.4150031397133223;0
-2.4053446867847166;0.020542928292995557
-2.663299367556767;0.023397559291099046
-2.758598333976402;0.04960342202263974
-2.5147313792624226;0
-2.5231121407529744;0.016603143824487434
-2.5346770271722425;0
-2.5546226750820624;0
-2.5630243508915966;0.016705023054203738
-2.5745683229918823;0
-2.5423999469251575;0.0224342051835078
-2.5945139709017027;0
-2.6030323298928346;0.016577349731881984
-2.6144596188115226;0
-2.5823560102329295;0.022649325647902886
-2.622536653453358;0.02277445431143926
-2.6850607861381426;0.04402086181936318
-2.7710475095891756;0.07494192186671789
-2.7320137670147666;0.07140744001426232
-2.698430925109715;0.064069920581695
-2.640997127274539;0.04000790276554941
-2.3321962011090362;0.03280455239536002
-2.3533467124399152;0.03545416554416338
-2.340698865157882;0.049754118453103874
-2.3207112036716233;0.04920682859303888
-2.443053786438754;0.01349697475677428
-2.4548944355329625;0
-2.4349487876231426;0
-2.5025647274878753;0.022285036104902733
-2.4258335515358893;0.017507094918612156
-2.4625329142469505;0.020339455959950046
-2.4802250036375475;0.03795577822956767
-2.440562223637463;0.0360752672947024
-2.3728373293953178;0.03472664208123516
-2.416881311134771;0.04332438181170528
-2.3932084619145924;0.04425133705190169
-2.660797267619401;0.05049509420688532
-2.5205466266969756;0.03849772283587101
-2.560582850310539;0.03899550206148334
-2.539877824189269;0.04742858364204054
-2.600270853704645;0.03974073551797819
-2.579754169773312;0.048206798077922663
-2.6197229992846287;0.04830932479847329
-2.6731511547544153;0.07373883674317341
-2.699715331390214;0.09749922350282493
-2.6368716817281737;0.07232060490255601
-2.3092262062342104;0.06560910479071877
-2.3360878353899515;0.07244058622453753
-2.3670622870291202;0.061207456783034735
-2.297741208796798;0.08201138098839801
-2.3169726470621095;0.08528888443091362
-2.2862562113593845;0.09841365718607777
-2.500150614004865;0.04635332519017894
-2.459781690250198;0.045135461665780814
-2.518851206230129;0.07062719742386546
-2.478174894129363;0.07017636010409561
-2.4398355063157187;0.0666123479730633
-2.4016731103483058;0.07038546302145225
-2.5575070795766983;0.07130102963644672
-2.5972663411906023;0.07250169515427093
-2.335987453043504;0.09868959309656604
-2.356243479488751;0.08895272397883341
-2.533666311901777;0.10111838281771249
-2.3863868102251775;0.09322717414606577
-2.4196850599219677;0.1004332484329948
-3.1741835928883235;0.11146872793991842
-3.1802093346976674;0.12930138268544655
-3.19166037427725;0.11294760333474001
-3.1575150349021768;0.12271300094208079
-3.1687582951180837;0.1456551620361541
-3.1506796577858824;0.14442374338859623
-3.1573072555385;0.1620089413868614
-3.1344136686196586;0.15546676889262295
-3.145856215958917;0.17836272073756768
-3.1345993276376256;0.129004104661748
-3.1152529179247543;0.1397182492658718
-3.14006234619;0.10637095727246064
-3.1275074824544977;0.176201218905826
-3.1344051763793335;0.19471650008827474
-3.1115861438707753;0.1881431532553763
-3.1229541367997506;0.21107027943898177
-3.1039631102697007;0.2086247234935301
-3.111503097220167;0.2274240587896888
-3.1108993761658317;0.16178043025654007
-3.109068659755354;0.10558319705493856
-3.0926053908137265;0.17165974261618455
-3.0872723182976283;0.13962519237645868
-3.0873084868491025;0.19418686034212274
-3.0870953304266133;0.22120920501491614
-3.1000520576405846;0.24377783814039433
-3.080719909630031;0.242331301151065
-3.0886010180610004;0.26013161749110214
-3.0736890786269337;0.10593561121395068
-3.0644593171098413;0.17077211584811408
-3.0555677566097903;0.1369480368322364
-3.0671225494580243;0.20368854981156248
-3.058434355862716;0.22753220093983992
-3.050326381646933;0.2911194228160131
-3.054247899322251;0.3091929555432225
-3.0656989389018343;0.2928391761925162
-3.025241051329737;0.32387193647600737
-3.031345820163084;0.34190051424463713
-3.0427968597426673;0.3255467348939298
-3.0327359968751977;0.302767245266524
-3.0088154857741567;0.3354037883646079
-3.0771499784814167;0.27648539684180995
-3.0568598466034134;0.2744877595926783
-3.0647010383773625;0.25570195745618307
-3.0340919915482893;0.2754660923032841
-3.039195952966804;0.19976866031434728
-3.0324967260016593;0.11265907844639184
-3.0195086744779385;0.15674771596086048
-2.9879111403305947;0.12017115972587568
-3.042904775962997;0.2520981963461704
-3.033170168541632;0.2283177713926246
-2.9843539531624197;0.34068616148875225
-3.008011507454607;0.3082176801027512
-3.0136856941886854;0.28625133220301163
-2.989210451989652;0.319309583361187
-3.0078146181275214;0.2546327921566502
-2.9983218501683324;0.20754329024333107
-2.9765115458225395;0.16657113550870992
-2.9155466890218955;0.10678410452021864
-2.8765101738945456;0.10617837059503325
-2.982523371716995;0.2866228561886439
-2.9405737357558324;0.14629668920269515
-2.9475538576365445;0.19640551457762326
-2.966230677463467;0.351212717833572
-2.840879966909513;0.10392771162074807
-2.854621622758348;0.13317634946298407
-2.9600975988605174;0.319814780356626
-2.967072276910063;0.2444179848151111
-2.886030649757119;0.14866206588140699
-2.9433108198822144;0.28287338081490593
-2.899464826993847;0.19048045946260084
-2.9217745881787027;0.2381284086510281
-2.9362722977062568;0.35173795351512016
-2.928458769347885;0.3156898209848346
-2.845382587122533;0.17293226261105593
-2.8278854264463162;0.13614478001748723
-2.7964465611434397;0.10772631985212103
-2.7438644821565394;0.12318122042556211
-2.894613736446593;0.28116787770526197
-2.8668360772067167;0.2303889171217054
-2.89211196050658;0.3369089484121837
-2.818412597864039;0.21114042874598934
-2.788718992656442;0.16573555934150336
-2.309204558466468;0.10520301268622013
-2.29331356744393;0.11705266805131875
-2.2747712139219716;0.11481593338375765
-2.723820039242638;0.18733480085401083
-2.6557053123193586;0.11211593620272745
-2.6842959722564927;0.1499069605478694
-2.61512359440508;0.1064953452042203
-2.8501244593914477;0.2910533964372482
-2.820043646996305;0.25088760759617235
-2.2632862164845586;0.1312182095814369
-2.286325854075974;0.1375960498819237
-2.2703612321696682;0.1501700784280341
-2.251801219047146;0.14762048577911613
-2.84111948868979;0.35027394404027035
-2.7630051954014405;0.23325627054755685
-2.6979619895142943;0.24578970790434576
-2.3289091770001225;0.1211830169808731
-2.3098273826601536;0.13137954646401864
-2.499305154813423;0.10794135012315113
-2.459348882411749;0.10783119937146916
-2.66177684251337;0.20507707518420307
-2.5738118234511145;0.11843054050859975
-2.6192359665478215;0.15523436409852506
-2.7919498961910976;0.3035725146760549
-2.359441705222;0.1219604785885869
-2.3345614038590834;0.15280058373164337
-2.3056199963444532;0.15400728829897917
-2.286901685118215;0.16438506465365935
-2.240316221609733;0.16402276197679588
-2.263391828093971;0.17039852641906023
-2.2288312241723203;0.1804250381744749
-2.2473798679066554;0.18304515538884258
-2.729204090450272;0.306215195548239
-2.5277581017696384;0.14600804423131147
-2.3988568359332754;0.1362210922754073
-2.601757022853166;0.21898466796159952
-2.6329480689930103;0.26529525434528367
-2.674928547519421;0.30045404146280036
-2.2173462267349073;0.19682731437215503
-2.2402720100542033;0.2032981597991772
-2.2058612292974944;0.2132295905698344
-2.2243274177213834;0.21563641312222956
-2.4735014628388066;0.15493572266355746
-2.432977064708897;0.1325244567172579
-2.564554264308516;0.1781541444939999
-2.376292056223309;0.16522848733503273
-2.346485719828624;0.18680411387196288
-2.3124630069555003;0.18451896175631385
-2.282694323333001;0.18587750441489828
-2.263871976886671;0.19738415388724556
-2.5088031231295016;0.19919786142864476
-2.4215057931289565;0.17808805248673754
-2.4666913166125566;0.20645009895140895
-2.5427856794423693;0.23577886549998772
-2.5759699156014007;0.2788385056900586
-2.617161295494001;0.33557247827874964
-2.2169377317901544;0.23631216715947123
-2.182891234422669;0.24603414296519313
-2.2015705163883674;0.2484998977958564
-2.1943762318600815;0.22963186676751415
-2.2595577597421497;0.22009873032555746
-2.2407674126783648;0.22985900890707908
-2.378021346660128;0.21100011363554694
-2.332211668825926;0.22291892307473354
-2.2898589722754306;0.21929688320855795
-2.171406236985255;0.2624364191628735
-2.19439913568559;0.26854977982143524
-2.159921239547843;0.2788386953605523
-2.178718160254597;0.28135883540077566
-2.4857765368015077;0.2476312071616616
-2.4242859861434005;0.24578691705502362
-2.516448086791011;0.2960066785351117
-2.550444624543048;0.3410363691275181
-2.2188297510920436;0.2629414700921557
-2.2372605253038333;0.25247181621624254
-2.2653014263400792;0.25148870147635183
-2.1369512446730172;0.3116432477559117
-2.155657885555668;0.31429621623717935
-2.1484362421104297;0.29524097155823226
-2.1139812497981914;0.3444478001512704
-2.1328904212385886;0.34710669933566596
-2.1254662472356043;0.32804552395359104
-2.148648781297422;0.3345668984358988
-2.3643054182268273;0.2728972463053218
-2.3108852951148524;0.2667111743892301
-2.170911004234327;0.30254363104477805
-2.214275574534244;0.2843589773767376
-2.195967708055691;0.2955575571967862
-2.191793058980717;0.31783309005969657
-2.17325686949652;0.32937394557480754
-2.1688206705584996;0.35105810893970296
-2.4602084096624166;0.3021972357993002
-2.408617499868264;0.30069569883090813
-2.2437782727752595;0.28346085983229335
-2.372565722615632;0.3250062540659234
-2.279657443538028;0.28900758546168376
-2.3185281318363757;0.31892321590410405
-2.221426121708639;0.31650446572310265
-2.1989318991193008;0.3502487756254616
-2.265055476288633;0.3249400736199928
-3.0198947805835012;0.3582542935953434
-3.001380615747815;0.3555899255583956
-3.0084437410039175;0.3746080729460507
-2.9854223914439597;0.36809070527069593
-2.9969927014243343;0.39096185229675745
-2.9785214954373167;0.38912333885121203
-2.9855416618447514;0.407315631647464
-2.961807726328222;0.40097463545309986
-2.9740906222651677;0.42366941099817157
-2.9548528205766753;0.4219693616378395
-2.962639582685584;0.4400231903488786
-2.9611608320522627;0.373020867838691
-2.942396630459623;0.3833561068514886
-2.93750499383584;0.4064577991815726
-2.938343303214651;0.4337219745645149
-2.9511885431060016;0.4563769696995849
-2.931609838454597;0.4557289872759966
-2.939737503526418;0.47273074905029216
-2.9012582833278824;0.5035117823365847
-2.9053843847876686;0.5217920871024123
-2.9168354243672514;0.5054383077517057
-2.9282864639468347;0.4890845284009987
-2.9075709685966524;0.48674806179538865
-2.9165031813873576;0.4680539003145293
-2.915307297125927;0.38292995251169815
-2.91831671394284;0.4153021861265717
-2.907934420692131;0.4411411118965307
-2.8836348276410275;0.5157281635528662
-2.893933345208085;0.5381458664531193
-2.8764345977200283;0.5371195541376963
-2.882482305628502;0.5544996458038262
-2.8846242891157385;0.48748392131209567
-2.8926063157168573;0.46300911023064595
-2.859864055089675;0.5480707797785963
-2.8710312660489183;0.5708534251545332
-2.8785128266393616;0.3804418447138811
-2.89001284141818;0.40947586750631243
-2.8816831885515786;0.43930530160338976
-2.858774609462673;0.5207396432909205
-2.8631578005112104;0.49940313118930796
-2.855752853305426;0.4645234370203077
-2.840902564620186;0.5312534344256514
-2.852479553517278;0.5682201609831995
-2.8595802264693346;0.5872072045052404
-2.8481291868897523;0.6035609838559468
-2.829537221285599;0.6010324818364484
-2.8366781473101685;0.6199147632066543
-2.8364783389979396;0.5808448264727903
-2.8357603405472718;0.5534992348836955
-2.841797267365739;0.4120442517998728
-2.799867167365142;0.3707072835825347
-2.8345334634333104;0.49977202810739063
-2.819430369254886;0.45845116047654494
-2.8137174913747507;0.6138108967847918
-2.7893923066919575;0.6188390862274227
-2.8092031740210075;0.5326344112409651
-2.751400062257106;0.36137278951735713
-2.81282241078938;0.5871968018171451
-2.8170650481189248;0.5655865110285984
-2.7939131604835903;0.5978373260699472
-2.786751882715353;0.5673341285022899
-2.775813500026864;0.4229617892945531
-2.7818337975862657;0.4858049821892592
-2.687112563341338;0.36166022428421996
-2.635277467938226;0.39495027164736657
-2.7650343544847353;0.5991980443774665
-2.761729654739306;0.5319516922633533
-2.7243744778781083;0.40983443325282787
-2.7516990368501593;0.5649748629757614
-2.7292294731856517;0.4769899815549349
-2.6752228045292945;0.4297186104343781
-2.582172170440787;0.3955591199181101
-2.616751637495621;0.45247509016574633
-2.7209444918325323;0.5903976699712608
-2.717045834258827;0.5400221770963833
-2.659416329372979;0.5087038822641615
-2.5964000035483723;0.5023233062264476
-2.4865787785407574;0.35509579932152485
-2.5269683256857283;0.3944787032652303
-2.544620250860572;0.45801830387389203
-2.0910112549233655;0.37725235254662953
-2.109686980540606;0.37992940479299464
-2.1024962523607784;0.3608500763489498
-2.125699710028177;0.36747144100316387
-2.149678014768044;0.3618538428115924
-2.079526257485953;0.3936546287443088
-2.10171146917127;0.4009621388351844
-2.06804126004854;0.41005690494198815
-2.08664213088412;0.4126770266630449
-2.1267549519752427;0.3950529576546118
-2.676598558482944;0.5800115750562407
-2.1449068952094015;0.38399375840776667
-2.175079530545159;0.3829384545638697
-2.611135017292915;0.5775893246169207
-2.42310530548399;0.36044962792670854
-2.353760516512933;0.3753492512666234
-2.5492675488785634;0.5321762398861029
-2.472396300006272;0.42637522805928746
-2.4983694983257507;0.4948336909333375
-2.2377132179144232;0.3531160805419752
-2.0450712651737137;0.4428614573373479
-2.0637220417186075;0.44549283117287813
-2.0565562626111267;0.4264591811396679
-2.0796857604285552;0.4330193206884898
-2.1223224005021457;0.4165842755365858
-2.1036520113487476;0.42718246932517007
-2.151461651337203;0.4155806824410873
-2.2831150121165638;0.3783940965358508
-2.2239094117317775;0.3977005935541823
-2.186371673374747;0.42138598234062685
-2.555878436726309;0.6096709215318007
-2.098962340799668;0.4489116038372275
-2.0808195278778348;0.46030555957111957
-2.033586267736301;0.4592637335350273
-2.056119311704288;0.46614284132025835
-2.0406927089834195;0.4782732390274732
-2.395899013277923;0.43608656811880114
-2.3313228333264395;0.4372099303049785
-2.4830226188195095;0.5644224451297464
-2.4357162910555794;0.4988334519575601
-2.0221012702988883;0.4756660097327067
-2.268814644754074;0.43806112439358014
-2.0337375250511487;0.4984802307693819
-2.010616272861475;0.49206828593038654
-2.1289501602532894;0.4480055153623014
-2.17156096823565;0.4531296592397878
-2.217151181971195;0.44928144194869774
-2.4377374844819397;0.6105653475089003
-2.1060385285426957;0.48077332971790865
-2.076479442537046;0.4818239722361959
-2.0582769272891746;0.4929888861145022
-2.2987807803489204;0.4776988305006322
-2.358511558836803;0.502927146379809
-2.4073244480798763;0.5630277117871497
-2.2517301014486497;0.49072428459356443
-2.05355879576141;0.5149428355075448
-2.0350478199159108;0.5262019267136764
-1.999131275424062;0.5084705621280662
-2.0177593818719135;0.5110635373225124
-2.1542474829130085;0.49128566917540406
-2.198628694276717;0.49696247846547686
-2.399644194171366;0.6200137167244035
-2.122560281013534;0.5171268494383122
-2.0835867543015403;0.5135153912590891
-2.289983001012556;0.5360495653754854
-2.3397447798730218;0.5956475106016359
-1.987646277986649;0.5248728383257459
-2.0107529225574834;0.5313172563911037
-1.9947095039318248;0.5437351761217102
-1.9761612805492363;0.5412751145234252
-2.030473617929686;0.5480126911156303
-1.9531912856744105;0.5740796669187843
-1.9718448028582507;0.5766491911944607
-1.9646762831118234;0.5576773907211047
-1.9871664231952961;0.5645908610941247
-2.227768573187526;0.5443236368180984
-2.0606853449300773;0.5469014944958264
-2.165892681470593;0.5461525542341422
-2.10824463653965;0.5591337584204397
-2.264884342403648;0.595303537129243
-2.0121035201036337;0.5590471115115647
-1.941706288236998;0.5904819431164633
-1.9648376648758865;0.5968608018996178
-1.9302212907995848;0.606884219314143
-1.9488885000651979;0.6094431539088371
-1.9892358438504127;0.5914111419629318
-2.00718809349322;0.5809652683976729
-2.037203923063016;0.5802583180662303
-2.013408761595248;0.6120290291837988
-1.9841475995590903;0.6126368678140875
-2.202106852312723;0.5968719392060666
-2.074566940635249;0.5851537089782951
-2.149148291572256;0.5918878156961562
-2.110830567680777;0.6138361478643936
-2.825227107730585;0.6362685425573613
-2.8069577266970196;0.6343178404523327
-2.813776068151002;0.6526223219080675
-2.790916352298975;0.6463120657384313
-2.802325028571419;0.6689761012587744
-2.771747375856279;0.6296094599318234
-2.7842074842484;0.6668447665227639
-2.790873988991836;0.6853298806094815
-2.768025987704472;0.678987795365606
-2.779422949412252;0.7016836599601888
-2.7679922846495075;0.6524074445198432
-2.7392748245760186;0.7343196902362162
-2.7450698306735024;0.7507449980123095
-2.756520870253086;0.7343912186616022
-2.742128352717791;0.6310011772361314
-2.767971909832669;0.7180374393108951
-2.7452637055385813;0.7116178234811024
-2.761292340063498;0.7002869520527868
-2.744365100356741;0.6843014412872401
-2.749203123964552;0.6636240040557796
-2.722880068981543;0.7441581612830814
-2.733618791093919;0.7670987773630163
-2.7160206546748906;0.7643980936902927
-2.722167751514336;0.7834525567137229
-2.723216577082158;0.7173157390993266
-2.7273648209723476;0.6956105671357247
-2.6935721235587495;0.7982132199276342
-2.69926567235517;0.8161601154151367
-2.710716711934752;0.7998063360644304
-2.7006679980934027;0.7759669740293679
-2.7191502229908857;0.6653097971971285
-2.7015105421805137;0.6298502790391932
-2.7055752107578477;0.729012033086304
-2.7010105361945143;0.7492634170169774
-2.676068300233171;0.8079140283674612
-2.687814632775586;0.8325138947658437
-2.6971153569663437;0.6971284815602171
-2.6772140926898262;0.7790504436978198
-2.684355244649378;0.7279941162784662
-2.6850327607478417;0.7549617628703488
-2.6901094485167283;0.663062762424138
-2.6556493988388863;0.6338255246890041
-2.6690475832271967;0.8300529543163312
-2.676363593196003;0.8488676741165511
-2.65592833272661;0.7895353055344309
-2.6649125536164195;0.865221453467258
-2.6458966664121286;0.8628571197896837
-2.6526252942849693;0.84145246820167
-2.6525970716004252;0.8144471061540118
-2.650032123582415;0.6911544965654385
-2.650168981020907;0.750157396728831
-2.6148127598173456;0.7117724093159176
-2.6019757927736;0.656399949186332
-2.6302607459742533;0.8751848339551029
-2.6260430141633844;0.7894753830503487
-2.6293736470575406;0.84823202487533
-2.632868801708021;0.8256419333570322
-2.610991784976671;0.8584248591116966
-2.6022907452503476;0.7534979742068483
-2.57482558328005;0.7088727354526585
-2.5516736659697243;0.6656048314112414
-2.493956021950048;0.6461671050433129
-2.6047683177428143;0.8257697269221109
-2.59351334231213;0.7889024749455765
-2.581481354547978;0.8590283359069252
-2.561450620000646;0.7600061411926945
-2.520983073641332;0.7102524637409287
-2.4688050342438865;0.7149980889252849
-2.4292560435265065;0.6606765009834669
-2.560133553075443;0.812111135590213
-2.543591561463172;0.852804614928649
-2.366153654935352;0.668684143362572
-2.5106099875622396;0.770905637733327
-2.414029534195589;0.7261219657325259
-2.4575484901883553;0.7916130360074581
-2.507599897544111;0.8239219042147596
-2.3015291562697233;0.6501369498446327
-2.3186184417503686;0.7012705079482617
-2.360877560966534;0.7385811984859515
-2.4705164296893654;0.8457780709192256
-2.390860261771025;0.7885098323442475
-2.4193120724045207;0.8445583503454908
-1.907251295924759;0.639688771709502
-1.9259596417691471;0.6423163390628025
-1.9187362933621719;0.6232864955118228
-1.9416773177775684;0.6295293462648857
-1.9656027169826933;0.6236507237157319
-1.8957662984873465;0.6560910479071815
-1.9186214471769285;0.6625334255099647
-2.058185066805869;0.626422085976287
-2.023872443271791;0.6487157995110103
-2.30660486205114;0.7414681115662393
-2.2687343400840603;0.703443047439183
-2.2319909820076806;0.6500623064091016
-2.322903733666192;0.7964621602717219
-2.3609725159909387;0.8480032209222905
-1.9615871119179178;0.6453577157577526
-1.8842813010499333;0.6724933241048612
-1.9029397356031281;0.6751031478738153
-1.8789986142245787;0.7079047693790422
-1.8727963036125201;0.688895600302541
-1.8613113061751074;0.7052978765002205
-1.8954880028798449;0.6959022101178061
-1.943030073768539;0.6565626851027517
-1.99102652893259;0.6439311004629081
-1.9198057867158713;0.689467091955349
-1.9689207319531665;0.6777792780911799
-1.9388245640354138;0.6788674663158003
-2.1595190326187357;0.6514005244099774
-2.10513718447021;0.6641996598161843
-2.009201017590404;0.6809269092755379
-2.0561733698576137;0.6778396810004053
-2.2554897531877653;0.7708452311332435
-2.208365658836913;0.7109680091874258
-2.147309794466815;0.7196585356030097
-2.0897838201117374;0.724000372827734
-1.8534776259399692;0.7395131513095871
-1.8498263087376943;0.7217001526979
-1.8383413113002818;0.7381024288955794
-1.870935420392473;0.7281404544288322
-1.8466482563643551;0.7560353209030007
-1.8268563138628688;0.754504705093259
-2.2318615753444515;0.8205017555465567
-2.2707451842268367;0.8249931752643268
-2.3056164983581433;0.8599511959822569
-1.8965202455626544;0.7229626202016869
-1.9153901653528043;0.7118151623101002
-1.990110492651516;0.7209574183099721
-1.945456356968888;0.710134685345792
-2.034416206189726;0.7224274443243984
-1.7924013215506298;0.8037115336862976
-1.81306599422973;0.8069526115945687
-1.803886318988043;0.7873092574886178
-1.824593089640493;0.7903269108716413
-1.815371316425456;0.7709069812909386
-1.8364487852136218;0.7767078625641137
-2.1853087904223503;0.7836220472405951
-2.122621948514285;0.7768324480605314
-2.0650681255962446;0.7663071277072931
-2.0825273908548003;0.8098738320793456
-1.8701323820142841;0.7551099026130662
-1.88947049611105;0.7444254993315853
-1.9226164513395883;0.7445072452962216
-1.861037683608124;0.7795055130975698
-1.8444843586652067;0.7978257187413644
-1.8292828289079155;0.8074062466726277
-2.195663603054734;0.845876827670267
-2.243183917174683;0.8737775521787753
-1.966242240117691;0.755707110679345
-2.011488173382178;0.7664701612231151
-1.803467697413483;0.823661580064222
-1.7809163241132169;0.8201138098839771
-1.8236890654192728;0.8239668813426781
-2.136262767340808;0.8432090108564593
-2.0341166850055;0.8138442130867692
-2.0707103490717653;0.8614044831586477
-1.8946311133408136;0.7768246458799962
-1.9325527844195542;0.7782836949080576
-1.9735917561131762;0.8091279816265471
-1.8725332876174128;0.8105112174466114
-1.8468280433992033;0.8214941197627913
-1.8351249169403934;0.8401382639123876
-1.8142366701309571;0.8453752647180489
-1.7694313266758042;0.8365160860816565
-1.792980364653246;0.8412296055207451
-1.7773713230570438;0.853947887929024
-1.7579463292383912;0.8529183622793362
-1.746461331800978;0.8693206384770159
-1.7704999412101152;0.875450656177363
-2.008187224500549;0.863581452240358
-1.9129786062584277;0.8263923916556778
-1.95469000249885;0.869754368412689
-1.8661280003916727;0.848480234065053
-1.7999378510771709;0.8681238091831486
-1.8346640574013473;0.8660229100281321
-2.6534615140368367;0.8815752328179646
-2.624066172013146;0.8969162173670406
-2.6305594348776697;0.9142827915193783
-2.6420104744572535;0.8979290121686713
-2.607590753815427;0.9078483434465333
-2.6191083952980865;0.9306365708700853
-2.6066237345317367;0.8802676453451052
-2.600859024246833;0.9284857762380361
-2.607657355718504;0.9469903502207916
-2.5844403529959696;0.9407844395174052
-2.59620631613892;0.9633441295714991
-2.5837919225148784;0.9126892978854336
-2.588175132689014;0.8910729385603127
-2.555318337830738;0.9948104896990786
-2.5618531974001697;1.0124054676236203
-2.5733042369797534;0.9960516882729131
-2.578108440910281;0.9619149516614119
-2.5847552765593367;0.9796979089222061
-2.5618437119759365;0.9733487851158071
-2.5658880460644404;0.9241074845230389
-2.5613326116991777;0.9458083229452977
-2.558479175289766;0.8921852487630306
-2.5326521617005633;1.0272546167955363
-2.5389511182410036;1.045113026325034
-2.5504021578205864;1.028759246974327
-2.516130174232992;1.0387597198579837
-2.527500078661421;1.0614668056757404
-2.5087017980826443;1.0589855978805127
-2.516049039081837;1.0778205850264477
-2.5393381858415776;1.006139066540334
-2.5390743329759995;0.9797578587598339
-2.543117033849916;0.9572478614968126
-2.5357092135024657;0.9250577589912334
-2.5165490683780782;1.0121598533101517
-2.5207278649689364;0.9912194333846553
-2.5131756271753574;0.9587136588418436
-2.5092870605288327;0.8788455551774731
-2.4992604106246246;1.0235780400847787
-2.493960539575973;1.044479257544368
-2.484706479715861;1.0934738325216908
-2.493146959922671;1.1105281437278611
-2.504597999502254;1.0941743643771544
-2.491061430044396;1.0708300317068236
-2.4691996956610875;1.106356567932861
-2.461196297301328;1.1259699677457833
-2.4816959203430873;1.1268819230785683
-2.496351313421014;0.9227369655445306
-2.492064870195139;0.9928082172881121
-2.454792220729881;0.8983881149632921
-2.4655123341119753;0.9545274237770046
-2.4748774518468446;1.0231352436430998
-2.4761156308126067;1.0517670993234942
-2.4605225996560645;1.0787281832168927
-2.3936041935238284;0.9024040299902556
-2.4481446894538452;1.1050838484488392
-2.440388075069296;1.1296369212994481
-2.4481226388588406;0.9962539212156547
-2.422954202639742;0.948582951482128
-2.4285251772562892;1.111801950726641
-2.4406166433815164;1.042263899025019
-2.429260559615389;1.083499972302756
-2.40343169793005;1.002803622592724
-2.340023449022383;0.9077547032959734
-2.3704002129339243;0.9572046886423319
-2.4021146213869677;1.1043331468539817
-2.389771943835188;1.0591102039155929
-2.284587822380972;0.9194622738201963
-2.353181534765996;1.0129487306551388
-2.3193558715160267;0.9638289228556207
-2.2393900351024727;0.9326089761836276
-2.1776136147305682;0.9087180953022143
-2.3626192068111584;1.102413480285646
-2.335993944514343;1.0645133337860375
-2.267798910139731;0.9755576121106683
-2.3020988363603228;1.020620285828665
-2.1118340761751586;0.9154450750278823
-1.7349763343635654;0.8857229146746953
-1.753241335129299;0.8882709071621913
-2.0418962301477075;0.9210549646884975
-1.9828304415183953;0.9182176434195497
-2.2022754183762743;0.9790890511465135
-2.1433259859731857;0.9756084351274664
-2.318841864000524;1.1119995855314109
-2.285237398345407;1.072790374385042
-2.244657136205808;1.0276951534460934
-1.7234913369261526;0.9021251908723745
-1.7451886540657437;0.9082556181266356
-1.7280245377655319;0.9200309357456353
-1.7120063394887397;0.9185274670700542
-1.7215430954610684;0.9372119444829096
-1.7005213420513268;0.9349297432677337
-2.080487563088602;0.9806120550055598
-1.6890363446139138;0.9513320194654135
-1.7105488385831737;0.9556303706857423
-1.770271771540141;0.9024010958680425
-1.7902087072665838;0.8925660330109937
-1.7287110373873826;0.9543705768468543
-1.7473342295676713;0.9366428733140832
-1.7647583593138285;0.9253988316012498
-2.0071978472489653;0.9828321385641712
-1.9018997960371087;0.8852611272074435
-1.936114182057775;0.9146175907267279
-1.8616792781110163;0.8930945786250422
-1.8188855761519074;0.8964857865576308
-1.947301614358541;0.9604279023842347
-2.1775360345771397;1.0370482798643545
-2.1213363606458886;1.0428064404616815
-2.2727226238161937;1.1266128121369339
-2.2269505778134233;1.083276803551799
-1.7013082876519756;0.9721154251750784
-1.677551347176501;0.967734295663093
-2.050817623508802;1.0358443919926574
-1.6857120520675068;0.9855297975715068
-1.666066349739088;0.9841365718607725
-1.654581352301675;1.000538848058452
-1.6788691620960232;1.0069080826717838
-1.9936769302252002;1.045198789451437
-1.7234882956535014;0.9744938782085742
-1.7935436575181487;0.924567786614572
-1.7483266191414553;0.9661499667765896
-1.771846837646593;0.9524529547972728
-1.9581267650450356;1.0095627558706397
-1.892297492366218;0.9401471866910044
-1.839150915665662;0.9365481593513745
-1.9120510390128111;1.003090960455859
-2.0897611086689247;1.0921191612909347
-2.1558742353758507;1.1056208185251917
-1.707627031399128;0.9996473081719622
-2.027021852235762;1.0947453130597646
-1.6623904679439572;1.019308030975206
-1.6430963548642623;1.0169411242561313
-1.6316113574268494;1.033343400453811
-1.6551450079731747;1.0400594147496083
-1.6799663121073138;1.0341154613118504
-1.6990522878249106;1.0239609418877056
-1.967746560236961;1.0963695705226162
-1.9375305250271422;1.0497381584450187
-1.740993178734624;0.9965317693173646
-1.8104289736246426;0.9678219416944894
-1.7731464684484866;0.9890619762683653
-1.8555476739092884;0.9863276910465729
-1.882608321425078;1.0412426545933966
-1.7261110279814822;1.0268752699118426
-1.6201263599894367;1.0497456766514905
-1.638807837490821;1.0523265421321357
-1.6086413625520237;1.06614795284917
-1.6318877743855584;1.0724909383866177
-1.5971563651146108;1.0825502290468496
-1.6158011776632741;1.0851012999701484
-1.6743891005528828;1.0557593001336196
-1.655936840626621;1.067120804138848
-1.70336953312216;1.055322039396947
-1.9096253609203142;1.095422691165352
-1.7652064182895457;1.0297793289531834
-1.8160435829080142;1.0265203651898795
-1.8504084450823954;1.0929985941536078
-1.5856713676771979;1.098952505244529
-1.6087727913853482;1.105306864584317
-1.7385320001996556;1.0579736492666958
-1.574186370239785;1.1153547814422085
-1.592744826959651;1.1179127618334177
-1.5627013728023722;1.131757057639888
-1.6508702144646534;1.0886825248057785
-1.6328895240431864;1.099813045682617
-1.6811345507530249;1.0876957634893927
-1.727514079437272;1.0959245110215545
-1.7802357425579;1.0815924002430986
-1.6277777488660532;1.1213184314520346
-1.6578658051967903;1.1201603239586095
-1.7064009407411822;1.1286371798030972
-2.454586400769965;1.142165046959807
-2.4587938411839207;1.1595894817799817
-2.470244880763504;1.1432357024292747
-2.4372648070704876;1.1535929107703395
-2.4473428016043375;1.1759432611306888
-2.42952156929777;1.1741178527454579
-2.4358917620247547;1.1922970404813957
-2.4244407224451714;1.2086508198321022
-2.4059889764947857;1.2061534098642648
-2.4129896828655877;1.2250045991828098
-2.4129021856503945;1.1858774280404911
-2.4160847634103195;1.1335209807495603
-2.411625441486906;1.1581637848394546
-2.3832802925409076;1.2394610374707806
-2.3900876037064207;1.2577121578842234
-2.4015386432860044;1.2413583785335165
-2.389994557967562;1.218635185712122
-2.388900678849207;1.1916677309634123
-2.393637339991638;1.1700273113698134
-2.385364421514647;1.140058099084242
-2.3603312415035997;1.272305556486082
-2.3671855245472546;1.2904197165856373
-2.378636564126838;1.2740659372349303
-2.367133393448522;1.251442983826341
-2.3699033169489914;1.2026976654567552
-2.3645524967898153;1.2233558524329795
-2.344057485831854;1.2840045119433718
-2.3557344849676713;1.3067734959363442
-2.3628188615158825;1.1725045800046363
-2.348914073138364;1.1357142869578623
-2.337094977420647;1.3041882503055637
-2.344283445388088;1.323127275287051
-2.332832405808505;1.3394810546377585
-2.314212976646411;1.3369202079193023
-2.3213813662289216;1.3558348339884652
-2.321138420212145;1.3167752591388733
-2.3422476062945354;1.2562507033763812
-2.3471536923384444;1.234805925993238
-2.3395022761542434;1.2039880202034152
-2.32011309013697;1.289626498943879
-2.3239389390952208;1.2673531984864974
-2.3155233992912363;1.1602099879452927
-2.2981255957852404;1.3495074800133664
-2.3099303266493383;1.3721886133391716
-2.296498018628751;1.3219107708379882
-2.3014594596810976;1.3011209872711433
-2.291076078205408;1.369802428460887
-2.3166002050633536;1.2368381218185882
-2.299734640724546;1.1985173056675797
-2.2945061177484516;1.2688560140615839
-2.26499221596011;1.171051096962244
-2.2731127345198012;1.3546780198130308
-2.2785441640210142;1.332751283878572
-2.272317291700907;1.3017284495424755
-2.254099060793985;1.364899379981018
-2.2671405725336777;1.223796020320165
-2.254232022525471;1.2665819904804985
-2.2201709578625297;1.1431096188654304
-2.2295322049149338;1.1895664954728054
-2.2493421272010043;1.3332163275957212
-2.224076002822115;1.292238262192645
-2.2266059734065;1.3623905957997198
-2.1100580041410444;1.14392109769795
-2.0583549411298496;1.1474733260146048
-1.9996364211598419;1.1416165411377388
-2.2086469655946552;1.238684242622544
-2.1667450481113653;1.1815997340431537
-2.2034850500126146;1.3262448063073267
-2.175427769514882;1.2855377566781876
-2.189214872599414;1.371586180886652
-1.942187409687618;1.1478459576519002
-1.9778336649078265;1.184695366091467
-2.097951424712256;1.195806454428133
-2.0302949724058927;1.1918746843050132
-2.134377819782256;1.23877347655653
-2.1431008418867177;1.3313020031904137
-2.124754228323375;1.2869557293049596
-1.5851686142287573;1.1385477402751258
-2.1017065026205386;1.3623507985811298
-1.877942030331977;1.1579242876687734
-1.9316978825635263;1.20744425874858
-1.8161173413787963;1.1373518283653223
-1.6096614265537206;1.1323796602897294
-1.9861354988946158;1.2363618678703383
-2.0628441129180817;1.2546019218837212
-2.0821395774087295;1.3158101912122788
-1.569780720616512;1.1506960256412044
-1.5512163753649593;1.1481593338375675
-1.539731377927546;1.1645616100352472
-1.5625342976294399;1.170712021882272
-1.6051577109437314;1.1541289363039993
-1.5870366872790855;1.1650314449884405
-2.066153822445047;1.3630571519989934
-1.8283832168384244;1.1869499067674174
-1.9255057130534514;1.2732928597842201
-1.8720550819025803;1.2287624509033497
-1.546890434614299;1.1835096361538955
-1.5282463804901334;1.1809638862329266
-1.5167613830527202;1.1973661624306062
-1.5395643704597477;1.2038615852496772
-1.7560305266328875;1.1353249829680043
-1.7829010809827892;1.1795587130863094
-1.7339180057930892;1.169247462651825
-1.6347402097127497;1.153200716101741
-2.006123720013952;1.3235313111005693
-1.5641222032112345;1.1978616416920937
-1.5827280392631575;1.1867969345921536
-1.612015373758755;1.185933208915659
-1.4823063907404816;1.2465729910236452
-1.5011669657165403;1.248991079483286
-1.4937913881778944;1.2301707148259655
-1.8011382644537666;1.2378529622119427
-1.912240746178682;1.34087990479916
-1.8544997793725662;1.2895897436007626
-1.5052763856153075;1.213768438628286
-1.5239375219536173;1.2162894558180721
-1.5413397903223363;1.2309416395619954
-1.5599705039603058;1.2204067754184849
-1.6848778718170108;1.1636892600779565
-1.7491009087806586;1.2069044548315198
-1.7386062925470132;1.2525627403468946
-1.704854743343115;1.2089188461155271
-1.6602501116094892;1.1989609489175688
-1.5163939810201048;1.2372694996623501
-1.5897507992997286;1.2194394067645564
-1.629986927263202;1.2240033224503097
-1.566393801557685;1.252012770230153
-1.5370080089566212;1.2529148261219352
-1.4593363958656556;1.279377543419004
-1.4780377998250938;1.2820355209369925
-1.4708213933030685;1.2629752672213248
-1.4939796500288811;1.2695588841799845
-1.6720098674564507;1.252065648604539
-1.5180979270013322;1.263448005594939
-1.43636640099083;1.312182095814363
-1.4551007539409848;1.3147908903817067
-1.4478513984282428;1.2957798196166839
-1.470428529234828;1.302652310771333
-1.7887915063767246;1.3040505366104282
-1.7192389154599157;1.3051534394578943
-1.8386953299806712;1.366716688004916
-1.6141157305676328;1.2671269844883335
-1.5775375140248535;1.2898733749098297
-1.543366465145472;1.2836796496499967
-1.495137260786272;1.2966186872322882
-1.5135544166473007;1.2851874979239164
-1.6563999974639831;1.3083217454618425
-1.4248814035534172;1.3285843720120425
-1.4479363393405376;1.3348557257933267
-1.4322020765188324;1.347625410473349
-1.4133964061160043;1.3449866482097221
-1.4723485162851095;1.3295239427077052
-1.4902077050974658;1.3182774678543234
-1.766454763449594;1.3655293960436734
-1.6969934059044607;1.3626564921062463
-1.609672108641416;1.3197420639389796
-1.562349021961384;1.3216832306317903
-1.5209172728152818;1.3170891999456689
-1.4684150984424904;1.3511379400934538
-1.4019114086785915;1.3613889244074016
-1.424999138296118;1.3677615906895864
-1.6421996161312837;1.367952495213936
-1.4493902407978123;1.361729264680899
-1.4972706951461439;1.3497942725381114
-1.3904264112411786;1.377791200605081
-1.409183791369119;1.3805081403323007
-1.5881103833519339;1.365228687683666
-1.542667776660823;1.3595982664912984
-1.47532184857198;1.3820151089620267
-2.298479287069755;1.3885423926898788
-2.27410802873186;1.382148428106049
-2.2870282474901713;1.404896172040586
-2.2674711142457724;1.4040150505546536
-2.2755772079105885;1.4212499513912926
-2.2521656218397634;1.4169601001058734
-2.264126168331005;1.4376037307419993
-2.2526751287514215;1.4539575100927067
-2.2437201780405784;1.4355099134361928
-2.237089245870146;1.4520658952866135
-2.2412240891718382;1.4703112894434136
-2.24573535717231;1.3900677481003965
-2.2290507230704217;1.4128925668165437
-2.219222644126002;1.3901488974366514
-2.2193767220035805;1.4353513191275762
-2.2193170672064078;1.4641495542710228
-2.2297730495922554;1.48666506879412
-2.2118498619076425;1.4842687303112638
-2.2183220100126717;1.5030188481448277
-2.1947505297690286;1.4963016817616484
-2.2068709704330884;1.5193726274955341
-2.1879308028071134;1.5171735269649445
-2.195419930853505;1.5357264068462415
-2.1723978964923196;1.529566382851265
-2.183968891273922;1.552080186196948
-2.1948481753023663;1.4132140519914835
-2.2000425631330383;1.4458052147810019
-2.193812383316808;1.4682370409587793
-2.1751488923660895;1.4809444537563348
-2.1709287997105515;1.50253728897367
-2.165435930736199;1.549652753877832
-2.172517851694339;1.5684339655476547
-2.1497376206976604;1.5625045133194453
-2.161066812114756;1.5847877448983616
-2.14297703035692;1.5839182061558288
-2.1496157725351726;1.601141524249068
-2.147822291126109;1.5354072103057255
-2.1522525725561543;1.5143368252322533
-2.1424701408357403;1.392832314059141
-2.1650326170393086;1.4458387259451422
-2.143616261704202;1.4837005791381348
-2.1308940228935005;1.5468334600160372
-2.1201064562556935;1.6161916022865983
-2.126713693376006;1.633849082950482
-2.138164732955589;1.6174953035997757
-2.1266521185565095;1.5946046670432623
-2.12557920357814;1.5676225601856715
-2.1040413520127976;1.6276105508725025
-2.1152626537964228;1.6502028623011888
-2.122808737805766;1.5171406217140848
-2.0899570196261186;1.3972335554573003
-2.123346877117968;1.4572595897899767
-2.1203624473922065;1.4244075414547341
-2.108864717255374;1.4836383887579572
-2.0968010356370232;1.647636171563846
-2.030326081337408;1.3962069920580231
-2.099769217410443;1.5479926993123423
-2.1019692103517604;1.5998846003892488
-2.106949137083353;1.578694730189359
-2.0843319149766577;1.61118199170579
-2.0804264375119335;1.633715900884699
-2.0809672067412706;1.660107722840674
-2.0761640500442597;1.5052389335104401
-2.0765995584975565;1.4500585893852846
-2.0517740699783533;1.5387852722651796
-2.0332666519964837;1.4932912711994863
-2.0029122699877977;1.444894980099467
-1.9646760585495258;1.3947521770175189
-2.0772863284790763;1.5805597363497654
-2.062099465329142;1.6450070611963483
-2.0547379057681727;1.612641006204775
-2.0304059848815306;1.57376498253041
-2.003131802693536;1.5381328520088098
-1.98780174867067;1.4948894134389044
-1.900795485145519;1.3996417737444244
-1.9344230368059492;1.4585697928580432
-2.0318156950812276;1.6465768543298607
-2.0187878629189933;1.612179720023109
-1.9773826786262971;1.5823939802552798
-1.9471351916432065;1.5256516121730805
-1.8589300580400736;1.4426049781158496
-1.801956373487328;1.4334422789706267
-1.8856499024010365;1.5117290980698121
-1.9856153171688473;1.636774117448479
-1.9120355749071385;1.5742213655862496
-1.940538841310739;1.6279175322372939
-1.3789414138037657;1.3941934768027606
-1.4018430540449218;1.4005973284712967
-1.7360873567635053;1.4198040995734316
-1.7613003503634406;1.4718323929244246
-1.8187205006422245;1.5036999885784237
-1.678672066784329;1.4231805430242221
-1.851182362775209;1.5694361727941986
-1.8831145474762905;1.6270993680754797
-1.5145371065944275;1.3838359148428925
-1.4271334050514684;1.3955818252098844
-1.4454875758733885;1.383854062557676
-1.6178833987059529;1.416682484438578
-1.367456416366353;1.4105957530004398
-1.386285873326523;1.4130458364775724
-1.3791818343582587;1.4333569483362303
-1.3559714189289396;1.42699802919812
-1.3631462018159912;1.4459455341595164
-1.344486421491527;1.443400305395799
-1.4029639798438853;1.4272041827503779
-1.4226164578344904;1.4173487193536622
-1.4531006136467337;1.4161421891569015
-1.5545248045356228;1.4094724205959377
-1.3330014240541141;1.4598025815934785
-1.3560570240701253;1.4662457204654542
-1.399111008553068;1.4497634628371079
-1.7103962487417228;1.4787510970490416
-1.748025764013097;1.533529353276099
-1.6510562445969676;1.4684022621577344
-1.592901346720887;1.4607138751328281
-1.7965891858855383;1.5696240030233852
-1.8153847013885576;1.6304638778099518
-1.5021384689901949;1.4223448725119585
-1.321516426616701;1.4762048577911584
-1.3400938390535295;1.4787745811666266
-1.3800403035344044;1.460532032775273
-1.2985464317418753;1.509009410186517
-1.3171277225620441;1.5115224708970467
-1.3100314291792883;1.4926071339888376
-1.3331054568295784;1.4989517743559475
-1.4291962864769852;1.4486547752310674
-1.4797459835631497;1.45960488151907
-1.5322813293283133;1.4576242125146883
-1.3569309204792077;1.493357174038177
-1.3751746601463146;1.4826043737527006
-1.4058980071896465;1.481807942880697
-1.7538801605160685;1.5995374812559011
-1.6258559082082045;1.5139934966283566
-1.7069592941181613;1.57087340664581
-1.6832796515528758;1.521157650787183
-1.7598501520168368;1.653543838733938
-1.567231458573289;1.5010164559626302
-1.2870614343044626;1.5254116863841967
-1.3098058672805273;1.5318459976733623
-1.2755764368670497;1.541813962581876
-1.29417871548282;1.544364304215507
-1.3342130679618531;1.5262485951782634
-1.3523012913418968;1.5153238207981214
-1.4538485797171399;1.4928637191478207
-1.5055253035738576;1.5008294404973115
-1.5878774471666615;1.546998101673188
-1.3815719537718385;1.514557517593156
-1.4229173160374973;1.5177580431220925
-1.2640914394296368;1.5582162387795555
-1.2868177198802055;1.5644291550738305
-1.6959182204131045;1.6406314536614872
-1.6427443244321966;1.5788979911728722
-1.5362226218337842;1.5524273281783134
-1.3112564260587811;1.5587593383855853
-1.3297649583847662;1.5480725940688471
-1.2711072466808313;1.5768782453161823
-1.2526064419922238;1.5746185149772352
-1.3590242347846941;1.5469582496323122
-1.466666998587977;1.5468238078588363
-1.5770387468920417;1.6000102647757015
-1.4078565401040835;1.5618143395964839
-1.2296364471173982;1.607423067372594
-1.2481508806899337;1.6100681130893248
-1.241121444554811;1.5910207911749146
-1.2641688453188145;1.5974372855842909
-1.2886038023868458;1.591577032939639
-1.306753897786248;1.5803039789525437
-1.6245548969133492;1.6584504686004005
-1.5130330954638784;1.6018781184520736
-1.3362879656856306;1.5786793887122819
-1.3711044793013154;1.5852563983705086
-1.4505751433294798;1.6039501280248354
-1.5549391839964315;1.6557092893936725
-1.497012346283173;1.658202548406796
-1.2245485407917591;1.6427668484361333
-1.2181514496799852;1.6238253435702739
-1.206666452242572;1.6402276197679535
-1.2409578122473095;1.6303428942982614
-1.402509696219301;1.6142092370766208
-1.2650062839060066;1.6242689143186588
-1.2838283212594888;1.6130906710047386
-1.3143117203459205;1.6123351160601913
-1.1951814548051594;1.656629895965633
-1.3561880448332153;1.6164395420451254
-1.4318856069807782;1.6591544336166286
-1.241409647532274;1.6577026610695558
-1.261713015673333;1.6476116382333248
-1.3841151530574674;1.6573255025649865
-1.2910327360824525;1.6475738536473246
-1.3350977847823102;1.6496164794099648
-2.1038116142168395;1.666556641651896
-2.0923605746372558;1.6829104210026036
-2.0738945804025297;1.6802602925070296
-2.0809095350576725;1.69926420035331
-2.0694584954780892;1.7156179797040172
-2.050913987049104;1.7130322757462755
-2.058007455898506;1.731971759054724
-2.0580124171517395;1.6927868457882609
-2.0349451449808886;1.7256441490385506
-2.0465564163189227;1.7483255384054313
-2.0575215679050785;1.666173030505573
-2.034454240883901;1.6990625312688394
-2.0392529116078664;1.677143813203246
-2.0279895176981793;1.7457980698993352
-2.0351053767393394;1.764679317756138
-2.023654337159756;1.7810330971068449
-2.0039849612297735;1.7782463811799354
-2.012203297580173;1.7973868764575518
-2.0117483756552983;1.75845726041789
-2.015678902432088;1.7107001229159922
-2.010391283419223;1.731118598182957
-2.0083879550358175;1.6783598203636867
-1.9893012184210064;1.8300944351589656
-2.0007522580005896;1.813740655808259
-1.9806526446480492;1.8132932412397864
-1.9868376792535722;1.7912682603385917
-1.9778501788414233;1.8464482145096721
-1.9658699450916468;1.8262839433695046
-1.9663991392618396;1.8628019938603797
-1.9533782627678111;1.8439159302324977
-1.948229304883207;1.8631916467807093
-1.9549480996822564;1.8791557732110866
-1.9865601654340477;1.7639660525736856
-1.992915134769985;1.7421060099455068
-1.9860794622004014;1.711477773682761
-1.9670775886554284;1.7755038919839543
-1.9659281900635945;1.671153326549903
-1.9569992105808853;1.7995870009714021
-1.9406757715735614;1.8270160061413219
-1.9331334201694346;1.8763452337675801
-1.943497060102673;1.8955095525617935
-1.9287416755218816;1.8511865847725646
-1.9614395085177916;1.743063535703381
-1.9496438669444396;1.7038435385615023
-1.9355756505177013;1.77391207408334
-1.9176328093542478;1.6747915359624905
-1.9320460205230896;1.9118633319125007
-1.923197499482119;1.8940616567528321
-1.9165319483831618;1.9103718900118094
-1.9170671787398514;1.8024787699785776
-1.9139705740221862;1.831480167988411
-1.899404244375118;1.8947402725167712
-1.909317138582105;1.8739770063055663
-1.9008378065048006;1.8516163004929622
-1.9053736664602914;1.7308030438193962
-1.8985176095582306;1.7778705627358082
-1.860752485631602;1.688063609461569
-1.8985314868588594;1.9219316434471978
-1.878453433790222;1.9053252581199553
-1.875848785872691;1.8213628505270574
-1.8731256100844915;1.8685708482082384
-1.846695072255276;1.758892141396009
-1.7970231555577634;1.699193828346362
-1.8489418700472928;1.9039667867727632
-1.8297975345838535;1.854522635250312
-1.819364999092231;1.8118981626111883
-1.7328337248523777;1.6952845676807928
-1.7695656337768333;1.7664682365109303
-1.8011489558409857;1.8936770792386861
-1.7736434208027045;1.8385211773206178
-1.67929919714938;1.694338101479884
-1.697298529202195;1.7452548920824091
-1.6389432280170175;1.7269944806066018
-1.7229597378706454;1.8060434934512621
-1.725261252358409;1.8554916515924271
-1.7514630402094624;1.893724393160493
-1.5842511274280777;1.7118575420466204
-1.6624242422611442;1.7802107607125757
-1.6127341244690043;1.7613440581529032
-1.6762931702895505;1.836329275983666
-1.699486694644211;1.8864023450326188
-1.2163575708475391;1.6622892050727436
-1.2003813336868603;1.6739193217353803
-1.1836964573677464;1.6730321721633126
-1.1942092492459024;1.6908276798511022
-1.1722114599303335;1.689434448360992
-1.6561125673619714;1.8781908036037631
-1.4768758890080276;1.707215192488033
-1.5344154364894254;1.7119820525252523
-1.2156577731934046;1.6857842348534147
-1.2334216926825743;1.6787164673187454
-1.5607522817959771;1.7712463441342825
-1.6078974355100284;1.827998837508024
-1.5080725537189061;1.7588127762839658
-1.4577381881056644;1.7513365542135082
-1.667309640671995;1.9251985971378445
-1.610559317989313;1.9018505504878285
-1.1607264624929206;1.7058367245586716
-1.183640008806759;1.7091744968187574
-1.20690709719392;1.7076869139380755
-1.157269584119652;1.7395239230424901
-1.1492414650555076;1.722239000756351
-1.1377564676180947;1.7386412769540307
-1.410611886702607;1.7060749248163467
-1.1147864727432688;1.7714458293493898
-1.1336645174471538;1.7741751472943603
-1.126271470180682;1.7550435531517101
-1.232118929926211;1.7040739044679187
-1.2179846037637474;1.7244788128930668
-1.2669509463192663;1.6844589059773873
-1.3570680052151376;1.6920615119176683
-1.3143177006660112;1.6771274755218037
-1.5350723701847406;1.8157541087674234
-1.5605673941677844;1.870145609237038
-1.4796532855485816;1.796850241343582
-1.4394604635070778;1.7908193453149583
-1.404939469293702;1.7612259379570439
-1.1725466514074394;1.7270264585413106
-1.1959525968863525;1.7294729784143623
-1.3681801800287714;1.7322199258637996
-1.1504737625911676;1.761336127118479
-1.1796550145880333;1.7536979812454976
-1.2151449611308514;1.7527956057650316
-1.1519491531223165;1.7896182898082231
-1.1033014753058559;1.7878481055470692
-1.126345433513316;1.7944797305985616
-1.1103652472967902;1.8069524025165211
-1.0918164778684432;1.8042503817447486
-1.2549891839309337;1.7361488779367884
-1.310655129331307;1.7266383297658205
-1.3499292025048808;1.7760894241796004
-1.5243002599017061;1.8978804270288716
-1.5061372974795308;1.849526987156916
-1.448449103704215;1.83633434426555
-1.4009158251854852;1.8132236799676111
-1.1712434638218234;1.7795011982899835
-1.2001036078987228;1.7815700435999489
-1.2333777575822717;1.7740203945427326
-1.0688464829936175;1.8370549341401077
-1.0874001240600304;1.8396812214449076
-1.0803314804310302;1.8206526579424283
-1.1033668521061013;1.827172147847058
-1.1274475188517952;1.8219169448939276
-1.1457662585572017;1.8113602596277396
-1.175615761852273;1.8112011920087572
-1.0458764881187916;1.8698594865354667
-1.0644231531263857;1.8724552300640411
-1.0573614855562044;1.8534572103377873
-1.0802387083611587;1.8599795842104305
-1.2862020485422707;1.7892156265178814
-1.3399037375948095;1.832834006932599
-1.4638241238409584;1.9009201212822744
-1.3971290272551493;1.871487284627021
-1.2299986450465723;1.822183878519296
-1.1042339724801822;1.8547566267639701
-1.1228744982884205;1.8436539056655767
-1.1518712891795675;1.8430481188533019
-1.192701264386024;1.849713207213019
-1.022906493243966;1.9026640389308258
-1.041420275607003;1.9052432724612085
-1.0343914906813787;1.8862617627331464
-1.0572794424142535;1.8926822077468615
-1.081637132367377;1.8873249240583732
-1.0999477930379393;1.876739041385673
-1.3422809459857628;1.897109345829047
-1.2863319179767505;1.857769656314488
-1.0114214958065528;1.9190663151285057
-1.076570129178071;1.908796336141454
-1.2340363112681405;1.8796984103821277
-1.1294279507214344;1.8758875295986124
-1.1761317484740315;1.8900704262648045
-1.0578286564030435;1.9197054143378904
-1.1065020141134294;1.9083663716027779
-1.215560069345084;1.9215796064466337
-1.1445834712046064;1.9125256818235103
-1.9205949809435068;1.9282171112632072
-1.909143941363923;1.9445708906139147
-1.8902270350490917;1.9422646780282715
-1.8976929017843398;1.9609246699646212
-1.8722437661018543;1.9277245201928548
-1.8729872439190522;1.955172562770532
-1.8862418622047565;1.9772784493153284
-1.8666366763671067;1.9768888087886742
-1.8747908226251733;1.9936322286660353
-1.8633397830455902;2.009986008016742
-1.8509095048834574;1.9898777392021223
-1.8518887434660065;2.026339787367449
-1.8402332073066063;2.0068020771988273
-1.8521612031103702;1.9371615251396048
-1.8310996639666666;2.0239690589819053
-1.8404377038864235;2.0426935667181563
-1.842924128637927;1.9620761624234173
-1.828821547634733;1.986163198780884
-1.8289866643068402;2.059047346068863
-1.8179361204770088;2.0406959531120172
-1.817083816447667;2.0065893867562616
-1.8235800575048207;1.9331644147182403
-1.8122081824690737;2.0245976609598086
-1.8000934652798934;2.075523029843852
-1.8060845851476737;2.091754904770277
-1.8175356247272567;2.0754011254195697
-1.8049559558937511;2.057690838801107
-1.7839086231128178;2.087283608911839
-1.7946335455680902;2.108108684120984
-1.783182505988507;2.124462463471691
-1.7620357642051876;2.1218245707695247
-1.7717314664089236;2.140816242822398
-1.7717513733374148;2.1040550928223025
-1.8062041819324695;1.9648105297037417
-1.8069416811596308;1.9921354263038233
-1.7955843883003573;2.038585388023075
-1.7947491652785426;2.013606348132698
-1.7809342899659562;1.934975679534082
-1.7602804268293402;2.157170022173105
-1.7400511505807217;2.155500841682949
-1.7791691773446012;2.060355079882743
-1.7496401057400897;2.13980342100805
-1.743212973059548;2.1225374150667644
-1.7619894332504111;2.0818989637920806
-1.7489197381254982;2.1034678638290516
-1.7695951836540722;1.9846700927695806
-1.7678500128920382;2.0296890956832114
-1.7288018743054303;1.9349816785985594
-1.7167786018487767;2.1552916572526835
-1.7274710242871376;2.134074333394376
-1.7418925495535185;2.055110979559004
-1.7237398243592703;2.109977482760796
-1.7383448332614182;2.086319706347376
-1.7196467702589462;2.020453644521018
-1.7024103571610394;1.9749344831666973
-1.695680867027428;2.1663240917049
-1.6971353979691428;2.074195834528712
-1.6896267703601004;2.129042067335375
-1.6618381087077796;2.0243174233773473
-1.6241685547602638;1.9721057337100183
-1.56570664204304;1.9284868908259065
-1.6645158319277755;2.1662667868296257
-1.6353810512069467;2.064851049584093
-1.6474785128544118;2.138680015232844
-1.6534694515617185;2.105247640993659
-1.6004488413123694;2.0251048046785614
-1.5560601570677983;1.984446349701175
-1.5099173068067393;1.9421213650106055
-1.6224350229038194;2.162875783148035
-1.5883560323871608;2.0672284234713167
-1.6058267450325072;2.1151172297631486
-1.54469050704305;2.0391954725851575
-1.4974570457362344;1.9988540113380995
-1.4659693369371651;1.959232494572816
-1.5655590383507363;2.166245896453826
-1.5388611636405598;2.1075598586442736
-1.0344404103589842;1.9254643899379882
-1.4010621066435822;1.9412725802827318
-1.4832652233678352;2.0533534865930236
-1.4341280023846135;2.007210349062273
-1.3350152731928393;1.9535219201091163
-1.4992670695793577;2.1609180361799196
-1.460682697617584;2.1075262946047317
-0.99993649836914;1.9354685913261849
-1.018503923668997;1.9379104606606472
-0.9769665034943142;1.9682731437215442
-0.9955792849685232;1.9708207431319336
-0.9884515009317272;1.9518708675238643
-1.011529231164201;1.9583326800145133
-1.2758977433521999;1.9259828240617574
-1.034974652132641;1.952496395569814
-1.0536832073682438;1.9419292205097511
-1.0828181227388216;1.941179118169632
-1.3648425664456163;2.0155378452843005
-1.414615617562601;2.0658426676684445
-1.2992458873671795;1.99281960428738
-1.4334363929846348;2.1577592511289163
-1.4081497928958482;2.1165316050506555
-1.310463607836851;2.045114910737924
-1.1795870213212343;1.9426689766340552
-0.9539965086194883;2.0010776961169032
-0.9725762927148583;2.0035909309280906
-0.9654815060569013;1.9846754199192236
-1.0122978206080229;1.9854461516951538
-0.9885646761103458;1.9910416266694368
-0.9310265137446626;2.033882248512262
-0.9496289527298055;2.036435634636225
-0.9425115111820754;2.0174799723145824
-0.9655561539516145;2.023859069490464
-1.0305012134890983;1.974658970343975
-1.129660087859129;1.9554397424101202
-1.225885703701866;1.9799112515884705
-1.0597938129002862;1.973647954908543
-1.097275967291625;1.9797804332798636
-1.0369980020362957;2.006170864041672
-1.353569364596071;2.0924185080435675
-1.2550633409682488;2.039902963459841
-1.2911020680888388;2.085250752999885
-1.3671437685475891;2.167110194765557
-0.9195415163072497;2.0502845247099417
-0.9420999170821102;2.0570654239539907
-0.9080565188698367;2.066686800907621
-0.9266802255106239;2.06929849946941
-1.1695453954487305;1.984425395584978
-0.9889137573532278;2.0180094416580263
-1.007115256059333;2.006682998689716
-0.9669370827435702;2.051342960441129
-0.9847149562580947;2.0399232284618654
-1.1313091384870528;2.0094261975484575
-1.1873984425914486;2.042070397257707
-1.0141298632450102;2.0386805784967614
-1.0812374294954994;2.020720467843293
-1.0473066418371206;2.0434208514277112
-1.2983612213728382;2.1429962650708285
-1.2335475958316662;2.1070345059422806
-0.9623276618882276;2.0727240932804762
-0.9438751735641349;2.083658236103672
-0.8850865239950109;2.0994913533029806
-0.9035707871182916;2.102107603895214
-0.8965715214324237;2.083089077105301
-0.9192764109439527;2.0894385489621388
-0.8736015265575979;2.11589362950066
-0.8959330053207717;2.1226877304537193
-0.862116529120185;2.1322959056983395
-0.8806159106491932;2.1347808711533287
-0.9920616041226058;2.0712490818460823
-1.1274949470709918;2.0611785174887065
-1.1682401537432534;2.10228171767224
-1.0327207328562629;2.077283014059754
-1.082938581403158;2.0757267895379505
-1.180526077221055;2.153228289857281
-0.9695863535063635;2.102757776530119
-0.9387324248006679;2.1044978037592554
-0.9201800374615458;2.116052652378693
-0.8506315316827721;2.148698181896019
-0.8391465341466344;2.165100458234692
-0.8731759080244851;2.1548503663959804
-0.9157338816336715;2.138257673890034
-1.1260371171983636;2.1258093518430536
-1.0602652036369336;2.119793849748331
-1.015958019819827;2.1137035791385332
-0.8985204436126775;2.1494846310991162
-0.9462699376391951;2.1366734750119574
-0.9856333999843445;2.137938010262871
-1.0286250606537828;2.1655034750428994
-1.7488293872497571;2.1735238015238116
-1.7336246768242214;2.171569726073098
-1.7373783476701736;2.1898775808745183
-1.7082330705670836;2.2046935579984503
-1.714476268511007;2.222585139575932
-1.7259273080905904;2.206231360225226
-1.715901254338172;2.1834255680345978
-1.6919608423333243;2.2161454626511166
-1.7030252289314238;2.2389389189266393
-1.6848770461059774;2.237008500491802
-1.6915741893518408;2.255292698277346
-1.680123149772257;2.271646477628053
-1.6615062807301155;2.2690383889746397
-1.668672110192674;2.2880002569787603
-1.668780991983357;2.2489767656420647
-1.690317604764407;2.1885979584062865
-1.6667358364318599;2.2212227523736376
-1.6715608671124775;2.199805832730491
-1.6572210706130908;2.304354036329467
-1.6386268773969266;2.3018303099971873
-1.6457700310335075;2.320707815680174
-1.6455384205430592;2.281659505753644
-1.6449817904822908;2.255035832875335
-1.6488593877280717;2.232366571043328
-1.6421186741247176;2.2006340580463495
-1.622681450594792;2.31442079619346
-1.634318991453924;2.337061595030881
-1.6162768624735306;2.3356795401134764
-1.622867951874341;2.353415374381588
-1.6209013830988004;2.286684725194617
-1.626359239330982;2.265771846994249
-1.6114169122947577;2.3697691537322947
-1.5929867017084784;2.367130192651269
-1.5999563455947265;2.3470116258558003
-1.6200424343141888;2.233441204485431
-1.609745262503381;2.200655850856996
-1.6027671926151448;2.298328539314755
-1.5986990633094496;2.3195904675597787
-1.5954715274602418;2.266500617219373
-1.5753452483804153;2.3520767537339853
-1.5808469979086635;2.3307957222582294
-1.5744356527425056;2.224722682964836
-1.5737004723987864;2.299531061803987
-1.547947176323809;2.258809801762421
-1.5575332482307696;2.362752012071416
-1.5508494742528278;2.3321395456435132
-1.527869320327052;2.212086517040644
-1.4702044192592656;2.204359236258996
-1.5003898822699044;2.2536497363037022
-1.5262274643905955;2.2924605381990792
-1.528870736073234;2.363339293792346
-1.5142162752488855;2.3306342869775056
-1.4187703664570435;2.204506486069973
-1.4351640563037342;2.253995629664195
-1.4730228689518712;2.3024116568063184
-1.4829100144097416;2.3557860293621404
-1.3724519570937959;2.2402294314260516
-1.4057915553694813;2.300064083188437
-1.4381540637426147;2.349912861229695
-1.3033030180790623;2.2249596373404072
-1.2447995687666782;2.180668022241029
-1.2381668462323463;2.238351145945081
-1.332086374813344;2.30288720603466
-1.3803979558792225;2.3550752803509356
-1.2660572052237733;2.285064818753302
-0.799992925777106;2.2210176059843953
-0.8130840699556162;2.223812925806366
-0.808392324014698;2.2090220221335453
-0.7924086325173455;2.23184909928587
-0.8069133278863183;2.2359164561572706
-0.7962142319508666;2.243417813355551
-0.7855603437920161;2.2416294691785437
-0.8569686823369833;2.1676142090455293
-0.8272585449654318;2.2146080701978588
-0.8176944288171217;2.1957372397014576
-0.8279926951079787;2.181029791225271
-0.849108731432436;2.187773996935853
-0.8338192935448384;2.198065642043565
-1.1416324670803093;2.178811333252041
-1.1851141785317436;2.2144370218306184
-1.2036105188635513;2.2766031183434294
-1.2752393301816298;2.335284662852664
-1.3168178921706633;2.3749753298228793
-1.224480226423835;2.330858413140369
-1.1234592302868347;2.2229600310173407
-0.8247275976882263;2.234475110656991
-0.8178127795923295;2.247793429710722
-0.7737930140750463;2.258434957658512
-0.7828474956801994;2.25972382903917
-0.779376635322527;2.250460720103519
-0.8070165114461507;2.2522489163764923
-0.7916951870183233;2.2538895333529996
-0.8736141699527671;2.1818851622386783
-0.8943272064183749;2.1701840107021573
-0.842839830784873;2.231972313399165
-0.8704738018883696;2.2066631628296594
-0.8487715904035168;2.2120779742193566
-0.9233546925790046;2.168394042344007
-1.0888076774197517;2.172704367070764
-1.064276183316858;2.210542813737819
-0.9024706009498853;2.201066120487598
-1.1496480735990766;2.2685090235104757
-1.1670784098648674;2.319865060184284
-1.185310233934405;2.364273131906729
-1.0887400076943545;2.2644229638411897
-0.8333022926802508;2.251232620980676
-0.7687512456299219;2.265635349213871
-0.779066149365154;2.268841288939165
-0.7710228885059713;2.273486856066069
-0.8182416969535139;2.2642612123283534
-0.7917338244819994;2.267737361227387
-0.8020759309593546;2.2626207895202977
-0.8854356754126976;2.2280612594890417
-0.8649537651903988;2.2334101134610203
-0.8557240642818007;2.254597408682338
-0.9720456400644766;2.180876379577274
-1.014534838398329;2.2084977564941415
-0.9395509940899993;2.2047956177278425
-0.975151557349839;2.2348025244519856
-1.0288407264754449;2.2498635179461397
-0.9218696114150615;2.2401478400150827
-0.8844739060613118;2.2565519968090375
-0.995378232368366;2.2777101653103866
-1.1049765369512885;2.3156079454287655
-1.1299975196834293;2.3679682489944947
-0.7641987468253653;2.2721369913072946
-0.767887888674382;2.280603532838509
-1.0382445683325736;2.307305986313245
-0.9525560841338301;2.2801809894849425
-0.9816196769307208;2.319106642800854
-0.8417472439190127;2.2740070045436482
-0.8246234343534071;2.2843355744490004
-0.777948395194051;2.280536558876882
-0.7888563813045318;2.279160611781298
-0.8044489907281631;2.2774483428515606
-0.9071498712882908;2.2830503499944075
-0.8682645927780499;2.28192690403602
-1.0646251330788217;2.3661921897304303
-0.760088037340972;2.278007692863727
-0.7618925975625028;2.2841591266765717
-0.7740937057135124;2.288047970423582
-0.7662270308273598;2.2886494922779734
-1.0060024557451366;2.362628145901246
-0.8086119839614688;2.2932488643231084
-0.95932575508147;2.3586751368300876
-0.9269252840760173;2.3262799454039937
-0.8196767490275308;2.301048809797041
-0.8427002149067181;2.301212761633401
-0.8769866485563349;2.312630245951805
-0.7841183634438942;2.29026360122569
-0.795213779581575;2.292091565693718
-0.7774749118570012;2.2950423633714916
-0.7591084373154771;2.288484994914826
-0.7563762445013629;2.2833086824090545
-0.7697581360675612;2.2953432479005165
-0.7610121686427764;2.295231079413169
-0.8028731210291811;2.3091312648540576
-0.8786756586656647;2.355283627458854
-0.824303699843989;2.3193409762064223
-0.8461028959163363;2.3333955102421977
-0.7855327519320215;2.302411368829451
-0.7743988197276934;2.3014385978367615
-0.7882419724976316;2.3156403638062963
-0.7556608820833136;2.2919990719323518
-0.7530246561352962;2.2880952466534725
-0.7548096172358342;2.29594797551948
-0.7661564362097879;2.303213140121351
-0.7566592404570609;2.3018311650496766
-0.7997070233339937;2.327066731640996
-0.8360396901418023;2.365720997060767
-0.8159191214636621;2.3432953168944053
-0.7747904885351411;2.312400459080687
-0.7807716848233583;2.3269583006664503
-0.75;2.2924149032841763
-0.75;2.298089325133411
-0.759818425213105;2.3110026981429894
-0.75;2.305573004965942
-0.7889889419798016;2.3442764874938837
-0.8002321804345547;2.366436724261457
-0.7622865355369997;2.322422961752286
-0.7665220909494813;2.338036215799571
-0.75;2.315563043581333
-0.7717956510760239;2.358602369858668
-0.75;2.328899321293242
-0.75;2.3467026855775917
-0.75;2.3704694199654095
-1.5999658727151742;2.386122933083002
-1.588514833135591;2.402476712433709
-1.5697968961362623;2.399818350366486
-1.5770637935560077;2.418830491784416
-1.576911534376128;2.379707160224007
-1.5459493107252111;2.4345461488645705
-1.5541617143968411;2.4515380504858295
-1.5656127539764244;2.4351842711351224
-1.5525168486246994;2.4121528683390308
-1.5525569151148464;2.38505731598371
-1.542710674817258;2.467891829836536
-1.530749105832348;2.4475649592975186
-1.5312596352376746;2.4842456091872434
-1.5224338584306802;2.46626959416148
-1.516094946441862;2.4832255833521404
-1.5198085956580916;2.50059938853795
-1.5240554496367238;2.4205906990007278
-1.5331499583761512;2.3950771366637835
-1.4906507037340493;2.514777079133195
-1.4969065164989248;2.533306947239364
-1.5083575560785083;2.5169531678886568
-1.4981604004064677;2.494414660419191
-1.4670822610386913;2.5474995103367872
-1.4740044373397583;2.5660145059407777
-1.4854554769193418;2.54966072659007
-1.4739218252485728;2.52682225552662
-1.4441676354096156;2.580459210179511
-1.4511023581805917;2.5987220646421916
-1.4625533977601752;2.5823682852914844
-1.4396513186010085;2.6150758439928983
-1.4211319538689575;2.6124394254114556
-1.4282002790214252;2.631429623343605
-1.4282391311705431;2.5922188355261175
-1.4051765129605427;2.6249984651380975
-1.4167492394418422;2.647783402694312
-1.4511531036297094;2.55950971347604
-1.5081816492879496;2.4441239312442935
-1.4995963883188244;2.4669529385001083
-1.4990666633798024;2.421504138444511
-1.5054019912562244;2.392626542062937
-1.4737199571828727;2.4995028624833697
-1.47973307868487;2.4773887189884887
-1.4504828607020912;2.5331900343380163
-1.4543903308005142;2.511044736964589
-1.4277893038976577;2.565729011546931
-1.4320681697470932;2.544505307785857
-1.3981648059742358;2.6451738443248165
-1.405298199862259;2.6641371820450193
-1.374578079383281;2.678597520959272
-1.3823961207030921;2.696844740746433
-1.3938471602826752;2.680490961395726
-1.3809265336067553;2.6585790441484587
-1.403753859763509;2.5977842260037036
-1.4092617233655949;2.5763963727374795
-1.3804869403665732;2.6301786622207914
-1.3852794398988921;2.6087735608237383
-1.474137566954632;2.445075917988207
-1.4634422785576056;2.3991420797191263
-1.4473303088125613;2.476985620519024
-1.4248004801352605;2.512027657074702
-1.4021194529388121;2.545878417263868
-1.3571812608164497;2.6913009292968706
-1.3709450811235089;2.71319852009714
-1.3513674521898493;2.71318268645791
-1.3594940415439258;2.729552299447847
-1.3480430019643423;2.7459060787985536
-1.3361882628908768;2.7258537816483095
-1.3365919623847589;2.762259858149261
-1.3234009462533243;2.743073776618615
-1.3183183339524496;2.7625589969394326
-1.3251409228051758;2.7786136374999675
-1.3029630622118686;2.77504668298847
-1.3136898832255925;2.7949674168506746
-1.2943054688698294;2.794150639783876
-1.3567694108932613;2.6631937179988814
-1.3625646319874032;2.6411038212032367
-1.3371981319054407;2.672950914122727
-1.378492533091882;2.578263642393022
-1.3558518531459893;2.6097947993510715
-1.4274541652740549;2.4345260691610173
-1.4179926512287686;2.3904129489595864
-1.4010089667540493;2.4715916593916405
-1.3880976823006361;2.5109862237280582
-1.3556099307088478;2.5359539696725655
-1.3271216886616082;2.6991043181345002
-1.3103896495108722;2.724074167428561
-1.2965838502271123;2.749343584707435
-1.2717516727454161;2.794601623487474
-1.2802202797527564;2.7727468309129417
-1.3335421507275795;2.6410116963802537
-1.3078668625920948;2.669243757424386
-1.3319141633215192;2.567775497568067
-1.308749958463384;2.600870418505727
-1.3696656075275822;2.4189478062231
-1.3463085233328782;2.4804024383345165
-1.3117322462537244;2.526736711032334
-1.2533320311104645;2.802090520229046
-1.288351045820513;2.6966855158810277
-1.2837597814802102;2.7281010853615637
-1.2641394592903465;2.7492958637925264
-1.251200763430068;2.7756834195924114
-1.2890969167779291;2.634477181857435
-1.2657702340976595;2.668788797902191
-1.2827369396738306;2.560033187412627
-1.2602441758725205;2.5957569112589693
-1.2954774429460414;2.435950487917908
-1.289540262419155;2.4880546194908546
-1.2614308981886597;2.5197426630776167
-1.2197751689157683;2.7989900659160925
-1.2492786910897196;2.7124334528650986
-1.225130303010317;2.751972124154664
-1.1905404910994761;2.762372059344065
-1.2388378699207756;2.6305988675135956
-1.2165582167507707;2.668145205297451
-1.2333605199678135;2.555791525280553
-1.2101761873025032;2.587525521795147
-1.2436400535179735;2.3984830790070597
-1.2323103693080733;2.4678810628587664
-1.217250689248113;2.5176259732511768
-1.164297354413437;2.796552770882301
-1.1904933578852956;2.7136187865776815
-1.1595348916907884;2.7501549199036583
-1.1867476781597828;2.626023970918648
-1.1709474106876976;2.6672537851977918
-1.185051735079488;2.543134069483817
-1.169440752734969;2.58488567832208
-1.1673111927489475;2.4313472186150693
-1.169280570587187;2.4892617651935063
-1.111030988776496;2.7683038528749058
-1.1252263868598416;2.700795967455886
-1.1228243491452967;2.6258880757456726
-1.1201169845064538;2.5481972109042514
-1.0927068660507682;2.4197276578647844
-1.111408600802282;2.474759982389065
-1.0575013973865328;2.737201144605719
-1.0600904443698977;2.6649445809261674
-1.0591214650297622;2.5892094642582637
-1.0663784780860528;2.5242154265999996
-0.993182091902017;2.779077017538594
-1.0212804869036372;2.413836359964039
-1.0380149446365086;2.473573745588611
-0.9979156369108303;2.7024314115846844
-0.994350772266257;2.624367788323895
-0.998445344350915;2.5371007657726077
-0.9688278276604972;2.405365123725931
-0.9166797049447529;2.380918925161035
-0.9328504926385688;2.7425339864399154
-0.8743582030097046;2.7771102037771076
-0.9800386914822937;2.464850669235937
-0.933094055983807;2.6666985914192334
-0.9295840029095055;2.5908166339191445
-0.9190883289072613;2.513416867832174
-0.9067026809638716;2.4453399758627006
-0.8653826497147626;2.396818084138853
-0.8715179252799417;2.7053966381073793
-0.8121791015048526;2.741398429514834
-0.75;2.777110203777107
-0.8692299753498611;2.6340140680958166
-0.8648257349060013;2.5624371306085676
-0.8545737059170974;2.4954403442962176
-0.835889063461458;2.443362846909567
-0.8172821098377654;2.3975193878755015
-0.8112446625173233;2.6700387295598795
-0.75;2.7056866552525602
-0.8074504026463061;2.5991773721149514
-0.7999850715773538;2.532585671225005
-0.7955032743867569;2.474737613178535
-0.786237624484451;2.423951423200245
-0.7795654558179986;2.3869343423306373
-0.75;2.634275812282179
-0.75;2.5645260940469248
-0.75;2.4995236142324804
-0.75;2.444551963327808
-0.75;2.402196998518951
-0.7575752172401998;3.58918146859777
-0.75;3.5864179487428944
-0.75;3.6
-0.7657466272587351;3.577511485667526
-0.75;3.571156963411121
-0.7621960379448107;3.562522573729039
-0.775670196385913;3.5633391601987796
-0.7676585532058708;3.545927421721598
-0.7869420625647616;3.547241266983193
-0.75;3.5519324350445616
-0.7778996255660208;3.5279297964543397
-0.7983931021443448;3.530887487632486
-0.7920908932198664;3.515758864209036
-0.8098441417239283;3.514533708281779
-0.8736178916245235;3.400466839363747
-0.8785503792014278;3.4164110321775376
-0.8900014187810112;3.4000572528268305
-0.75;3.52623336088913
-0.8212951813035116;3.4981799289310715
-0.7961952818608086;3.497877026982278
-0.7726629393355706;3.503991579957919
-0.8327462208830948;3.4818261495803653
-0.8094214200447586;3.4789473454434936
-0.844197260462678;3.465472370229658
-0.8244374302198406;3.4627567328511555
-0.8387795813020663;3.4513113587723065
-0.8556483000422613;3.449118590878951
-0.8962466070225418;3.368797514945905
-0.9014524583605944;3.3837034734761233
-0.9129034979401778;3.3673496941254166
-0.9701586958380941;3.285580797371882
-0.9816097354176774;3.269227018021175
-0.961577050775866;3.26880295367159
-0.8803763141915393;3.3797841125435584
-0.8586918895740241;3.4134106760869916
-0.8670993396218446;3.4327648115282448
-0.8466569147714668;3.4312443242357906
-0.8056722898716723;3.456200831306311
-0.8223952458896071;3.4399142703486674
-0.8583657813516377;3.3891334600220655
-0.924354537519761;3.35099591477471
-0.9009666567996378;3.35331701915086
-0.8838035988741603;3.361579395289759
-0.75;3.4925985162770363
-0.7769633015664373;3.467781815866074
-1.004511814576844;3.2365194593197613
-0.9851769196447872;3.2342463257128506
-0.9930607749972608;3.252873238670468
-0.9678432251358398;3.246419115458693
-0.75;3.4511164950064415
-0.9358055770993442;3.334642135424003
-0.9092762095213235;3.3322920759391135
-0.9472566166789275;3.3182883560732956
-0.9231015124001608;3.3128520929224057
-0.9392149072506812;3.3015118748526744
-0.9587076562585107;3.3019345767225894
-0.9467400166301116;3.2809963328950817
-0.9370429244207272;3.2554362254555116
-0.8629534364960958;3.3632238037840474
-0.8294138734641271;3.40567515222933
-0.7889518609898603;3.4273647380863217
-0.8409592845698944;3.374146549402148
-0.8780138751099327;3.3385926129539567
-1.1190222103726766;3.072981665812692
-1.1001692108385839;3.0705136815605325
-1.1075711707930935;3.089335445163399
-1.0543875227587707;3.1364885924953345
-1.0617670124747602;3.154750562566227
-1.0732180520543435;3.1383967832155197
-1.09612013121351;3.1056892245141063
-1.0775650183998875;3.103130164242945
-1.0846690916339268;3.1220430038648135
-1.050315972895177;3.171104341916934
-1.032332718508071;3.1683586837371776
-1.0388649333155937;3.1874581212676403
-1.0395521291180918;3.1489018792759427
-1.0096997411923279;3.2027571185158714
-1.0159628541564272;3.2201656799690546
-1.0274138937360104;3.203811900618348
-0.992166830798949;3.213746445500629
-1.0154011453711693;3.1810996429934835
-0.9665344660410036;3.219971654775242
-0.9481898771521388;3.2309704646006354
-0.75;3.402090363324608
-0.8900194766590962;3.3120288056642777
-0.9144552149697588;3.2857957896309267
-0.9174579592240744;3.2286201031345967
-0.9066579145448812;3.2520578069786357
-0.8407362548590754;3.3438278924817655
-0.8006910250537189;3.3663632335790754
-0.8604736093706516;3.317446380740572
-1.0611070863655734;3.1154469565997824
-1.0846097832989636;3.0827910797504035
-1.2875371631112715;2.8099359908800134
-1.2907878040664258;2.8276749755520885
-1.3022388436460093;2.811321196201381
-1.2335326061685095;2.9094438723056233
-1.2150373220726398;2.9069695068395767
-1.2220815665889264;2.92579765165633
-1.192950737964299;2.9400123392255106
-1.1991794874297599;2.958505210357744
-1.2106305270093427;2.9421514310070367
-1.1996071764223581;2.9197252928141726
-1.1877284478501764;2.9748589897084505
-1.1703626398929141;2.9720932929741988
-1.1762774082705933;2.9912127690591572
-1.177295705210319;2.9520622090227366
-1.1235811550231736;3.0383947718453563
-1.13047324995226;3.056627886461985
-1.1419242895318433;3.0402741071112787
-1.1073173849880353;3.0497174215670624
-1.16482636869101;3.0075665484098644
-1.1474504635728955;3.0048125071583924
-1.1533753291114264;3.023920327760571
-1.130276273138645;3.015952383740081
-1.1549256695331278;2.9839276613848935
-1.083547102822216;3.0558472013612827
-1.0364902833348417;3.1221586965322032
-1.0600396721976242;3.087356653584389
-1.0426205849050123;3.098074575157651
-1.013089992696747;3.1514312534901836
-1.016881631920854;3.131480223789144
-0.9895643264886459;3.1840052476306497
-0.9707179033267267;3.198909442684141
-0.9932516810993619;3.160990032208977
-0.9435782826094656;3.202149052937825
-0.9032405290983876;3.2043671629920105
-0.75;3.344090626733465
-0.8639025661217117;3.276776274355087
-0.8814300046347231;3.23036214462343
-0.8106221782952963;3.30424105584836
-1.0647813362736827;3.0657308521884534
-1.2564346853276764;2.876736313604209
-1.237917390591378;2.8741738625557867
-1.2449836457480927;2.8930900929549157
-1.221897809008468;2.8864272127787984
-1.2620332788638315;2.8414897414012574
-1.2678857249072595;2.8603825342535023
-1.2793367644868427;2.844028754902795
-1.2450850382120893;2.852926783999674
-1.270056026530988;2.821174257890594
-1.1984994514935656;2.893049123776998
-1.180421516678405;2.904499032365844
-1.1773971242931185;2.9255547146496106
-1.1554139773908207;2.957913372925653
-1.1602369534279122;2.938132797888666
-1.1064475420757462;3.0218131061256726
-1.0874032323001406;3.033420684223799
-1.130698765296816;2.986631307808797
-1.1096609842222227;2.997376434805941
-1.1394711382205491;2.964127037324874
-1.0588215388149944;3.0346045354141826
-1.0121340343604448;3.0931269922153937
-1.0339394221174225;3.064480429842305
-0.9835234940734036;3.1337261958918656
-0.9556545262003268;3.164568769089277
-0.9789574174787058;3.094755271380625
-0.909371539919678;3.1649250557746
-0.8663751046903831;3.187215022782404
-0.75;3.277058704627232
-0.8190472911630368;3.2289624166769486
-1.2211543411071502;2.8591225992944205
-1.2018111937221556;2.870485709396944
-1.2460360962524273;2.8248064634826395
-1.225258329340951;2.8354875366984893
-1.1727019825951919;2.8717573960370055
-1.152139133710846;2.9064736855931517
-1.1374480001757554;2.93778744890783
-1.0792182158514079;2.997964085907731
-1.1034961622261836;2.9594392862804138
-1.0245554508304253;3.0301845905420874
-1.0414788776994663;3.001810403037331
-0.9766655445185277;3.059592710845741
-0.9324057260845956;3.099074198217363
-0.8118842136752192;3.1620994639895224
-0.8672908866637661;3.127418489928644
-0.75;3.205651494924387
-1.1942173640502496;2.835683433592865
-1.158752333536731;2.842240424684468
-1.1352386767347653;2.873110917932478
-1.1147289929077502;2.9136737602907012
-1.084294861253246;2.916157313992105
-1.0459213198269068;2.9525157025969775
-0.9912925469279438;2.9900745967406728
-0.9275772058616119;3.0297293750493957
-0.8698732011282329;3.063007786548416
-0.75;3.1342279463998404
-0.8095446410095888;3.096029975790309
-1.119080358093375;2.826576576437757
-1.0956086412496968;2.8740808785074705
-1.0393691295177043;2.8895105817632185
-0.9879834043074155;2.916605378171348
-0.9303161122708541;2.955986586753523
-0.8695273662578048;2.9923558633365013
-0.8121791015048518;3.027092623613021
-0.75;3.0628043978752935
-1.0552395119644058;2.816412351942218
-0.9889759035669029;2.8510166604955125
-0.9314637037152286;2.884875666510166
-0.874358203009705;2.919957300826201
-0.8121791015048525;2.955669075088474
-0.75;2.9913808493507474
-0.9325096269134671;2.8145715443871313
-0.874358203009705;2.848533752301653
-0.8121791015048527;2.884245526563927
-0.75;2.9199573008262
-0.8121791015048524;2.8128219780393797
-0.75;2.8485337523016536
% Elements (triangles)
1;2;3
3;4;5
4;3;2
6;4;2
2;7;6
1;8;2
7;2;8
8;1;9
7;10;6
11;12;9
8;9;12
13;10;14
7;14;10
15;14;7
15;8;12
15;7;8
11;16;17
12;11;17
18;19;20
12;17;21
15;21;14
15;12;21
22;23;13
22;13;14
14;21;22
24;23;22
24;25;23
20;26;16
19;26;20
17;16;26
27;17;26
27;21;17
187;188;189
28;29;30
30;31;18
29;31;30
19;18;31
187;190;188
19;31;32
19;32;26
24;22;33
22;21;33
27;33;21
25;34;189
24;34;25
187;189;34
24;33;34
187;34;35
187;35;190
27;26;36
32;36;26
27;36;33
37;35;34
37;34;33
37;33;36
188;190;191
192;191;190
192;193;191
193;194;195
192;194;193
38;39;40
40;41;28
39;41;40
29;28;41
29;41;42
29;42;31
43;32;31
43;31;42
43;44;32
37;44;35
36;32;44
37;36;44
192;190;196
192;196;194
197;194;196
45;46;47
47;48;38
46;48;47
39;38;48
49;50;51
51;52;45
50;52;51
46;45;52
196;190;198
198;190;35
35;44;198
199;195;194
199;200;195
200;201;202
199;201;200
202;203;204
203;202;201
199;194;205
199;205;201
205;194;197
39;48;53
39;53;41
42;41;54
54;41;53
54;55;42
42;55;43
43;55;44
198;206;196
198;44;206
196;206;197
55;206;44
207;201;205
197;208;205
197;206;208
205;208;207
56;57;58
58;59;49
57;59;58
50;49;59
46;52;60
46;60;48
53;48;61
61;48;60
50;59;62
50;62;52
60;52;63
63;52;62
203;201;209
209;201;207
64;65;56
57;56;65
66;64;67
66;65;64
68;69;67
66;67;69
70;68;71
70;69;68
204;210;211
203;210;204
203;209;210
212;213;211
212;211;210
61;72;53
53;72;54
54;72;55
72;214;55
214;208;206
206;55;214
207;215;209
207;208;215
216;215;208
216;208;214
57;65;73
57;73;59
62;59;74
74;59;73
63;75;60
60;75;61
61;75;72
74;76;62
63;62;76
63;76;75
217;210;209
209;215;217
212;210;218
217;218;210
73;65;77
66;69;78
66;78;65
77;65;78
71;79;80
70;71;80
81;78;69
70;80;82
70;82;69
81;69;82
83;84;79
80;79;84
85;86;83
84;83;86
87;85;88
87;86;85
89;90;91
91;92;93
89;91;93
219;220;221
222;223;224
220;225;224
219;225;220
222;224;225
223;226;369
222;226;223
370;369;226
221;227;228
219;221;228
227;213;229
212;229;213
228;227;229
212;218;229
219;228;230
219;230;225
217;231;218
217;215;231
75;232;72
214;72;232
216;214;232
215;233;231
216;233;215
216;232;233
77;94;73
74;73;94
74;94;76
76;234;75
232;75;234
232;234;233
95;76;94
95;234;76
229;235;228
229;218;235
230;228;235
236;218;231
236;235;218
369;370;371
81;96;78
78;96;77
77;96;94
84;97;80
82;80;97
82;97;98
81;82;98
81;98;96
86;99;84
99;97;84
90;100;88
89;100;90
87;88;100
101;102;92
93;92;102
103;101;104
103;102;101
87;100;105
87;105;86
86;105;99
93;106;89
89;106;100
102;107;93
106;93;107
108;109;110
371;372;373
370;372;371
374;375;373
374;373;372
370;226;237
370;237;372
222;225;238
222;238;226
239;238;225
239;225;230
237;226;240
240;226;238
230;235;241
235;236;241
239;230;241
236;231;242
231;233;242
236;242;241
243;242;233
243;233;234
96;244;94
95;94;244
96;98;245
244;96;245
239;246;238
239;241;246
240;238;246
95;244;247
95;247;234
243;234;247
243;248;242
243;247;248
375;376;377
374;376;375
378;377;376
378;379;377
249;372;237
111;99;105
250;245;98
251;245;250
99;112;97
111;112;99
97;112;98
112;250;98
113;114;115
116;117;118
116;118;119
120;119;121
118;121;119
122;120;123
121;123;120
110;124;104
109;124;110
103;104;124
125;105;100
125;100;106
126;127;128
129;130;131
128;132;129
127;132;128
130;129;132
133;134;135
131;136;133
130;136;131
134;133;136
135;137;108
134;137;135
109;108;137
103;124;138
103;138;102
107;102;138
125;139;105
111;105;139
107;140;106
125;106;140
125;140;139
141;107;138
141;140;107
109;137;142
109;142;124
374;372;380
374;380;376
380;372;249
240;252;237
240;246;252
249;237;252
241;253;246
241;242;253
253;242;248
251;254;245
245;254;244
244;254;247
246;255;252
246;253;255
248;247;256
254;256;247
253;257;255
257;253;248
248;256;257
381;376;380
378;376;382
382;376;381
379;383;384
378;383;379
378;382;383
385;386;384
385;384;383
249;258;380
249;252;258
381;380;258
259;258;252
259;252;255
251;260;254
254;260;256
251;250;261
261;260;251
111;139;262
112;262;250
111;262;112
261;250;262
143;144;117
118;117;144
145;143;146
145;144;143
147;148;149
114;150;126
113;150;114
127;126;150
149;122;151
151;122;123
147;149;151
148;152;115
147;152;148
113;115;152
113;152;153
113;153;150
147;151;154
147;154;152
155;118;144
155;121;118
123;156;151
154;151;156
121;157;123
155;157;121
156;123;157
158;138;124
158;124;142
127;150;159
127;159;132
130;132;160
130;160;136
160;132;161
161;132;159
134;136;162
134;162;137
162;136;163
163;136;160
142;137;164
164;137;162
158;165;138
141;138;165
140;263;139
262;139;263
141;165;166
141;166;140
166;263;140
164;167;142
158;142;167
158;167;165
387;388;389
390;391;389
387;389;391
386;392;390
385;392;386
391;390;392
259;255;264
255;257;264
257;265;264
256;265;257
256;260;265
168;169;146
145;146;169
381;393;382
381;258;393
394;383;382
382;393;394
385;383;395
385;395;392
394;395;383
258;266;393
259;266;258
259;264;266
267;265;260
262;263;268
261;262;268
261;268;260
267;260;268
387;396;388
388;396;397
398;397;396
398;399;397
145;169;170
145;170;144
155;144;170
155;170;157
171;172;168
172;169;168
173;269;171
172;171;269
270;173;271
270;269;173
174;159;150
174;150;153
175;153;152
175;152;154
174;176;159
161;159;176
175;177;153
153;177;174
174;177;176
154;156;178
175;154;178
175;178;177
157;179;156
157;170;179
156;179;178
263;272;268
161;180;160
161;176;180
163;160;180
163;181;162
163;180;181
162;181;164
164;181;167
165;167;273
165;273;166
273;274;166
166;274;263
274;272;263
181;275;167
275;273;167
391;400;387
387;400;396
392;401;391
401;392;395
400;391;401
264;276;266
264;265;276
277;276;265
277;265;267
398;402;399
399;402;403
172;269;182
172;182;169
183;170;169
183;169;182
278;279;271
270;271;279
280;279;278
281;280;278
404;393;266
394;405;395
394;393;405
405;393;404
406;395;405
406;401;395
404;266;282
282;266;276
398;396;407
398;407;402
407;396;408
408;396;400
272;283;268
267;268;283
267;283;277
184;180;176
183;185;170
179;170;185
272;284;283
285;182;269
270;279;286
270;286;269
285;269;286
176;177;287
184;176;287
177;178;288
288;287;177
185;186;179
179;186;178
186;288;178
274;289;272
284;272;289
180;290;181
184;290;180
275;181;290
275;290;291
275;291;273
273;291;274
274;291;289
401;409;400
406;409;401
408;400;409
410;402;407
276;292;282
276;277;292
277;283;292
403;411;412
411;403;402
413;414;415
412;416;413
411;416;412
414;413;416
411;402;417
411;417;416
417;402;410
285;293;182
182;293;183
183;293;185
285;286;294
285;294;293
286;279;295
295;294;286
280;296;279
295;279;296
297;298;281
280;281;298
280;298;296
299;300;297
300;298;297
405;418;406
405;404;418
406;418;409
404;282;418
419;418;282
419;282;292
408;420;407
408;409;420
407;420;410
409;421;420
421;409;418
284;301;283
292;283;301
415;422;543
414;422;415
544;543;422
544;545;543
545;546;547
544;546;545
184;287;302
184;302;290
293;303;185
186;185;303
289;291;304
304;305;289
289;305;284
306;301;284
306;284;305
307;308;299
300;299;308
309;310;307
310;308;307
288;311;287
287;311;302
312;186;303
312;288;186
312;311;288
291;290;313
302;313;290
313;304;291
544;422;423
544;423;546
410;424;417
410;420;424
419;292;425
301;425;292
414;416;426
414;426;422
426;416;427
427;416;417
417;424;427
423;422;428
428;422;426
427;429;426
427;424;429
428;426;429
294;314;293
303;293;314
315;314;294
295;296;316
295;316;294
315;294;316
296;298;317
317;316;296
300;308;318
300;318;298
317;298;318
421;418;430
419;430;418
419;425;430
424;420;431
421;431;420
421;430;431
425;301;432
306;432;301
548;546;423
549;550;547
549;547;546
550;551;552
549;551;550
549;546;553
549;553;551
553;546;548
302;311;319
302;319;313
314;320;303
312;303;320
312;320;311
321;311;320
321;319;311
304;313;322
319;322;313
322;323;304
305;304;323
323;324;305
306;305;324
306;324;432
433;432;324
554;555;556
310;309;325
326;327;328
328;325;309
327;325;328
318;308;329
310;325;330
310;330;308
329;308;330
428;434;423
428;429;434
548;423;434
429;424;435
435;424;431
436;430;425
436;425;432
437;434;429
437;429;435
315;331;314
314;331;320
315;316;332
315;332;331
329;333;318
318;333;317
317;333;316
333;332;316
334;335;326
327;326;335
336;337;334
337;335;334
431;438;435
431;430;438
436;438;430
436;439;438
436;432;439
433;439;432
548;557;553
548;434;557
558;559;556
554;556;559
560;558;552
560;552;551
560;559;558
560;551;561
560;561;559
561;551;562
562;551;553
562;553;557
554;563;555
555;563;564
565;564;563
321;338;319
319;338;322
331;339;320
321;320;339
321;339;338
323;322;340
338;340;322
340;341;323
341;324;323
433;324;440
341;440;324
433;441;439
433;440;441
564;565;566
567;554;559
554;567;563
567;559;568
568;559;561
569;570;571
566;572;571
565;572;566
569;571;572
327;335;342
327;342;325
330;325;343
343;325;342
343;344;330
329;330;344
329;344;333
345;346;347
348;349;350
350;351;345
349;351;350
346;345;351
434;442;557
437;442;434
437;435;443
437;443;442
435;438;443
562;573;561
562;557;573
568;561;573
332;352;331
331;352;339
344;353;333
332;333;353
353;352;332
347;354;336
346;354;347
337;336;354
342;335;355
337;354;356
337;356;335
355;335;356
357;356;354
346;351;358
346;358;354
357;354;358
358;351;359
443;438;444
438;439;444
441;444;439
574;573;557
574;557;442
575;563;567
565;563;576
565;576;572
576;563;575
338;339;360
340;338;360
361;339;352
361;360;339
445;444;441
360;446;340
341;340;446
447;341;446
447;440;341
445;441;448
441;440;448
447;448;440
569;577;570
570;577;578
568;579;567
568;573;579
575;567;579
572;580;569
569;580;577
575;581;576
575;579;581
580;572;582
582;572;576
582;576;581
355;362;342
343;342;362
343;362;344
361;352;363
362;364;344
364;353;344
449;450;451
451;452;348
450;452;451
349;348;452
349;452;453
349;453;351
359;351;453
454;455;449
450;449;455
456;457;454
457;455;454
450;455;458
450;458;452
442;459;574
442;443;459
443;444;459
583;579;573
583;573;574
583;574;584
574;459;584
364;365;353
353;365;352
363;352;365
357;366;356
355;356;366
355;366;362
359;367;358
358;367;357
357;367;366
453;452;460
460;452;458
460;461;453
359;453;461
359;461;367
459;462;584
459;444;462
445;462;444
361;363;463
361;463;360
446;360;463
363;365;464
363;464;463
445;465;462
445;448;465
446;463;466
447;446;466
447;466;448
467;465;448
467;448;466
578;585;586
585;578;577
587;577;580
588;589;718
586;590;588
585;590;586
589;588;590
585;577;591
585;591;590
591;577;587
719;720;721
579;592;581
579;583;592
583;584;592
582;593;580
582;581;593
580;593;587
581;592;593
594;593;592
594;592;595
584;595;592
584;462;595
366;368;362
364;362;368
364;368;365
468;366;367
468;368;366
469;470;471
471;472;456
470;472;471
457;456;472
458;455;473
457;472;474
457;474;455
473;455;474
473;475;458
458;475;460
460;475;461
468;476;368
368;476;365
365;476;464
461;477;367
468;367;477
468;477;476
478;461;475
478;477;461
479;595;462
462;465;479
474;472;480
470;481;472
480;472;481
482;483;469
470;469;483
470;483;481
484;483;482
718;596;721
589;596;718
719;721;596
464;485;463
485;466;463
464;476;486
486;485;464
465;487;479
467;487;465
485;488;466
467;488;487
467;466;488
587;597;591
587;593;597
589;590;598
589;598;596
598;590;599
599;590;591
591;597;599
720;722;723
719;722;720
600;596;598
719;596;724
719;724;722
724;596;600
597;593;601
601;593;594
594;602;601
594;595;602
603;602;595
603;595;479
489;484;482
490;476;477
490;486;476
484;489;491
492;491;489
480;493;474
473;474;493
473;493;475
475;493;494
478;475;494
478;494;495
478;495;477
495;490;477
603;479;604
604;479;487
496;604;487
481;497;480
480;497;493
481;483;498
498;497;481
484;491;499
484;499;483
498;483;499
725;723;722
725;726;723
599;605;598
599;597;605
600;598;605
606;605;597
606;597;601
726;727;728
725;727;726
500;486;490
500;501;486
486;501;485
485;501;488
488;501;502
502;487;488
496;487;502
725;722;729
725;729;727
729;722;730
730;722;724
600;607;724
600;605;607
730;724;607
601;608;606
601;602;608
602;609;608
602;603;609
603;604;609
609;604;610
495;503;490
500;490;503
499;491;504
504;491;505
506;507;492
507;491;492
507;505;491
497;508;493
494;493;508
508;509;494
495;494;509
509;503;495
611;610;604
611;604;496
510;611;496
496;502;510
511;508;497
504;512;499
498;499;512
498;512;497
512;511;497
731;732;733
734;735;728
734;728;727
735;736;733
734;736;735
731;733;736
605;612;607
606;612;605
606;608;612
737;727;729
734;727;738
734;738;736
738;727;737
500;503;513
500;513;501
510;502;514
513;514;501
502;501;514
730;739;729
730;607;739
729;739;737
607;613;739
613;607;612
740;741;742
510;614;611
510;514;614
608;615;612
615;608;609
609;610;615
610;611;616
611;614;616
615;610;617
610;616;617
515;516;506
507;506;516
507;516;505
517;516;515
518;517;515
505;516;519
520;521;522
522;523;518
521;523;522
517;518;523
509;524;503
503;524;513
519;525;505
504;505;525
504;525;512
511;526;508
508;526;509
509;526;524
525;527;512
511;512;527
511;527;526
741;743;744
740;743;741
745;744;743
744;745;746
732;747;742
731;747;732
740;742;747
731;736;748
731;748;747
748;736;749
749;736;738
613;612;618
618;612;615
615;617;618
737;750;738
737;739;750
738;750;749
740;747;751
740;751;743
751;747;752
752;747;748
749;753;748
749;750;753
748;753;752
524;528;513
528;514;513
619;514;528
620;614;619
619;614;514
739;754;750
613;754;739
613;618;754
755;743;751
745;743;756
755;756;743
757;758;759
621;616;614
620;621;614
622;754;618
622;618;617
623;617;616
621;623;616
622;617;624
624;617;623
517;523;529
517;529;516
519;516;529
530;531;520
521;520;531
532;533;530
533;531;530
521;531;534
521;534;523
529;523;535
535;523;534
535;536;529
529;536;519
519;536;525
625;626;627
627;628;532
626;628;627
533;532;628
535;534;537
535;537;536
538;534;531
538;537;534
533;628;629
533;629;531
538;531;629
630;631;625
626;625;631
524;526;539
539;528;524
540;525;536
540;527;525
541;526;527
541;539;526
540;542;527
541;527;542
537;632;536
540;536;632
540;632;542
633;632;537
746;760;759
745;760;746
757;759;760
745;756;760
888;889;890
757;761;758
888;890;762
763;758;761
890;763;762
762;763;761
764;753;750
764;750;754
752;765;751
752;753;765
751;765;755
764;754;766
622;766;754
622;624;766
765;753;767
764;767;753
764;766;767
634;621;620
620;619;635
620;635;634
539;636;528
635;619;636
528;636;619
755;768;756
755;765;768
769;760;756
756;768;769
757;760;770
757;770;761
769;770;760
623;621;637
634;637;621
624;623;638
638;623;637
771;766;624
624;638;771
889;891;892
888;891;889
629;628;639
640;641;630
641;631;630
642;643;644
643;645;640
642;645;643
641;640;645
626;631;646
626;646;628
639;628;646
639;647;629
538;629;647
538;647;537
633;537;647
641;645;648
641;648;631
639;646;649
639;649;647
646;631;650
650;631;648
650;649;646
541;542;651
541;651;539
539;651;636
542;632;652
652;651;542
649;653;647
633;647;653
633;653;654
633;654;632
654;652;632
761;772;762
761;770;772
888;762;773
888;773;891
762;772;773
893;894;892
893;892;891
768;765;774
774;765;767
767;775;774
767;766;775
775;766;771
634;635;655
634;655;637
636;651;656
635;636;656
635;656;655
651;652;657
657;656;651
654;658;652
658;657;652
659;660;661
660;662;644
659;662;660
642;644;662
663;661;664
659;661;663
665;666;655
666;637;655
776;773;772
769;777;770
769;768;777
768;774;777
770;777;778
772;770;778
776;772;778
638;637;667
666;667;637
774;779;777
774;775;779
780;771;638
667;780;638
781;779;775
775;771;781
780;781;771
895;896;897
894;898;895
893;898;894
896;895;898
773;899;891
773;776;899
893;891;900
893;900;898
900;891;899
642;662;668
642;668;645
648;645;669
669;645;668
653;649;670
669;671;648
650;648;671
650;671;649
671;670;649
670;672;653
653;672;654
672;658;654
673;674;675
675;676;677
676;675;674
677;678;664
676;678;677
663;664;678
657;679;656
655;656;679
665;655;679
658;680;657
680;679;657
681;658;672
681;680;658
682;680;681
659;663;683
659;683;662
684;668;662
684;662;683
684;685;668
669;668;685
669;685;671
678;686;663
683;663;686
676;687;678
687;686;678
688;676;674
688;687;676
901;902;903
897;904;903
896;904;897
901;903;904
665;679;689
666;690;667
665;690;666
665;689;690
776;782;899
776;778;782
778;777;783
777;779;783
778;783;782
780;667;784
784;667;690
779;785;783
779;781;785
781;786;785
781;780;786
784;786;780
896;898;905
896;905;904
905;898;906
906;898;900
899;907;900
899;782;907
906;900;907
685;691;671
670;671;691
691;692;670
672;670;692
672;692;681
674;673;693
673;694;693
674;693;695
688;674;695
682;696;680
680;696;679
689;679;696
692;697;681
682;681;697
682;697;698
682;698;696
683;686;699
683;699;684
684;699;685
700;685;699
700;691;685
700;701;691
691;701;692
692;701;697
687;702;686
686;702;699
688;695;703
688;703;687
703;702;687
704;703;695
908;909;910
902;911;910
901;911;902
908;910;911
912;904;905
901;904;913
901;913;911
912;913;904
909;914;915
908;914;909
787;784;690
787;690;788
689;696;788
689;788;690
782;789;907
782;783;789
790;783;785
789;783;790
786;784;791
787;791;784
785;792;790
792;785;786
791;792;786
906;916;905
906;907;916
912;905;916
917;907;789
917;916;907
915;918;919
918;915;914
920;921;922
919;923;920
918;923;919
921;920;923
695;693;705
704;695;705
706;707;694
693;694;707
707;705;693
708;706;709
708;707;706
698;793;696
793;788;696
794;795;710
710;711;709
795;711;710
708;709;711
697;701;712
697;712;698
698;712;796
698;796;793
702;713;699
700;699;713
700;713;701
713;714;701
714;712;701
704;715;703
703;715;702
702;715;713
708;711;716
708;716;707
705;707;716
705;716;717
704;705;717
704;717;715
714;797;712
797;796;712
908;911;924
908;924;914
924;911;925
925;911;913
912;926;913
912;916;926
913;926;925
918;914;927
918;927;923
927;914;928
928;914;924
787;798;791
787;788;798
793;799;788
798;788;799
917;789;800
789;790;800
801;790;792
790;801;800
792;802;801
791;802;792
802;791;798
916;929;926
917;929;916
917;800;929
922;930;931
921;930;922
921;923;932
921;932;930
933;932;923
933;923;927
803;804;794
795;794;804
805;803;806
805;804;803
805;806;807
806;808;807
931;934;1057
934;931;930
1057;1058;1059
934;1058;1057
796;809;793
799;793;809
810;811;808
807;808;811
795;804;812
795;812;711
813;716;711
813;711;812
814;807;811
805;807;815
805;815;804
814;815;807
812;804;816
816;804;815
797;817;796
796;817;809
715;818;713
818;714;713
819;714;818
819;797;714
717;820;715
820;818;715
813;821;716
821;717;716
717;821;820
819;822;797
822;817;797
925;935;924
925;926;935
928;924;935
926;936;935
936;926;929
928;937;927
928;935;937
927;937;933
798;823;802
798;799;823
799;809;824
823;799;824
800;825;929
800;801;825
826;801;802
801;826;825
826;802;823
936;929;938
938;929;825
934;930;939
934;939;1058
939;930;940
940;930;932
933;941;932
933;937;941
932;941;940
811;810;827
810;828;827
1060;1059;1058
1060;1061;1059
1061;1062;1063
1060;1062;1061
1064;1063;1065
1065;1063;1062
1066;1064;1065
1066;1067;1064
1060;1058;1068
1060;1068;1062
942;1068;1058
942;1058;939
829;809;817
829;824;809
830;828;831
830;827;828
832;833;831
830;831;833
834;829;817
827;835;811
814;811;835
816;836;812
812;836;813
813;836;821
814;835;837
814;837;815
816;815;838
816;838;836
838;815;837
839;817;822
839;834;817
818;820;840
819;818;840
819;840;822
821;836;841
821;841;820
841;840;820
822;840;842
839;822;842
843;824;829
935;943;937
936;943;935
936;938;943
941;937;944
944;937;943
823;844;826
824;844;823
843;844;824
938;825;945
945;825;826
945;826;844
946;943;938
946;938;945
940;947;939
940;941;947
939;947;942
947;941;948
944;948;941
830;833;845
830;845;827
827;845;835
942;949;1068
942;947;949
1062;1069;1065
1062;1068;1069
1070;1068;949
1070;1069;1068
1065;1071;1066
1071;1065;1069
1067;1072;1073
1066;1072;1067
1066;1071;1072
1074;1075;1073
1074;1073;1072
1075;1076;1077
1074;1076;1075
834;846;829
846;843;829
847;833;832
848;847;832
849;850;848
847;848;850
847;850;851
847;851;833
852;845;833
852;833;851
853;846;834
839;842;854
839;854;834
854;853;834
835;845;855
835;855;837
838;856;836
856;841;836
837;857;838
838;857;856
855;857;837
856;858;841
841;858;840
858;842;840
842;858;859
842;859;854
852;860;845
845;860;855
950;844;843
950;843;951
846;951;843
952;951;846
952;846;853
944;943;953
944;953;948
946;953;943
946;954;953
946;945;954
945;844;954
950;954;844
949;947;955
955;947;948
948;956;955
948;953;956
1077;1078;1079
1078;1077;1076
1079;1080;1081
1078;1080;1079
1070;949;957
949;955;957
1071;1069;1082
1070;1082;1069
1070;957;1082
1083;1072;1071
1083;1071;1082
1074;1072;1084
1074;1084;1076
1084;1072;1083
1085;1076;1084
1078;1076;1086
1078;1086;1080
1086;1076;1085
1081;1087;1088
1087;1081;1080
861;862;849
862;850;849
863;864;861
862;861;864
865;866;863
866;864;863
867;851;850
862;864;868
862;868;850
867;850;868
867;869;851
851;869;852
852;869;860
853;958;952
854;859;870
853;870;958
854;870;853
860;871;855
855;871;857
871;872;857
857;872;856
858;856;872
858;872;859
859;872;873
870;859;873
874;875;865
866;865;875
876;860;869
876;871;860
959;952;958
950;960;954
950;951;960
951;961;960
961;951;952
959;961;952
954;962;953
956;953;962
962;954;960
955;963;957
956;963;955
964;963;956
964;956;962
1088;1089;1090
1087;1089;1088
1091;1092;1090
1091;1090;1089
877;878;874
878;875;874
879;965;877
878;877;965
1087;1080;1093
1087;1093;1089
1094;1093;1080
1094;1080;1086
957;1095;1082
957;963;1095
1083;1096;1084
1083;1082;1096
1084;1096;1085
1082;1095;1096
1085;1097;1086
1085;1096;1097
1094;1086;1097
966;1095;963
870;873;967
958;870;967
958;967;968
959;958;968
868;864;880
866;875;881
866;881;864
880;864;881
880;882;868
868;882;867
867;882;869
882;883;869
876;869;883
876;883;884
876;884;871
871;884;872
884;873;872
969;873;884
969;967;873
878;965;970
878;970;875
881;875;885
885;875;970
959;971;961
959;968;971
960;972;962
964;962;972
960;961;972
961;971;972
964;973;963
966;963;973
973;964;972
1098;1089;1093
1099;1100;1101
1092;1102;1101
1091;1102;1092
1099;1101;1102
1091;1089;1103
1091;1103;1102
1098;1103;1089
1100;1104;1105
1099;1104;1100
974;965;879
975;974;879
976;977;975
974;975;977
970;965;978
974;977;979
974;979;965
978;965;979
1094;1106;1093
1094;1097;1106
1098;1093;1106
980;966;973
966;1107;1095
966;980;1107
1108;1097;1096
1109;1096;1095
1108;1096;1109
1109;1095;1107
1110;1106;1097
1108;1110;1097
1105;1111;1247
1111;1105;1104
981;967;969
968;982;971
981;983;967
983;968;967
968;983;982
984;977;976
985;984;976
986;987;985
984;985;987
885;886;881
881;886;880
880;886;882
882;886;887
883;882;887
883;887;988
883;988;884
988;969;884
989;969;988
981;969;989
990;988;887
990;989;988
978;991;970
970;991;885
885;991;886
973;972;992
980;973;992
972;971;992
971;982;992
980;1112;1107
980;992;1112
1098;1113;1103
1098;1106;1113
1099;1102;1114
1099;1114;1104
1114;1102;1115
1115;1102;1103
1115;1103;1113
1116;1104;1114
1111;1104;1117
1117;1104;1116
1247;1118;1248
1111;1118;1247
1111;1117;1118
1248;1249;1250
1249;1248;1118
1251;1252;1253
1250;1254;1251
1249;1254;1250
1252;1251;1254
984;987;993
984;993;977
979;977;994
994;977;993
994;995;979
978;979;995
978;995;991
1106;1119;1113
1110;1119;1106
1110;1108;1120
1110;1120;1119
1109;1107;1120
1108;1109;1120
1107;1112;1120
1119;1121;1113
1119;1122;1121
1119;1120;1122
996;997;998
981;989;999
981;999;983
1253;1255;1256
1252;1255;1253
982;1000;992
983;999;1001
983;1001;982
982;1001;1000
1002;1003;986
1003;987;986
1003;1004;987
993;987;1005
1005;987;1004
991;1006;886
887;886;1006
887;1006;990
1007;989;990
1007;999;989
1007;1008;999
990;1006;1009
1007;990;1009
1007;1009;1008
995;1010;991
1006;991;1010
1010;1009;1006
1112;1123;1120
1122;1120;1123
1123;1112;1124
1112;992;1124
1124;992;1000
1115;1125;1114
1115;1113;1125
1114;1125;1116
1113;1121;1125
1126;1118;1117
1116;1127;1117
1116;1125;1127
1126;1117;1127
1249;1118;1257
1249;1257;1254
1126;1257;1118
1252;1254;1258
1252;1258;1255
1258;1254;1259
1259;1254;1257
998;1011;1002
997;1011;998
1003;1002;1011
1003;1011;1004
1005;1012;993
994;993;1012
994;1012;995
1012;1013;995
1013;1010;995
1005;1004;1014
1005;1014;1012
1004;1011;1015
1015;1014;1004
1016;1017;1018
1018;1019;996
1017;1019;1018
997;996;1019
1013;1020;1010
1009;1010;1020
1009;1020;1008
1127;1125;1128
1128;1125;1121
1128;1121;1129
1121;1122;1129
1130;1129;1122
1130;1122;1123
997;1019;1021
997;1021;1011
1015;1011;1021
1022;1023;1024
1024;1025;1016
1023;1025;1024
1017;1016;1025
1256;1260;1261
1260;1256;1255
999;1008;1026
1026;1001;999
1262;1263;1264
1261;1265;1262
1260;1265;1261
1263;1262;1265
1266;1255;1258
1260;1255;1267
1260;1267;1265
1266;1267;1255
1008;1020;1027
1027;1026;1008
1131;1124;1000
1001;1026;1028
1131;1000;1028
1000;1001;1028
1123;1124;1132
1130;1123;1132
1131;1132;1124
1126;1133;1257
1126;1127;1133
1259;1257;1133
1134;1133;1127
1134;1127;1128
1259;1268;1258
1259;1133;1268
1266;1258;1268
1014;1029;1012
1013;1012;1029
1013;1029;1020
1030;1029;1014
1015;1021;1031
1015;1031;1014
1031;1030;1014
1017;1025;1032
1017;1032;1019
1021;1019;1033
1033;1019;1032
1033;1031;1021
1034;1020;1029
1034;1027;1020
1269;1270;1271
1264;1272;1270
1263;1272;1264
1271;1270;1272
1134;1128;1135
1129;1135;1128
1129;1136;1135
1130;1136;1129
1130;1132;1136
1035;1036;1022
1023;1022;1036
1037;1036;1035
1038;1037;1035
1023;1036;1039
1023;1039;1025
1040;1032;1025
1040;1025;1039
1273;1269;1274
1271;1274;1269
1275;1273;1276
1274;1276;1273
1277;1275;1276
1277;1278;1275
1026;1027;1041
1041;1028;1026
1263;1265;1279
1263;1279;1272
1280;1279;1265
1280;1265;1267
1266;1281;1267
1266;1268;1281
1267;1281;1280
1282;1272;1279
1131;1137;1132
1131;1028;1137
1027;1034;1042
1042;1041;1027
1028;1041;1138
1138;1137;1028
1136;1132;1139
1139;1132;1137
1133;1140;1268
1134;1140;1133
1134;1135;1140
1136;1141;1135
1136;1139;1141
1268;1283;1281
1283;1268;1140
1030;1043;1029
1043;1034;1029
1030;1031;1044
1030;1044;1043
1040;1045;1032
1033;1032;1045
1033;1045;1031
1045;1044;1031
1039;1036;1046
1047;1048;1038
1037;1038;1048
1043;1049;1034
1049;1042;1034
1271;1272;1284
1271;1284;1274
1282;1284;1272
1276;1274;1285
1274;1284;1285
1140;1142;1283
1140;1135;1142
1142;1135;1141
1037;1048;1050
1037;1050;1036
1046;1036;1050
1046;1051;1039
1039;1051;1040
1040;1051;1045
1052;1053;1047
1053;1048;1047
1143;1144;1052
1053;1052;1144
1043;1044;1054
1054;1049;1043
1277;1286;1278
1287;1278;1286
1277;1276;1288
1277;1288;1286
1276;1285;1288
1145;1041;1042
1145;1138;1041
1146;1138;1145
1280;1289;1279
1280;1281;1289
1279;1289;1282
1281;1290;1289
1290;1281;1283
1282;1291;1284
1282;1289;1291
1147;1139;1137
1146;1147;1138
1138;1147;1137
1042;1049;1148
1148;1145;1042
1149;1141;1139
1139;1147;1149
1150;1142;1141
1141;1149;1150
1290;1283;1292
1283;1142;1292
1142;1150;1292
1293;1287;1294
1294;1287;1286
1295;1422;1293
1295;1293;1294
1051;1055;1045
1044;1045;1055
1055;1054;1044
1151;1055;1051
1053;1144;1152
1053;1152;1048
1046;1050;1056
1046;1056;1051
1051;1056;1151
1050;1048;1153
1153;1048;1152
1153;1056;1050
1049;1054;1154
1154;1148;1049
1291;1296;1284
1285;1284;1296
1288;1285;1297
1297;1285;1296
1155;1156;1143
1156;1144;1143
1156;1155;1157
1158;1157;1155
1159;1157;1158
1160;1159;1158
1156;1157;1161
1156;1161;1144
1152;1144;1162
1161;1162;1144
1162;1163;1152
1152;1163;1153
1153;1163;1056
1151;1164;1055
1055;1164;1054
1054;1164;1154
1165;1166;1160
1159;1160;1166
1161;1157;1167
1295;1294;1298
1286;1299;1294
1286;1288;1299
1298;1294;1299
1297;1300;1288
1300;1299;1288
1148;1168;1145
1146;1145;1168
1146;1168;1169
1146;1169;1147
1148;1154;1170
1170;1168;1148
1291;1289;1301
1290;1301;1289
1290;1292;1301
1296;1291;1302
1302;1291;1301
1154;1164;1171
1171;1170;1154
1172;1149;1147
1172;1147;1169
1150;1149;1173
1172;1173;1149
1292;1303;1301
1292;1150;1303
1150;1173;1303
1422;1304;1423
1295;1304;1422
1295;1298;1304
1424;1423;1304
1423;1424;1425
1305;1304;1298
1424;1304;1426
1305;1426;1304
1056;1163;1174
1151;1056;1174
1151;1174;1164
1300;1297;1306
1296;1302;1306
1297;1296;1306
1175;1176;1165
1176;1166;1165
1159;1166;1177
1159;1177;1157
1167;1157;1177
1178;1179;1180
1180;1181;1175
1179;1181;1180
1176;1175;1181
1167;1182;1161
1162;1161;1182
1162;1182;1163
1163;1182;1183
1174;1163;1183
1174;1183;1184
1184;1164;1174
1184;1171;1164
1176;1181;1185
1176;1185;1166
1177;1166;1186
1186;1166;1185
1186;1187;1177
1167;1177;1187
1167;1187;1182
1299;1307;1298
1300;1307;1299
1298;1307;1305
1300;1306;1307
1172;1188;1173
1172;1169;1188
1170;1171;1189
1190;1188;1169
1189;1191;1170
1168;1170;1191
1191;1169;1168
1190;1169;1191
1192;1173;1188
1302;1308;1306
1302;1301;1308
1301;1303;1308
1303;1309;1308
1309;1303;1173
1192;1309;1173
1193;1171;1184
1193;1189;1171
1425;1427;1428
1424;1427;1425
1424;1426;1427
1429;1430;1428
1429;1428;1427
1431;1430;1432
1429;1432;1430
1433;1431;1434
1434;1431;1432
1426;1435;1427
1305;1310;1426
1305;1307;1310
1426;1310;1435
1307;1311;1310
1307;1306;1311
1312;1306;1308
1311;1306;1312
1194;1195;1178
1179;1178;1195
1196;1197;1194
1197;1195;1194
1179;1195;1198
1179;1198;1181
1185;1181;1199
1199;1181;1198
1187;1200;1182
1200;1183;1182
1183;1200;1201
1201;1184;1183
1184;1201;1193
1202;1189;1193
1199;1203;1185
1185;1203;1186
1186;1203;1187
1187;1203;1204
1204;1200;1187
1205;1206;1196
1197;1196;1206
1433;1436;1437
1436;1433;1434
1192;1188;1207
1190;1207;1188
1202;1208;1189
1189;1208;1191
1190;1208;1207
1190;1191;1208
1192;1313;1309
1192;1207;1313
1312;1308;1314
1314;1308;1309
1309;1313;1314
1209;1193;1201
1202;1193;1209
1429;1427;1438
1429;1438;1432
1435;1438;1427
1432;1439;1434
1439;1432;1438
1440;1437;1441
1436;1441;1437
1436;1434;1442
1442;1434;1439
1435;1443;1438
1435;1310;1443
1443;1310;1315
1315;1310;1311
1311;1316;1315
1312;1316;1311
1312;1314;1316
1197;1206;1210
1197;1210;1195
1198;1195;1211
1211;1195;1210
1212;1206;1205
1212;1205;1213
1211;1214;1198
1198;1214;1199
1199;1214;1203
1204;1215;1200
1200;1215;1201
1201;1215;1209
1317;1313;1207
1202;1209;1216
1202;1216;1208
1214;1217;1203
1204;1203;1217
1204;1217;1215
1218;1219;1220
1220;1221;1213
1219;1221;1220
1212;1213;1221
1212;1221;1222
1212;1222;1206
1210;1206;1223
1223;1206;1222
1444;1441;1436
1444;1436;1442
1445;1446;1447
1447;1440;1448
1441;1448;1440
1445;1447;1448
1446;1449;1450
1445;1449;1446
1451;1452;1453
1450;1454;1451
1454;1450;1449
1452;1451;1454
1216;1224;1208
1207;1208;1224
1317;1207;1224
1318;1314;1313
1317;1318;1313
1317;1319;1318
1317;1224;1319
1320;1316;1314
1320;1314;1318
1321;1316;1320
1209;1215;1225
1209;1225;1216
1443;1455;1438
1439;1438;1455
1456;1442;1439
1456;1439;1455
1448;1441;1457
1444;1457;1441
1444;1442;1458
1444;1458;1457
1442;1456;1458
1455;1443;1459
1443;1315;1459
1315;1322;1459
1322;1315;1316
1321;1322;1316
1223;1226;1210
1211;1210;1226
1211;1226;1214
1226;1227;1214
1227;1217;1214
1228;1215;1217
1228;1225;1215
1216;1225;1229
1229;1224;1216
1225;1228;1230
1230;1229;1225
1231;1232;1233
1232;1234;1218
1231;1234;1232
1219;1218;1234
1227;1235;1217
1235;1228;1217
1219;1234;1236
1219;1236;1221
1222;1221;1237
1237;1221;1236
1237;1238;1222
1223;1222;1238
1223;1238;1226
1587;1460;1461
1588;1589;1587
1588;1587;1461
1445;1448;1462
1445;1462;1449
1448;1457;1462
1460;1453;1463
1452;1463;1453
1461;1460;1463
1464;1463;1452
1449;1465;1454
1449;1462;1465
1452;1454;1466
1454;1465;1466
1464;1452;1466
1323;1224;1229
1323;1319;1224
1324;1320;1318
1324;1318;1319
1325;1324;1319
1319;1323;1325
1321;1320;1326
1326;1320;1324
1321;1327;1322
1321;1326;1327
1590;1591;1592
1589;1593;1592
1588;1593;1589
1590;1592;1593
1456;1467;1458
1455;1459;1467
1456;1455;1467
1457;1468;1462
1457;1458;1468
1458;1467;1468
1459;1469;1467
1322;1469;1459
1322;1327;1469
1239;1328;1233
1231;1233;1328
1329;1239;1330
1329;1328;1239
1329;1330;1331
1330;1332;1331
1333;1327;1326
1238;1240;1226
1227;1226;1240
1227;1240;1235
1235;1241;1228
1241;1230;1228
1230;1241;1334
1229;1230;1335
1334;1335;1230
1335;1323;1229
1329;1331;1336
1329;1336;1328
1231;1328;1242
1231;1242;1234
1236;1234;1243
1243;1234;1242
1337;1242;1328
1336;1337;1328
1235;1240;1244
1244;1241;1235
1243;1245;1236
1236;1245;1237
1237;1245;1238
1238;1245;1246
1240;1238;1246
1240;1246;1244
1461;1470;1588
1588;1470;1593
1463;1471;1461
1464;1471;1463
1470;1461;1471
1468;1472;1462
1465;1462;1472
1464;1466;1473
1464;1473;1471
1474;1466;1465
1474;1465;1472
1466;1474;1473
1323;1335;1338
1325;1323;1338
1326;1339;1333
1326;1324;1339
1325;1339;1324
1325;1338;1339
1335;1334;1340
1340;1338;1335
1341;1340;1334
1472;1468;1475
1468;1467;1475
1475;1467;1476
1469;1476;1467
1476;1469;1342
1327;1342;1469
1333;1342;1327
1333;1343;1342
1333;1339;1343
1591;1594;1595
1590;1594;1591
1596;1597;1595
1596;1595;1594
1598;1599;1600
1597;1601;1598
1596;1601;1597
1599;1598;1601
1590;1593;1602
1590;1602;1594
1602;1593;1477
1477;1593;1470
1596;1594;1603
1596;1603;1601
1603;1594;1604
1604;1594;1602
1474;1478;1473
1472;1475;1478
1474;1472;1478
1470;1471;1479
1471;1473;1479
1470;1479;1477
1473;1478;1479
1947;1948;1949
1947;1950;1948
1332;1344;1345
1331;1332;1345
1331;1345;1346
1331;1346;1336
1347;1348;1349
1241;1244;1350
1241;1350;1334
1341;1334;1350
1351;1352;1353
1336;1346;1354
1336;1354;1337
1355;1354;1346
1337;1356;1242
1337;1354;1356
1242;1356;1243
1243;1356;1245
1357;1244;1246
1357;1350;1244
1245;1356;1358
1358;1246;1245
1358;1357;1246
1951;1948;1950
1952;1950;1953
1952;1951;1950
1338;1340;1359
1338;1359;1339
1360;1343;1339
1360;1339;1359
1361;1340;1341
1361;1359;1340
1362;1361;1341
1363;1341;1350
1362;1341;1363
1475;1480;1478
1475;1476;1480
1480;1476;1481
1342;1481;1476
1342;1343;1481
1343;1482;1481
1482;1343;1360
1605;1606;1607
1600;1608;1605
1599;1608;1600
1606;1605;1608
1599;1601;1609
1599;1609;1608
1609;1601;1610
1610;1601;1603
1477;1483;1602
1477;1479;1483
1602;1483;1604
1604;1611;1603
1604;1483;1611
1603;1611;1610
1480;1484;1478
1485;1483;1479
1486;1479;1478
1485;1479;1486
1486;1478;1484
1348;1364;1344
1347;1364;1348
1345;1344;1364
1364;1365;1345
1345;1365;1346
1355;1346;1365
1366;1350;1357
1366;1363;1350
1353;1367;1349
1352;1367;1353
1347;1349;1367
1347;1367;1368
1347;1368;1364
1364;1368;1365
1365;1368;1369
1355;1365;1369
1352;1370;1367
1371;1372;1351
1352;1351;1372
1352;1372;1370
1373;1372;1371
1374;1373;1371
1355;1375;1354
1355;1369;1375
1354;1375;1356
1375;1376;1356
1358;1356;1376
1358;1376;1357
1366;1357;1376
1366;1376;1377
1366;1377;1363
1954;1953;1955
1952;1953;1954
1952;1956;1951
1952;1954;1956
1954;1955;1957
1958;1957;1955
1959;1957;1958
1959;1958;1960
1378;1482;1360
1378;1360;1379
1379;1360;1359
1359;1361;1379
1362;1380;1361
1361;1380;1379
1363;1377;1381
1362;1363;1381
1362;1381;1380
1484;1480;1487
1487;1480;1481
1487;1481;1488
1488;1481;1482
1482;1489;1488
1378;1489;1482
1607;1612;1613
1606;1612;1607
1614;1615;1613
1614;1613;1612
1606;1608;1616
1606;1616;1612
1617;1616;1608
1617;1608;1609
1618;1619;1773
1615;1620;1618
1614;1620;1615
1619;1618;1620
1610;1621;1609
1610;1611;1621
1617;1609;1621
1483;1490;1611
1485;1490;1483
1622;1621;1611
1622;1611;1490
1491;1484;1487
1485;1492;1490
1485;1486;1492
1486;1484;1492
1491;1492;1484
1382;1368;1367
1382;1367;1370
1382;1383;1368
1383;1369;1368
1369;1383;1384
1369;1384;1375
1385;1386;1387
1387;1388;1374
1386;1388;1387
1373;1374;1388
1373;1388;1389
1373;1389;1372
1390;1370;1372
1390;1372;1389
1390;1391;1370
1382;1370;1391
1382;1391;1383
1392;1393;1394
1394;1395;1385
1393;1395;1394
1386;1385;1395
1384;1396;1375
1375;1396;1376
1377;1376;1396
1377;1396;1397
1377;1397;1381
1961;1962;1963
1956;1954;1964
1954;1957;1964
1960;1965;1966
1959;1960;1966
1957;1967;1964
1959;1966;1967
1959;1967;1957
1965;1968;1969
1969;1966;1965
1970;1971;1968
1971;1969;1968
1972;1971;1970
1972;1970;1973
1378;1398;1489
1380;1398;1379
1378;1379;1398
1381;1397;1399
1381;1399;1380
1380;1399;1398
1491;1487;1493
1493;1487;1488
1488;1494;1493
1494;1488;1489
1495;1494;1489
1495;1489;1398
1623;1612;1616
1614;1612;1624
1614;1624;1620
1624;1612;1623
1617;1625;1616
1617;1621;1625
1616;1625;1623
1774;1775;1776
1773;1777;1774
1619;1777;1773
1775;1774;1777
1619;1620;1626
1619;1626;1777
1627;1626;1620
1627;1620;1624
1778;1779;1780
1776;1781;1780
1775;1781;1776
1778;1780;1781
1621;1628;1625
1622;1628;1621
1622;1490;1496
1622;1496;1628
1490;1492;1496
1496;1492;1497
1491;1497;1492
1491;1493;1497
1383;1391;1400
1384;1383;1400
1384;1400;1396
1386;1395;1401
1386;1401;1388
1389;1388;1402
1402;1388;1401
1402;1403;1389
1390;1389;1403
1390;1403;1391
1403;1404;1391
1404;1400;1391
1405;1406;1407
1407;1408;1392
1406;1408;1407
1393;1392;1408
1393;1408;1409
1393;1409;1395
1401;1395;1410
1410;1395;1409
1411;1399;1397
1400;1412;1396
1412;1397;1396
1397;1412;1411
1413;1498;1405
1406;1405;1498
1409;1408;1414
1974;1975;1976
1977;1978;1979
1975;1980;1963
1974;1980;1975
1961;1963;1980
1962;1981;1982
1961;1981;1962
1973;1982;1983
1982;1981;1983
1973;1983;1972
1971;1984;1969
1972;1983;1985
1972;1985;1971
1971;1985;1984
1961;1980;1986
1961;1986;1981
1976;1987;1988
1974;1976;1988
1974;1988;1989
1989;1980;1974
1967;1990;1964
1967;1991;1990
1969;1991;1966
1966;1991;1967
1984;1991;1969
1399;1411;1499
1399;1499;1398
1495;1398;1499
1493;1500;1497
1494;1500;1493
1494;1501;1500
1495;1501;1494
1495;1499;1501
1502;1499;1411
1623;1629;1624
1623;1625;1629
1624;1629;1627
1625;1630;1629
1628;1630;1625
1775;1777;1782
1775;1782;1781
1782;1777;1631
1631;1777;1626
1627;1632;1626
1627;1629;1632
1631;1626;1632
1783;1779;1784
1778;1784;1779
1785;1783;1786
1786;1783;1784
1787;1788;1785
1787;1785;1786
1778;1781;1789
1778;1789;1784
1790;1789;1781
1790;1781;1782
1791;1792;1793
1788;1794;1793
1787;1794;1788
1791;1793;1794
1795;1796;1797
1792;1798;1797
1791;1798;1792
1795;1797;1798
1799;1800;1801
1628;1633;1630
1628;1496;1633
1633;1496;1503
1497;1503;1496
1503;1497;1504
1500;1504;1497
1802;1803;1804
1800;1805;1802
1799;1805;1800
1803;1802;1805
1804;1806;1807
1803;1806;1804
1404;1415;1400
1415;1412;1400
1410;1416;1401
1401;1416;1402
1402;1416;1403
1416;1417;1403
1404;1403;1417
1404;1417;1415
1505;1506;1413
1506;1498;1413
1507;1508;1509
1406;1498;1418
1406;1418;1408
1414;1408;1418
1509;1510;1505
1508;1510;1509
1506;1505;1510
1414;1419;1409
1410;1409;1419
1410;1419;1416
1415;1511;1412
1412;1511;1411
1502;1411;1511
1506;1510;1512
1506;1512;1498
1418;1498;1513
1513;1498;1512
1513;1514;1418
1418;1514;1414
1414;1514;1419
1992;1993;1994
1994;1995;1978
1993;1995;1994
1979;1978;1995
1991;1996;1990
1987;1997;1998
1988;1987;1998
1999;2000;1997
2000;1998;1997
2001;1999;2002
2001;2000;1999
1977;2003;2002
1979;2003;1977
2001;2002;2003
1979;1995;2004
2003;1979;2004
1980;2005;1986
1989;2005;1980
1981;2006;1983
1981;1986;2006
1983;2006;1985
1991;2007;1996
1984;2007;1991
1984;1985;2007
1985;2006;2007
1986;2008;2006
2008;1986;2005
1988;1998;2009
1989;1988;2009
1989;2009;2005
1796;1808;1801
1795;1808;1796
1799;1801;1808
1502;1515;1499
1501;1499;1515
1504;1500;1516
1501;1516;1500
1501;1515;1516
1502;1511;1517
1502;1517;1515
1634;1633;1503
1635;1630;1633
1635;1633;1634
1632;1629;1636
1636;1629;1630
1636;1630;1635
1631;1637;1782
1631;1632;1637
1790;1782;1637
1638;1637;1632
1638;1632;1636
1784;1809;1786
1784;1789;1809
1786;1810;1787
1787;1810;1794
1810;1786;1809
1811;1809;1789
1790;1812;1789
1790;1637;1812
1811;1789;1812
1791;1794;1813
1791;1813;1798
1813;1794;1814
1814;1794;1810
1795;1798;1815
1795;1815;1808
1815;1798;1816
1816;1798;1813
1799;1808;1817
1799;1817;1805
1817;1808;1818
1818;1808;1815
1807;1819;1820
1819;1807;1806
1504;1518;1503
1634;1503;1518
1519;1518;1504
1519;1504;1516
1821;1822;1823
1820;1824;1823
1819;1824;1820
1821;1823;1824
1803;1805;1825
1803;1825;1806
1826;1825;1805
1826;1805;1817
1819;1806;1827
1819;1827;1824
1827;1806;1828
1828;1806;1825
1520;1515;1517
1420;1415;1417
1420;1511;1415
1421;1416;1419
1421;1417;1416
1421;1521;1417
1420;1417;1521
1522;1523;1524
1508;1525;1510
1524;1526;1507
1523;1526;1524
1508;1507;1526
1508;1526;1525
1527;1528;1529
1529;1530;1522
1528;1530;1529
1523;1522;1530
1512;1510;1531
1531;1510;1525
1514;1532;1419
1421;1419;1532
1421;1532;1521
1420;1521;1533
1420;1533;1511
1511;1533;1517
1531;1534;1512
1513;1512;1534
1513;1534;1514
1534;1535;1514
1535;1532;1514
1531;1525;1536
1531;1536;1534
2010;2011;2012
2013;2014;2015
2016;2017;2018
2019;2020;2021
2014;2022;2019
2013;2022;2014
2020;2019;2022
2023;2024;2025
2024;2026;1992
2023;2026;2024
1993;1992;2026
2021;2027;2025
2020;2027;2021
2023;2025;2027
1993;2026;2028
1993;2028;1995
2029;2004;1995
2029;1995;2028
2007;2030;1996
1998;2000;2031
2031;2009;1998
2001;2003;2032
2000;2001;2032
2000;2032;2031
2003;2004;2032
2029;2033;2004
2034;2004;2033
2034;2032;2004
2005;2035;2008
2005;2009;2035
2030;2007;2036
2006;2036;2007
2008;2036;2006
2008;2035;2036
2037;2035;2009
2009;2031;2037
1520;1537;1515
1519;1516;1537
1516;1515;1537
1538;1517;1533
1520;1517;1538
1520;1538;1539
1539;1537;1520
1639;1634;1518
1634;1640;1635
1639;1640;1634
1638;1636;1641
1636;1635;1641
1641;1635;1640
1812;1637;1642
1638;1642;1637
1638;1641;1642
1810;1809;1829
1809;1811;1829
1814;1810;1829
1811;1812;1830
1812;1642;1830
1811;1830;1829
1814;1831;1813
1814;1829;1831
1813;1831;1816
1816;1832;1815
1816;1831;1832
1815;1832;1818
2018;2038;2015
2017;2038;2018
2013;2015;2038
2012;2039;2016
2011;2039;2012
2017;2016;2039
1818;1833;1817
1818;1832;1833
1826;1817;1833
1519;1540;1518
1639;1518;1540
1519;1537;1540
1822;1834;1835
1821;1834;1822
1836;1837;1835
1836;1835;1834
1838;1837;1839
1836;1839;1837
1840;1838;1841
1839;1841;1838
1842;1843;1840
1842;1840;1841
2040;2041;2042
1843;1844;1845
1842;1844;1843
1846;2042;1845
1846;1845;1844
2040;2042;1846
1821;1824;1847
1821;1847;1834
1847;1824;1848
1848;1824;1827
1849;1834;1847
1826;1850;1825
1826;1833;1850
1828;1825;1850
1828;1851;1827
1828;1850;1851
1827;1851;1848
2043;2044;2045
2046;2047;2048
2045;2049;2048
2044;2049;2045
2046;2048;2049
2050;2051;2052
2047;2053;2050
2046;2053;2047
2051;2050;2053
1541;1542;1527
1528;1527;1542
1543;1544;1541
1544;1542;1541
1545;1521;1532
1545;1533;1521
1523;1530;1546
1523;1546;1526
1547;1525;1526
1547;1526;1546
1547;1536;1525
1528;1542;1548
1528;1548;1530
1546;1530;1549
1549;1530;1548
1535;1550;1532
1545;1532;1550
1545;1550;1551
1545;1551;1533
1538;1533;1551
1549;1552;1546
1546;1552;1547
1547;1552;1536
1536;1553;1534
1535;1534;1553
1535;1553;1550
1554;1536;1552
1554;1553;1536
2054;2055;2056
2055;2057;2010
2054;2057;2055
2011;2010;2057
2058;2059;2060
2060;2061;2056
2059;2061;2060
2054;2056;2061
2052;2062;2058
2051;2062;2052
2059;2058;2062
2011;2057;2063
2011;2063;2039
2013;2038;2064
2013;2064;2022
2017;2039;2065
2017;2065;2038
2066;2064;2038
2066;2038;2065
2020;2022;2067
2020;2067;2027
2067;2022;2068
2064;2068;2022
2027;2069;2023
2023;2069;2026
2070;2028;2026
2070;2026;2069
2069;2027;2071
2067;2071;2027
2070;2072;2028
2028;2072;2029
2029;2072;2033
2033;2072;2073
2074;2030;2036
2037;2031;2075
2034;2075;2032
2031;2032;2075
2034;2076;2075
2034;2033;2076
2073;2076;2033
2036;2077;2074
2035;2077;2036
2035;2037;2077
2037;2075;2077
1539;1555;1537
1555;1540;1537
1538;1551;1556
1539;1538;1556
1539;1556;1555
1639;1643;1640
1639;1540;1643
1640;1644;1641
1640;1643;1644
1642;1645;1830
1642;1641;1645
1645;1641;1644
1643;1540;1646
1555;1646;1540
1831;1829;1852
1829;1830;1852
1853;1852;1830
1853;1830;1645
1831;1854;1832
1854;1831;1852
1855;1833;1832
1855;1832;1854
2065;2039;2078
2078;2039;2063
1833;1856;1850
1855;1856;1833
2079;2080;2081
2081;2082;2043
2080;2082;2081
2044;2043;2082
2083;2084;2085
2084;2086;2079
2083;2086;2084
2080;2079;2086
2041;2087;2085
2040;2087;2041
2083;2085;2087
1836;1834;1857
1836;1857;1839
1849;1857;1834
1841;1839;1858
1839;1857;1858
1842;1841;1859
1842;1859;1844
1841;1858;1859
2040;1846;1860
2040;1860;2087
1844;1861;1846
1844;1859;1861
1860;1846;1861
1848;1862;1847
1848;1851;1862
1847;1862;1849
1849;1863;1857
1849;1862;1863
1850;1864;1851
1864;1850;1856
1862;1851;1865
1865;1851;1864
2044;2082;2088
2044;2088;2049
2089;2049;2088
2046;2049;2090
2046;2090;2053
2090;2049;2089
2051;2053;2091
2051;2091;2062
2092;2091;2053
2092;2053;2090
1548;1542;1557
1544;1558;1542
1557;1542;1558
1559;1560;1561
1561;1562;1543
1560;1562;1561
1544;1543;1562
1544;1562;1558
1563;1564;1559
1560;1559;1564
1565;1566;1563
1566;1564;1563
1557;1567;1548
1548;1567;1549
1549;1567;1552
1550;1553;1568
1568;1551;1550
1568;1569;1551
1569;1556;1551
1567;1570;1552
1554;1552;1570
1554;1570;1571
1554;1571;1553
1571;1568;1553
2054;2061;2093
2054;2093;2057
2063;2057;2094
2094;2057;2093
2062;2095;2059
2059;2095;2061
2093;2061;2096
2096;2061;2095
2095;2062;2097
2097;2062;2091
2094;2098;2063
2078;2063;2098
2066;2099;2064
2064;2099;2068
2078;2100;2065
2078;2098;2100
2066;2065;2100
2066;2100;2099
2068;2101;2067
2068;2099;2101
2071;2067;2101
2071;2102;2069
2071;2101;2102
2070;2069;2102
2070;2102;2072
2103;2101;2099
2073;2072;2104
2102;2104;2072
2073;2105;2076
2073;2104;2105
2106;2074;2077
2077;2107;2106
2075;2107;2077
2076;2107;2075
2076;2105;2107
1555;1556;1647
1647;1646;1555
1569;1572;1556
1572;1647;1556
1648;1646;1647
1644;1643;1649
1643;1646;1649
1853;1645;1650
1645;1644;1650
1650;1644;1649
1651;1649;1646
1648;1651;1646
1852;1866;1854
1853;1866;1852
1853;1650;1866
1855;1854;1867
1855;1867;1856
1854;1866;1867
1856;1868;1864
1856;1867;1868
2080;2086;2108
2080;2108;2082
2088;2082;2109
2109;2082;2108
2083;2087;2110
2083;2110;2086
2108;2086;2111
2111;2086;2110
2110;2087;1869
1869;2087;1860
1863;1870;1857
1858;1857;1870
1871;1859;1858
1871;1858;1870
1871;1872;1859
1861;1859;1872
1860;1861;1873
1861;1872;1873
1869;1860;1873
1863;1862;1874
1874;1862;1865
1870;1863;1875
1874;1875;1863
1865;1864;1876
1868;1876;1864
1874;1865;1877
1876;1877;1865
1652;1653;1654
1655;1656;1652
1653;1652;1656
1657;1656;1655
1658;1657;1655
2109;2112;2088
2088;2112;2089
2089;2113;2090
2089;2112;2113
2090;2113;2092
2092;2114;2091
2092;2113;2114
2097;2091;2114
1557;1558;1573
1557;1573;1567
1574;1558;1562
1574;1573;1558
1560;1564;1575
1560;1575;1562
1574;1562;1575
1659;1576;1577
1576;1578;1565
1659;1578;1576
1566;1565;1578
1654;1660;1661
1653;1660;1654
1662;1663;1577
1659;1577;1663
1661;1664;1662
1664;1661;1660
1664;1663;1662
1575;1564;1579
1568;1571;1580
1569;1568;1580
1569;1580;1572
1571;1570;1581
1581;1580;1571
1665;1572;1580
1573;1582;1567
1570;1567;1582
1582;1581;1570
1566;1578;1583
1566;1583;1564
1579;1564;1583
2096;2115;2093
2093;2115;2094
2094;2115;2098
2097;2116;2095
2097;2114;2116
2096;2095;2116
2096;2116;2115
2117;2100;2098
2118;2098;2115
2117;2098;2118
2099;2100;2119
2117;2119;2100
2103;2099;2119
2102;2120;2104
2101;2120;2102
2103;2120;2101
2103;2119;2120
2105;2121;2107
2105;2122;2121
2104;2122;2105
2104;2120;2122
2123;2106;2107
2107;2121;2123
1665;1666;1572
1666;1647;1572
1648;1647;1666
1648;1667;1651
1648;1666;1667
1668;1649;1651
1650;1669;1866
1650;1649;1669
1668;1669;1649
1668;1651;1670
1670;1651;1667
1867;1866;1878
1669;1878;1866
1879;1867;1878
1879;1868;1867
1876;1868;1880
1879;1880;1868
2111;2124;2108
2109;2108;2124
2109;2124;2112
1869;1881;2110
1869;1873;1881
2110;1881;2111
2111;1881;2124
1871;1882;1872
1870;1875;1882
1871;1870;1882
1872;1882;1883
1873;1883;1881
1873;1872;1883
1884;1881;1883
1875;1874;1885
1877;1885;1874
1875;1886;1882
1885;1886;1875
1877;1876;1887
1880;1887;1876
1877;1888;1885
1887;1888;1877
1665;1671;1666
1653;1656;1672
1653;1672;1660
1673;1672;1656
1674;1675;1676
1657;1677;1656
1673;1656;1677
1676;1678;1658
1675;1678;1676
1657;1658;1678
1657;1678;1677
2125;2112;2124
2126;2113;2112
2112;2125;2126
2114;2113;2127
2114;2127;2116
2113;2126;2127
1579;1584;1575
1574;1575;1584
1574;1584;1573
1585;1573;1584
1585;1582;1573
1659;1663;1679
1659;1679;1578
1583;1578;1680
1680;1578;1679
1672;1681;1660
1679;1663;1682
1664;1660;1683
1664;1683;1663
1683;1660;1681
1683;1682;1663
1680;1684;1583
1579;1583;1684
1579;1684;1584
1585;1586;1582
1582;1586;1581
1581;1586;1685
1685;1580;1581
1665;1580;1685
1665;1685;1671
1686;1671;1685
1686;1685;1586
2127;2128;2116
2115;2116;2129
2128;2129;2116
2118;2115;2129
2117;2130;2119
2118;2129;2130
2118;2130;2117
2119;2131;2120
2119;2130;2131
2122;2120;2132
2131;2132;2120
2133;2123;2121
2121;2134;2133
2122;2134;2121
2122;2132;2134
1682;1687;1679
1680;1679;1687
1680;1687;1684
1671;1688;1666
1688;1667;1666
1688;1689;1667
1667;1689;1670
1878;1669;1889
1668;1889;1669
1670;1889;1668
1690;1670;1689
1690;1889;1670
1879;1878;1890
1889;1890;1878
1880;1879;1890
1891;1887;1880
1891;1880;1890
2124;1881;1892
1884;1892;1881
2125;2124;1892
1883;1882;1893
1886;1893;1882
1884;1883;1893
1884;1894;1892
1894;1884;1893
1886;1885;1895
1888;1895;1885
1896;1893;1886
1896;1886;1895
1887;1897;1888
1891;1897;1887
1898;1895;1888
1898;1888;1897
1671;1691;1688
1691;1671;1686
1673;1692;1672
1672;1692;1681
1693;1694;1674
1695;1694;1693
1675;1674;1694
1677;1696;1673
1673;1696;1692
1675;1694;1697
1675;1697;1678
1698;1677;1678
1698;1678;1697
1698;1696;1677
2125;1892;2135
2125;2135;2126
2136;2127;2126
2126;2135;2136
2128;2127;2136
1699;1687;1682
1681;1700;1683
1683;1700;1682
1699;1682;1700
1700;1681;1701
1692;1701;1681
1684;1702;1584
1585;1584;1702
1585;1702;1586
1703;1586;1702
1703;1686;1586
1687;1704;1684
1704;1702;1684
1704;1705;1702
1703;1702;1705
1703;1705;1706
1703;1706;1686
1686;1706;1691
2128;2137;2129
2128;2136;2137
2129;2138;2130
2137;2138;2129
2139;2131;2130
2139;2130;2138
2131;2140;2132
2140;2131;2139
2132;2141;2134
2141;2132;2140
2134;2142;2133
2134;2141;2142
1699;1707;1687
1704;1687;1707
1704;1707;1705
1701;1708;1700
1699;1700;1708
1699;1708;1707
1709;1706;1705
1691;1710;1688
1689;1688;1710
1711;1689;1710
1690;1689;1711
1890;1889;1899
1690;1711;1899
1690;1899;1889
1900;1890;1899
1891;1890;1900
1891;1900;1897
1712;1695;1693
1695;1712;1713
1894;1901;1892
2135;1892;1901
1896;1902;1893
1894;1893;1902
1894;1902;1901
1896;1903;1902
1898;1903;1895
1896;1895;1903
1898;1904;1903
1898;1897;1904
1897;1900;1904
1709;1714;1706
1691;1714;1710
1706;1714;1691
1715;1705;1707
1709;1705;1715
1709;1715;1716
1709;1716;1714
1692;1696;1717
1701;1692;1717
1718;1717;1696
1695;1713;1719
1695;1719;1694
1697;1694;1720
1719;1720;1694
1720;1721;1697
1698;1697;1721
1698;1721;1696
1696;1721;1718
2136;2143;2137
2135;1901;2143
2135;2143;2136
1708;1722;1707
1722;1715;1707
1701;1723;1708
1717;1723;1701
1708;1723;1722
2137;2144;2138
2144;2137;2143
2138;2145;2139
2138;2144;2145
2139;2146;2140
2146;2139;2145
2140;2147;2141
2147;2140;2146
2148;2142;2141
2147;2148;2141
1724;1710;1714
1710;1724;1711
1905;1711;1724
1711;1905;1899
1906;1904;1900
1900;1899;1906
1906;1899;1905
1725;1713;1712
1726;1713;1725
1727;1719;1713
1726;1728;1713
1728;1727;1713
1901;1907;2143
1901;1902;1907
1908;1907;1902
1908;1902;1903
1903;1909;1908
1909;1903;1904
1910;1909;1904
1910;1904;1906
1729;1724;1714
1716;1729;1714
1730;1718;1721
1731;1729;1716
1731;1716;1732
1722;1732;1715
1715;1732;1716
1733;1718;1730
1718;1734;1717
1733;1734;1718
1717;1734;1723
1723;1735;1722
1722;1735;1732
1723;1734;1735
1727;1736;1719
1719;1736;1720
1720;1737;1721
1736;1737;1720
1730;1721;1737
1738;1736;1727
1911;2144;2143
1911;2143;1907
2144;2149;2145
2149;2144;1911
2145;2150;2146
2150;2145;2149
2151;2147;2146
2150;2151;2146
2152;2148;2147
2151;2152;2147
1729;1912;1724
1724;1912;1905
1912;1913;1905
1910;1906;1913
1906;1905;1913
1726;1739;1728
1726;1725;1740
1726;1740;1739
1728;1741;1727
1738;1727;1741
1739;1742;1728
1728;1742;1741
1907;1914;1911
1907;1908;1914
1908;1915;1914
1909;1915;1908
1909;1916;1915
1910;1916;1909
1910;1913;1916
1912;1729;1917
1731;1917;1729
1730;1737;1743
1730;1743;1733
1731;1918;1917
1731;1732;1918
1918;1732;1744
1735;1744;1732
1733;1743;1745
1733;1745;1734
1746;1744;1735
1745;1746;1734
1734;1746;1735
1738;1747;1736
1736;1747;1737
1747;1743;1737
1748;1738;1741
1738;1748;1747
1749;1743;1747
1911;1919;2149
1919;1911;1914
2149;1920;2150
1920;2149;1919
2153;2151;2150
1920;2153;2150
2154;2152;2151
2153;2154;2151
1921;1916;1913
1917;1921;1912
1913;1912;1921
1750;1742;1739
1740;1751;1739
1750;1739;1751
1752;1742;1750
1741;1742;1753
1748;1741;1753
1752;1754;1742
1742;1754;1753
1922;1919;1914
1922;1914;1915
1915;1923;1922
1923;1915;1916
1924;1923;1916
1921;1924;1916
1925;1924;1921
1917;1925;1921
1918;1925;1917
1749;1755;1743
1743;1755;1745
1926;1925;1918
1744;1926;1918
1926;1744;1756
1746;1756;1744
1757;1756;1746
1757;1745;1755
1745;1757;1746
1748;1753;1758
1749;1747;1758
1748;1758;1747
1749;1758;1759
1749;1759;1755
1919;1927;1920
1927;1919;1922
1928;2153;1920
1928;1920;1927
1929;2154;2153
1928;1929;2153
1751;1760;1750
1750;1760;1752
1761;1752;1760
1752;1761;1754
1754;1762;1753
1753;1762;1758
1761;1763;1754
1754;1763;1762
1930;1927;1922
1930;1922;1923
1931;1930;1923
1931;1923;1924
1932;1931;1924
1924;1925;1932
1933;1932;1925
1926;1933;1925
1759;1764;1755
1755;1764;1757
1934;1933;1926
1756;1934;1926
1765;1934;1756
1764;1765;1757
1757;1765;1756
1762;1766;1758
1758;1766;1759
1767;1759;1766
1759;1767;1764
1927;1935;1928
1935;1927;1930
1936;1929;1928
1935;1936;1928
1768;1762;1763
1762;1768;1766
1930;1937;1935
1937;1930;1931
1937;1931;1938
1932;1938;1931
1939;1938;1932
1933;1939;1932
1939;1933;1940
1934;1940;1933
1769;1764;1767
1764;1769;1765
1941;1940;1934
1941;1765;1769
1765;1941;1934
1770;1766;1768
1766;1770;1767
1771;1767;1770
1767;1771;1769
1935;1942;1936
1942;1935;1937
1937;1943;1942
1938;1943;1937
1938;1944;1943
1939;1944;1938
1939;1945;1944
1940;1945;1939
1940;1946;1945
1941;1946;1940
1946;1941;1772
1772;1769;1771
1769;1772;1941
% Data (solid.pmGp (N/m^2))
-154335.33317803332
-66393.41516469645
-155117.7190266392
-52299.77847019098
-114884.96788741069
-74654.50817483538
-73180.80476714984
-72092.45380637997
-164489.52188750703
-78493.71174885111
-165495.2166076699
-69441.34364265647
-81941.15747819342
-76193.00010893827
-70415.28503198145
-182716.5197421018
-66031.6276031903
-169475.66266094137
-69704.58206535513
-170500.9526429543
-74545.21864313104
-81844.85938259352
-86361.82760071568
-86296.45132802345
-90411.62493799778
-59165.11188595965
-77126.36486728114
-205286.66583256525
-85427.88306555671
-192504.44849245987
-72327.18181196289
-78519.42045938772
-82084.25239032075
-90092.20944925472
-93357.7759187061
-80438.087196287
-86714.34667023309
-219172.77671488127
-89903.1955209295
-205566.86561216143
-71433.57754226716
-83358.85858358565
-82772.90229542443
-88186.34630931208
-206701.90412315782
-93452.79704864777
-219401.5579112781
-75689.92611210082
-244950.3355823429
-102917.97141624097
-210788.61047572794
-83569.51367929128
-86738.47695587324
-86628.8461385046
-90306.64476621643
-257015.39395367433
-111490.27757439211
-236509.04474687824
-84988.18148875995
-91752.87590598963
-91093.06273690224
-93066.7282864417
-93428.39924196525
-240946.65281057163
-89152.42923774333
-117320.84486343533
-250699.02281107006
-262658.37896863546
-101519.28217234442
-132273.14515563156
-282383.41383093246
-94040.94453890827
-99909.67060197967
-99535.14548916489
-97511.34133874906
-101021.54998613967
-101485.58407157211
-104411.49896876921
-263517.5152310761
-100378.44457757023
-104986.42195743269
-106921.1232625
-259092.67909229244
-111140.43772499858
-277336.36221631715
-93967.95674076238
-117906.56074017119
-258798.82118219533
-134929.27797942242
-285170.4086119694
-299221.1631179857
-269459.90466329246
-108062.33602747547
-104919.34623851793
-108555.21625630026
-106871.422602036
-105600.09501508297
-109231.1144532602
-109970.22577781545
-108228.32233794044
-268733.8226062315
-119264.10366847694
-121735.33461369136
-269209.9153545401
-112589.16437347428
-113618.45115232679
-116411.50030712869
-261591.46322144583
-122135.88862392321
-264939.77982848574
-112664.81801335856
-112442.67782104334
-128792.85311684138
-266334.0840600568
-271620.24644722935
-61250.82481878711
-58918.69169105085
-78180.88922569771
-141881.69420662633
-174456.35277585316
-86843.29685009622
-213036.65493803637
-87570.29148687153
-100572.95694857227
-113699.80460959591
-283788.0702945914
-128033.77020565004
-275418.8700372375
-298117.5189960254
-122745.3171758393
-273109.9154060497
-96600.86933426012
-288544.8614497261
-129183.88515172902
-264613.75909165246
-112459.51295002413
-113469.7503567705
-118078.5359280774
-115036.75109003624
-115940.19075285908
-116932.73548696288
-115306.45324152293
-57818.55209863933
-71287.71321160684
-66856.16785993436
-56816.25090937444
-127637.82331775497
-250903.78428394496
-239723.58853014253
-99441.30638524018
-106812.75050172693
-101978.04802497872
-114567.50189720996
-108389.07793605638
-84634.30000403032
-102871.38869459787
-94947.3576069015
-116359.97540739691
-117535.39843844886
-116139.77367962115
-118099.46045629575
-116257.80532133668
-119149.79496011611
-118233.70167543614
-118483.99890401452
-119111.93847076618
-119004.77935714842
-56136.152173825285
-68634.52081505136
-83474.45978925758
-55212.84839144206
-62417.00265609399
-54352.29739255528
-114673.94387413224
-111128.36099349323
-116032.37333938606
-112700.55196106104
-107251.1673011393
-96964.94835884361
-117603.72514301586
-118936.06173996232
-72385.45071196656
-80026.81694288788
-116086.63695841594
-91300.04471705703
-100758.60731704369
-96462.04165203004
-100013.92259149831
-95345.33512144246
-100636.32661585852
-105298.70597150596
-106740.96592494613
-110560.08087091072
-110981.11883739887
-115940.9067976671
-103941.0630515601
-108125.77273516772
-97216.71677606922
-117150.15219503312
-121167.60217777756
-121251.60861901562
-126712.82866650261
-127240.90338292575
-131850.06484485476
-114218.01348201308
-99130.77761968775
-117798.9374354146
-109597.50676702999
-124105.76082162163
-131436.6705361212
-137163.01944588454
-137400.059515024
-142116.54338784848
-101826.96583961496
-118811.66359453043
-110521.17524001747
-127213.08473500745
-133652.3516026128
-150954.4891133212
-156170.74478685675
-151701.24684694954
-158852.33699864298
-164282.67895213992
-160352.0709082099
-153466.56334637833
-160664.3768020835
-147087.3001123936
-146434.68826665208
-141258.6085927365
-146124.97569159066
-126740.96888551004
-105886.43174357951
-116969.00538311321
-110293.22767891466
-140104.04112368947
-133972.69494248636
-159640.47437454844
-153385.31899965744
-148085.27983687166
-154699.56983883237
-139980.01765101874
-128946.311476179
-120585.80884935087
-111606.0745400667
-113794.19688472121
-146513.29995874732
-117657.77899431442
-126912.72152441526
-160240.78500842993
-115324.22994579888
-118701.60452123798
-152444.87900276095
-136587.90095185407
-119763.1685728556
-143450.49825455708
-126099.8338864754
-134356.35120079573
-156911.11657457476
-148927.3778299478
-124005.43374813035
-119575.53233074113
-117201.44698162407
-119818.51703775763
-140612.03420703378
-131951.0886727385
-149522.51563081844
-128467.90861381688
-123487.37145197521
-62921.948150832024
-59410.85163079121
-53763.79002765412
-124642.6404500304
-119992.65487175056
-122097.82410431256
-119395.34662514963
-139350.25862283338
-132941.2540829517
-53200.33071885477
-60425.814757257285
-57771.44937755358
-52881.913191170905
-146458.77502613768
-129153.53851591273
-127006.0765530053
-72228.7331492616
-66966.03936257445
-113475.69199521969
-107830.04389825341
-123630.90538476761
-118794.26590382957
-120369.96074532942
-137017.43239483476
-82866.34458804468
-77291.57984779957
-68561.84344529016
-64260.783330451515
-52607.77766184786
-58811.394356147845
-52554.13352290475
-56735.87838158001
-132687.4342059685
-114947.99513535279
-94945.5072490038
-120399.27587329688
-123746.08035050415
-128174.45102299168
-52610.43154973577
-57984.12187194425
-52773.54992056405
-56426.734306830724
-109061.9671731852
-102633.32114411591
-117838.0040475072
-89343.6330833288
-82570.76886108666
-73484.77935093467
-65894.1441021538
-62615.43913860736
-112183.4846341154
-99747.07862173044
-106724.58899400407
-115787.898703937
-118978.27633334154
-124179.72757422706
-57766.27793146423
-53628.632711617625
-56801.271418581986
-53040.51762159872
-64328.47301326379
-61611.07292894848
-90850.76379862096
-81346.02257546467
-71300.40725044018
-54167.35712191145
-58229.96562784451
-54869.593496448564
-57626.46937463718
-109144.80649960156
-100176.71674477044
-112934.33525328453
-117260.54139176599
-61529.90157066032
-63667.661462109085
-69181.42880028494
-56574.22527190993
-58915.70766210478
-55732.00058292737
-58735.26257458242
-60702.895730418015
-57646.68943190046
-60705.48377513011
-89922.44988824704
-79669.88745386736
-59269.84689121683
-63418.43043265438
-61945.16062663862
-64021.62025923534
-62919.246240645916
-65010.07118115147
-105828.04156803731
-98241.32485265259
-68501.66618763139
-93279.6831602806
-75459.64780543679
-84357.21434961395
-68268.15493732566
-68657.22957439694
-76044.51354442134
-167890.772524689
-165354.86195901845
-171231.43576182946
-166766.74211239538
-174164.77610812837
-171172.90279369694
-176830.61158024738
-171584.88057905115
-179124.05514806334
-175445.69089366103
-181070.92812723838
-164805.46248057057
-164550.39158426595
-168911.80533170266
-175139.18232241314
-182633.97962102317
-178595.98690051836
-183900.50287876095
-181384.16810348842
-185541.10731749216
-185340.77712607323
-184779.00412483982
-179698.48853543124
-178018.7193200932
-160583.44825547552
-167568.89544143208
-170882.29617893783
-179271.45211857045
-185421.76598265453
-180898.3855993903
-185008.18346513374
-174688.50394397762
-171994.74786675503
-178371.4579082175
-184298.9541725088
-155252.7309880759
-161886.26089266888
-165737.55664931168
-174158.21139343793
-171922.59231590963
-165003.3976734476
-171450.63369122145
-179159.0298348553
-183229.67833881977
-181968.81806875966
-176846.89674766752
-180438.0244862983
-176494.6313603592
-173077.0780968453
-155038.4858664627
-144687.7957973827
-165776.2907662391
-157641.42562319487
-173819.22723665528
-168016.88237653457
-164487.23127472145
-138649.61352859432
-171101.34125501165
-169939.36635265982
-167425.06380983136
-163048.41706229892
-147080.49702241324
-154179.44795418772
-132186.6308114312
-128096.83421383037
-160780.4397090724
-154723.51790300247
-139299.1614536306
-155376.08310398916
-144930.012878067
-134391.90836702505
-121953.84075413829
-127988.35867132334
-150858.53378748684
-147120.79640894427
-136144.77395138174
-126869.99865094502
-109842.43289503323
-115333.0520028953
-119045.86804450599
-61123.41166828908
-62753.376519594305
-59943.54361733663
-62496.85703910001
-64136.286544904775
-62558.69875477974
-64601.291386363344
-63818.36741760179
-65133.32711743955
-65892.45151504887
-142074.36157675736
-66238.17088960789
-69268.54557700074
-131288.10146594333
-101559.87734049301
-92355.60073985903
-121347.83317174902
-109223.10072351852
-114031.06980893738
-74295.11040745628
-66816.4806099393
-67660.34300998446
-65359.4357198111
-67047.30647012769
-67927.63011057695
-67774.07262457213
-70287.1176795342
-82573.68989947371
-76349.45643082396
-74201.29785531426
-123763.38313711491
-69825.29329960632
-70036.73092625385
-68321.02862246364
-69634.5892114952
-70472.90755347014
-99862.94754693063
-91838.19294226576
-113386.28162900973
-106293.545367898
-69825.74837441348
-84543.46653613615
-72331.64227557929
-71478.89571940187
-71694.71925241905
-75618.43190767149
-79627.8255934469
-108572.37729712637
-73411.64625029945
-72039.66343864857
-72446.14408420968
-89842.1155520014
-97451.36401539475
-104440.96341631928
-85735.4110331639
-74385.91115712396
-74984.71427365755
-73031.20128676169
-73387.82601108795
-77409.07212424604
-81284.65282259996
-104448.19844138573
-77489.63095551846
-75289.42518479345
-91575.2111725866
-98026.47042991889
-74666.540303206
-75193.847010194
-76328.44886886518
-76254.4740037787
-76841.20972563262
-79528.94757373705
-79348.0474259639
-77938.66449940627
-78152.1337741045
-86423.84392235691
-77355.56706225559
-82096.69051006185
-79897.30974471786
-91426.94481885369
-77620.98679504286
-81178.0605128495
-80996.85226939876
-82805.53217059826
-82320.82396133975
-80221.56047112828
-79369.22966704248
-79494.25773169691
-81556.50478850272
-81793.69575434277
-86971.455892997
-80531.73514865318
-83740.85626219542
-83353.00305505967
-178679.4767050304
-173731.25385839917
-176634.13960679542
-170252.39950338198
-174481.01589521556
-164400.04007369967
-169662.58931648574
-172048.34569905812
-165975.51582353242
-169525.17059894485
-164791.27326829624
-159740.23905888514
-160983.53844818124
-163961.05700856188
-157501.8174346424
-166806.59700633693
-161050.08372997792
-164846.67346065756
-160215.59496921068
-160691.44766780298
-155736.55201818168
-157925.91493210007
-153821.2987980808
-154707.322034183
-155787.82329821613
-156457.6842740768
-147733.8390390792
-148160.5654305707
-151462.24116129839
-150073.22766500205
-153816.40422932987
-148823.97826420303
-151775.71354639632
-150635.36153775398
-143561.06286538954
-144759.1269501263
-149645.21292668587
-144838.9952480468
-147115.39232566068
-147012.87573406534
-147495.53392747854
-140141.26423737977
-140997.81908589526
-141290.08106790812
-140063.60369036123
-137845.43034535588
-134402.553385257
-137065.65356833886
-138470.80981084166
-140038.21893138735
-139822.02719469447
-133670.25579458344
-131277.8504201979
-130554.76863778099
-134308.4813470508
-132206.15352185085
-134079.6484172469
-128277.62941775029
-130986.63731648785
-127041.54880674322
-123622.96538793757
-115610.68641181501
-128999.05281703615
-128515.11288817103
-123246.4298032119
-124126.50331307
-119048.84505948803
-112272.03960737407
-107977.95826400102
-122210.17695481786
-117800.06444063636
-101464.99317073077
-116544.65576936772
-105958.65966976997
-109327.35520059077
-114254.20140561984
-95618.67448510935
-97391.70104495077
-100683.50154056544
-108623.32895466234
-102520.72372831883
-103173.97195341217
-85981.72445683018
-85321.53064298109
-84370.8258982197
-83905.36977596747
-82875.97032201599
-87571.67794466934
-86783.71288433566
-82787.1474587738
-83734.80085552829
-96366.07017560615
-93730.12667206045
-90622.21666794438
-96647.47810289661
-97881.2854122393
-84313.55235367977
-89087.76878605994
-88180.40972997792
-91122.42952498831
-90651.6946783928
-92156.87767471047
-89599.66596555432
-85501.68510143917
-83679.48261885342
-88125.09274064908
-85896.26584421929
-86839.04399480062
-86805.4367698606
-85453.09966932079
-85401.41793275886
-85182.46124460595
-92859.00730594198
-90391.08415843175
-88098.30186655004
-86945.99134756236
-93998.96103147577
-93598.24756569508
-95097.27531731852
-92370.76401964553
-94925.98980610441
-96459.2917705254
-90917.28082942186
-92635.20937594403
-93558.05133997103
-90654.6618657154
-89281.37390169708
-87206.52285858046
-88006.96672226454
-86707.71163499646
-100525.5664573891
-98697.00465727894
-99258.40169002733
-97428.27419532069
-97896.72592621464
-96320.12036247119
-89624.72353385373
-88072.11762208729
-87520.26871254323
-87724.35765189822
-93285.8644337548
-91820.80539282139
-90126.5675133565
-94501.58206739528
-96001.08365804651
-97346.11309139815
-89001.98527694041
-89844.13414219531
-88772.16127475661
-87939.43567199528
-99703.81674822351
-101819.7995125794
-97968.12350156567
-87766.15974726465
-88012.99444325543
-87270.73846328075
-92373.95982923084
-90504.80697906257
-89374.25042928805
-94242.09759587141
-96124.94271277993
-97147.8160297868
-98834.51473938416
-103072.24517450963
-100727.33531641995
-102220.06942191873
-104229.882171489
-105386.32975054753
-102845.05566426103
-88253.03928532056
-92031.32300048739
-89991.08533708272
-94890.47110112109
-100093.69688805504
-97170.92584403248
-134313.75559311302
-127743.23421778977
-127251.76628883973
-130803.18520993723
-123963.51489343315
-123707.83923458315
-126004.63025465974
-120997.1566189569
-120115.75972832575
-117223.91099259435
-116604.25126119629
-119704.1052392184
-122133.13905870002
-107319.01287200725
-105987.42203506501
-109503.22130776953
-114080.26295659342
-113001.6168248197
-110616.75637926352
-116007.74776587631
-113351.89225989429
-117449.80497024904
-100618.23251346743
-99008.37914559222
-102452.47273890777
-97345.8396832984
-95511.35871444759
-94005.8750717231
-92114.05076367046
-103981.65198620154
-106900.28918082513
-109753.4149651439
-111656.51456474733
-100626.3046093246
-103436.37559773128
-105796.42301317862
-111509.62597518742
-97426.37002963552
-94385.09078712184
-87099.5217799632
-85338.92759555347
-88678.72406439902
-90748.7867761863
-84061.69098719198
-80676.29964489808
-82002.874994069
-106837.21556651159
-100019.30958127484
-103886.56998278627
-100808.26925489794
-95015.95419542164
-91787.19879809508
-87084.09645335702
-97820.24520491791
-82688.93224236193
-78769.34624785058
-95278.59106195094
-97153.64683079567
-80439.04643016974
-89833.8322397685
-84111.15563984869
-90912.3455433501
-93455.01623133979
-92297.01565729186
-79747.37665515041
-84277.82169280028
-89595.70999408134
-86614.36104929024
-88642.79524234083
-87066.43860371006
-86550.01206474191
-77868.28140083021
-80765.60265834736
-85451.01980599537
-83355.26233886842
-85681.07679783493
-106542.7780329197
-104517.40591772618
-86241.10425697816
-88045.87784818222
-83381.45732049171
-83016.42298937071
-74966.77026137018
-77992.77318659775
-80863.56436761243
-107597.37534260174
-105048.71460331467
-106729.91628900691
-108641.60143355005
-107054.0210706832
-109588.37583768457
-83121.63021416176
-110604.40577472727
-107817.99851170072
-102548.58372514714
-100749.65721571248
-105792.41322303079
-104242.36649294008
-102686.86408411802
-84850.51264587871
-92448.26254024687
-90136.66347313212
-94923.57739832043
-98172.70251811668
-88277.16252516837
-79096.61598414737
-78892.06707759692
-72088.04798221118
-75743.51965209609
-108362.8321853055
-111425.52873509773
-80642.96018091078
-109809.57248703318
-112347.74285051496
-113120.47735306174
-109731.22844269243
-82108.11954744745
-105724.63339728815
-99922.26974807461
-103299.86992615867
-101348.96924908918
-85661.3642847294
-91985.36459654609
-95814.16171075871
-88512.6979423605
-75653.81079445437
-73461.47712779007
-106604.42080399797
-77410.5446568106
-111184.945123453
-113948.89596968067
-114596.1798852115
-111133.99957056281
-108315.68169737607
-106509.67855274661
-79989.44864239071
-84647.60463198963
-103007.75646506327
-97287.68908553132
-100024.6179109078
-93017.49450099935
-88590.39605711901
-103292.23478175176
-115326.26858884066
-112619.24659042436
-115941.97142214801
-112321.72414354647
-116520.69838322571
-113732.8550570641
-107851.36056972947
-109508.79660811326
-104413.1229749043
-83510.11327693371
-99088.18267400649
-94502.58390280222
-87990.28271478163
-117034.7623958125
-113347.95708697118
-100375.76548085109
-117569.66279593993
-114705.31466523526
-117983.23300862178
-108854.68269036128
-110463.08428794229
-105166.28463262618
-99383.49160917912
-94813.32908806107
-109669.74001366264
-105879.55459836347
-99524.53221355197
-77826.0155932162
-75443.67216285424
-78684.37733374213
-75097.20476115252
-72198.96833793476
-71584.83782639756
-69019.23928680678
-65865.08434261767
-65574.3123346532
-62765.5154743444
-69002.2363249634
-76753.97174955909
-73056.13225211612
-59554.50559726423
-56678.58475165767
-59694.05916006275
-63063.12107522156
-67147.16483598032
-70513.06762811312
-74269.61813389386
-53759.31875929048
-50760.48157993556
-53691.09692558596
-57259.09189931716
-64871.38629123501
-61610.58449462431
-51656.03271380777
-47862.68002317613
-68930.37226368868
-73226.816503374
-48266.484847873486
-45017.472155035306
-42201.806056115194
-42835.532116220005
-39449.1845617026
-46190.43085365283
-56107.86125611915
-59494.2793915707
-63853.75551226981
-50647.558259132085
-54182.6075582813
-69110.75777493423
-40886.34114512267
-36729.87587533769
-45501.674724827775
-48832.5008455
-37531.808782439526
-58712.045066706836
-63824.68738752739
-53813.661902527245
-66845.3645071432
-40478.22579440701
-43947.212576905
-48938.83736980233
-39208.09547825993
-60163.70621810142
-54258.03541169277
-69665.23044809485
-64401.00158388725
-44385.747433149314
-50962.368979510095
-40339.94760311028
-70663.98794307091
-71857.30809718004
-74852.13377978772
-58437.15992693939
-65751.09530129262
-46496.111237438854
-52907.88349976543
-40144.131156536256
-77548.80548207583
-72249.99914491616
-65834.8064941821
-68844.59240862093
-59919.0226221891
-47740.13325592184
-54324.84988756699
-114181.39482095944
-45271.9703437015
-81168.42887209081
-73026.52906741643
-87864.80632129456
-111274.47202490439
-66727.60369997633
-60745.83937020415
-52454.947587063034
-115466.06479549322
-118413.1621253206
-118731.88953870338
-114849.2499753411
-110223.21562381307
-111851.59449638137
-47072.59396285026
-82904.47970036835
-66923.27008527306
-75481.22860101021
-116015.514115805
-119077.27963012045
-119289.15527713514
-115281.82891380542
-93703.91670361365
-87682.06610954505
-93504.2099671518
-106392.97465357547
-55704.761998343034
-112264.13461643801
-110628.38918964782
-106743.18529257424
-119838.14417192388
-116688.25072418626
-119693.68959857772
-80903.40439689781
-60432.72924537285
-70946.917986527
-119553.72259173152
-116463.85489252426
-112485.57748111652
-110806.24209758993
-99456.09157259217
-88834.05786220447
-85853.33151497034
-93436.86483713116
-99529.66931846696
-115516.96036853206
-106773.76439112295
-101117.37337742987
-106933.76940099937
-110952.41811475817
-119936.044320271
-116715.41475827275
-119859.55501599728
-115597.59597054799
-93374.34023935384
-112665.46079110938
-119853.70958787434
-116597.27462782113
-119875.63317968343
-115612.1700058439
-75617.88852790596
-82806.14462365814
-63865.41380753904
-99115.4827240505
-101639.03531207587
-106970.70735384953
-112548.64704667196
-111059.55458593994
-89696.23918994002
-119689.12382174202
-115369.38808989967
-116278.48829183468
-119580.9433938192
-112285.47021787724
-110890.33408906583
-71180.40311875175
-79147.20678436274
-94335.76734779308
-100357.44514376135
-106584.84933562246
-110369.5184680017
-119326.05854792772
-114937.37042613106
-85022.99618876941
-111949.85553898216
-106322.26370679266
-119106.5330680331
-115810.93272573847
-92150.55068333732
-98845.22921916621
-105697.63945598892
-34056.180009622025
-35805.70341470324
-31427.160734771518
-32200.11015934012
-28856.82456822872
-30453.981756398774
-26322.674680137858
-23820.373271212495
-27530.670424828142
-24869.865478525076
-21383.557215229725
-35271.012425554254
-32016.793827226516
-36134.71357081536
-28600.21252776873
-23587.521087775276
-18977.838617604644
-20405.164469643256
-16643.8882623743
-19241.420498924832
-14322.469184741169
-15940.267236124733
-12074.978967764044
-14754.131610556955
-9855.458082293628
-33356.54705486264
-27709.741862394854
-24193.158078946977
-23062.64561141659
-19598.542612266912
-11640.082446834509
-7691.966271727863
-10515.762049293902
-5561.854994783025
-7182.015998624631
-3502.42182399722
-15429.19842854178
-18762.858135912167
-38879.307870163924
-29462.688935513102
-24486.79516241815
-14675.199676550576
-3316.3549820131243
504.8173237222774
-1461.5109851841717
-6614.946526978473
-11481.621847755137
-2694.3395354620707
2459.2323774965002
-20303.298771206144
-40996.903887835404
-30022.230801752576
-35241.63058463622
-26720.799660146797
199.5925909651889
-44781.699510417144
-16858.477363772072
-7783.545669482931
-11056.287536879961
-7371.913855467217
-3801.935199654212
909.6218882466062
-25583.60080749911
-34050.07781858173
-22155.037315693917
-30646.70528939171
-40021.39172949729
-49683.62726798849
-13212.608694613971
-3580.496074736642
-9797.186726184475
-18339.42116316919
-26292.5612530098
-34028.99945993231
-54336.6799027988
-43708.092002335274
-6265.872275869934
-13224.087391882556
-21819.057504426466
-33145.47985865492
-52661.39297051111
-59468.84829119214
-40894.48135510766
-12449.51601828935
-29403.980894595905
-18401.577601418514
-118786.66122341513
-114366.23534133195
-68150.32390326532
-58981.242219039006
-48722.92736114827
-74321.45379908236
-36308.05747456121
-24512.126483990123
-99932.4697520459
-111168.03789448414
-109851.30122234384
-82443.6754925754
-118456.08458539943
-115163.98684324305
-113575.28213439292
-118043.6875554513
-114368.58358996385
-117621.46458453237
-110770.27335936415
-109086.2323537163
-104760.85575187602
-91465.05479495913
-117112.03567032541
-112642.20782260793
-108380.45084174509
-63838.75912698033
-52449.92667619659
-72129.42003188924
-80266.5783914586
-42156.105927665936
-31455.53137614412
-97039.67202765755
-116610.80273693653
-113376.75956054256
-109802.19857421755
-115416.6366842696
-112204.10676582824
-116008.87624739256
-111553.00471485467
-104102.69765736054
-95487.61134428566
-88580.9254859761
-108768.30533703143
-107524.22126898782
-103122.26173300066
-42792.90473898824
-69444.83991569009
-52167.707929008684
-61538.199744075224
-34509.43332223822
-78509.53484779764
-114735.40470392529
-110320.75887885505
-114035.62496294473
-110839.31967151325
-107495.74149053975
-106364.01496107849
-94823.08268122633
-86683.43627397389
-69903.50977801486
-102191.7488379498
-95837.44058485786
-113262.82441373297
-108926.92062478392
-43945.61974429536
-58854.16238406531
-75876.38405983022
-106165.23494643661
-105008.00076285368
-109355.42444072373
-112484.45596522007
-100922.73633585172
-85882.22525998774
-64235.76481423088
-91921.87757938029
-110762.96054076793
-107625.08567673973
-111636.56697596576
-107252.19231939754
-104575.2063009453
-103628.92964925586
-50245.138629284935
-72232.8060848299
-99625.02727663315
-93754.75134000918
-80231.5669179758
-59406.03987392498
-66560.1356386273
-105884.40605084687
-109838.15769708973
-108876.33595607057
-105483.4658071466
-85306.16533701932
-102995.27974492835
-102013.1163016903
-97798.12016154604
-107850.21811019373
-91357.88388689935
-74974.75217736578
-101139.17243578554
-99837.45502265736
-81626.424465609
-95788.7807183402
-89400.45012567077
4330.60174615429
6191.25848368151
3805.8331620688477
7966.491911069999
9746.413166926432
7235.423209035847
11420.015170255689
4384.430014997428
7712.249067861258
13105.17860760619
-353.34782415741694
3002.815963633384
-298.7036545650018
10490.208814929487
14674.851561626907
16267.562611897394
13363.814945465454
17762.290663361073
10825.19708305324
2979.201360082666
5923.458031687253
-3275.0257821653568
20661.211944363546
19261.80287795789
16631.329076068105
13566.946537156153
22061.039211686668
16982.78280653794
23365.74562370894
18388.951761299897
21038.55009753817
24683.55502725556
8807.995706166956
5842.281302320612
-128.6738008836268
8466.032418860079
-8924.114756838668
11320.790447231218
13886.073294658674
21208.563821296844
25891.88125277389
16391.19460908932
2368.0677372861414
-5382.749985755446
4422.896797573304
-13536.813342221913
27110.913747054597
22838.127863536374
24672.120180629343
6862.602076317592
11216.300924444213
19683.61078018957
17612.846632784673
12821.43222768697
-6069.209887464754
608.3084503404478
-17823.78543459233
24030.075027785602
18518.08841160006
4732.259996966068
11917.2096101806
-8638.320207122695
-23546.82169132336
14299.224894522502
4022.4336496359897
-3858.233877131782
-31752.454171708272
-16892.48706415368
6286.641215621417
-5643.021042090485
-38428.8135756142
-28937.081225671864
-38829.32018061595
-16907.991758773554
-9378.080467448539
-317.9821857669986
-47851.43746215558
-28274.764292441716
-37242.54243846402
-18449.512177326793
-8213.40622310735
-103935.30727039438
-104326.07511837405
-106815.86027972656
-102430.93845824969
-105706.75184356577
-15042.13730741721
-62264.47104491732
-54201.256021965906
-100278.33590540498
-98960.62871025452
-42445.76836738684
-28388.83133898666
-50946.0341142941
-58444.99224657883
-6888.677909502411
-17582.10408482332
-104600.68492574978
-100893.1551540357
-97971.57688418782
-99465.28097998572
-103420.06397052247
-102239.88865046152
-71070.85341491915
-99742.20203922433
-96821.59084806082
-100990.42890160876
-95134.95832092197
-93790.15308526425
-93441.6432414328
-80183.21296442051
-88137.95993750857
-39420.70961287572
-28453.59941755247
-49116.921743411796
-55088.533090467376
-63792.636723761854
-99484.95843701334
-95929.73334990244
-72826.54224081748
-96748.49939855236
-94163.81435147999
-89645.82143864878
-91856.0976372104
-98430.90911787491
-94334.17932889887
-94277.93759195652
-97122.42892592994
-87047.6551207965
-81166.80047028673
-68635.29183956208
-29105.130752172983
-38255.98742449894
-47381.38034460022
-56707.31509902562
-91028.48814049485
-86964.69735416248
-83905.76505316935
-94389.3983879902
-91612.24413688268
-95751.48198464511
-91733.57642731699
-89575.97339811316
-89025.7444457186
-85275.07926774389
-91580.54501298197
-88820.7585904609
-92972.31758377653
-89004.93382069605
-74790.33746634939
-61435.85700391219
-36205.14747139799
-48685.80871932385
-76703.01039512285
-86920.9457517059
-86484.13002089989
-82985.73926738164
-76863.23240396168
-88704.7059589972
-85968.44332038127
-90125.18785726237
-86182.4410725858
-84115.70301895104
-83677.83184091237
-51519.23731173801
-64199.68200171057
-87238.03775132418
-80997.40155474728
-67066.83303997036
-80222.38060377426
-72248.41888527713
-81373.53643046772
-77454.1339100135
-62515.07970735767
-72234.8155809394
28223.11773647835
29358.700876777875
26237.604350121263
30346.325579655877
21289.445486702298
25819.034868661834
31369.93528341166
28398.821882744214
32339.97963925441
33221.41285684595
28144.66078996468
34080.70191589936
29228.088201140392
19982.609391026395
30535.76586483121
34901.772938391194
22587.92202638648
24328.16308314944
35608.30726089859
31062.566570265757
25753.269721777473
15373.770642034695
27775.926646066306
33633.91590134461
36951.80555210947
36348.86828024826
31685.40205734197
32790.0820632997
37562.86623486469
38117.93574242589
34325.59884244461
38610.412328001614
33332.3105932707
17806.03694347918
22068.132378550035
27411.423292519987
23527.12134337601
9779.209461853176
38969.23747616558
35468.021035694735
28119.23308687302
34867.952666910765
31487.386090087482
28632.593184129142
29683.58745748538
15623.990482292573
21967.873795487452
2692.8273292391646
31777.442961513825
30612.434717536864
21817.359720165812
26742.615680529434
25695.467490045696
13721.746245224336
4900.246227098663
29943.70976638319
17971.124104112892
24210.323011481465
6230.446290876439
-5973.912794807305
-19586.266642068553
25216.60404214339
8114.298359665422
19351.366798571908
15899.634213083575
-1877.4220193021383
-13083.555573796839
-24710.712482195304
18752.826954692075
2113.6438625653245
10612.232002334304
-7167.8684412597795
-18430.502551785332
-27777.727946745195
11420.195642495557
883.4048258782526
-83259.65828392643
-38084.05599334172
-12856.894435818524
-24880.1343307927
-43925.24616194486
2503.0610335523943
-8480.123955135017
-85809.89026239484
-83025.0922822225
-82926.92303572595
-80013.28729085885
-84337.39649145927
-80255.3675426228
-54899.2147974064
-78346.72389727017
-77935.10789836683
-74546.15942841578
-31561.397495934714
-19100.795783013735
-42041.946150396034
-5294.121002225649
-13122.677355506396
-33132.99868461963
-63174.31628313743
-80104.86585199933
-77060.02962328229
-81502.69225412379
-75146.76294420152
-77211.60498701448
-77444.95379103343
-74048.78746079946
-78722.32280366363
-74159.40508073724
-74845.06566542776
-66623.33429346191
-52017.543556760225
-71482.07821230053
-66025.45503906625
-68185.22107505646
-21974.391704958896
-39438.2358086634
-29134.17215599821
-10830.592538331332
-76149.16869942512
-71066.89107061959
-75023.2642777263
-71124.52247398872
-57242.21123588338
-72035.6618826459
-71761.18416099538
-68427.47156524687
-68234.26937220249
-57025.882047077284
-45771.739934166886
-64687.03179576485
-60336.36886040567
-59802.26834264675
-20225.071335186993
-31052.72915790643
-64500.00775262781
-64977.59720429661
-72898.49096599786
-68253.83080309692
-73836.59533616305
-68005.87974705802
-71996.65718407177
-64780.74544799474
-71280.2090621987
-65382.53188841701
-60712.79333943961
-48152.51386599607
-37299.02088661974
-54540.598378227536
-49694.258849313504
-27729.900415992608
-56594.236635098605
-60873.80307409889
-61369.13857438767
-70660.20244967098
-70463.56223142675
-61445.796317150445
-56213.63460133915
-36458.22840156961
-42932.9085892592
-48394.735417266325
-56427.159864111665
-51454.21188995901
-45955.716043596694
-35316.20058417261
39386.185745930336
36636.41243194088
39656.250248302524
36798.745273412635
40089.41684764624
39929.217170969925
35319.977965556005
35607.93325884724
40237.29004357979
36944.642684798084
40199.91079261768
40242.544221951255
36903.13364281914
40066.71186174411
35730.255927775645
31910.193634098094
32219.5704648274
30408.9217667875
39948.27995206523
36671.5832715595
39655.20063406486
35641.293320665536
32703.761303427582
30779.216123260336
26083.223055233753
35324.9824483566
39364.671125876244
36328.65354073203
38935.02015181214
32355.002027981547
31005.194847738603
38489.35628065325
35286.9006619656
34740.67464821728
26574.3880221679
21408.250644032094
30751.770802750067
32134.39948616546
26512.59286371605
31476.55016003232
30504.369545140733
19176.91968329353
26654.26787326652
19261.335240111974
29757.842860089255
26390.953682837328
11820.798673084098
4098.943469739216
12804.190125708612
19694.237333772096
25926.254939487142
21514.53422313473
-1319.2884512691173
5696.968643658335
14285.688073901129
19777.089892691165
-1698.2512397075598
7323.806643334953
14562.451030810204
-9019.70363672272
-19110.274759329255
-11419.58117959856
1736.7291232053078
9867.98109845974
-4056.603318046044
-72431.79893402114
-58300.8739567652
-71698.74285210074
-74228.57573005739
-53633.535647403485
-57597.07341332501
-76137.8348951773
-62642.41493369199
-54586.88610590836
-70886.50197005912
-70522.78987264527
-57743.37608057446
-60033.75839066121
-25804.74167010028
-17576.45273621077
-7794.70570779828
1726.7281606859483
7297.403310074636
-470.33043630403745
-18776.97922218958
-41481.899598849115
-32790.1302862469
-82380.49932518169
-55243.71195425304
-78099.02652343038
-34904.72079509926
-49607.178702727906
-51509.2111520323
-50451.01738575384
-35373.35910950178
-41479.08612715835
-45617.07046502554
-45495.0487756182
-29914.914579358574
-23172.919693420172
-37157.70219607653
-10433.31762994767
-2787.8646256745756
2590.592611339477
-11841.11995012724
-22851.002247435496
-86675.19108809266
-40556.72588002834
-49544.029926797826
-12751.216295713482
-23464.773783447046
-23954.506489025043
-27426.287629892664
-27991.630674885684
-15836.979802322516
-35812.71247580614
-25590.36937336654
-31088.36539861908
-19438.658105321403
-15068.712139582654
-18985.159101350855
-12373.87823155416
-7527.556168280341
-3099.876769611856
3691.40219608906
-92163.00399584271
-23159.639038400557
-2396.860691010362
-4488.77453679261
4200.41433673572
-647.0723509206573
11520.982510167036
-158.41627463110763
2152.358376244226
3050.9161780600043
-107.18732308776286
3245.033007644963
6304.368485150298
-98705.50929384078
-26202.26086082389
32702.517764532222
39604.60654469937
10869.50974109583
27791.223914249327
16622.047437273905
13477.602386819393
33152.58438857102
23079.07849793422
19181.74994073968
37490.28497411557
34345.1530009888
63020.55252138921
27233.63430841769
-111000.38123621776
81524.1626130799
125961.92119776543
56118.14349778715
35684.73420433225
47190.342023118894
41846.578570575
68283.08544241558
93888.58484587767
85323.70803568221
155203.02016355068
-216148.9951119169
214899.85586862132
133355.1427350879
213788.69856126374
77207.72567821865
59199.270182095504
66966.95459735866
113572.75042672339
107489.13818401114
499767.0473330232
376951.5246786012
179001.28291322038
263387.5772344484
96045.13483968259
84390.28848510349
155024.90189981877
131994.1308646074
210508.12677612432
113283.32627159712
172733.35070131326
145579.76374596942
123798.36163345385
37849.77020196983
37305.26580197358
34146.44976470034
36392.75051870083
33808.8981449536
32659.238469758748
34727.3873573683
35669.219140828274
32406.227776385214
30629.33327949287
33659.49392872174
31151.77972456756
32651.12031458542
30917.559397412977
30484.44206484066
31443.724754361407
28942.352071788693
28660.843270210305
28019.155324829102
28860.023324989696
30285.803185702385
28518.390172961394
25550.004867493164
26020.279141460458
27614.550617210043
26175.691824048874
22871.116925529226
22948.295745818974
24607.422587060933
21480.72983901897
20100.413706387888
19804.848629974178
21234.65296804777
18638.25049412023
18205.022441173718
23807.20041169832
28087.29337287402
27917.904496697276
25835.305976602966
24914.748965533323
25759.117747034037
25935.01645702651
23799.821039263697
23911.15940285501
21658.6860769521
22108.88191232144
17289.947452633187
16648.73164673713
14455.930791759794
13361.91267448652
15040.404251425449
15740.458895304002
19332.088954505754
20069.43711043987
17011.650489764364
17895.802297487076
24070.531183891573
20497.23226721501
22424.90904779939
21178.714868038038
19707.73759002163
13138.951232353986
11886.427677018984
11508.867031967431
10235.575294206299
8893.637016197406
10435.806480127196
7373.78889827908
9222.62995740124
7613.9561949851995
6060.425619883584
6897.229264424321
4825.344584923101
5500.565525012501
14639.497175287064
15744.944525834708
13576.75743165315
18009.527982199557
16376.31166576911
18853.047744965166
15531.619581144516
18171.009732224597
18275.204411730934
16626.77828939656
12090.88779309898
10432.477814139362
8917.301855600028
6167.394969770917
7496.713183590181
14737.51399591606
13177.064635856283
15778.96538022682
14870.338562788036
13429.416807246283
14842.468615612745
14626.942888369847
6186.342222810833
11895.33133509257
10311.882556552515
9319.649435996918
8010.181247442895
13993.03950664773
12952.708257592085
14369.299347724316
14203.344626567552
10526.0147510385
12841.51521995862
13325.185500997753
7548.6725263076605
11455.817773894943
10031.575026513021
10621.579417528434
13984.315277587863
13511.79704639333
14007.08061487571
14539.06765027511
6458.34674994047
10972.951024681708
13192.298436395522
9941.299992969432
12751.928864160023
12372.08143917532
14981.20430639143
14754.968286311641
14435.371324321773
15506.620420945133
9145.424030776116
12883.597403133163
13885.481472381985
15873.167082765562
17544.573841479003
17148.5266698806
11167.753579711192
14456.182418107552
18343.881511935673
20722.9239357241
21917.963601888856
20276.48221056941
20479.060276064498
16706.40414737864
20429.067515623316
24033.907068917953
27188.826286099924
27499.940446868124
23112.501432074005
29813.740746224677
26853.040072183416
28663.39640060216
27402.530155217315
31368.178699871667
35550.210955218434
39286.53623787549
40448.01322227218
49654.18293961021
34308.277953092715
35645.598134262116
35695.72418096606
40106.44585331619
46311.869400070864
53121.374794900854
61736.325328173094
72144.96710126052
42567.8197206427
43136.90366793177
50656.80764541342
60298.60392178635
70272.20501825435
82987.60062694363
96371.85785682774
51789.82201349525
62586.941140242714
74945.12052267157
89147.36658258566
106668.29801068293
646.7475069988126
732.9269078838687
49.2164851754345
1072.7127250470942
1155.4542137760577
1365.2329867327066
1442.7601934521406
1676.3640975923984
1756.726798126853
1539.7015189913411
1958.739433601276
1992.4567207549878
2128.6287919832307
2166.5771706316923
2495.6548263985433
2318.9572017896226
2222.995583520391
1971.4550089800032
2292.027006571136
2315.10054421351
2271.8516095338664
2372.853986987467
2475.161954310566
2413.2971418448737
2546.7420715331377
2542.9168469442093
2415.7754086717528
2313.930907427503
2101.6574090878153
1944.776330376207
823.7468926390198
541.6663546397994
1395.6850530875379
2540.8234514939945
2614.058720836192
2381.7713459247666
2616.1273790464415
2719.0447253609173
2765.6197152530826
2831.1228127667187
1770.3627078398888
2338.0742903548303
2642.208106633466
2501.6559501887373
2741.2834236308895
-58.409893131096545
939.9117091446572
248.6728624758342
1491.3593306035905
3155.193503012895
1564.8924590960607
2339.325845737282
1337.9867142327578
2164.519303274148
1790.55603222044
1092.5363794463487
1790.37220737168
2538.6237647262155
3033.9435119836326
3056.9628165202507
3219.7108958633835
3278.968007874052
3024.690655621191
-2854.817823014153
-1228.8877392683378
-2684.778090665124
-550.9388992392379
-1629.8210888310705
-1923.47937121049
-2457.1268307273513
-962.2701257616736
-2193.376317731477
-1326.1890493824856
-112.05847779231699
-1001.567045231578
4.604467194223541
334.6796512416815
-372.00377903339614
-695.162348590335
997.1768653437157
522.6500658254093
2044.0608934832062
2577.6806513031083
4021.8280447443335
3098.1563028673318
2795.1806075512773
3787.8246688526197
3651.899410142615
3721.76633400058
4034.675484096425
3739.3537345579243
-290.849285322284
-633.511169079646
4349.008782759547
2587.994605624462
3607.640136356545
-1338.0650840175265
199.7740568096885
-1926.8197004114927
-692.5824395150296
-2660.6446883792105
-2293.8309238225365
268.63162870423093
-2858.684957520765
-1208.5651444962175
-2997.7758063692295
-433.74726087455247
-1465.4693449592107
-2988.890312722977
-3114.0657686606805
-809.1588052685589
-3135.336607280253
-1475.9330586128794
-3146.612687112498
-786.1788440635867
-793.4581520931082
592.022753227444
1034.2033239509103
839.2001633543968
1504.4244263770393
1465.0480619996135
1851.034153375509
1796.5975841061938
2321.9644284067163
2223.438199415127
3406.197959688954
4893.6162402783475
5244.484230524041
4409.545533119424
4959.665598700887
5088.740640499505
1390.063579848858
-70.12594609431831
1398.4457588126463
-840.16147805903
1339.4127909917945
2702.2927543081832
729.003974746162
1555.4135382639777
2640.3660950938443
4107.138644564367
2342.4146470330866
2639.233191005391
1386.806363775142
785.5547834047094
1702.4982250410624
632.8185996734787
1371.7906910146496
831.0738217057134
1694.7504396184327
1519.340328199957
3111.558944666693
3437.5708881350065
3335.34456904684
3518.085075392096
3889.8146659558474
5156.440607565248
5810.784807485059
6656.37963430605
6924.001032423884
6806.884993947109
3420.4994435938243
3664.0030037273705
4819.9303953932795
4944.810644175737
5142.632168921841
4186.98532274492
3181.046690697755
3601.1980102905877
4087.373827163938
5299.711820353159
5696.511305679551
6639.790750892128
7166.995947428749
9200.96658384611
8693.145081172319
9186.665976374166
6334.018795866853
7686.936677930671
7090.687219553408
5975.158983196849
7594.648424153622
7890.814482165062
9088.950942492167
10369.613082186652
11322.861003493917
11945.549376320589
11985.2255573954
10571.809923928833
9264.504143941956
11666.280366650799
13110.763348555274
14025.113032251682
14912.49663288178
15261.933995316627
15309.162111292899
14691.110544199764
16720.314993992153
18045.84431290172
18896.889715312773
19400.64006776921
19256.942902778934
22371.054904981796
23567.329910301676
24152.094741892346
23925.96657275521
29562.68639835234
29389.82241962977
