% Model:              K-Totem.mph
% Version:            COMSOL 6.4.0.293
% Date:               Jun 1 2026, 19:49
% Dimension:          2
% Nodes:              2070
% Elements:           3733
% Expressions:        1
% Description:        Pressure
% Length unit:        m
% Coordinates
-0.014690321207602369;0.012405118006075157
-0.01973684210526308;0
0;0
-0.030249594060212902;0.01384275330542198
0;0.020000000000000004
-0.7368978220284814;0.013637456472695278
-0.75;0
-0.7302631578947368;0
-0.75;0.019965984825893998
-0.7105263157894738;0
-0.7215099628734856;0.016495455482268485
-0.7349505779492236;0.029615730132088944
-0.75;0.03993196965178798
-0.39473684210526305;0
-0.4025271011120307;0.016150974893803127
-0.41447368421052627;0
-0.03947368421052616;0
-0.05921052631578925;0
-0.04967584099375165;0.017954294657171292
-0.03947359904603796;0.02923725727360108
-0.019243474866462607;0.031700684188709694
0;0.04000000000000001
-0.6907894736842105;0
-0.6993156095655417;0.023268898449051393
-0.6801305771927086;0.016537083724426683
-0.6710526315789473;0
-0.5723684210526316;0
-0.5790311809584086;0.015422269870604226
-0.5921052631578948;0
-0.5435305414884073;0.014778646635892956
-0.5526315789473685;0
-0.5328947368421053;0
-0.5610982364090203;0.018594790869376286
-0.4433506669412051;0.016473018282476548
-0.45394736842105265;0
-0.43421052631578944;0
-0.4218884668453445;0.022943016805079996
-0.4630171684187799;0.023389905593773082
-0.4736842105263159;0
-0.4839910264256733;0.016079943875320652
-0.493421052631579;0
-0.5131578947368421;0
-0.5033437491535855;0.021917223536859556
-0.5250900624336667;0.022558216499992685
-0.6395932604106445;0.014848007311345073
-0.6513157894736843;0
-0.631578947368421;0
-0.5975554890023149;0.024197853737499744
-0.611842105263158;0
-0.6216772083125142;0.01915589130116635
-0.6589662039684417;0.021988850025884406
-0.75;0.059897954477682
-0.7317417114963476;0.04992214592311115
-0.7162144946526404;0.03807523427039278
-0.37499999999999983;0
-0.3816106549222202;0.021179030844730478
-0.36254149821217296;0.01362072078473662
-0.3552631578947367;0
-0.20748818727742208;0.0167813553949016
-0.21710526315789447;0
-0.19736842105263133;0
-0.30640104718087097;0.0157172531362383
-0.3157894736842104;0
-0.2960526315789471;0
-0.22691848993611943;0.022312341848675178
-0.23684210526315763;0
-0.276315789473684;0
-0.28453360485295465;0.022338294735204302
-0.2644390585055726;0.014103428501649463
-0.25657894736842085;0
-0.24706820557714496;0.01809299851708204
-0.39947410688041307;0.03785149392442245
-0.015086565283363159;0.09066159391952174
0;0.08000000000000002
0;0.09999999999999999
-0.17763157894736806;0
-0.18603236272275497;0.023440425066340483
-0.37803649721743826;0.04668298246369708
-0.33552631578947356;0
-0.34548700188919734;0.017823322252941268
-0.16707564043313475;0.016273846442613718
-0.15789473684210503;0
-0.09868421052631554;0
-0.10623416921301447;0.021385714854448568
-0.11842105263157875;0
-0.06896714781193669;0.018612696857344933
-0.07894736842105246;0
-0.0863180885962274;0.014486169748386773
-0.13815789473684184;0
-0.1451889925595062;0.02213508938045797
-0.1270692926795775;0.016364338361142587
-0.1251121041608188;0.03461911647066632
-0.016091599947637793;0.05066830731132735
0;0.06000000000000002
-0.03653190317083193;0.04962572375045321
-0.05771078016788835;0.03691807305179339
-0.022053722305686047;0.07169886669032965
-0.6977197343258602;0.044170777383353885
-0.7105037653522831;0.05947649825626352
-0.6781078696695741;0.0377665371043066
-0.5733378635204759;0.041317780957541295
-0.5463748095739529;0.04004052065758757
-0.4403204450539754;0.040844057886844844
-0.419100036255823;0.04779559764696268
-0.459567491649012;0.05121978531508109
-0.4851350225072303;0.04384010299753186
-0.516505608057625;0.04473328242589691
-0.43556046108806307;0.0725788079770805
-0.637859176427559;0.037266648616955424
-0.5942273840796588;0.049305465825694235
-0.6147725964629525;0.04635587709408262
-0.5825881952913762;0.06597514191574733
-0.684176614040818;0.06580441131978453
-0.6048183741315889;0.07286309576049078
-0.6569844198545054;0.054344294846441876
-0.6291287990036031;0.06714666858946874
-0.7368262657654454;0.10724035605532042
-0.75;0.09982992412946998
-0.7165095066884749;0.10461737633558102
-0.7086739874862401;0.0815816976134402
-0.7316623486454724;0.06953569290228633
-0.75;0.07986393930357599
-0.7334936101023787;0.0904905342558347
-0.32550514419849325;0.021632534495227732
-0.35871021945294657;0.03548695533309647
-0.3343609353561623;0.04119197251943408
-0.20878374755814982;0.04450812282493951
-0.18345721950318145;0.05069321902885739
-0.30665886707669804;0.04330503554998447
-0.2372753702527489;0.04157953234647531
-0.2816088972216934;0.0489709595696798
-0.26159369994747644;0.03631111638478138
-0.22380283689274222;0.06279705462649776
-0.39521371090089474;0.07152391104528852
-0.3548623726603571;0.06940950010444787
-0.021179683307812953;0.11228675567085566
-0.037210017845955214;0.09338171998421531
-0.044699626679307006;0.07353015315107943
-0.06486631168258494;0.06044660290656774
-0.16354966819813965;0.03926113822342572
-0.14015977544523586;0.04368082807663106
-0.08438799514633125;0.03851684136068793
-0.10501534763751508;0.04434585297017364
-0.09106003278722373;0.06721178094494383
-0.12029555558796032;0.06035301178706775
-0.04874955395018102;0.11746484720057682
-0.5335453353575395;0.06415084361477998
-0.5589959133722033;0.07077308337632275
-0.4734596153355231;0.07674476306324665
-0.5059600986600163;0.07621626041240831
-0.4549472529869306;0.11555945255704558
-0.6883985222692793;0.0993044358454924
-0.5825519494586902;0.09602992418876677
-0.654177882865842;0.09653819874779501
-0.6197771941268995;0.09873265288946574
-0.5387709078073412;0.10133079102309141
-0.4951200208681568;0.10907883910949032
-0.15617810772797022;0.07393230677295169
-0.32061853740289675;0.06374699110608782
-0.19550690332917894;0.07475108434867296
-0.2935960697368438;0.07362852991971258
-0.2579751177725973;0.06887147433762313
-0.22702055249875622;0.09552914853506703
-0.3228913936301065;0.10123194934213278
-0.06771132952000879;0.09338289261139339
-0.18435595835041227;0.11216669297646056
-0.11406972185463704;0.10307539783629452
-0.15046580861611056;0.1184985401265444
-0.271586197201213;0.11680561065342779
-0.013247553239731938;0.13180494099984022
0;0.12000000000000004
0;0.14
-0.75;0.119795908955364
-0.7304201168617755;0.1266497215658764
-0.75;0.13976189378125797
-0.03350022401934899;0.1338237415708544
-0.017304940081144495;0.14867973380805866
0;0.16000000000000003
-0.050780690827169565;0.14000826049022838
-0.4118266674998056;0.11940315029354297
-0.43290970520710936;0.16193799845215792
-0.75;0.179693863433046
-0.7332255508786105;0.18808980704187964
-0.75;0.19965984825893998
-0.7062621150150286;0.12107367754874385
-0.5679529865717289;0.1449181185144054
-0.75;0.21962583308483394
-0.7332375703578539;0.22822208063545332
-0.75;0.239591817910728
-0.7276611850902557;0.247655357725953
-0.75;0.25955780273662193
-0.7336779054739753;0.26811097788384847
-0.75;0.27952378756251595
-0.7277297133588667;0.16676215603276326
-0.7340886032683307;0.14716271943525885
-0.75;0.15972787860715199
-0.7114336351305455;0.14449120358224635
-0.7012094948830155;0.16503401618793986
-0.39403346985390014;0.1663878655082891
-0.3643315110056788;0.12019739973361264
-0.35655609374575814;0.1744496724083632
-0.020342756776575387;0.16992010036022726
0;0.18
-0.015843045807736374;0.1885105158493511
0;0.19999999999999998
-0.0765543920144831;0.1302174704983705
-0.06637546282314462;0.16070084083478384
-0.0385166086471041;0.15659410565189746
-0.5208357406909024;0.1560431481114634
-0.4793616618227054;0.15776077984005774
-0.41733901712791993;0.2083722701976459
-0.45659325824781877;0.19313166455760886
-0.7106227425396289;0.26568933915962867
-0.7276355050592926;0.20764066128453892
-0.7115534026135647;0.22641609699435722
-0.7107124667103426;0.18623578749986924
-0.701825522546266;0.20593708673830213
-0.6759349704281148;0.137963958223258
-0.6765862000835173;0.18220392730166543
-0.6365315776407279;0.16034986014361238
-0.6071739504888782;0.1343954239056972
-0.6361328242255299;0.1262282737517371
-0.7016540814882618;0.24559308884582975
-0.6782373106784112;0.22363467971756926
-0.4972235373999853;0.20538229497348276
-0.6439137351155132;0.20281208480240345
-0.6041661441561184;0.17890875478869447
-0.5537739009104078;0.20479049678895664
-0.6050803502161355;0.22915418969839685
-0.6493198110681354;0.23657840130408947
-0.6785037411691801;0.2632450380441421
-0.7274042055629407;0.2875162521813378
-0.75;0.2994897723884099
-0.7332643250802953;0.3080378853750627
-0.75;0.31945575721430386
-0.2189396852800578;0.1397311954699092
-0.3752120281997494;0.21286031973777814
-0.31160916992179905;0.15711209884968477
-0.3954498967303459;0.2577626381308608
-0.3313360929170291;0.20050179360879988
0;0.26
-0.02303559874047647;0.25204773037420203
0;0.24000000000000002
-0.01753120777458763;0.23082632985781662
0;0.22
-0.04121512421226956;0.1857834168767967
-0.024092038831534924;0.21109054306497071
-0.039367747048340264;0.23268255768433269
-0.049484291128725766;0.21247776400926535
-0.015741555649861568;0.2704805476386342
0;0.28
-0.03848157644886963;0.27361213335560086
-0.2608571833112499;0.1619188139870026
-0.16777618285549964;0.1539645580216894
-0.1976471211250188;0.1818119612230888
-0.23301797006207925;0.1831507204839065
-0.11273771957774943;0.15894048902487254
-0.07721360678832179;0.1961423746929038
0;0.32000000000000006
-0.01668679671811848;0.31141848639745906
0;0.3
-0.45825826654855206;0.2476389622764348
-0.710585698094887;0.305615201871547
-0.7021883590980091;0.28490714934958455
-0.7269649350279093;0.3275572807586635
-0.75;0.33942174204019787
-0.732898373408813;0.34867204159641846
-0.6780387443588387;0.30321513775671327
-0.75;0.35938772686609194
-0.7266607148166576;0.3686668341260714
-0.75;0.3793537116919858
-0.7339358787859076;0.390312695156173
-0.75;0.39931969651787985
-0.7290099172372915;0.40924428662431317
-0.75;0.4192856813437738
-0.5215336499154921;0.25781813757240685
-0.4916653537655579;0.2977655460721901
-0.5358431392301719;0.3127285119579914
-0.570109519221527;0.2654763322579925
-0.6305521465671887;0.2778054908467987
-0.5960717426731893;0.32686901764243864
-0.6438817740602931;0.32280602695429217
-0.7019731364391589;0.3253126014621151
-0.7098919914678979;0.34650455645823874
-0.7001226424427422;0.36611464849822656
-0.49077181803002917;0.3501043163908296
-0.04713277998550732;0.2541297522106926
-0.07191281070642296;0.23687184621344828
-0.1592579064378478;0.20507048271239456
-0.4342884993711882;0.31800725624542325
-0.3302889315574957;0.2571162411146752
-0.2757533673074785;0.2113036691158475
-0.2140968124055507;0.23114403069257755
-0.36310961623374666;0.3112111254988718
-0.38607683230826345;0.3613519375114122
-0.2607239842749494;0.2736905158092761
-0.022259410629225;0.2918810052930308
-0.046743159539594965;0.2939669995503057
-0.07054706037444237;0.27628557704702117
-0.03821337554374532;0.31326126592470505
0;0.34
-0.02246941502232509;0.3318792696992909
0;0.36000000000000004
-0.016611912617800848;0.35147252680110125
-0.022228082931936337;0.37201400376194615
0;0.37999999999999995
-0.01639741182953256;0.39137518037694863
0;0.4
-0.03810362011231636;0.3530459786737506
-0.04715413920289243;0.3333749821951189
-0.1135742588712951;0.21701803084341142
-0.7071654916485879;0.39226976001220815
-0.6778422931552056;0.3427144332478662
-0.6755071159814527;0.3796764383292923
-0.6793649260226338;0.4116426413923583
-0.6375184916619583;0.3592849234274006
-0.6409106267848448;0.39944542619680296
-0.5515892551032624;0.3787076163384052
-0.4978693722873044;0.4072150373364996
-0.6072334878678386;0.3783037970120746
-0.43713092796511954;0.39655672310800516
-0.10215938049687881;0.25590638097354673
-0.15376735397612454;0.25442069634830455
-0.20575915253207475;0.279713977735123
-0.3335547891222853;0.369555291659071
-0.37620723633218567;0.40357790839748475
-0.29774961762678254;0.3216980001520586
-0.2802097297489381;0.3813652212134909
-0.22726807501652216;0.3332017096796239
-0.07005377619311813;0.31569649585692133
-0.1153635854383439;0.29795764720665624
-0.022055014542007707;0.4118202515153609
-0.03823234382297884;0.3931245958280638
-0.04627406038904711;0.3732511279731114
-0.10077827457960496;0.33592490790628066
-0.13168216905120395;0.33581007773649796
-0.07017350560795427;0.35387389995590157
-0.07010062936867528;0.3939228445159303
-0.04702858772949399;0.4133170470862031
-0.11295363548246991;0.37377042679255923
-0.16386352213478303;0.3629176866924716
-0.21734898811647546;0.39505168175814326
-0.16606519064979233;0.31045291459197616
-0.10014059008007076;0.41382691232690616
-0.15278758958449962;0.41434058209233826
-0.7065251385586879;0.4203484324590058
-0.6902330375770097;0.44370683984828063
-0.6917935609991755;0.47049457762285224
-0.669620583427933;0.4645891951386681
-0.7300855011461724;0.42746533133518355
-0.75;0.43925166616966765
0;0.42
-0.01563005505773864;0.4314589579729957
0;0.4400000000000001
-0.03973078600176254;0.43340843492458125
-0.0210336286978494;0.45258182053581275
-0.049428270768437095;0.4578739975414136
0;0.4600000000000001
-0.03290366255462058;0.4743179190784358
-0.05090603528153773;0.4820565503021441
-0.01324075101725852;0.4716032624069133
-0.01700048983867513;0.48888050706250846
0;0.48000000000000015
0;0.5000000000000001
-0.7340413486361582;0.5073483838377856
-0.75;0.5191156054732436
-0.75;0.4991496206473497
-0.4722444378888589;0.4566132532235075
-0.733606296368359;0.7074615627325791
-0.75;0.7187754537321837
-0.75;0.6988094689062896
-0.75;0.6788434840803956
-0.7275426635581362;0.6868008556631305
-0.75;0.6588774992545015
-0.7333452371341795;0.6674697207123992
-0.75;0.5790135599509256
-0.733205107807712;0.5876492623051845
-0.75;0.5989795447768197
-0.75;0.5390815902991376
-0.7332242691845744;0.5476065720889883
-0.75;0.5590475751250316
-0.727476475015918;0.5268728563520012
-0.7123101293479512;0.5043913921095625
-0.7023843380861735;0.5242365278277723
-0.7109452755235652;0.5453377282137151
-0.7273458194862418;0.5670408386098706
-0.7014809382997691;0.5648495901669502
-0.7273267669590397;0.6071375617613973
-0.75;0.6189455296027138
-0.7102996702930048;0.585074541394495
-0.5358219310263079;0.44469976760925534
-0.75;0.47918363582145573
-0.7292035690769166;0.48494548890019984
-0.7061799427849775;0.48322588785391457
-0.7126762502255393;0.4637064192827473
-0.7325516811730415;0.4491951753532391
-0.75;0.4592176509955618
-0.7154825965243127;0.4401004582950757
-0.7361106871131589;0.4662326907189284
-0.596018647427442;0.43381162653083666
-0.6515604207839543;0.4376385738468844
-0.6789805344297204;0.49780005988586495
-0.6387151828006937;0.47821681848216613
-0.25570926963282276;0.43075288200894196
-0.3248344319444172;0.4383284444287006
-0.44721617305394384;0.5167844777911423
-0.3988873688830833;0.4659251762605448
-0.01684088208816617;0.5706799834980815
0;0.5599999999999999
0;0.58
-0.07124135984102527;0.43273590653467287
-0.11195253773823868;0.45698999660510703
-0.07799526438157792;0.47322550639015976
-0.2114327519467653;0.45660925302973254
-0.02385986997493622;0.5507331645548915
0;0.54
-0.03961083723611649;0.5728493658922565
-0.04886703210729963;0.5531268970062276
-0.038131933694033615;0.4979528160195794
-0.06478792018427977;0.5050304955563676
-0.04099262855851541;0.5260813692083217
-0.01576320070995241;0.5286100578653599
0;0.5200000000000001
-0.02013971424503511;0.5099731446186555
-0.3271766661713501;0.5070439725717876
-0.3795236178536038;0.5461170695148095
-0.6769676244778249;0.540936881859753
-0.5154111830900935;0.49785344661042286
-0.6376720206328635;0.5199919078296799
-0.5862335870741519;0.49780776928673154
-0.7332559003832352;0.6275871343723631
-0.75;0.6389115144286077
-0.677911476544745;0.5820300559082364
-0.7015846033716745;0.6046614295215467
-0.4333529710971315;0.5851765282496644
-0.48970037531683774;0.557280910306557
-0.4758917153281516;0.6191987383374778
-0.7121570607460076;0.7051703645642072
-0.7107304274955959;0.6254848168675425
-0.7273545185956284;0.6469741083501271
-0.7020821832162359;0.6450456357782984
-0.678075304366808;0.6224179024602718
-0.7107782719318331;0.6650825856685519
-0.7024368653573512;0.6846002545939933
-0.6783471565238117;0.6627860403710697
-0.6445663102359882;0.6398848757585013
-0.6327148178559783;0.6803456693604527
-0.6790002731388032;0.7031078566885643
-0.6472721407553429;0.5576194507259123
-0.37681486528578206;0.6041128538417807
-0.268732874139167;0.4838143259224529
-0.11094237311937336;0.5082775175592921
0;0.6399999999999999
-0.022299224634750398;0.6318853769988909
0;0.6199999999999999
-0.01560450212888315;0.6505119249852742
0;0.6599999999999999
-0.02230772921951514;0.6719711635039212
0;0.6799999999999998
-0.015250689029538885;0.6902770277978718
0;0.6999999999999997
-0.07093988091554242;0.5763915466244413
-0.07355311044115977;0.5387515145745044
-0.10205354818637717;0.5559007201746493
-0.02276391874204924;0.5919469779734925
-0.015570272108360969;0.6103897566676458
-0.03898584603197137;0.6133981283471734
-0.04733054601573799;0.5932628043373451
0;0.6000000000000001
-0.21032179663030223;0.5171966597849817
-0.15988059650676542;0.4831395686470695
-0.3188797413103999;0.5789488714988259
-0.2669823865180314;0.5500447319762984
-0.33261324724600383;0.6551804762194006
-0.47648568430529914;0.6746274569770943
-0.4089253701677139;0.6535839958632215
-0.43102609469058084;0.7082857548723601
-0.5988986461748065;0.6378629631174535
-0.6027375516077332;0.555806596156489
-0.5452325577237905;0.5472060487467734
-0.5775740830449655;0.5938567088675397
-0.5264866756869682;0.5889653448123299
-0.6341702102791543;0.5966806426254553
-0.537842519209341;0.6374656265477991
-0.5349340590404015;0.7051834926935727
-0.5792429427435721;0.6770581433422405
-0.36917188763712916;0.7187855352349255
-0.20839742333691025;0.5792071650632014
-0.2607614650188758;0.6243345280821119
-0.26897200459491993;0.6881753997906603
-0.15229900316924622;0.553252784520249
-0.11500789937197874;0.5930673251412877
-0.0714377849881591;0.6154169107805718
-0.03960375630206452;0.653416200836293
-0.04822622462982841;0.6736617608390726
-0.048035264500717156;0.6336166913060755
-0.21481538735112632;0.6754771583097755
0;0.7199999999999999
-0.022610056060793242;0.7120588275614217
-0.038966205627513;0.6937806917032312
-0.19591738384419718;0.6288112279544688
-0.1569024110051582;0.6040578712196985
-0.07210651640450888;0.6550362681182745
-0.11846972332585047;0.6341908668255835
-0.1596761156025382;0.6569300366023835
-0.07198631630684965;0.6946854534551795
-0.11630104332903517;0.6760323176709788
-0.10589888994147893;0.7142511785891866
-0.04776302656910438;0.7142638998988027
-0.313223950774928;0.7185911074987459
-0.15650974298811887;0.7123315480233279
-0.75;0.9583672716429111
-0.7272426844721743;0.9665133949725115
-0.75;0.978333256468805
-0.7331993493898045;0.9475917327386021
-0.75;0.7587074233839713
-0.7283650079364588;0.7665309751097911
-0.75;0.7786734082098654
-0.728005817842042;0.7266616425473837
-0.7338095539758672;0.7470430260560161
-0.75;0.7387414385580774
-0.7122333630725346;0.7450232369507249
-0.7047000576817495;0.7644544510653505
-0.70363104465056;0.7252398648285489
-0.6801003023590152;0.743887176753126
-0.6825405341147229;0.783106584530924
-0.75;0.8186053778616532
-0.733921127956401;0.8266454629389712
-0.75;0.8385713626875473
-0.75;0.8585373475134411
-0.733376801889676;0.8661093778919438
-0.75;0.8785033323393352
-0.7264535083434873;0.8850559214056689
-0.75;0.8984693171652293
-0.7330053169374559;0.9067842839121297
-0.75;0.9384012868170172
-0.726690653340337;0.9262133086266686
-0.75;0.9184353019911231
-0.75;0.7986393930357591
-0.7280471540463025;0.8060828459779177
-0.7140545500855852;0.8245983270330405
-0.7135465970061977;0.7842257236234335
-0.734059092414225;0.7868125942362055
-0.7065128581876163;0.8028016477804859
-0.7284000836785485;0.8455559589584192
-0.7039271681450716;0.839151132638733
-0.6880020200853707;0.8178024010226098
-0.6469024493107765;0.8088004012120423
-0.7110862188405134;0.9854674393935617
-0.7016988075464244;0.9647076637902412
-0.7330721660736643;0.9872959681957733
-0.7276692252517588;1.0063466305649473
-0.75;0.9982992412946989
-0.75;1.018265226120593
-0.7024109432110722;1.0049664202109272
-0.733302991018069;1.0268142328606598
-0.7102829439608306;1.024769516325969
-0.6452758092522227;0.722085037656184
-0.5950711821202637;0.7238611477095931
-0.015158201511429582;0.8503503158605386
-0.02233752702996847;0.8320593695776165
0;0.84
0;0.86
-0.4798831234032253;0.7419648870988085
-0.5456597208629297;0.7537916814688099
-0.5966829986572231;0.7837342769328691
-0.5517377048040643;0.8005221817159427
-0.7105554563196245;0.9040426428248185
-0.7011919831510599;0.9243527249808247
-0.674133504218724;0.8552556866072428
-0.6749770969362883;0.899412376220795
-0.7103364262588747;0.8618257703663172
-0.6996055552878867;0.8820336419483102
-0.7104862576791108;0.9449895797813662
-0.6354042006049184;0.760464299764148
-0.6783079723582778;0.9823318077579396
-0.6788590107143044;1.0221349916397053
-0.6775708785428429;0.9419144803325314
-0.6460673140101117;0.9200402632794212
-0.6325348797768908;0.8823999998025865
-0.618170657659002;0.8370661979013649
-0.5743291874221672;0.8252493888714889
-0.576609617584099;0.8649350753447252
-0.5347849645395196;0.8392368331160424
-0.4220674915614551;0.7514523556072256
-0.01526655971277753;0.7301949395085668
0;0.74
0;0.7599999999999999
-0.022694461137316903;0.7519226687026235
-0.015744595758317874;0.7704299938987736
0;0.7799999999999999
0;0.8200000000000002
-0.01649012106752393;0.8110987108266899
0;0.7999999999999999
-0.022863178356172104;0.7920818165997855
-0.21690293850611728;0.7335059879933961
-0.04009309563567532;0.7737105555555855
-0.03953112190772955;0.8136925386420304
-0.039779899317531515;0.7338784538923242
-0.048224083662433165;0.7944502859542798
0;0.8799999999999999
-0.022387061614351236;0.8719870336205786
-0.039729884252997276;0.8535973687407905
-0.04822770454172243;0.8342647191278556
-0.04825556539356127;0.8740512986720465
-0.03971410763400916;0.8935776153484455
-0.07239463424310866;0.8963771284389146
-0.015233933278014379;0.890217665887117
-0.022624859452011304;0.9121717192672661
0;0.8999999999999998
0;0.9199999999999999
-0.016727948322815593;0.9314599445236595
-0.01618962006242721;0.9712977655926673
-0.022611379369029225;0.951969387653007
0;0.9600000000000002
0;0.94
-0.02221195409722335;0.9920126266594624
-0.039459762680196804;0.9737101062697763
-0.048040744421935906;0.9539982494803448
-0.015360022351749927;1.0104227300056523
-0.038588877878619095;1.0134336169386144
0;0.9800000000000001
0;1.0000000000000002
0;1.0200000000000002
-0.04822191976075171;0.9941206054044217
-0.04684839570277899;1.0334511157925028
-0.07092734329555285;1.0147748857876921
-0.07191963074563633;0.9760351639154067
-0.5055267976545507;0.7949275104944464
-0.4453619374473761;0.7942848759741558
-0.47395176549367274;0.8510761270196254
-0.38583848085599126;0.784635384373067
-0.4151111159117246;0.8870122707158161
-0.47233099563207326;0.9264914965316692
-0.41668562072796117;0.8308701837710857
-0.4713293179809405;0.9872416497333626
-0.5332312007071895;0.9534410115359142
-0.5369439269728465;1.0149515940861698
-0.5936654408109291;0.9203206633724372
-0.5285057181209079;0.8975870346934776
-0.6330652909069644;0.9601208383750349
-0.6354474224158952;1.0027264061325585
-0.5865733523219168;0.9816581259179142
-0.3617818489257093;0.8436150116081216
-0.32900293647055273;0.7775040490033926
-0.40613414553023974;0.9554197005579563
-0.26714185008604663;0.755364998993501
-0.288279314767347;0.8185464162802066
-0.11744898834737937;1.0348071195859578
-0.23509736057854086;1.0017046047912184
-0.294130824427339;0.9860420272699992
-0.23733188514980835;0.9503484695590165
-0.3612530685416552;0.9914570222903091
-0.04849755509847151;0.7541914318221448
-0.07199587627526002;0.7357784964094408
-0.11929139998718988;0.7582001061048591
-0.17166542724127096;0.7615641903422327
-0.21149438785799854;0.7991244051475817
-0.24634453610929988;0.8620635446150439
-0.15471200187017814;0.7989577871692539
-0.07268479943307361;0.776084010955485
-0.10712819774794541;0.7970601950370165
-0.15229022038673057;0.882052512762431
-0.11768596567713106;0.9215424398151595
-0.17617101824358183;0.9318532751242112
-0.10612007163316385;0.8781006260314644
-0.07192444072456988;0.8167065971767403
-0.1806159278985214;0.8443302987999844
-0.03964063358725485;0.9337166783473779
-0.0721500423244661;0.9359636002001352
-0.04878341859559389;0.9142973835448978
-0.11958430153523048;0.8407352712752969
-0.07175408653466567;0.8563089270945111
-0.10195233141568304;0.9599393181238683
-0.10946390527889654;0.9940253401494091
-0.14299549284368415;0.9651531249060349
-0.15690136879755415;1.015528250728601
-0.19058049551305414;0.9847708242936086
-0.022569426712508264;1.0318450887485342
-0.4115362313747952;1.029074934219503
-0.31122213004072347;0.8851224242956214
-0.3406156779434082;0.94369799516158
-0.27556902657410165;0.919730778161484
-0.36771351189939694;0.9045638387550979
-0.21422734373519897;0.8990294453867314
-0.7333286861037159;1.1067084372873743
-0.7271775262152725;1.0860219938781936
-0.7102352874573187;1.1045199537102364
-0.75;1.0981291654241692
-0.75;1.0781631805982752
-0.75;1.3377209833348975
-0.7272841190813386;1.3257573933815328
-0.75;1.3177549985090034
-0.7331971167706788;1.306356668681221
-0.75;1.2977890136831096
-0.7273484628706166;1.2858218226775833
-0.75;1.277823028857215
-0.75;1.1180951502500633
-0.7274611652749166;1.1262026986795235
-0.75;1.138061135075957
-0.7333412522048732;1.1466204031016234
-0.75;1.1580271199018513
-0.7274665181376117;1.165979804217434
-0.75;1.1779931047277452
-0.7332705612925856;1.1865143347680216
-0.7332641622427473;1.2664355394415185
-0.75;1.257857044031321
-0.75;1.2179250743795331
-0.7332471196154572;1.226564754124357
-0.75;1.237891059205427
-0.7274231914179204;1.205973113774187
-0.75;1.1979590895536394
-0.7104529499306828;1.1442330110577656
-0.7020992857552932;1.1246003402019638
-0.710359077008295;1.2243155075393202
-0.711758112284714;1.3040931026377907
-0.6779001866467742;1.1030731762182338
-0.7028920709466555;1.0840280546605119
-0.6788579716302634;1.0614270762979074
-0.75;1.0382312109464868
-0.75;1.058197195772381
-0.7333043217553344;1.0667138635987088
-0.7275496836943042;1.0460830447551408
-0.711820288276257;1.0641402973783471
-0.7021444065009135;1.0434791564790449
-0.7027104695214822;1.3238043835817748
-0.7116308627355771;1.1841538170241361
-0.7029497404434881;1.2037581186910635
-0.702732640330547;1.1635868872763675
-0.6792877756433368;1.1813966949352521
-0.7273797298672081;1.2459740667020642
-0.7017655610081246;1.2438279061249318
-0.7105102653735266;1.2639861258467364
-0.7019434964531037;1.2833953416843917
-0.01605296276708989;1.251015213863085
0;1.2399999999999993
0;1.2599999999999993
-0.015386190123800655;1.2905269887323316
0;1.2799999999999994
0;1.2999999999999992
0;1.3399999999999994
-0.016270595517179843;1.3307144991818565
0;1.3199999999999994
-0.6790491574566409;1.1424222379149378
-0.6783310856180558;1.2612732824679946
-0.6782591189682259;1.222027910316054
-0.6502844869556335;1.1615164309132997
-0.6786594671994475;1.3010262784564022
-0.6471622910971031;1.2798894145859134
-0.6376024166227542;1.2003985828942982
-0.6380313901758956;1.1239300589733434
-0.635933326339857;1.08051556416814
-0.5900598230330986;1.1009089707601203
-0.6471660501346289;1.0420696744066624
-0.02255808221573588;1.3121163387943329
-0.022388860082298283;1.2319996777673834
0;1.2199999999999995
-0.022700150559017127;1.2720747353957162
-0.038807990506511875;1.2535450362742784
-0.0385721378317598;1.3336455592586751
-0.047447576463109056;1.3137905068334377
-0.0404565025408984;1.293906177200612
-0.04860824018994254;1.2744233792533262
-0.016750897081832913;1.2114302761129256
0;1.1999999999999997
-0.03863460329584243;1.2129209836493637
-0.015408205055345407;1.1703577286838758
-0.038293670577157754;1.1734381493680455
-0.022371717227502034;1.1520527251557846
-0.0480570881226047;1.154061034424879
0;1.16
0;1.1799999999999997
0;1.1399999999999997
-0.01518750001664416;1.1306321202716447
-0.016057640301641068;1.0907863831113593
0;1.08
0;1.1
-0.022350174894771188;1.1119833377814767
0;1.1199999999999999
-0.07158301319845115;1.0560213608528632
-0.03995276712553001;1.1337256503259032
-0.04821513840621517;1.114628064736116
-0.022375478439138705;1.192066130230161
-0.04687835028923173;1.1933173992259554
-0.22633886856274943;1.3390089929300595
-0.21130287509573764;1.275561697634344
-0.2703019369217665;1.2876238987957613
-0.28935568121241617;1.3345321549544904
-0.636291617438826;1.2410934148091866
-0.5992982192799524;1.161247166417896
-0.5913777064215315;1.2199362379294125
-0.6338573650884876;1.3196221605832203
-0.5969164960785734;1.2784913904042798
-0.325642919957643;1.3052007308290303
-0.31501738771725957;1.2483069610034991
-0.37480770871758656;1.2758732584247579
-0.5857844199331939;1.3397862367686189
-0.5340389500272237;1.3076606928800751
-0.3730701668715417;1.3221322732995235
-0.4234138685524145;1.3079555677550185
-0.536958675609345;1.248943199828899
-0.47579265688857286;1.2772682688550612
-0.4754864070919809;1.2194508615668265
-0.3643344227577503;1.2139773461907766
-0.30274126060318113;1.1825445597238957
-0.5360484864689771;1.1354887802173304
-0.5401191113937553;1.0719415893566853
-0.4803446643778057;1.1090787251578194
-0.4765917047794777;1.162494549776772
-0.35744397476769796;1.1384889372485827
-0.5986506166777252;1.0422052607396273
-0.0721067913962516;1.2949007385951645
-0.15947255511107003;1.3138090075357396
-0.11776619501501832;1.2773440128166245
-0.15968303111080553;1.2603049684287952
-0.11558128570445764;1.236337733332533
-0.15272787873490085;1.211758142587607
-0.1893688664623896;1.2313159287707232
-0.07159768093587746;1.215489814816492
-0.04819473806093607;1.2334809107934244
-0.0726550820056205;1.2558496792543967
-0.07182155905338539;1.33627151878127
-0.10613659084610971;1.3155054802813482
-0.2870987998555071;1.1135044567059273
-0.33927350390898087;1.0595444675838839
-0.2640552912864154;1.0478331255964637
-0.24017208038910304;1.1554578559015016
-0.22058752565781475;1.0918702385945338
-0.20615820462143095;1.0373909350989623
-0.07128124035663465;1.1358881257857079
-0.07197913965964278;1.0962481392146755
-0.11773272907769439;1.1204106298032486
-0.1591875920813653;1.0761639064968407
-0.10572746810659844;1.0768685445468065
-0.24689576625579193;1.2223565916921852
-0.19761346983095016;1.1857600358451839
-0.17917937198324735;1.1312769269043168
-0.14365328500454316;1.1673760308168628
-0.07054468462046311;1.174645087711357
-0.09979321055864941;1.1604493968080032
-0.10594429030482777;1.1944930243792806
-0.03824289740333975;1.093357862198304
-0.022300399928406267;1.0720411547083037
0;1.06
-0.038269432243610776;1.0531309406645057
-0.04817505169812243;1.073751639049332
0;1.04
-0.016696619833929557;1.0513503462748046
-0.5375302183560551;1.1905155314666593
-0.4260540264909777;1.1317720422209878
-0.4140292883635801;1.1871375523676881
-0.41772930246577583;1.2472909020790353
-0.39675529589408426;1.0900690945933666
-0.44110581229368534;1.084787168060756
-0.4793931170616571;1.0484878461694356
-0.7277560492678393;1.6448994613808356
-0.75;1.637210755723307
-0.7340477114116672;1.6254784727927978
-0.75;1.6172447708974131
-0.7020215203288956;1.642826444556361
-0.7367178035519535;1.5848607108044142
-0.75;1.5972787860715192
-0.75;1.577312801245625
-0.732459188577849;1.5677338603379145
-0.75;1.5573468164197313
-0.7301470748652303;1.5489314223250277
-0.75;1.5373808315938373
-0.75;1.5174148467679431
-0.75;1.4974488619420492
-0.7281716471911184;1.5075034576342703
-0.7305224739483727;1.5272302943232072
-0.7104751983326644;1.557493799063556
-0.7154740722169223;1.5395224017347364
-0.6772857755419387;1.6205863533509148
-0.7104240274927126;1.6229563968384526
-0.7028945174077886;1.6020160988494576
-0.7147592569132718;1.5811619006824105
-0.728970336858194;1.6033625739697694
-0.0392420426664131;1.6534922516542467
0;1.6399999999999995
-0.022311350401728044;1.632106665350445
0;1.6199999999999997
-0.016405382918334824;1.651140905969264
-0.75;1.4175849226384731
-0.7328893152092688;1.426902922643457
-0.75;1.4375509074643675
-0.7257078100094048;1.4471869750702342
-0.75;1.4575168922902613
-0.6441800852199165;1.6434636416357935
-0.7082818921638706;1.5218689846197744
-0.6773859025945689;1.5761001483880408
-0.692451140203191;1.540930651336673
-0.6466185858546859;1.6107877104270723
-0.75;1.477482877116155
-0.7329284394395691;1.4687675700536609
-0.7283674360224868;1.4877510284900164
-0.7077780214169751;1.4994328715416225
-0.015580535565119683;1.61036627524484
0;1.5999999999999996
-0.03839033899548119;1.6136034413263463
-0.022688082472143437;1.5919897147355095
0;1.5799999999999996
-0.015483941954991346;1.5700171717476112
-0.048472909686770954;1.6343001091329552
0;1.5599999999999996
-0.75;1.3976189378125794
-0.7269126188009392;1.4057899243124048
-0.75;1.377652952986685
-0.7334795769870145;1.3864029022876492
-0.7090856587811386;1.4252409870555927
-0.706855811549832;1.4708253654326418
-0.7003019195444518;1.4457546194861823
-0.4636058684756711;1.646381614135726
-0.6051065978617183;1.624391634020463
-0.627873135177079;1.5807446210363727
-0.6901451142700704;1.5167616243476532
-0.6757301154822309;1.4927701943185507
-0.5411037930772783;1.6488628526642997
-0.5747637474098085;1.589269614167966
-0.5165087917467287;1.6007672793060828
-0.6552957498381773;1.5304703282028818
-0.75;1.3576869681607915
-0.72740851796144;1.3656878405040407
-0.7332496094361971;1.3463004887328671
-0.20891635330091846;1.6377775078258312
-0.022658993263100488;1.5519465102055938
0;1.5399999999999994
0;1.5199999999999996
-0.022478701793407406;1.512068166493904
0;1.4999999999999996
-0.015533297119727481;1.4907682048263091
-0.015508237567388913;1.5303928316340263
-0.039678058145107886;1.5337800888694335
-0.1479302220016198;1.6439949630940214
-0.07170494880333292;1.6165144658348434
-0.10237407496757742;1.639472307743557
-0.04844273566311527;1.5539425539639424
-0.039347861275930394;1.5735304365857292
-0.07170956337651652;1.5761507094724838
-0.04747693403997335;1.5939771456217964
-0.03907226333589522;1.493993139610651
-0.048207625278079355;1.5143518441167583
-0.16240408556818572;1.6023373627872877
0;1.4799999999999995
-0.20028782731180308;1.574596138077708
-0.3951037220716879;1.632526932636252
-0.26567758403942465;1.5816685361220206
-0.3322660396044209;1.605337411263907
-0.43132097385858836;1.5971114815489826
-0.7026015992161719;1.4040214256958297
-0.7109898835931693;1.384142052094574
-0.6772620352295379;1.4233091456012452
-0.6742506555394839;1.4622544625698022
-0.6476872099737196;1.4859106418678378
-0.46885095686561695;1.5879894021027952
-0.49854779270131083;1.549546743991888
-0.4467162737689835;1.553984782247596
-0.6266243225133348;1.446116755388385
-0.5998256085885022;1.5009796375841125
-0.5525928934740114;1.5430152687109218
-0.6024107981288027;1.5509026087660651
-0.7104712862396172;1.3439832973264654
-0.7015304659318626;1.3636354116930929
-0.015569776601025775;1.4505918934831874
0;1.4399999999999997
0;1.4599999999999995
-0.022602606213682003;1.431966763030338
0;1.4199999999999997
-0.01672221486343249;1.4114229162385297
0;1.3999999999999995
-0.02290040511337344;1.3921694355988463
-0.07208440961701043;1.5365099911040592
-0.022620037317156554;1.4722109322714658
-0.14609304699665238;1.5604602048961407
-0.17126282945073412;1.524298570652823
-0.11601991809918698;1.6005330903196051
-0.10303949174555818;1.556896452356594
-0.07146610942985135;1.496853052020199
-0.03931797547154141;1.4539136449291832
-0.047691526666338635;1.4747119751697162
-0.04836678326211197;1.4346691941986787
-0.07194571986268718;1.4567681642421737
-0.11591674147865715;1.520989663570317
0;1.3799999999999994
-0.01614432152644738;1.3709788158178537
0;1.3599999999999994
-0.02275238311078616;1.352152816574357
-0.038979689767790565;1.4140162868447816
-0.15084812274479736;1.4828705384733545
-0.22137510808637728;1.5324647454250617
-0.27323784323441086;1.5054529207708716
-0.32038629508371963;1.5341131206203766
-0.38397736332754606;1.5660357636979825
-0.3747704600681444;1.5033268907719264
-0.20907638183389177;1.476786794962077
-0.2736930056312041;1.4451155255580574
-0.6783267286540826;1.381817072291545
-0.6418420054600759;1.4010561681637252
-0.5311084328603896;1.4991510802195223
-0.5779171587358133;1.4549901141639485
-0.42540901981935064;1.508500449551238
-0.4744457743966341;1.5164715490432379
-0.6779660660771566;1.342464698767044
-0.5912260298004397;1.3979771004660262
-0.5301246262307082;1.428113983377915
-0.4070002324185077;1.4461649784484203
-0.47161311980078663;1.4654096774901033
-0.467080662253814;1.401657240190696
-0.5288353741522733;1.372128203498317
-0.03988950057123318;1.3741814673543717
-0.07184500350631837;1.416986432323435
-0.047929819089958095;1.3943224313238893
-0.16751455579590427;1.4442250441616025
-0.10536053096487673;1.4794865885647717
-0.11736238601281411;1.4418589646359428
-0.15017577780800395;1.4040240600354448
-0.048190288818467916;1.354427092666161
-0.10547425491796462;1.398833901700239
-0.33720934113670514;1.4641850747999916
-0.3608850685762082;1.4116314410696857
-0.2099271096278865;1.409779489718939
-0.17226612595968066;1.3671711136968188
-0.276432285081128;1.3813533773715672
-0.33787063992882105;1.365138098230013
-0.31839949527771716;1.4128588272320517
-0.6319831963446877;1.3620824999744772
-0.40684215365851667;1.3725650424418436
-0.4702001558601043;1.34312115892485
-0.07209591871679334;1.376276333310139
-0.11986272517562009;1.3592438005251348
-0.75;1.8768025736340355
-0.7275875512469582;1.8847757637006362
-0.75;1.8967685584599292
-0.75;1.9367005281117173
-0.75;1.9167345432858234
-0.7278781991196802;1.9245142697709297
-0.7126496792286805;1.9421454661739934
-0.75;1.856836588808141
-0.7333508720767256;1.8653451903669844
-0.7275502949514673;1.8448039646958334
-0.7334637397333003;1.9053169366597318
-0.7121423378000493;1.9030489641489352
-0.75;1.8368706039822473
0;1.94
-0.03865689691444749;1.9333593195066672
-0.07247393814891646;1.935594146230355
-0.048607674080020334;1.9136483301524672
-0.015505282026150605;1.8905890210233725
-0.03834008666026372;1.893158308199815
-0.021906982610356517;1.8718516500069462
-0.046811483325813474;1.8735894339483692
0;1.8799999999999997
0;1.8999999999999995
0;1.8599999999999994
-0.01636132324178597;1.8515889293486412
0;1.8399999999999994
0;1.9199999999999995
-0.022354893283353244;1.911929846441894
-0.01674077584317102;1.9314053917800347
-0.541483060801212;1.9364308459163873
-0.7027000765632869;1.882937139267855
-0.7114834824741874;1.862943208933098
-0.6798890830206873;1.900740261472686
-0.7333779842757955;1.8254352718669375
-0.75;1.8169046191563536
-0.7022658387288935;1.8422535113470266
-0.7039254143567879;1.9224230747289495
-0.681128926313981;1.9402437504984322
-0.6502414469441132;1.917256687604549
-0.75;1.7969386343304592
-0.7274895655735679;1.8049725301113793
-0.710492559467086;1.823209501734714
-0.75;1.7769726495045648
-0.7333176288620485;1.7855175896676263
-0.7274638568127958;1.7649897181334833
-0.75;1.7370406798527773
-0.7335687883876904;1.7454112454140136
-0.75;1.757006664678671
-0.03889294160171617;1.8535947319740183
-0.07135540749106976;1.8958820940203556
-0.07113673404386471;1.8547922940632808
-0.04766933452453513;1.8339638489796162
-0.11645549370766535;1.9095767161558166
-0.02248487958141464;1.8320212606732242
-0.039469698538690264;1.8136949250014416
-0.01663773062541605;1.811511296377652
-0.022706972884642903;1.792361858231945
0;1.8199999999999992
0;1.7999999999999994
0;1.7799999999999996
-0.015365621680535393;1.7701583698084251
-0.038358182895594936;1.7737267272970243
0;1.7599999999999993
-0.3497397734794593;1.9280397781063356
-0.1511133303060325;1.9261718346397803
-0.19646269839708702;1.9203466179767779
-0.26817259655466885;1.9056293636738104
-0.41990829862181334;1.9333529619094794
-0.48580638299650564;1.9068033551905539
-0.5428172794849678;1.8876815330432999
-0.43768346568862104;1.86860393172066
-0.3863696654603187;1.882647496769069
-0.710697346372887;1.7831860855987507
-0.7101841356694829;1.7431893780957177
-0.7020294713286204;1.7628988461871824
-0.5999479270179213;1.9179939420198373
-0.6780582414073306;1.8610807786874526
-0.6782951613379592;1.820673986391817
-0.6393751463763894;1.879925408610567
-0.7018765772484646;1.8028474044366698
-0.6339375648529572;1.839982605925423
-0.5924111562196038;1.865804050493554
-0.75;1.7170746950268831
-0.7276710673564221;1.7250644759022282
-0.733256667216174;1.705621167944729
-0.7015463602064216;1.7230693719368677
-0.7115633326904457;1.7036856988611166
-0.7276790024415848;1.684767671063561
-0.733633365450038;1.665923403906916
-0.711456763323665;1.6634139580160698
-0.75;1.6971087102009894
-0.75;1.6771427253750952
-0.75;1.6571767405492008
-0.04816249944458307;1.7945472008451189
-0.07089548657514365;1.8155920253139837
-0.11347247962065585;1.8717613649557527
-0.09988428546657571;1.8348170504679429
-0.20912793801663887;1.8598460708586977
-0.15767432232714887;1.8872179204152706
-0.015552091994480082;1.7303510610973503
0;1.7199999999999998
0;1.7399999999999995
-0.02257330475127153;1.752184764116124
-0.04731799092553825;1.7541472732201382
-0.07154979191327823;1.7768852809693996
-0.15048163956931052;1.8322893852417934
-0.5553324643006335;1.8433657225427875
-0.49795318992882753;1.845549343233156
-0.33215600509040905;1.8609850818665632
-0.2719243829101165;1.8317841940010398
-0.4478288655045918;1.8171158548989648
-0.3913704802166849;1.8227002083402004
-0.590241274736764;1.8164755269089157
-0.6781545730694004;1.781220646885769
-0.6312383561199841;1.7995128959606999
-0.677614229194945;1.741069124291204
-0.5907757683065762;1.760443193030168
-0.6430803195164216;1.7600395509517894
-0.6786815436636631;1.6610142280987683
-0.6780979928233968;1.7004912507336123
-0.7017083287682772;1.6827834593437703
-0.6315606183151925;1.7160819170049357
-0.6486674305508257;1.6776235871894205
-0.21381267689237013;1.803042696340295
-0.3263963377015115;1.7959367957934573
-0.27513986132390833;1.772252416819949
-0.11052845674583195;1.7974983220940217
-0.10013845775823076;1.7603834402063985
0;1.6799999999999995
-0.022647667674722507;1.6719789812707677
0;1.6599999999999995
-0.015362188541045258;1.6904144176876261
0;1.6999999999999997
-0.022608286004788435;1.7121890924801164
-0.03844699559011839;1.7339051338987177
-0.038229397761541606;1.6938520740766199
-0.07071447074221314;1.7366322317953593
-0.04763798979572506;1.7146768909453856
-0.04688907787404925;1.67391805816605
-0.07183974793735218;1.696425744669294
-0.15522915417657285;1.7672967235105936
-0.5388437076227711;1.8007983114162442
-0.48446880740035514;1.7847273493956635
-0.5219142191918501;1.7469289012206572
-0.4263089505522217;1.7682485975823556
-0.37574466459804506;1.7650961207903968
-0.5705326503381737;1.7086007506250913
-0.605545801402021;1.6714903984824365
-0.3258894513478555;1.7240082155027046
-0.2639964970249949;1.7208404228303713
-0.21623370406283834;1.7468895459191192
-0.1175300249507167;1.721313680708389
-0.07153411217658302;1.6559297254419274
-0.11112031958511813;1.6753404162254653
-0.16909822596253088;1.6978484696782183
-0.5146536027390816;1.6986563546450588
-0.4022467855988313;1.7043673760616338
-0.46487393342224076;1.7222449821469017
-0.34785867967761347;1.663141610212529
-0.2821170509534891;1.6599656422241544
-0.22864331574474106;1.6942736600846637
-0.75;2.248179837500908
-0.7410543083618037;2.2521888203160305
-0.741792458408001;2.240766537776813
-0.75;2.2370683847283517
-0.7273547080196119;2.2421855337890637
-0.75;2.224494999632453
-0.7389978097558146;2.2295865031406965
-0.7395386602722456;2.216261905587271
-0.75;2.2102673359781564
-0.7063088705989375;2.2347501993155747
-0.6927455279958397;2.2508897431604544
-0.6658744445701165;2.248337490734499
-0.722350276610158;2.218906590493924
-0.75;2.1941677405628024
-0.7347055875207164;2.2024229765902628
-0.7355978905135678;2.1851273892133976
-0.75;2.1759499235819098
-0.700771129719516;2.2158410577050254
-0.7277571585853752;2.1677539127513623
-0.75;2.156299159852022
-0.02222631816435083;2.2518731147112385
0;2.2399999999999998
-0.015362150103340015;2.2304195300064547
0;2.2199999999999993
-0.022603794067807787;2.2120990054167393
-0.6830220166892369;2.2292894577044886
-0.6246583273500038;2.253046720257697
-0.6509911011382101;2.2212342407592143
-0.7106880966946603;2.190883184958586
-0.6783295631654861;2.2010577005936525
-0.7033080699896646;2.158641574272968
-0.7291410860564015;2.146029641321414
-0.75;2.136360363331569
-0.7081672092690998;2.1289477948103532
-0.7342312576682104;2.1273294141816224
-0.75;2.116394391544763
-0.038513750569096554;2.2337273415791286
-0.047600148198409416;2.2141210079893887
0;2.1999999999999993
-0.01676878181559286;2.1911385427819834
0;2.1799999999999997
-0.03990990627984773;2.1931603091310423
-0.023515240594378612;2.171088925658804
0;2.1599999999999997
-0.5877767574911071;2.239500557391439
-0.75;2.096428406718869
-0.7273853305001995;2.1077316030946847
-0.7276488253807928;2.086945754290769
-0.6442647370389211;2.1954425974112577
-0.6170378653118619;2.216341770961185
-0.5848984072484353;2.207556710904933
-0.6754980996742577;2.1734550649833775
-0.7054477988472312;2.0984477056413375
-0.6782499127223572;2.138337102978783
-0.6860507315212951;2.1134516156372483
-0.75;2.076462421892975
-0.732472910852085;2.0676668133528793
-0.75;2.0564964370670804
-0.07053443483031904;2.235380741695793
-0.112285834520442;2.219605050826469
-0.07147071506510015;2.196978034315915
0;2.1
0;2.119999999999999
-0.01745443964210644;2.1094599501285964
0;2.1399999999999992
-0.021419814611687068;2.129817828421582
-0.016392973621479203;2.149288848985435
-0.04964000416633636;2.1738231878479963
-0.04182463616442998;2.148359919316451
-0.5323753688995732;2.228101263605768
-0.4557144442719103;2.210805936918934
-0.3948300003384207;2.234901535058668
-0.326360769886234;2.2208897631327718
-0.7246304628742785;2.044878332076606
-0.7039855311809503;2.070171266914154
-0.6763047543317137;2.0877085431487274
-0.6488125161827867;2.114071234622832
-0.62787171897839;2.1490713283475635
-0.6091363276987135;2.1891051889159816
-0.5656185766918208;2.1638641459550034
-0.75;2.036530452241187
-0.7330788730179228;2.0251716466681886
-0.75;2.016564467415293
-0.75;1.976632497763505
-0.7334404322281178;1.9847603155561342
-0.75;1.9965984825893992
-0.21043108967788005;2.253233980853145
-0.26677476847233905;2.2065251556317453
-0.01313664914682076;2.0924193501523347
0;2.0799999999999996
-0.020460013773604596;2.0723007419570214
0;2.0599999999999996
-0.16156509252353382;2.203965237527713
-0.11330996976266958;2.175605056127899
-0.0751454202814928;2.158324643853855
-0.04185286492905494;2.119335793614975
-0.035727765710840166;2.095801227889602
-0.06285819950923295;2.1317682695554607
-0.015968075368512896;2.0518352679925798
-0.03727262669446582;2.054098405286786
-0.021928938257887925;2.031988555107826
0;2.04
0;2.0200000000000005
-0.4865863807862079;2.162212716897832
-0.4219543390109672;2.1686621685891603
-0.3582063293193696;2.1762516531263905
-0.3070261305340135;2.174295800389664
-0.5109941742981137;2.1082642892435097
-0.6956140468510527;2.040945457753234
-0.75;1.956666512937611
-0.7278388161725;1.9642232871321759
-0.7271744677800198;2.0033333718218755
-0.7133032198775646;1.9812712851534853
-0.7026481698469806;1.9960779045361279
-0.7080515268638969;2.0201119273844723
-0.6692820653309849;2.0560223601734458
-0.6437226041549464;2.082313872115106
-0.6009923163906622;2.1027273659755337
-0.6186013857509243;2.0467671561727023
-0.2640416891426419;2.1436807743864126
-0.2138078454669544;2.1812882560266917
-0.1572620011085711;2.1463092083757283
-0.044523004107632665;2.033357001192799
-0.20294607793169384;2.116926221017536
-0.04434266997476611;2.075469426447027
-0.10529023861873067;2.1281108284700165
-0.0683638758510077;2.0977023968930006
-0.07151442356545898;2.0541657725282017
-0.10086934475327018;2.0863246871021737
-0.036567560655667006;2.0132460860344095
-0.0162920611054363;2.0115078234983375
-0.022471524898281532;1.9921851214318693
-0.04523829363645659;1.9959356406523208
0;1.9999999999999998
0;1.98
-0.4389704485391107;2.098163964138525
-0.38291539782985634;2.131758601217973
-0.32488349369614633;2.1179121111518326
-0.3745685129351379;2.0873225086098905
-0.4854065370370425;2.0598667091433147
-0.5499818938075725;2.0473752422869236
-0.4504521746000243;2.039452279500455
-0.3973246186089293;2.041652525782187
-0.49431917897820055;2.010356505687326
-0.540563389410043;1.985223713017233
-0.7336717657366858;1.9449014654333905
-0.6705998277208766;2.011482116669095
-0.6862487682062892;1.973328098721822
-0.7046479256300489;1.9607499335483627
-0.6197548511405631;1.9957847313955221
-0.5873821049475849;2.0056056208415116
-0.1474022752842823;2.0911504708241733
-0.26245121365502666;2.0854978960221975
-0.015345382551653125;1.9703030112711173
0;1.9599999999999997
-0.02266786447608108;1.952082157408596
-0.039074383406724957;1.9742708986884379
-0.048099955473239524;1.9540220007963636
-0.07341743566135582;1.9778200750047807
-0.06473647768218277;2.0165214113165253
-0.19753380849639024;2.060233011957107
-0.1479444983408674;2.0372649386120623
-0.10086564571433429;2.0176394954688193
-0.11440436889994293;2.0574091688111054
-0.12777084090650018;1.9875713258806038
-0.18059338972563194;2.006856752883263
-0.325990139534371;2.0411637188876766
-0.12146015410938373;1.9504529271859914
-0.4352539832535168;1.9927012897599643
-0.36875079666590077;1.984352380894543
-0.4853498660159195;1.960613029363341
-0.5898252985083527;1.9643178232630707
-0.6403218651792187;1.964791576100969
-0.2474008401737075;2.0206830313100705
-0.16698284696856866;1.9608143074818913
-0.22822152513531782;1.9673204967454
-0.2971418587581084;1.9748805891526375
-0.75;2.2924149032841763
-0.7438117317989068;2.2951739660302586
-0.75;2.298089325133411
-0.7452759087252068;2.2899055054321513
-0.75;2.287112166843653
-0.75;2.305573004965942
-0.7424613284312825;2.302223258080344
-0.736025436783656;2.297325913362521
-0.7407104233305841;2.3104511425389918
-0.75;2.315563043581333
-0.7377242087569901;2.2897345983282293
-0.75;2.2811230196893524
-0.7436178249656965;2.2845495161184792
-0.7309872585032177;2.292877008477368
-0.7292686117511199;2.286593840869298
-0.7328375662650265;2.3063593164260987
-0.7284945766696372;2.2990807408371534
-0.75;2.328899321293242
-0.7370920253856871;2.3232631555391037
-0.7309160621528529;2.314528767902213
-0.75;2.274345896902974
-0.7421254735668118;2.277873719245662
-0.021885575444413004;2.5323493251389513
0;2.519999999999999
-0.75;2.3467026855775917
-0.7335449449413795;2.3380560668512462
-0.7278857870648036;2.3581525321842927
-0.75;2.3704694199654095
-0.7359988549928395;2.282009941848444
-0.7286242090783611;2.2795296904971307
-0.7219536548982525;2.2823529699505007
-0.7206348932237958;2.2925361253443883
-0.719899731728217;2.307043418619061
-0.7209103184346874;2.324820820632959
-0.75;2.266677108995416
-0.7410009276167325;2.269059604702995
-0.7331236031732422;2.272598322314091
-0.7434628589556289;2.260949506089151
-0.75;2.257999339708651
-0.038724657649709227;2.5137031003046464
-0.015359185563788636;2.5106045471796334
0;2.499999999999999
0;2.479999999999999
-0.016628693540095017;2.47141066888818
0;2.459999999999999
-0.6970509679236785;2.531667457742285
-0.75;2.4995236142324804
-0.7034505962238481;2.4736109172692538
-0.75;2.444551963327808
-0.75;2.402196998518951
-0.7103242214531943;2.4248573494605474
-0.7188341729741987;2.3869984169001794
-0.7084593780435597;2.3429403819810823
-0.6963751984315564;2.3665665407526695
-0.6949887969726718;2.3265413832472315
-0.7209349677110466;2.270755869831255
-0.7105533862541714;2.2821336994225394
-0.7057848991698846;2.2943032152070124
-0.7012177207000533;2.3105083722580178
-0.7311838899238206;2.260532870277734
-0.022236950057300222;2.4921253743726197
-0.022416685375716783;2.4524495685921153
0;2.439999999999999
-0.038719397271222755;2.4730885019119837
-0.047262269378320884;2.4927467745018945
-0.048088139025977;2.455980183646407
-0.015414108251610275;2.4302949683271735
0;2.4199999999999995
-0.11507849401301681;2.515782983484599
-0.07365237615398741;2.5156143316042834
-0.06771921935352343;2.4777779745281463
0;2.3999999999999995
-0.016773575662844376;2.3913954630385033
0;2.3799999999999994
-0.6403160443271462;2.4968542581956563
-0.655587598033518;2.4408269614742575
-0.6788854834279651;2.396687277407523
-0.6802282354544331;2.3442080002785963
-0.6597668243299433;2.366015829731057
-0.6825074142337594;2.3115697966262334
-0.6734976232359102;2.3249791811780085
-0.4817469163332023;2.5244814606004913
-0.5578110501411129;2.527442453440181
-0.42331569021708937;2.528959323099313
-0.5175979638417267;2.474872232253639
-0.7136360021261013;2.2541899200791518
-0.7016141757756883;2.2676225910313597
-0.6970877066498905;2.2802453602752046
-0.683661535370581;2.2933682554696317
-0.6832991231335722;2.271203896464769
-0.03941281409786583;2.433961869192253
-0.10789472324161299;2.4780444984456973
-0.07434469344036787;2.438387479760541
-0.14725032898955276;2.4941742949325554
-0.1992232070098163;2.515597724709174
-0.38338084821944557;2.4846132108695893
-0.3076505930255967;2.4966360522089452
-0.022699939135462817;2.4120780752138216
-0.04901633889603664;2.4137507063830435
-0.03961614614297967;2.393236547728277
-0.022319999356792183;2.371910731571941
0;2.3599999999999994
-0.01665914077280755;2.351396153602096
0;2.3399999999999994
-0.022481786056531665;2.332117702008892
0;2.32
-0.583424173263634;2.4495779974184924
-0.6276136329844433;2.3984124575978885
-0.65327904690971;2.3360281986854967
-0.616890577413172;2.355145939675002
-0.6580413235373235;2.3048745501181926
-0.5239546869461582;2.423737497319626
-0.45182841928164863;2.480143014696313
-0.47101464479714017;2.4325765338851593
-0.4078137992745403;2.4335659897362087
-0.6591584383984781;2.276285918295769
-0.07286466585702325;2.3963759569628094
-0.12866336077781285;2.447477545613155
-0.12045544222582645;2.411514961887678
-0.18583418610399347;2.4612455728241622
-0.24428223280071962;2.478818245621384
-0.3446405393165022;2.4375962392595327
-0.28620712197937276;2.442893582037009
-0.1658387729385343;2.416639671233189
-0.04843918647069979;2.3735716979976726
-0.0394395491192229;2.3536030206586465
-0.015150188303569382;2.310306476414709
0;2.299999999999999
-0.03892608910666671;2.3136396533672623
-0.022523992695404702;2.29193401912746
0;2.28
-0.015320776541119437;2.270170871382654
0;2.2599999999999993
-0.047319681276413006;2.3336652445403314
-0.5637629137381681;2.3867466031776865
-0.6151847670126467;2.3178533372070627
-0.5750813842048949;2.3296966121534863
-0.6301040070914031;2.2866741458544055
-0.5019687706134586;2.3820385754571762
-0.43444409489772257;2.3795573946181414
-0.36559297243486283;2.3783509648559082
-0.07187142862852129;2.3555295460134817
-0.11377112496515113;2.3724454315959473
-0.14459424768621698;2.386633885579718
-0.2297212194776754;2.411290889993636
-0.29746139227864543;2.3861531957971325
-0.18134366544981723;2.369895079860562
-0.14401023063670562;2.359623203506851
-0.32460234641462876;2.325711613982344
-0.07140045838726841;2.3142884643030808
-0.046973674010502835;2.2936016607404683
-0.0383113773620962;2.2734364901296575
-0.07036569955494808;2.275515497902257
-0.04657392928462301;2.2540777870354876
-0.5253702771849826;2.3434439103871068
-0.47228144140256567;2.329431896358327
-0.5249938526207969;2.2956656722866624
-0.5757733756438116;2.279094625276806
-0.3959596209552263;2.3125115824062306
-0.34352907819700684;2.272286351137557
-0.1130175123347322;2.3330586230344283
-0.23945131320069518;2.331258373681521
-0.16621716255277874;2.3170018910693173
-0.28497515490440195;2.2702435953036333
-0.11204471573520687;2.2885981773575392
-0.10007649294717022;2.255591695529733
-0.14467404028156358;2.2550422436679876
-0.46201080217356083;2.2709373352206597
0;2.98
-0.016776806043339827;2.9716463161387905
0;2.96
-0.75;2.9913808493507474
-0.022682615055983308;2.952015369816508
0;2.94
-0.03991821414863521;2.974290477413018
-0.04824809672674903;2.954762343404837
-0.03885826752354772;2.933871804175111
-0.01681149064231976;2.9315147437152635
0;2.92
-0.022707934707340425;2.9120087565619994
0;2.9
-0.01678322516638241;2.8914150196206205
0;2.88
-0.07240714996339755;2.976658850881435
-0.07216548921602992;2.9363088407368396
-0.6256417969902951;2.9913808493507474
-0.6878208984951472;2.955669075088474
-0.75;2.9199573008262
-0.37336088713647453;2.9841410658844487
-0.02249662195473959;2.8720967132529958
0;2.86
-0.01668840218719143;2.8514167594968773
0;2.84
-0.022136137714499245;2.8320236794462517
-0.03869596899822965;2.893491349266273
-0.04737981828333933;2.9138297484242073
0;2.8200000000000003
-0.015483350272926147;2.8103699247061615
0;2.7999999999999994
-0.11949589953276867;2.9606373730965303
-0.16952622072346737;2.969845553841125
-0.04695065852924792;2.8738791342754233
-0.03824345099790488;2.813555720213298
-0.07094875605167114;2.8956590676840976
-0.10634668360223141;2.916313897461004
-0.5634626954854423;2.955669075088474
-0.6256417969902948;2.9199573008262
-0.6878208984951476;2.884245526563927
-0.4375006400267131;2.951928404945298
-0.5012835939805895;2.9199573008262
-0.75;2.8485337523016536
-0.228209455266328;2.9436608435781677
-0.3042820964410421;2.9510380239941387
-0.3725880663494209;2.918640857575144
-0.26583464592169637;2.895993022617476
-0.0382472915109115;2.85327384827608
-0.046687767314731766;2.8332422679952636
-0.015364332352828266;2.770219236518803
0;2.76
0;2.7799999999999994
-0.02228374335538698;2.7519981505876445
0;2.7399999999999993
-0.022592499448400683;2.79211189918238
-0.03846152566498769;2.7737750832720165
-0.04807752429975638;2.794598984099037
-0.16058169956586874;2.914257408614975
-0.07146758606248883;2.855042369881206
-0.07033080336004502;2.8148858682045907
-0.11780223546067767;2.875624693472363
-0.11372095871019613;2.8339767901457216
-0.1614560355828972;2.8537271359121057
-0.5634626954854426;2.8842455265639266
-0.6256417969902952;2.8485337523016536
-0.6878208984951477;2.8128219780393806
-0.4391044924757374;2.884245526563926
-0.5012835939805904;2.848533752301653
-0.75;2.777110203777107
-0.21654417711798543;2.8792673753072315
-0.1028684066140062;2.7957241662689185
-0.07125108761734811;2.7764128524658234
-0.3796441660370095;2.8467560141370987
-0.3202622108211279;2.879369213348683
-0.26613263924795033;2.846726907994127
-0.2113366165272536;2.820413648526596
-0.01668081486883115;2.6909814186634122
0;2.6799999999999997
0;2.6999999999999997
-0.047200891849612306;2.7539529739306334
-0.03910254238884209;2.7338019439810384
0;2.7199999999999998
-0.022569654615702178;2.7120407339180086
-0.016697836115692987;2.731447774674281
-0.15221153179770677;2.7963307809857634
-0.5634626954854427;2.812821978039381
-0.625641796990295;2.7771102037771076
-0.6878208984951472;2.741398429514834
-0.43910342351849324;2.812820395948964
-0.5012834870798625;2.7771068534731222
-0.75;2.7056866552525602
-0.04700983155492058;2.7142146354614556
-0.11464481348083648;2.7572419021642642
-0.07116837604699136;2.735528834956076
-0.3769509249025994;2.773589028739593
-0.32157462188083896;2.808607325684559
-0.26415255804842186;2.7873992551045115
-0.16133543883922744;2.7372601240261907
-0.20798362007997623;2.7646274383583793
0;2.6599999999999997
-0.017315507518449163;2.650732679912043
0;2.6399999999999997
-0.023208165354349896;2.672019528154906
-0.04128334448522931;2.652601980353985
-0.03940654348648209;2.6934104616909327
-0.04794183510832893;2.6734068177501658
-0.02375942155600209;2.6306148721811735
0;2.6199999999999997
-0.015968580157950982;2.6091751505308194
-0.05082872255697113;2.6333077832575955
0;2.6
-0.5634645676551182;2.7413949885089193
-0.75;2.634275812282179
-0.6888143579132818;2.6719489697960332
-0.62564564821566;2.7056864787419808
-0.44256366967120003;2.7422086857120087
-0.5027050349573121;2.7083883817234753
-0.07152425902480687;2.695150102630481
-0.11419240056730975;2.7151551242261296
0;2.5799999999999996
-0.0214563201098083;2.5893413826791667
-0.07260007292200588;2.6559969853732355
-0.1057367759996929;2.677809888512635
-0.38059761356797706;2.7048337998685756
-0.31139122955829307;2.7367926957885262
-0.24741921133400335;2.7358838031530204
-0.15664195738127445;2.6820166601885935
-0.208256950183691;2.706607945897261
-0.0774341592244334;2.6171835814713575
-0.043909963210799506;2.607562666755996
-0.0652450073828801;2.590323625739308
-0.04373184485934353;2.5782364721174824
-0.017944605306259086;2.569261101285308
0;2.5599999999999996
-0.013348712930652719;2.551907709604362
-0.036324611126502766;2.5558780045648324
0;2.5399999999999987
-0.75;2.5645260940469248
-0.6912717609664979;2.603679426436319
-0.5620665732484725;2.67303930972599
-0.6283357867094792;2.6400135973905168
-0.5052138355575105;2.642125858751926
-0.44620446816706666;2.6753188228156435
-0.3889218474431368;2.642467106279045
-0.12026970067272927;2.637224186386523
-0.1676923415103776;2.6369900681765683
-0.3218553353839844;2.6606803258854144
-0.26497255580748846;2.685789669716731
-0.2091032043333427;2.6589284307191856
-0.105963101639424;2.584945283486818
-0.3374555114981562;2.605961205139566
-0.19337162765310653;2.6157012013662975
-0.06813352162100698;2.5560794911058564
-0.10078544287937728;2.543189602582851
-0.045985716219434335;2.535484310669617
-0.630599835640567;2.5711383424464076
-0.5617032908290535;2.6062731510227097
-0.49943562663290714;2.581610688807565
-0.4517401264257685;2.613697895629377
-0.40042097811059874;2.584085734808494
-0.45160404953849664;2.566976783746187
-0.1539258867808449;2.5933515698740837
-0.25710194655215024;2.6130983180087384
-0.14631214413803065;2.5462851297898497
-0.20502766873398276;2.5650646965692205
-0.36035050586101397;2.541754916963701
-0.3048705944320417;2.5568189916048736
-0.25372925696044185;2.5390316778659385
0;3.42
-0.016684944491061057;3.411060340431772
0;3.4
-0.03832184424069493;3.412465883771752
-0.015430798085988608;3.3702931542025567
0;3.36
0;3.38
-0.02217300905712678;3.392067800805716
-0.03963762639661601;3.372288652774437
-0.04694429041811383;3.392047463155294
-0.07026847186831726;3.410246896454281
-0.75;3.402090363324608
-0.02178858316856362;3.3516099067191285
0;3.34
-0.047306829490783374;3.3528832101522785
-0.07019291383972862;3.3721440390865465
-0.13755549520212895;3.4179213683013763
-0.11087086165636055;3.3869381584819975
-0.01651323866005303;3.3314351476277126
0;3.3199999999999994
-0.6537444409122577;3.406285400219369
-0.7034528669315727;3.372418569643619
-0.4904493836473331;3.411407396034077
-0.75;3.344090626733465
-0.2158893810987943;3.42180173892064
-0.02216908242241864;3.3120994765942973
0;3.3000000000000003
-0.015568656892156535;3.290580180155416
0;3.28
-0.03904229192829115;3.3327984653394718
-0.04794107271352577;3.3128587771290015
-0.022217315840232996;3.2719133370667555
0;3.26
-0.015473381604953903;3.250464785510613
0;3.2399999999999998
-0.07162277633029501;3.3336570881771688
-0.10247676997513139;3.352310666961077
-0.17900696687569725;3.3990631771995514
-0.2249519056090638;3.3722052410461183
-0.15103659805934205;3.381322675231452
-0.13885828397705918;3.3511538426561476
-0.3834247188935308;3.4103187469261296
-0.03911129404575498;3.2927308650164475
-0.5924083228240219;3.3854593592412154
-0.6415865104790893;3.3444117768836645
-0.6975751232794168;3.310356644296157
-0.43100197676280466;3.398633912236965
-0.5317237958332129;3.365558234506775
-0.4798014396283144;3.362548073436348
-0.75;3.277058704627232
-0.3347878946246313;3.4037792396181263
-0.2746190397448743;3.3938458490571732
-0.2582510809885552;3.348342366589826
-0.015152489709298857;3.210297686950444
0;3.1999999999999997
0;3.2199999999999998
-0.04764345603887496;3.273277230942628
-0.07128640103658956;3.294202894999123
-0.2322599035129233;3.334771433038776
-0.03965871198517708;3.2535779103480547
-0.022431459257895345;3.232078064747196
-0.07086420549709856;3.255393321579199
-0.0475530422702973;3.2346656165320447
-0.03792502066341038;3.213901434005286
-0.022513811606228184;3.1921145153189303
0;3.1799999999999997
-0.11550678577833534;3.31385778620503
-0.10315929038473994;3.273902716573267
-0.18676061437856212;3.351209065124622
-0.16012302117141128;3.317473849490744
-0.015288705379974794;3.13044473897317
0;3.12
0;3.14
-0.38106926850031536;3.361696557966275
-0.20913701600041845;3.296723732834169
-0.575679988763229;3.319683962420533
-0.6352496494614449;3.2760899032354263
-0.6903095081192954;3.2409460590765535
-0.432204035717471;3.3258269586502025
-0.5039437244063601;3.3005961903397116
-0.75;3.205651494924387
-0.31487469209574176;3.3411358624763734
-0.26406967940886034;3.3052192306474963
-0.07093909322785709;3.216057436147354
-0.04640951019269137;3.193832015964606
-0.1532939494136981;3.2718825342749756
-0.11359165663513955;3.235953812230116
-0.10753543496699687;3.19493569571365
0;3.16
-0.022256741594415257;3.1519126098006445
-0.038147959767984144;3.173590404249038
-0.015353044467699386;3.1704458729515976
-0.02233630613976418;3.112064551932579
-0.046484514548798456;3.1538261147190783
-0.03922761904450813;3.133891006904578
0;3.1
-0.016629755056885645;3.091382074560026
0;3.08
-0.2443256036086224;3.262533898176522
-0.3751258230582408;3.2910153604264725
-0.2010751901565302;3.2386158169363455
-0.15320207667808663;3.2154727381995385
-0.5660661627710711;3.247849188295191
-0.6289842538140137;3.205812968683686
-0.6878208984951476;3.1699397206621134
-0.4384360062128041;3.2504616015782237
-0.5020059785966694;3.217774127183978
-0.75;3.1342279463998404
-0.3133454655008418;3.2587901703127002
-0.07045779005890136;3.1756075853231254
-0.10050301841154985;3.1606647250948585
-0.14595798299273463;3.1666685988559045
-0.02262420774310814;3.0720738550441955
-0.038695590252164486;3.0938551736078184
-0.047796616206322355;3.1146108262319494
-0.07057142114465943;3.1359506095673764
0;3.06
-0.2554200236051935;3.2085784680310105
-0.378583598150804;3.2127120778801097
-0.19643029447356006;3.18456456199943
-0.565578918698102;3.1707737842500605
-0.625641796990295;3.1342279463998404
-0.6878208984951475;3.098516172137567
-0.43925766112476966;3.1721611382400487
-0.5024408136095811;3.138693622319459
-0.75;3.0628043978752935
-0.3081786874846097;3.170565651719589
-0.17506598843168403;3.1299835500789484
-0.11663345916090849;3.1230018326410063
-0.015458092484972711;3.0506445100910997
-0.038996264970003504;3.05405861015732
0;3.0399999999999996
-0.02266120607540623;3.0321110859274976
0;3.0199999999999996
-0.01523166539238296;3.010607195458167
0;2.9999999999999996
-0.07182613928133154;3.09725801370903
-0.04840154705124982;3.0745746883773695
-0.23795041679602955;3.1499488431731093
-0.2687416770906423;3.1083567899804256
-0.3767947023404405;3.1322487030043553
-0.0225442537258664;2.9922184759969324
-0.04015927693043649;3.0144096802507763
-0.04801378025807898;3.0344339640562206
-0.0484713617591757;2.9953153455608326
-0.5634626954854424;3.0985161721375665
-0.6256417969902952;3.0628043978752935
-0.6878208984951479;3.0270926236130205
-0.43910311783273037;3.098518206645768
-0.5012835939805904;3.0628043978752926
-0.21053078655884894;3.0850368849241123
-0.32317934258305575;3.0938739258100947
-0.37980049362004153;3.0588776572428555
-0.15007956322456384;3.084497104615414
-0.16692566472666953;3.0464206881293205
-0.07200669392720487;3.016927185784203
-0.0718740081171619;3.0573031246838163
-0.10497441458112684;3.079407613187597
-0.26842631918160165;3.0534878209725695
-0.1177346343877856;3.042364062087123
-0.10436805304804059;2.997793788447891
-0.1492155268243387;3.005774357779173
-0.563462695485443;3.0270926236130205
-0.4383584608219396;3.0239097378397646
-0.5012835939805902;2.9913808493507483
-0.209341381518953;3.0150033224686545
-0.32029327303322214;3.019190535294969
-0.2664072878751409;2.997893896942166
-0.75;3.5864179487428944
-0.7387391170169018;3.5909131507082717
-0.75;3.6
-0.7347177765346325;3.6
-0.7259575684023312;3.5888315253994065
-0.716170280828981;3.6
-0.012658386821279408;3.5852917909822595
0;3.58
0;3.6
-0.019898645425788078;3.6
-0.75;3.571156963411121
-0.7360565671212042;3.5774488664733686
-0.7076112789665202;3.585110563954107
-0.6964523300465396;3.6
-0.7166132702736409;3.5727594326030423
-0.7314445893961161;3.5618383607459196
-0.75;3.5519324350445616
-0.013892463600983982;3.56887693241676
0;3.5599999999999996
-0.039797290851576156;3.6
-0.031889125054772725;3.580766093187038
-0.05040383720857324;3.5834451486699144
-0.059695936277364234;3.6
-0.09071266912278106;3.5839540811784807
-0.07959458170315231;3.6
-0.09949322712894051;3.6
-0.6870454887392303;3.583002126254524
-0.6765539444767967;3.6
-0.6566552990510086;3.6
-0.6664387336442448;3.5828504587235357
-0.6460106407405825;3.5836937712897905
-0.6367566536252204;3.6
-0.6291207289094796;3.587057718895666
-0.6168580081994324;3.6
-0.696951529891677;3.5679415973158073
-0.6780088631082886;3.5648726363956436
-0.5969593627736441;3.6
-0.5883460934528374;3.5833041552879403
-0.577060717347856;3.6
-0.6095524892314457;3.579196680407927
-0.7127881576958477;3.5580190655474575
-0.723100941509001;3.5364591931947316
-0.41787155394155084;3.6
-0.40946949081050743;3.5832815490470336
-0.3979729085157627;3.6
-0.45766884479312714;3.6
-0.44972696557226854;3.583760057598454
-0.4377701993673389;3.6
-0.43016130068505715;3.5774697175390093
-0.47756749021891526;3.6
-0.46999395192593396;3.578505713284186
-0.49001393565749285;3.5865383691512482
-0.49746613564470343;3.6
-0.5173647810704916;3.6
-0.5072960630942889;3.582414884510235
-0.5686117651964102;3.576617787729932
-0.5571620719220679;3.6
-0.5372634264962798;3.6
-0.5272374189728536;3.5782420819339413
-0.5465655004132076;3.5834600399838274
-0.75;3.52623336088913
-0.3901485420742728;3.5774791270387567
-0.37807426308997455;3.6
-0.36961032761822726;3.583480621431486
-0.35817561766418643;3.6
-0.32952274563115375;3.5838006829511655
-0.31837832681261014;3.6
-0.3382769722383982;3.6
-0.35034612619708966;3.577484709374684
-0.21008307009527577;3.583491580590852
-0.19898645425788108;3.6
-0.21888509968366937;3.6
-0.17032644021885815;3.5835940791693957
-0.15918916340630487;3.6
-0.17908780883209297;3.6
-0.1913079912411908;3.577367712537172
-0.2586823905352455;3.6
-0.25011838651178525;3.5832734055503064
-0.23878374510945732;3.6
-0.23101934440877608;3.5776028133546744
-0.3103337543294356;3.577473290828547
-0.2984796813868219;3.6
-0.289927804166972;3.583335522151056
-0.2785810359610337;3.6
-0.2705766721058377;3.5774505689951166
-0.13929051798051667;3.6
-0.13082303328971567;3.5833159482512205
-0.11939187255472872;3.6
-0.15133064570352317;3.5774776397083374
-0.07133215522735134;3.5771097296473795
-0.11151516076085938;3.577440072581194
-0.01619461485815949;3.550397878651795
0;3.5399999999999996
-0.01744266226616187;3.530333048995541
0;3.52
-0.049168273025430365;3.562443760528032
-0.034268170362028526;3.5417897120451043
-0.028001487765981548;3.56087879764125
-0.017026745981823178;3.5098348391846885
0;3.4999999999999996
-0.012998191521079259;3.492539557434438
0;3.48
-0.13310580996309454;3.561893672993133
-0.09373515823140167;3.5596338557615628
-0.6565427123825237;3.566069837697698
-0.6321603030855757;3.56671188789365
-0.691500248238163;3.541365088028268
-0.6661032241758632;3.5501585840912457
-0.6438908694829875;3.546634554916186
-0.5897294792255494;3.562714366936365
-0.6168986531467868;3.5516106902659055
-0.6961262609535055;3.519308060045106
-0.7183184248152091;3.5039486808999523
-0.411599477442775;3.5617701480242063
-0.45227723799063274;3.5617990589540187
-0.43217554712500356;3.5526808419193667
-0.4737832763956843;3.5540269313070936
-0.4933260540779411;3.562610859436651
-0.5167005597381303;3.5572712162381723
-0.5721954715847064;3.5523439159396437
-0.5453847179103755;3.557362802576884
-0.75;3.4925985162770363
-0.39200194584961595;3.5527402733448543
-0.3720760059075903;3.560608602550107
-0.33228222463708157;3.5605089712831943
-0.3526191496533386;3.5522131219611333
-0.21232623786119098;3.5603079639413155
-0.17303779289417504;3.5611880473171453
-0.1540424367801846;3.5518788637958645
-0.19348060295894903;3.551763743901482
-0.25217566313042844;3.561436132306894
-0.2327133321843777;3.5523782213786106
-0.31294899058342196;3.551994031668291
-0.2921816768174671;3.5612728012714845
-0.27320635648850466;3.5515912711561457
-0.11411372973017336;3.5525559882121103
-0.07390820175469894;3.5516564709725054
-0.021038670727803268;3.472979982928224
-0.016323945903475707;3.4521448315482535
-0.0224570371355458;3.432234657020035
0;3.44
0;3.46
-0.059928813313976766;3.531699920316356
-0.03772709096743092;3.518770977126928
-0.03548001941323395;3.494988165083512
-0.0635722803472918;3.5043331081741753
-0.03981092653982975;3.453705013302356
-0.051426981927005684;3.4754992528453172
-0.1374926943214602;3.5289426355942393
-0.09516077096152684;3.526692047471608
-0.07233204882414473;3.4503867332113978
-0.08742964914386593;3.483971218783706
-0.6633688229874803;3.524030242250026
-0.6278318766358393;3.5237467380885823
-0.5945817231964204;3.5352563320593067
-0.6856065925310854;3.4937252945932387
-0.7151763946624154;3.469240161072422
-0.4144404176085456;3.5287667371179854
-0.4556300360042302;3.528027816156794
-0.49584780570749987;3.5323060429565514
-0.5298818871377344;3.535583999819809
-0.5595542006930248;3.5231147850066837
-0.75;3.4511164950064415
-0.3741769822896796;3.5288224116064324
-0.33498940570333724;3.528668920802463
-0.21540128443300785;3.52837771307506
-0.1765026916797579;3.5291125867166344
-0.25591176071909855;3.528353668445166
-0.29530160095126956;3.528562549587383
-0.04692300322842286;3.4321230434695527
-0.1584652109088315;3.496363511853641
-0.1021609332738698;3.425115756394788
-0.12647716885598279;3.4852381030198556
-0.11509692518111454;3.453003362980675
-0.6402401664959778;3.492147427497752
-0.5982865061384707;3.501136590402217
-0.6680390535968839;3.4545989172081613
-0.7090006488759434;3.4251147949531515
-0.3986953786433353;3.4994662113351573
-0.4345713312509946;3.49006535185763
-0.47473745735259176;3.489870896021558
-0.524032677807899;3.4931409109823344
-0.5673854199976043;3.482223956686303
-0.4939290660588604;3.45668769602091
-0.31967058557181044;3.496815399374932
-0.35907771056478455;3.486647082040831
-0.23986088842126832;3.4965485595010852
-0.2023751256188803;3.482221560636221
-0.2835348254932899;3.484755650205501
-0.1620664249511093;3.4520652338722058
-0.6080823861584849;3.4496516669155173
-0.4017910239349985;3.448512366585295
-0.4544047193059813;3.4474948556755587
-0.5437481684854312;3.4357515295422
-0.32512560025024245;3.4549202294886885
-0.36076037302953134;3.4379539188744155
-0.24840395853291028;3.451174656429618
-0.29563370093787683;3.4377538425951184
% Elements (triangles)
1873;1874;1875
1874;1876;1875
1877;1878;1876
1874;1877;1876
1879;1880;1881
1879;1881;1882
1883;1884;1873
1874;1873;1884
1874;1884;1877
1885;1886;1878
1878;1877;1885
1887;1885;1877
1877;1884;1887
1884;1883;1888
1888;1887;1884
1883;1889;1888
1890;1891;1880
1879;1890;1880
1892;1893;1882
1879;1882;1893
1879;1893;1890
1894;1892;1895
1894;1893;1892
1896;1897;1898
1886;1899;1900
1886;1885;1899
1901;1900;1902
1900;1899;1902
1903;1904;1901
1901;1902;1903
1905;1906;1904
1905;1904;1903
1907;1899;1885
1885;1887;1907
1899;1908;1902
1907;1908;1899
1909;1910;1911
1906;1912;1909
1905;1912;1906
1910;1909;1912
1887;1888;1913
1913;1907;1887
1888;1889;1914
1913;1888;1914
1915;1916;1917
1918;1919;1920
1920;1921;1915
1919;1921;1920
1916;1915;1921
1922;1923;1918
1919;1918;1923
1924;1922;1925
1924;1923;1922
1925;1926;1927
1924;1925;1927
1911;1928;1929
1910;1928;1911
1926;1930;1931
1927;1926;1931
1932;1930;1929
1932;1929;1928
1932;1931;1930
1933;1914;1889
1917;1934;1935
1916;1934;1917
1935;1936;1937
1936;1935;1934
1938;1939;1940
1937;1941;1940
1936;1941;1937
1938;1940;1941
1942;1943;1944
1945;1946;1947
1943;1948;1947
1942;1948;1943
1945;1947;1948
1949;1950;1951
1951;1952;1944
1950;1952;1951
1942;1944;1952
1939;1953;1954
1938;1953;1939
1954;1955;1956
1955;1954;1953
1956;1957;1949
1955;1957;1956
1950;1949;1957
1958;1959;1960
1946;1961;1958
1945;1961;1946
1959;1958;1961
1897;1962;1895
1896;1962;1897
1894;1895;1962
1960;1963;1898
1959;1963;1960
1896;1898;1963
1964;1965;1891
1890;1964;1891
1965;1966;1967
1965;1964;1966
1894;1962;1968
1894;1968;1893
1964;1969;1966
1970;1964;1890
1970;1890;1893
1964;1970;1969
1970;1893;1968
1970;1968;1969
1971;1972;1967
1967;1966;1971
1973;1972;1971
1973;1974;1972
1959;1961;1975
1959;1975;1963
1896;1963;1976
1896;1976;1962
1902;1977;1903
1902;1908;1977
1905;1903;1978
1905;1978;1912
1903;1977;1978
1913;1914;1979
1908;1907;1979
1913;1979;1907
1980;1977;1908
1980;1908;1979
1981;1978;1977
1980;1981;1977
1910;1912;1982
1910;1982;1928
1912;1983;1982
1978;1983;1912
1978;1981;1983
1984;1979;1914
1914;1933;1985
1984;1914;1985
1916;1921;1986
1916;1986;1934
1919;1923;1987
1919;1987;1921
1986;1921;1988
1988;1921;1987
1987;1923;1989
1924;1927;1990
1924;1990;1923
1989;1923;1990
1931;1991;1927
1990;1927;1991
1992;1928;1982
1932;1928;1993
1932;1993;1931
1992;1993;1928
1931;1993;1991
1994;1985;1933
1995;1934;1986
1936;1934;1996
1936;1996;1941
1996;1934;1995
1938;1941;1997
1938;1997;1953
1997;1941;1998
1998;1941;1996
1942;1952;1999
1942;1999;1948
1945;1948;2000
1945;2000;1961
1975;1961;2001
2001;1961;2000
2000;1948;2002
2002;1948;1999
1950;1957;2003
1950;2003;1952
2004;1999;1952
2004;1952;2003
2005;1953;1997
1955;1953;2006
1955;2006;1957
2006;1953;2005
2003;1957;2007
2007;1957;2006
2008;1976;1963
2008;1963;1975
1962;2009;1968
2009;1962;1976
1973;2010;1974
2011;2012;2013
1974;2010;2014
2014;2011;2013
2011;2014;2010
2013;2012;1705
1706;1705;2012
1705;1706;1707
2009;2015;1968
1969;1968;2015
1971;1966;2016
1969;2016;1966
2016;1969;2015
1973;1971;2017
1973;2017;2010
1971;2016;2017
2016;2018;2017
2015;2018;2016
2011;2010;2019
2011;2019;2012
2019;2010;2020
2017;2020;2010
2017;2018;2020
2001;2021;1975
2008;1975;2021
2008;2022;1976
2008;2021;2022
2009;1976;2022
2009;2022;2015
2015;2022;2018
2020;2023;2019
2023;2020;2024
2018;2024;2020
2018;2022;2024
1979;1984;2025
1980;2025;1981
1980;1979;2025
1981;2026;1983
1981;2025;2026
2027;1982;1983
1983;2026;2027
1982;2027;1992
1984;1985;2028
1984;2028;2025
1985;1994;2029
1985;2029;2028
1988;2030;1986
1995;1986;2030
1989;2031;1987
1987;2031;1988
1988;2031;2030
1990;1991;2032
1990;2032;1989
1989;2032;2031
2033;1991;1993
1991;2033;2032
1992;2034;1993
1992;2027;2034
2033;1993;2034
2035;2029;1994
1995;2036;1996
1995;2030;2036
1998;1996;2036
1998;2037;1997
1998;2036;2037
1997;2037;2005
2004;2038;1999
2002;1999;2038
2002;2039;2000
2002;2038;2039
2001;2000;2039
2001;2039;2021
2007;2040;2003
2003;2040;2004
2004;2040;2038
2005;2041;2006
2005;2037;2041
2007;2006;2041
2007;2041;2040
2042;2012;2019
2042;2019;2023
1706;2012;1708
2042;1708;2012
1709;1710;1711
1707;1712;1711
1706;1712;1707
1709;1711;1712
1706;1708;1712
1709;1712;1713
2043;2021;2039
1714;1713;1712
1714;1712;1708
2042;1715;1708
2042;2023;1715
1714;1708;1715
2044;1715;2023
2021;2045;2022
2043;2045;2021
2024;2022;2045
2024;2046;2023
2045;2046;2024
2044;2023;2046
2025;2028;2047
2026;2025;2047
2027;2048;2034
2026;2047;2048
2027;2026;2048
2028;2029;2049
2028;2049;2047
2029;2035;2050
2029;2050;2049
2051;2036;2030
2031;2052;2030
2051;2030;2052
2031;2032;2053
2053;2052;2031
2033;2034;2054
2033;2054;2032
2032;2054;2053
2055;2054;2034
2055;2034;2048
2056;2053;2054
2050;2035;1716
2037;2057;2041
2036;2058;2037
2051;2058;2036
2057;2037;2058
2059;2038;2040
2038;2060;2039
2059;2060;2038
2043;2039;2060
2041;2061;2040
2057;2061;2041
2059;2040;2061
1710;1717;1718
1709;1717;1710
1709;1713;1717
1719;1717;1713
1713;1714;1720
1714;1715;1720
1719;1713;1720
2043;2060;2062
2043;2062;2045
2046;2045;2062
2044;2046;1721
1721;2046;2062
1720;1715;1722
2044;1722;1715
2044;1721;1722
1718;1723;1724
1723;1718;1717
2047;2049;2063
2048;2047;2063
2055;2048;2063
2049;2050;1725
2049;1725;2063
2050;1716;1726
2050;1726;1725
2051;2052;2064
2051;2064;2058
2052;2053;2065
2056;2065;2053
2065;2064;2052
2055;2063;2066
2055;2066;2054
2056;2054;2066
2056;2066;1727
2056;1727;2065
1726;1716;1728
2057;2058;2067
2057;2067;2061
2067;2058;2068
2068;2058;2064
2059;2061;2069
2059;2069;2060
2062;2060;1729
2069;1729;2060
2061;2070;2069
2070;2061;2067
1723;1730;1724
1724;1730;1731
1732;1731;1730
1732;1733;1731
1723;1717;1734
1723;1734;1730
1734;1717;1719
1735;1730;1734
1733;1736;1737
1732;1736;1733
1738;1739;1737
1738;1737;1736
1719;1740;1734
1719;1720;1740
1735;1734;1740
1741;1740;1720
1741;1720;1722
1742;2062;1729
1721;2062;1742
1729;1743;1742
1744;1722;1721
1744;1721;1742
1741;1722;1745
1744;1745;1722
2068;2064;1746
1732;1730;1747
1732;1747;1736
1747;1730;1735
1725;1748;2063
2063;1748;2066
1725;1726;1749
1749;1748;1725
1726;1728;1750
1750;1749;1726
2065;1727;1751
2065;1751;2064
1746;2064;1751
1748;1752;2066
1727;2066;1752
1753;1727;1752
1753;1751;1727
1750;1728;1754
2068;1755;2067
2068;1746;1755
2070;2067;1755
2070;1756;2069
2070;1755;1756
2069;1756;1729
1743;1729;1756
1757;1743;1756
1758;1759;1760
1761;1736;1747
1735;1762;1747
1735;1740;1762
1761;1747;1762
1763;1743;1757
1738;1736;1764
1764;1736;1761
1739;1765;1760
1738;1765;1739
1758;1760;1765
1738;1764;1765
1761;1766;1764
1761;1762;1766
1767;1765;1764
1767;1764;1766
1758;1765;1768
1768;1765;1767
1758;1769;1759
1758;1768;1769
1759;1769;1770
1740;1771;1762
1741;1771;1740
1741;1745;1771
1772;1766;1762
1772;1762;1771
1744;1773;1745
1773;1742;1743
1744;1742;1773
1743;1763;1773
1745;1774;1771
1774;1745;1773
1775;1776;1777
1746;1751;1778
1746;1778;1755
1774;1773;1779
1763;1779;1773
1748;1749;1780
1752;1748;1780
1749;1750;1781
1749;1781;1780
1754;1782;1750
1782;1781;1750
1753;1783;1751
1778;1751;1783
1752;1780;1784
1753;1752;1784
1753;1784;1783
1782;1754;1785
1755;1778;1786
1755;1786;1756
1757;1756;1786
1757;1786;1787
1763;1787;1779
1763;1757;1787
1767;1788;1768
1767;1766;1788
1789;1769;1768
1768;1788;1789
1772;1771;1790
1774;1790;1771
1774;1779;1790
1766;1791;1788
1772;1791;1766
1772;1790;1791
1792;1788;1791
1793;1794;1777
1775;1777;1794
1789;1795;1769
1796;1793;1770
1796;1770;1769
1796;1794;1793
1796;1769;1795
1796;1795;1794
1775;1797;1776
1798;1794;1795
1775;1794;1799
1775;1799;1797
1798;1799;1794
1776;1797;1800
1801;1800;1797
1800;1801;1802
1803;1779;1787
1783;1804;1778
1778;1804;1786
1805;1790;1779
1803;1805;1779
1791;1806;1792
1791;1790;1806
1806;1790;1805
1780;1781;1807
1780;1807;1784
1781;1782;1808
1781;1808;1807
1782;1785;1809
1808;1782;1809
1783;1784;1810
1804;1783;1810
1807;1811;1784
1810;1784;1811
1812;1809;1785
1804;1813;1786
1787;1786;1813
1787;1813;1803
1789;1814;1795
1789;1788;1814
1795;1814;1798
1814;1788;1792
1815;1814;1792
1815;1792;1816
1816;1792;1806
1801;1817;1802
1801;1797;1818
1801;1818;1817
1818;1797;1819
1819;1797;1799
1798;1820;1799
1798;1814;1820
1819;1799;1820
1815;1820;1814
1802;1817;1821
1803;1822;1805
1803;1813;1822
1810;1823;1804
1804;1823;1813
1806;1824;1816
1806;1805;1824
1805;1822;1824
1808;1825;1807
1807;1825;1811
1808;1809;1826
1826;1825;1808
1827;1809;1812
1827;1826;1809
1811;1828;1810
1823;1810;1828
1825;1829;1811
1828;1811;1829
1830;1827;1812
1823;1831;1813
1822;1813;1831
1816;1824;1832
1815;1833;1820
1815;1816;1833
1816;1832;1833
1834;1821;1817
1834;1817;1835
1834;1836;1821
1834;1837;1836
1834;1835;1837
1836;1837;1838
1839;1840;1838
1839;1838;1837
1819;1841;1818
1819;1820;1841
1820;1833;1841
1835;1817;1842
1842;1817;1818
1842;1818;1841
1824;1843;1832
1843;1824;1822
1822;1831;1843
1843;1831;1844
1828;1845;1823
1845;1831;1823
1840;1846;1537
1839;1846;1840
1537;1538;1539
1538;1537;1846
1837;1847;1839
1839;1847;1846
1847;1837;1848
1848;1837;1835
1849;1846;1847
1826;1850;1825
1825;1850;1829
1851;1826;1827
1851;1850;1826
1852;1827;1830
1852;1851;1827
1828;1829;1853
1853;1845;1828
1850;1854;1829
1853;1829;1854
1540;1852;1830
1832;1843;1855
1844;1855;1843
1856;1831;1845
1844;1831;1856
1853;1857;1845
1856;1845;1857
1539;1541;1542
1538;1541;1539
1538;1846;1543
1538;1543;1541
1543;1846;1849
1858;1833;1832
1832;1855;1858
1859;1858;1855
1848;1860;1847
1847;1860;1849
1842;1861;1835
1842;1841;1861
1835;1861;1848
1848;1861;1860
1862;1861;1841
1862;1841;1833
1862;1833;1858
1844;1863;1855
1844;1856;1863
1861;1864;1860
1862;1864;1861
1862;1858;1864
1859;1864;1858
1544;1541;1543
1545;1541;1544
1542;1546;1547
1546;1542;1541
1546;1541;1545
1546;1548;1547
1546;1545;1548
1547;1548;1549
1550;1549;1548
1549;1550;1551
1849;1552;1543
1849;1860;1552
1543;1552;1544
1865;1552;1860
1865;1860;1864
1865;1864;1866
1866;1864;1859
1544;1553;1545
1544;1552;1553
1867;1850;1851
1867;1854;1850
1554;1851;1852
1554;1867;1851
1555;1852;1540
1555;1554;1852
1854;1868;1853
1857;1853;1868
1869;1854;1867
1869;1868;1854
1556;1555;1540
1859;1870;1866
1859;1855;1870
1855;1863;1870
1857;1871;1856
1863;1856;1871
1872;1870;1863
1872;1863;1871
1857;1868;1557
1871;1857;1557
1551;1558;1559
1550;1558;1551
1559;1560;1561
1560;1559;1558
1560;1562;1561
1550;1548;1563
1550;1563;1558
1563;1548;1564
1564;1548;1545
1545;1553;1564
1561;1562;1565
1566;1567;1565
1566;1565;1562
1552;1568;1553
1865;1568;1552
1865;1866;1568
1569;1568;1866
1569;1866;1870
1570;1558;1563
1566;1562;1571
1564;1572;1563
1564;1553;1572
1563;1572;1570
1553;1573;1572
1573;1553;1568
1574;1867;1554
1574;1869;1867
1575;1554;1555
1575;1574;1554
1576;1555;1556
1576;1575;1555
1868;1869;1577
1577;1557;1868
1578;1869;1574
1578;1577;1869
1579;1576;1556
1569;1870;1580
1872;1580;1870
1871;1557;1581
1872;1871;1581
1872;1581;1580
1557;1577;1582
1582;1581;1557
1583;1580;1581
1560;1558;1584
1560;1584;1562
1570;1584;1558
1571;1562;1585
1585;1562;1584
1586;1587;1588
1586;1589;1587
1587;1589;1590
1567;1591;1588
1566;1591;1567
1586;1588;1591
1566;1571;1591
1586;1591;1592
1586;1592;1589
1592;1591;1593
1593;1591;1571
1573;1568;1594
1569;1594;1568
1569;1580;1594
1570;1595;1584
1570;1572;1595
1585;1584;1595
1585;1596;1571
1585;1595;1596
1593;1571;1596
1595;1572;1597
1573;1597;1572
1573;1594;1597
1595;1598;1596
1598;1595;1597
1597;1599;1598
1597;1594;1599
1600;1574;1575
1600;1578;1574
1601;1575;1576
1601;1600;1575
1602;1576;1579
1602;1601;1576
1577;1578;1603
1577;1603;1582
1604;1578;1600
1604;1603;1578
1605;1602;1579
1606;1594;1580
1599;1594;1606
1583;1606;1580
1607;1596;1598
1593;1608;1592
1593;1596;1608
1607;1608;1596
1609;1582;1603
1610;1582;1609
1610;1581;1582
1583;1581;1610
1583;1611;1606
1583;1610;1611
1612;1599;1606
1606;1611;1612
1613;1614;1615
1616;1589;1592
1592;1608;1616
1617;1589;1616
1618;1619;1615
1613;1615;1619
1590;1620;1618
1620;1590;1589
1620;1619;1618
1620;1589;1617
1620;1617;1619
1607;1598;1621
1598;1599;1621
1599;1612;1621
1622;1600;1601
1622;1604;1600
1623;1601;1602
1623;1622;1601
1624;1602;1605
1624;1623;1602
1603;1604;1625
1609;1603;1625
1604;1622;1626
1626;1625;1604
1627;1624;1605
1369;1370;1371
1372;1370;1369
1369;1373;1372
1374;1371;1375
1370;1375;1371
1370;1376;1375
1374;1377;1378
1375;1377;1374
1628;1619;1617
1607;1629;1608
1607;1621;1629
1616;1630;1617
1616;1608;1630
1617;1630;1628
1608;1629;1630
1609;1625;1631
1632;1609;1631
1609;1632;1610
1611;1610;1632
1611;1633;1612
1633;1611;1632
1629;1621;1634
1612;1635;1621
1634;1621;1635
1635;1612;1633
1636;1637;1638
1614;1639;1636
1613;1639;1614
1637;1636;1639
1637;1639;1640
1613;1619;1641
1613;1641;1639
1628;1641;1619
1642;1640;1639
1642;1639;1641
1638;1643;1644
1637;1643;1638
1637;1640;1643
1645;1644;1643
1646;1643;1640
1645;1647;1644
1622;1623;1648
1648;1626;1622
1627;1649;1650
1650;1624;1627
1650;1651;1624
1651;1623;1624
1651;1648;1623
1652;1625;1626
1652;1631;1625
1653;1626;1648
1626;1653;1652
1372;1379;1370
1376;1370;1379
1373;1380;1381
1372;1373;1381
1372;1381;1379
1382;1379;1383
1382;1376;1379
1377;1375;1384
1376;1384;1375
1385;1384;1376
1382;1385;1376
1386;1378;1387
1377;1387;1378
1388;1387;1377
1384;1388;1377
1380;1389;1390
1381;1380;1390
1628;1654;1641
1628;1630;1654
1642;1641;1654
1654;1630;1655
1655;1630;1629
1629;1634;1655
1656;1647;1657
1645;1657;1647
1642;1658;1640
1642;1654;1658
1646;1640;1658
1654;1659;1658
1659;1654;1655
1660;1631;1652
1631;1660;1661
1632;1631;1661
1633;1632;1661
1662;1635;1633
1662;1633;1661
1659;1655;1663
1655;1634;1663
1634;1664;1663
1634;1635;1664
1662;1664;1635
1646;1658;1665
1645;1643;1666
1645;1666;1657
1646;1666;1643
1646;1665;1666
1667;1666;1665
1657;1666;1668
1667;1668;1666
1669;1656;1657
1657;1668;1669
1670;1656;1669
1671;1670;1669
1669;1672;1671
1672;1669;1668
1671;1673;1670
1671;1391;1673
1671;1672;1391
1673;1391;1392
1393;1386;1394
1387;1394;1386
1393;1395;1396
1394;1395;1393
1649;1674;1675
1675;1650;1649
1676;1648;1651
1676;1653;1648
1650;1675;1677
1677;1651;1650
1651;1677;1676
1678;1653;1676
1653;1678;1679
1679;1652;1653
1679;1660;1652
1680;1660;1679
1390;1397;1381
1379;1381;1397
1397;1383;1379
1398;1383;1397
1398;1399;1383
1382;1383;1400
1399;1400;1383
1385;1382;1400
1384;1401;1388
1385;1401;1384
1385;1400;1401
1387;1402;1394
1388;1402;1387
1388;1401;1402
1403;1404;1389
1390;1389;1404
1404;1405;1390
1397;1390;1405
1398;1397;1405
1406;1404;1403
1407;1406;1403
1665;1658;1681
1659;1681;1658
1659;1663;1681
1682;1681;1663
1680;1683;1660
1660;1683;1661
1684;1661;1683
1662;1684;1664
1662;1661;1684
1664;1685;1663
1682;1663;1685
1664;1684;1685
1667;1665;1686
1665;1681;1686
1687;1683;1680
1688;1682;1685
1672;1668;1689
1668;1667;1689
1667;1686;1689
1690;1689;1686
1691;1408;1391
1691;1391;1672
1691;1672;1689
1409;1392;1391
1409;1391;1408
1409;1410;1392
1411;1412;1413
1414;1674;1415
1674;1414;1675
1416;1415;1417
1416;1414;1415
1417;1418;1419
1419;1416;1417
1418;1396;1420
1395;1420;1396
1420;1419;1418
1395;1394;1421
1402;1421;1394
1420;1395;1422
1421;1422;1395
1421;1402;1423
1675;1414;1692
1692;1677;1675
1677;1692;1693
1676;1677;1693
1676;1693;1678
1678;1693;1694
1695;1678;1694
1695;1679;1678
1679;1695;1680
1696;1680;1695
1680;1696;1687
1697;1695;1694
1697;1696;1695
1398;1405;1424
1399;1398;1424
1399;1424;1425
1399;1425;1400
1425;1426;1400
1400;1426;1401
1427;1423;1402
1401;1427;1402
1427;1401;1426
1406;1428;1404
1405;1404;1428
1405;1428;1424
1192;1193;1407
1406;1407;1193
1406;1193;1428
1194;1192;1195
1192;1194;1193
1410;1429;1411
1409;1429;1410
1412;1411;1429
1409;1408;1429
1413;1430;1431
1412;1430;1413
1412;1429;1432
1412;1432;1430
1433;1432;1429
1433;1429;1408
1434;1430;1432
1686;1681;1698
1682;1698;1681
1688;1698;1682
1685;1684;1699
1688;1685;1699
1683;1687;1699
1684;1683;1699
1690;1686;1700
1698;1700;1686
1698;1701;1700
1688;1701;1698
1688;1699;1701
1696;1702;1687
1703;1687;1702
1703;1699;1687
1435;1431;1430
1435;1436;1431
1437;1690;1700
1691;1438;1408
1691;1689;1438
1433;1408;1438
1690;1438;1689
1690;1437;1438
1433;1439;1432
1433;1438;1439
1434;1432;1439
1440;1441;1442
1414;1416;1443
1443;1692;1414
1419;1444;1416
1444;1443;1416
1420;1445;1419
1422;1445;1420
1445;1444;1419
1422;1421;1446
1423;1446;1421
1445;1422;1447
1446;1447;1422
1427;1448;1423
1449;1446;1423
1448;1449;1423
1697;1694;1450
1692;1443;1451
1693;1692;1451
1693;1451;1694
1450;1694;1451
1697;1450;1452
1697;1452;1696
1696;1452;1702
1453;1450;1451
1424;1428;1454
1454;1455;1424
1425;1424;1455
1456;1425;1455
1425;1456;1426
1448;1427;1457
1426;1457;1427
1456;1457;1426
1456;1455;1458
1456;1458;1457
1194;1196;1193
1193;1196;1428
1454;1428;1196
1197;1198;1195
1194;1195;1198
1194;1198;1196
1197;1199;1198
1199;1197;1200
1435;1430;1459
1459;1430;1434
1439;1438;1460
1437;1460;1438
1434;1461;1459
1434;1439;1461
1439;1460;1461
1437;1462;1460
1437;1700;1462
1701;1699;1704
1703;1704;1699
1463;1700;1701
1462;1700;1463
1701;1704;1463
1464;1702;1452
1702;1464;1465
1703;1702;1465
1703;1465;1704
1436;1466;1440
1435;1466;1436
1441;1440;1466
1435;1459;1466
1467;1466;1459
1459;1461;1467
1441;1466;1468
1468;1466;1467
1442;1469;1470
1441;1469;1442
1441;1468;1469
1471;1470;1469
1470;1471;1472
1471;1473;1472
1472;1473;1474
1444;1475;1443
1475;1451;1443
1453;1451;1475
1444;1445;1476
1447;1476;1445
1476;1475;1444
1446;1477;1447
1449;1477;1446
1478;1476;1447
1477;1478;1447
1449;1448;1479
1449;1479;1477
1448;1457;1479
1480;1453;1475
1450;1453;1481
1481;1452;1450
1452;1481;1464
1482;1481;1453
1480;1482;1453
1483;1464;1481
1482;1483;1481
1454;1196;1201
1201;1202;1454
1455;1454;1202
1455;1202;1458
1479;1457;1484
1458;1484;1457
1202;1203;1458
1484;1458;1203
1199;1204;1198
1198;1204;1196
1201;1196;1204
1200;1205;1206
1199;1200;1206
1199;1206;1204
1207;1205;1208
1207;1206;1205
1209;1201;1204
1207;1208;1210
1208;1211;1210
1467;1485;1468
1467;1461;1485
1460;1486;1461
1460;1462;1486
1485;1461;1487
1487;1461;1486
1462;1488;1486
1488;1462;1463
1463;1489;1488
1463;1704;1489
1489;1704;1465
1464;1483;1490
1490;1465;1464
1491;1489;1465
1491;1465;1490
1487;1486;1492
1492;1486;1488
1493;1469;1468
1468;1485;1493
1471;1469;1494
1471;1494;1473
1494;1469;1493
1495;1474;1473
1495;1496;1474
1495;1473;1497
1496;1498;1499
1495;1498;1496
1495;1497;1498
1500;1501;1499
1500;1499;1498
1501;1212;1213
1500;1212;1501
1214;1213;1212
1214;1215;1213
1214;1216;1215
1497;1473;1502
1502;1473;1494
1503;1475;1476
1478;1503;1476
1480;1475;1503
1478;1477;1504
1477;1479;1504
1505;1503;1478
1504;1505;1478
1506;1504;1479
1484;1506;1479
1480;1503;1507
1480;1507;1482
1482;1507;1508
1483;1482;1508
1508;1509;1483
1490;1483;1509
1209;1217;1201
1202;1201;1217
1217;1203;1202
1203;1218;1484
1506;1484;1218
1203;1217;1219
1219;1218;1203
1207;1210;1220
1207;1220;1206
1206;1220;1204
1209;1204;1220
1209;1220;1221
1209;1221;1217
1217;1221;1219
1210;1222;1220
1223;1210;1211
1210;1223;1222
1224;1223;1211
1223;1225;1222
1226;1223;1224
1226;1225;1223
1226;1224;1227
1493;1510;1494
1493;1485;1510
1494;1510;1502
1510;1485;1511
1511;1485;1487
1512;1511;1487
1512;1487;1492
1492;1488;1513
1488;1489;1513
1491;1513;1489
1509;1514;1490
1491;1514;1513
1491;1490;1514
1512;1492;1515
1515;1492;1513
1516;1511;1512
1516;1512;1515
1517;1514;1509
1502;1518;1497
1502;1510;1518
1519;1498;1497
1519;1497;1518
1500;1498;1520
1500;1520;1212
1520;1498;1519
1519;1521;1520
1519;1518;1521
1214;1212;1228
1214;1228;1216
1228;1212;1522
1522;1212;1520
1522;1520;1521
1229;1216;1228
1215;1216;1230
1230;1231;1232
1231;1230;1216
1231;1216;1233
1229;1233;1216
1231;1234;1232
1231;1233;1234
1232;1234;1235
1523;1503;1505
1523;1507;1503
1524;1508;1507
1523;1524;1507
1523;1505;1525
1523;1525;1524
1505;1504;1526
1506;1526;1504
1526;1525;1505
1506;1218;1526
1236;1526;1218
1509;1508;1527
1508;1524;1527
1509;1527;1517
1528;1517;1527
1227;1237;1238
1226;1227;1238
1226;1238;1225
1239;1238;1237
1219;1221;1240
1219;1240;1241
1241;1218;1219
1241;1236;1218
1242;1236;1241
1222;1243;1220
1221;1220;1243
1221;1243;1240
1238;1239;1244
1238;1244;1225
1225;1245;1222
1222;1245;1243
1246;1225;1244
1246;1245;1225
1237;1247;1239
1248;1239;1247
1247;1249;1248
1518;1510;1529
1511;1529;1510
1511;1516;1529
1515;1513;1530
1514;1530;1513
1514;1517;1530
1516;1531;1529
1516;1515;1531
1515;1530;1531
1528;1532;1517
1532;1530;1517
1521;1518;1533
1529;1533;1518
1529;1531;1533
1534;1521;1533
1522;1250;1228
1522;1521;1250
1229;1228;1250
1534;1250;1521
1534;1533;1535
1533;1531;1535
1534;1251;1250
1534;1535;1251
1229;1252;1233
1229;1250;1252
1250;1251;1252
1253;1254;1255
1254;1256;1257
1255;1254;1257
1258;1256;1235
1258;1235;1234
1258;1257;1256
1259;1234;1233
1233;1252;1259
1258;1234;1260
1258;1260;1257
1259;1260;1234
1;2;3
1;4;2
1;3;5
1524;1525;1536
1536;1527;1524
1526;1261;1525
1236;1261;1526
1525;1261;1536
1242;1261;1236
1262;1536;1261
1263;1527;1536
1262;1263;1536
1528;1527;1263
1528;1263;1264
1528;1264;1532
1248;1249;1265
1248;1265;1266
1248;1266;1239
1244;1239;1266
1244;1266;1267
1246;1244;1267
1246;1268;1245
1246;1267;1268
1268;1269;1245
1240;1243;1269
1245;1269;1243
1270;1240;1269
1241;1240;1270
1270;1242;1241
1270;1269;1271
1242;1270;1271
1242;1271;1261
1272;1265;1249
1273;1265;1272
1274;1273;1272
1275;1276;1277
6;7;8
6;9;7
8;10;11
6;8;11
12;13;9
6;12;9
6;11;12
1535;1531;1278
1531;1530;1278
1532;1278;1530
1279;1278;1532
1264;1279;1532
1280;1281;1253
1280;1253;1255
1281;1282;1283
1280;1282;1281
1251;1535;1284
1535;1278;1284
1251;1285;1252
1251;1284;1285
1259;1286;1260
1259;1252;1286
1286;1252;1285
1257;1287;1255
1257;1260;1287
1255;1288;1280
1280;1288;1282
1288;1255;1287
1289;1260;1286
1289;1287;1260
1290;1283;1282
1290;1282;1291
1290;1291;1292
1290;1293;1283
1290;1292;1293
1293;1292;1294
14;15;16
4;17;2
18;17;19
4;19;17
20;19;4
1;5;21
1;21;4
20;4;21
22;21;5
1271;1295;1261
1262;1261;1295
1262;1295;1296
1262;1296;1263
1297;1264;1263
1297;1263;1296
1298;1279;1264
1298;1264;1297
1299;1295;1271
23;24;10
11;10;24
25;23;26
25;24;23
27;28;29
30;31;32
31;33;27
30;33;31
28;27;33
34;35;36
16;37;36
15;37;16
34;36;37
35;38;39
34;38;35
40;41;39
40;39;38
42;41;43
40;43;41
32;42;44
43;44;42
30;32;44
1300;1266;1265
1301;1302;1275
1276;1275;1302
1277;1303;1274
1276;1303;1277
1273;1274;1303
1276;1302;1304
1276;1304;1303
1305;1303;1304
1303;1306;1273
1273;1306;1265
1306;1303;1305
1300;1265;1306
1300;1307;1266
1267;1266;1307
1267;1307;1308
1308;1268;1267
1308;1309;1268
1268;1309;1269
1269;1309;1271
1271;1309;1299
1308;1307;1310
1308;1310;1309
45;46;47
29;48;49
28;48;29
49;50;47
50;49;48
45;47;50
46;51;26
45;51;46
25;26;51
52;13;53
12;53;13
54;11;24
54;53;12
12;11;54
1298;1311;1279
1284;1278;1312
1312;1279;1311
1312;1278;1279
1285;1284;1313
1284;1312;1313
1314;1292;1291
1315;1313;1312
1312;1311;1315
1316;1291;1282
1316;1282;1288
1289;1286;1317
1286;1285;1317
1285;1313;1317
1288;1287;1318
1287;1289;1318
1288;1318;1316
1289;1317;1318
1291;1316;1319
1316;1318;1319
1314;1291;1319
1320;1319;1318
1320;1318;1317
1314;1321;1292
1322;1294;1292
1322;1292;1321
1322;1321;1323
1324;1323;1321
1322;1325;1294
1325;1323;1326
1322;1323;1325
55;56;14
15;14;56
57;55;58
57;56;55
59;60;61
62;63;64
60;65;66
59;65;60
67;68;64
62;64;68
69;67;70
69;68;67
70;66;71
71;66;65
69;70;71
15;56;72
15;72;37
73;74;75
76;77;61
59;61;77
72;56;78
58;79;80
57;58;80
81;76;82
81;77;76
83;84;85
18;86;87
19;86;18
88;83;87
88;87;86
88;84;83
89;90;82
81;82;90
85;91;89
91;85;84
91;90;89
91;84;92
91;92;90
93;22;94
93;21;22
93;95;21
20;21;95
19;96;86
20;96;19
20;95;96
74;97;94
73;97;74
93;94;97
93;97;95
170;171;172
1299;1327;1295
1296;1295;1327
1328;1296;1327
1328;1297;1296
1298;1329;1311
1298;1297;1329
1328;1329;1297
1330;1328;1327
1330;1329;1328
1331;1327;1299
1310;1332;1309
1332;1299;1309
1331;1299;1332
1333;1327;1331
1333;1334;1327
1330;1327;1334
1331;1332;1335
1331;1335;1333
98;54;24
54;99;53
98;99;54
25;51;100
25;100;24
98;24;100
33;101;28
28;101;48
30;44;102
30;102;33
33;102;101
34;37;103
34;103;38
104;103;37
104;37;72
105;38;103
40;38;106
40;106;43
105;106;38
44;43;107
43;106;107
44;107;102
104;108;103
103;108;105
1336;1335;1332
1031;1032;1033
1034;1337;1301
1337;1302;1301
1035;1036;1034
1337;1034;1036
1305;1338;1306
1306;1338;1300
1300;1338;1307
1307;1338;1310
1305;1304;1339
1305;1339;1338
1304;1302;1340
1340;1339;1304
1337;1036;1037
1337;1037;1302
1340;1302;1037
1038;1039;1031
1039;1032;1031
1341;1310;1338
1341;1342;1310
1342;1332;1310
1342;1336;1332
1039;1038;1040
1033;1041;1035
1041;1033;1032
1041;1036;1035
1041;1032;1042
1041;1042;1036
1043;1040;1038
45;50;109
45;109;51
110;48;101
48;111;50
110;111;48
109;50;111
110;101;112
98;113;99
98;100;113
110;114;111
112;114;110
100;51;115
109;115;51
100;115;113
111;116;109
116;111;114
115;109;116
117;173;118
117;174;173
173;174;175
117;119;174
99;113;120
52;121;122
121;52;53
53;99;121
99;120;121
123;118;122
123;122;121
117;118;123
121;120;123
117;123;119
119;123;120
1320;1317;1343
1317;1313;1343
1313;1315;1343
1311;1344;1315
1311;1329;1344
1345;1326;1323
1345;1346;1326
1346;1347;1044
1345;1347;1346
1345;1323;1348
1345;1348;1347
1324;1348;1323
1045;1347;1349
1349;1347;1348
1349;1046;1045
1324;1350;1348
1348;1350;1349
1349;1350;1046
1314;1351;1321
1314;1319;1351
1324;1321;1351
1324;1351;1350
1352;1343;1315
1315;1344;1352
1353;1343;1352
1351;1319;1354
1351;1354;1350
1355;1319;1320
1355;1354;1319
1320;1343;1355
1355;1353;1354
1355;1343;1353
1047;1045;1046
1048;1049;1050
1051;1050;1049
1048;1052;1053
1048;1050;1052
1052;1050;1054
1055;1054;1050
1054;1055;1056
1057;1058;1053
1048;1053;1058
1048;1058;1049
1049;1058;1047
1047;1058;1045
1044;1059;1057
1059;1044;1347
1059;1058;1057
1059;1347;1045
1059;1045;1058
63;124;79
62;124;63
80;79;124
80;125;57
57;125;56
78;56;125
124;126;80
125;80;126
59;77;127
59;127;65
128;127;77
62;68;129
62;129;124
126;124;129
65;130;71
130;65;127
131;129;68
69;71;132
69;132;68
132;71;130
131;68;132
133;130;127
78;134;72
104;72;134
104;134;108
125;126;135
78;125;135
78;135;134
171;136;75
170;136;171
73;75;136
73;136;137
73;137;97
138;95;97
138;97;137
138;139;95
96;95;139
81;90;140
81;140;77
128;77;140
141;140;90
141;90;92
170;176;136
170;172;177
170;177;176
172;178;177
88;86;142
88;142;84
86;96;142
96;139;142
143;92;84
143;84;142
143;142;144
139;144;142
143;145;92
143;144;145
141;92;145
137;136;146
176;146;136
176;179;146
1354;1356;1350
1354;1353;1356
1353;1357;1356
1353;1352;1357
1329;1358;1344
1330;1358;1329
1330;1334;1358
1046;1350;1359
1356;1359;1350
1333;1335;1360
1333;1360;1334
1361;1358;1334
1334;1360;1361
1335;1336;1362
1362;1360;1335
147;102;107
147;148;102
101;102;148
112;101;148
105;149;106
105;108;149
149;150;106
107;106;150
147;107;150
134;180;108
149;108;151
151;108;180
180;181;151
1336;1060;1362
1342;1341;1363
1342;1363;1336
1336;1363;1060
1042;1032;1061
1039;1040;1062
1039;1062;1032
1061;1032;1062
1061;1063;1042
1064;1040;1043
1065;1064;1043
1062;1040;1066
1037;1036;1067
1067;1036;1042
1042;1063;1067
1339;1364;1338
1341;1338;1364
1341;1364;1363
1067;1068;1037
1067;1063;1068
1340;1037;1068
1340;1068;1339
1339;1068;1364
1069;1068;1063
1068;1069;1364
1070;1071;1065
1064;1065;1071
1064;1071;1072
1064;1072;1040
1066;1040;1072
1073;1074;1070
1074;1071;1070
1074;1073;1075
1076;1077;1078
1078;1075;1073
1077;1075;1078
182;183;184
185;174;119
120;152;119
120;113;152
185;119;152
112;148;153
112;153;114
115;154;113
116;154;115
152;113;154
114;155;116
155;154;116
114;153;155
148;147;156
147;150;156
148;156;153
150;149;157
157;149;151
150;157;156
153;156;186
187;188;189
188;190;189
189;190;191
192;191;190
192;193;191
183;182;194
195;175;174
175;195;196
196;194;182
195;194;196
195;174;197
195;197;194
185;197;174
198;194;197
1352;1365;1357
1365;1352;1344
1344;1358;1365
1055;1050;1079
1079;1050;1051
1047;1080;1049
1047;1046;1080
1049;1080;1051
1051;1081;1079
1051;1080;1081
1082;1079;1081
1080;1046;1083
1083;1046;1359
1055;1084;1056
1055;1079;1084
1082;1084;1079
1085;1084;1082
1086;1084;1085
1086;1085;1087
1056;1084;1088
1086;1088;1084
1088;1086;1089
1086;1087;1089
1089;1087;1090
1091;1090;1087
1091;1087;1092
1091;1093;1090
141;158;140
141;145;158
140;158;128
159;126;129
159;135;126
128;160;127
128;158;160
133;127;160
131;161;129
159;129;161
132;130;162
130;133;162
131;132;162
131;162;161
133;160;163
133;163;162
181;180;199
135;200;134
180;134;200
180;200;199
159;161;164
159;164;135
164;200;135
201;199;200
177;178;202
178;203;202
204;202;203
204;203;205
137;146;165
138;137;165
138;165;139
139;165;144
160;158;166
160;166;163
146;206;165
179;206;146
179;207;206
202;208;177
177;208;176
179;176;208
179;208;207
206;167;165
144;165;167
144;167;145
145;167;158
1359;1356;1366
1366;1356;1357
1366;1357;1367
1367;1357;1365
1365;1368;1367
1368;1365;1358
1361;1368;1358
1094;1368;1361
1095;1083;1359
1095;1359;1366
1095;1366;1096
1096;1366;1367
1096;1367;1097
1367;1368;1097
1368;1094;1097
1360;1362;1098
1360;1098;1361
1094;1361;1098
1362;1060;1099
1362;1099;1098
1100;1099;1060
1101;1098;1099
1102;1098;1101
1102;1094;1098
157;209;156
186;156;209
151;210;157
210;209;157
210;151;181
199;211;181
212;210;181
212;181;211
1074;1075;1103
1074;1103;1071
1077;1104;1075
1103;1075;1105
1105;1075;1104
1069;1106;1364
1363;1364;1106
1060;1106;1100
1363;1106;1060
1066;1107;1062
1061;1062;1107
1061;1107;1063
1066;1072;1108
1066;1108;1107
1107;1109;1063
1069;1063;1109
1069;1109;1106
1072;1071;1110
1110;1071;1103
1110;1108;1072
1108;1111;1107
1109;1107;1111
1111;1112;1109
1112;1106;1109
1112;1100;1106
1113;1114;1076
1077;1076;1114
1077;1114;1104
1115;1114;1113
1104;1114;1116
1115;1117;1114
1116;1114;1117
1115;1118;1117
1119;1120;1118
1121;1115;1113
1115;1121;1118
1122;1118;1121
1119;1118;1122
1119;856;1120
857;856;1123
1119;1122;1123
1119;1123;856
858;856;857
858;857;859
192;190;213
184;214;187
183;214;184
188;187;214
188;214;215
188;215;190
183;194;216
183;216;214
216;194;198
215;214;217
217;214;216
185;218;197
185;152;218
197;218;198
152;154;218
198;219;216
198;218;219
216;219;217
218;220;219
221;153;186
155;153;221
155;222;154
222;218;154
222;220;218
222;155;221
222;221;220
213;190;223
223;190;215
217;224;215
217;219;224
223;215;224
210;225;209
212;225;210
226;224;219
226;219;220
220;227;226
221;186;227
220;221;227
209;228;186
225;228;209
227;186;228
226;227;229
227;228;229
230;224;226
230;226;229
223;231;213
223;224;231
230;231;224
192;232;193
192;213;232
193;232;233
234;233;232
233;234;235
1092;1087;1124
1124;1087;1085
1082;1125;1085
1082;1081;1125
1124;1085;1125
1081;1080;1126
1083;1126;1080
1127;1125;1081
1127;1081;1126
1096;1097;1128
1126;1083;1129
1095;1129;1083
1095;1096;1129
1129;1096;1128
1130;1131;1132
1093;1133;1132
1091;1133;1093
1130;1132;1133
1091;1092;1133
1134;1133;1092
1124;1135;1092
1124;1125;1135
1134;1092;1135
168;166;158
168;158;167
161;162;169
161;169;164
163;169;162
236;163;166
163;236;169
201;237;199
211;199;237
169;238;164
164;238;200
201;200;238
237;239;211
240;201;238
201;240;237
241;242;243
243;244;245
244;243;242
204;246;202
202;246;208
208;246;207
245;247;205
244;247;245
204;205;247
204;247;246
244;242;248
244;248;247
249;246;247
249;247;248
250;242;241
250;241;251
250;252;242
253;238;169
253;169;236
168;254;166
166;254;236
255;236;254
256;253;236
256;236;255
206;207;257
206;257;167
168;167;257
254;168;257
249;258;246
207;246;258
207;258;257
259;260;261
1127;1126;1136
1126;1129;1136
1129;1128;1136
1137;1100;1112
1137;1138;1100
1100;1138;1099
1099;1138;1101
1139;1097;1094
1102;1139;1094
1140;1128;1097
1140;1097;1139
1141;1101;1138
1141;1142;1101
1102;1101;1142
1102;1142;1139
212;211;262
212;262;225
211;239;262
1112;1111;1143
1137;1112;1143
1105;1144;1103
1110;1103;1144
1110;1144;1108
1144;1145;1108
1111;1108;1145
1145;1143;1111
1116;1146;1104
1104;1146;1105
1105;1146;1144
1143;1145;1147
1146;1148;1144
1148;1145;1144
1148;1147;1145
1120;856;860
860;1149;1120
1116;1117;1150
1116;1150;1146
1117;1118;1151
1151;1118;1120
1151;1150;1117
1151;1120;1149
1151;1149;1150
1150;1152;1146
1148;1146;1152
1148;1152;1147
1153;1150;1149
1153;1152;1150
861;862;863
861;863;864
863;865;864
864;865;866
865;867;866
868;869;870
868;871;867
871;868;870
871;866;867
866;872;864
873;866;871
873;872;866
860;874;1149
858;875;856
860;856;875
875;874;860
876;874;875
864;877;861
877;864;872
862;878;859
861;878;862
858;859;878
861;877;878
858;878;875
876;875;878
876;878;877
234;232;263
263;232;264
264;232;213
264;213;231
235;265;266
234;265;235
234;263;265
267;266;265
264;268;263
264;231;268
266;267;269
267;270;269
269;270;271
272;271;270
272;273;271
272;274;273
273;274;275
225;276;228
225;262;276
277;276;262
277;278;276
229;228;279
276;278;279
276;279;228
231;280;268
230;280;231
230;229;280
229;279;280
280;279;281
278;281;279
282;268;280
282;280;281
283;265;263
283;263;268
267;265;284
267;284;270
283;284;265
285;270;284
1128;1154;1136
1154;1128;1140
1155;1140;1139
1155;1139;1142
1140;1156;1154
1156;1140;1155
1125;1157;1135
1127;1157;1125
1127;1136;1157
1158;1135;1157
1159;1160;1161
1162;1159;1163
1162;1160;1159
1131;1164;1163
1130;1164;1131
1162;1163;1164
1130;1133;1165
1130;1165;1164
1165;1133;1134
1162;1164;1166
1162;1166;1160
1134;1167;1165
1134;1135;1167
1158;1167;1135
1166;1164;1168
1168;1164;1165
1168;1165;1167
1169;879;1160
1169;1160;1166
880;881;882
883;880;1161
883;1161;1160
883;881;880
883;1160;879
883;879;881
277;286;278
287;248;242
287;242;252
287;288;248
248;288;249
249;288;258
254;257;289
255;254;289
239;290;262
277;290;286
277;262;290
237;291;239
240;291;237
253;292;238
256;292;253
240;238;292
240;292;291
255;289;293
256;255;293
256;293;292
294;239;291
294;290;239
295;290;294
292;296;291
296;292;293
261;297;251
260;297;261
250;251;297
250;297;252
252;297;298
298;299;252
252;299;287
287;299;288
260;300;297
298;297;300
301;302;259
260;259;302
260;302;300
303;304;301
304;302;301
304;303;305
306;305;303
307;305;306
307;306;308
304;305;309
304;309;302
300;302;310
310;302;309
258;288;311
258;311;257
311;289;257
1168;1170;1166
1168;1167;1170
1169;1166;1170
1157;1171;1158
1157;1136;1171
1171;1136;1154
1143;1147;1172
1137;1143;1172
1137;1172;1138
1172;1173;1138
1141;1138;1173
1172;1147;1174
1174;1173;1172
1141;1173;1175
1141;1175;1142
1176;1155;1142
1176;1142;1175
884;885;886
886;887;888
885;887;886
889;1149;874
1153;1149;889
871;870;890
873;871;890
1147;1152;1177
1177;1174;1147
1153;889;1178
1153;1178;1152
1178;1177;1152
877;872;891
876;877;891
876;891;874
873;890;892
873;892;872
872;892;891
874;891;893
893;889;874
894;888;895
895;888;887
869;894;896
895;896;894
896;870;869
870;896;897
897;890;870
272;270;312
272;312;274
285;312;270
283;313;284
283;268;313
284;313;285
282;313;268
285;314;312
285;313;314
315;312;314
314;313;316
282;316;313
282;281;316
314;317;315
317;314;316
274;312;346
346;312;315
346;315;347
348;347;349
275;350;351
350;275;274
350;274;346
278;318;281
286;318;278
319;318;286
320;317;316
320;281;318
316;281;320
1156;1155;1179
1176;1179;1155
1180;1156;1179
1181;1171;1154
1181;1154;1156
1180;1181;1156
1167;1182;1170
1158;1182;1167
1158;1171;1182
898;899;882
898;882;881
898;881;900
898;901;899
898;900;901
899;901;902
903;902;901
900;881;904
904;881;879
1169;1183;879
1169;1170;1183
904;879;1183
903;905;902
319;286;321
286;290;321
295;321;290
322;288;299
322;311;288
322;323;311
289;311;323
289;323;293
324;293;323
324;296;293
295;294;325
295;325;326
326;321;295
325;327;328
325;294;327
294;291;327
296;327;291
327;329;328
324;329;296
296;329;327
310;330;300
298;300;330
298;330;299
330;331;299
322;299;331
322;331;323
352;332;308
307;308;332
353;352;354
353;332;352
307;332;333
307;333;305
334;309;305
334;305;333
335;331;330
335;336;331
334;337;309
310;309;337
310;337;330
335;330;337
334;333;338
334;338;337
333;332;339
339;338;333
337;338;340
335;337;340
335;340;336
336;340;341
342;329;341
342;328;329
353;355;332
339;332;355
353;354;356
353;356;355
355;356;357
358;356;354
359;357;356
359;360;357
361;356;358
361;359;356
361;362;359
361;358;363
361;363;362
363;364;362
1183;1170;1184
1184;1170;1182
1182;1185;1184
1182;1171;1185
1181;1185;1171
1186;1174;1177
1176;1175;1187
1176;1187;1179
1186;1188;1174
1174;1188;1173
1175;1173;1188
1188;1187;1175
1189;1179;1187
906;907;884
885;884;907
908;909;906
909;907;906
885;907;910
885;910;887
895;887;911
895;911;896
896;911;897
912;911;887
912;887;910
1186;913;1188
1188;913;1187
889;893;914
914;1178;889
893;891;915
893;915;914
890;897;916
916;892;890
897;911;917
916;897;917
1178;914;918
1177;1178;918
1186;1177;918
1186;918;913
914;915;919
919;918;914
920;918;919
920;913;918
365;366;367
319;321;368
916;921;892
916;917;921
892;921;891
891;921;915
922;923;908
909;908;923
686;687;688
686;689;687
690;687;689
924;923;922
691;924;922
924;691;692
693;692;691
694;692;693
695;694;693
694;695;696
697;696;695
689;686;698
698;699;700
686;699;698
686;688;699
701;700;699
700;701;702
701;703;702
702;703;704
705;704;703
706;696;697
707;706;697
708;709;710
709;708;711
704;705;712
712;711;708
705;711;712
369;370;371
372;373;371
369;371;373
374;375;372
375;373;372
376;377;378
379;380;381
366;382;379
365;382;366
380;379;382
365;383;382
384;382;383
380;382;385
385;382;384
381;386;376
380;386;381
377;376;386
380;385;386
387;386;385
378;388;389
377;388;378
377;386;390
377;390;388
390;386;387
319;391;318
319;368;391
392;393;367
365;367;393
365;393;383
394;383;393
394;393;395
394;395;348
348;395;347
351;396;397
396;351;350
398;396;350
398;350;346
398;395;396
398;346;347
398;347;395
399;392;397
399;397;396
399;393;392
399;396;395
399;395;393
317;320;400
320;318;400
391;400;318
401;315;317
401;317;400
315;401;347
349;347;401
394;402;383
348;402;394
383;402;384
348;349;402
401;400;403
349;403;402
349;401;403
1180;1179;1190
1189;1190;1179
1191;1185;1181
1191;1181;1180
1180;1190;1191
1191;925;1185
1191;1190;925
404;328;342
404;405;328
325;328;405
326;325;405
905;926;927
903;926;905
928;929;930
931;930;929
932;928;927
932;927;926
932;929;928
932;926;933
932;933;929
934;1184;1185
934;1185;925
904;935;900
904;1183;935
936;935;1183
936;1183;1184
936;1184;934
933;926;937
903;901;938
903;938;926
937;926;938
937;938;939
938;901;940
940;901;900
940;939;938
940;900;935
940;935;939
931;929;941
941;929;942
942;929;933
943;934;925
931;944;930
406;368;407
368;321;407
326;407;321
326;405;407
408;409;410
343;323;331
336;343;331
343;324;323
336;341;343
324;343;329
343;341;329
344;340;338
355;357;411
339;355;411
339;411;338
344;338;411
344;411;412
357;413;411
360;413;357
413;412;411
344;412;345
344;345;340
341;340;345
341;345;342
342;345;414
404;342;414
409;415;416
408;415;409
408;417;415
418;415;417
362;419;359
360;359;419
360;419;420
360;420;413
418;421;415
419;421;420
422;423;416
422;416;415
422;415;421
364;423;424
422;424;423
362;364;424
422;421;424
424;419;362
424;421;419
943;925;945
1189;1187;946
946;1187;913
925;1190;947
945;925;947
948;947;1190
1189;948;1190
1189;946;948
949;946;913
405;425;407
701;699;713
701;713;703
713;699;714
714;699;688
950;910;907
909;923;951
909;951;907
950;907;951
950;952;910
910;952;912
912;953;911
912;952;953
953;917;911
917;953;954
917;954;921
955;913;920
955;949;913
955;920;956
955;956;957
955;957;949
709;711;715
694;696;716
694;716;692
953;952;958
954;953;958
954;959;921
954;958;959
919;960;920
956;920;960
961;921;959
961;915;921
961;959;960
961;960;919
961;919;915
406;407;426
426;407;425
384;427;385
384;402;427
387;385;427
428;391;368
368;406;428
427;402;429
403;429;402
429;403;430
403;400;430
400;391;430
428;430;391
389;431;432
431;389;388
387;433;390
387;427;433
434;388;390
390;433;434
435;406;426
436;428;406
436;406;435
435;437;436
512;513;514
515;513;512
369;373;438
516;517;518
369;519;370
369;438;519
520;517;516
370;519;521
520;516;521
520;521;519
431;388;439
439;388;434
432;440;374
431;440;432
375;374;440
431;439;440
441;440;439
520;519;522
520;522;517
523;517;522
522;519;524
524;519;438
524;525;522
523;522;525
523;525;526
527;528;529
530;531;532
531;533;532
532;533;534
535;534;533
515;512;536
515;536;537
534;535;538
538;537;536
535;537;538
539;540;527
528;527;540
528;540;541
542;517;523
523;526;542
543;539;518
543;518;517
543;540;539
543;517;542
543;542;540
544;541;540
544;540;542
544;542;526
529;545;530
528;545;529
531;530;545
528;541;545
546;545;541
544;547;541
544;526;547
546;541;547
547;526;548
688;717;714
718;688;687
718;717;688
718;719;717
549;513;550
551;514;513
551;513;549
551;549;552
514;551;553
553;552;554
551;552;553
555;552;549
554;556;720
556;554;552
721;722;690
722;687;690
720;723;721
556;723;720
722;721;723
556;552;557
556;557;723
555;557;552
722;723;724
722;724;687
718;687;724
718;724;719
724;723;725
725;723;557
725;719;724
924;692;962
924;962;923
951;923;963
963;923;962
726;962;692
726;692;716
705;703;727
705;727;711
728;715;711
728;711;727
727;703;729
729;703;713
729;730;727
727;730;728
710;731;707
709;731;710
706;707;731
709;715;731
732;731;715
706;731;733
706;733;696
733;731;732
716;696;734
734;696;733
434;442;439
434;433;442
439;442;441
375;440;443
375;443;373
443;440;441
438;373;444
444;373;443
441;445;443
441;442;445
444;443;445
442;446;445
446;447;445
444;448;438
444;445;448
524;438;448
524;448;525
445;447;448
448;558;525
558;448;447
558;447;559
449;433;427
449;427;429
450;435;426
404;414;451
425;405;451
404;451;405
420;452;413
413;452;412
453;454;455
456;453;457
456;454;453
456;457;458
459;458;457
460;458;459
460;459;461
560;561;562
560;562;563
735;736;737
964;965;966
965;967;968
964;967;965
969;968;967
968;969;970
969;971;970
937;972;933
937;939;972
933;972;942
944;973;966
931;973;944
964;966;973
931;941;973
943;945;974
974;945;975
935;976;939
936;976;935
936;934;976
943;974;976
943;976;934
977;972;939
977;939;976
977;976;974
942;978;941
942;972;978
964;973;979
964;979;967
979;973;980
980;973;941
980;941;978
981;967;979
980;982;979
980;978;982
981;979;982
972;983;978
977;983;972
977;974;983
974;975;983
738;739;740
970;971;984
985;984;971
985;986;984
985;987;986
986;987;741
742;743;741
742;741;987
969;967;988
969;988;971
988;967;981
417;462;418
418;463;421
418;462;463
420;421;463
420;463;452
464;463;462
463;464;452
408;410;465
408;465;417
466;455;454
466;454;467
466;467;465
468;417;465
468;465;467
468;462;417
466;469;455
469;465;410
466;465;469
414;470;451
412;452;471
412;471;345
471;414;345
414;471;470
989;983;975
990;975;945
945;947;990
990;947;991
948;992;947
992;991;947
993;992;948
993;948;946
949;957;993
949;993;946
994;992;993
989;975;995
990;995;975
990;991;995
991;996;995
426;425;472
450;426;472
473;451;470
451;473;425
472;425;473
714;744;713
714;717;744
713;744;729
729;744;730
963;997;951
951;997;950
950;997;952
997;998;952
998;958;952
960;959;999
960;999;956
1000;959;958
1000;999;959
994;993;1001
957;1001;993
1002;956;999
1002;957;956
1002;1001;957
732;745;733
733;745;734
728;746;715
728;730;746
732;715;746
732;746;745
747;730;744
726;1003;962
963;962;1003
963;1003;997
734;748;716
734;745;748
726;716;748
726;748;1003
749;748;745
998;1004;958
1000;958;1004
1000;1004;1005
1000;1005;999
1001;1006;994
1007;999;1005
1002;999;1007
1001;1007;1006
1002;1007;1001
1008;1007;1005
1007;1008;1006
1009;1005;1004
1005;1009;1008
450;472;474
475;437;476
435;476;437
450;474;476
450;476;435
477;475;476
730;750;746
747;750;730
446;478;447
449;429;479
429;430;479
479;430;480
480;430;428
480;428;436
481;479;480
482;481;480
482;480;436
482;436;437
433;483;442
449;483;433
446;442;483
449;479;483
446;483;478
478;483;481
479;481;483
481;484;478
482;484;481
482;437;484
437;475;484
485;484;475
485;475;564
477;564;475
565;559;485
565;566;559
485;564;565
567;566;565
486;559;447
486;447;478
486;485;559
486;478;484
486;484;485
535;533;568
535;568;537
569;537;568
546;547;570
547;548;570
568;571;569
531;545;572
531;572;533
572;545;546
546;570;572
568;533;573
573;533;572
573;571;568
572;570;573
573;570;571
515;537;574
515;574;513
574;537;569
550;513;574
525;575;526
558;575;525
548;526;575
558;559;575
575;566;548
575;559;566
744;717;751
747;744;751
719;752;717
751;717;752
752;753;751
550;576;549
549;576;555
555;577;557
555;576;577
557;577;725
725;577;719
754;719;577
754;752;719
569;578;574
569;571;578
574;578;550
550;578;576
579;578;571
571;570;580
579;571;580
580;570;581
548;581;570
548;566;581
582;581;566
582;566;567
581;583;580
582;583;581
582;584;583
582;567;584
477;476;487
474;487;476
585;564;477
585;477;487
743;755;740
742;755;743
738;740;755
736;756;757
735;756;736
739;758;737
738;758;739
735;737;758
735;758;759
735;759;756
742;987;760
742;760;755
985;971;1010
985;1010;987
981;1011;988
981;982;1011
1010;971;1012
1012;971;988
1012;988;1011
761;755;760
738;755;762
738;762;758
761;762;755
759;758;763
763;758;762
488;473;470
488;489;473
472;473;489
472;489;474
490;474;489
464;491;452
452;491;471
488;470;491
470;471;491
464;462;492
464;492;491
467;493;468
468;493;462
462;493;492
456;458;494
456;494;454
494;458;495
467;454;496
496;454;494
496;493;467
490;489;497
586;498;587
588;589;587
586;587;589
590;588;591
590;589;588
498;499;461
586;499;498
460;461;499
460;499;500
460;500;458
495;458;500
562;561;592
593;594;592
593;592;561
594;595;591
593;595;594
590;591;595
501;489;488
501;497;489
502;491;492
502;488;491
501;488;502
495;503;494
496;494;503
496;503;493
493;503;504
492;493;504
492;504;502
497;596;490
590;595;597
590;597;589
593;561;598
593;598;595
504;505;502
501;502;505
501;505;497
495;500;506
495;506;503
506;507;503
507;504;503
504;507;505
508;507;506
500;499;509
509;506;500
586;589;599
586;599;499
509;499;599
597;595;600
600;595;598
757;764;765
764;757;756
764;756;766
767;768;769
770;769;768
601;602;563
560;563;602
560;602;603
560;603;561
598;561;604
604;561;603
603;602;605
605;602;606
606;607;605
608;602;601
608;609;606
608;606;602
608;601;610
608;610;609
611;609;610
612;609;611
613;614;615
615;614;616
616;612;611
612;616;614
613;617;618
613;618;614
619;614;618
620;621;617
613;615;622
613;622;617
620;623;624
623;617;622
620;617;623
767;771;772
767;769;771
771;769;773
774;773;769
775;776;777
775;777;778
774;779;773
779;778;777
774;778;779
618;617;625
625;617;621
626;627;621
626;780;627
625;621;627
625;628;618
625;627;628
619;618;628
774;769;781
774;781;778
781;769;770
782;778;781
765;783;772
764;783;765
767;772;783
764;766;783
767;783;768
768;783;784
784;783;766
1013;989;995
978;1014;982
1014;978;983
1014;983;989
982;1015;1011
1014;1015;982
1014;989;1015
1016;1015;1013
1013;1015;989
760;987;1017
1017;987;1010
1018;1011;1015
1018;1015;1016
996;991;1019
992;1019;991
994;1006;1019
994;1019;992
1020;1019;1006
1013;1021;1016
1013;995;1021
995;996;1021
1022;1016;1021
1022;1021;785
786;785;787
788;787;785
1023;785;1021
1023;1021;996
788;785;1023
788;1023;1024
1025;996;1019
1025;1019;1020
1025;1023;996
1025;1024;1023
1025;1020;1024
1003;1026;997
998;997;1026
998;1026;1004
746;789;745
750;789;746
749;745;789
747;751;790
747;790;750
751;753;790
789;750;791
750;790;791
748;792;1003
749;792;748
792;1026;1003
749;789;793
749;793;792
789;791;793
788;794;787
788;1024;794
794;795;787
794;796;795
1027;1006;1008
1020;1006;1027
1020;1027;1024
1026;792;797
792;793;797
1026;797;1004
797;1009;1004
797;793;798
798;1009;797
1028;1008;1009
1008;1028;1027
1009;798;1028
799;794;1024
799;1024;1027
799;796;794
800;1027;1028
799;1027;800
799;800;796
791;801;793
801;798;793
798;801;802
802;1028;798
800;1028;802
802;801;803
804;795;796
795;804;805
629;565;564
567;629;584
567;565;629
629;564;630
585;630;564
584;629;631
630;631;629
753;806;790
807;806;753
808;809;806
806;807;808
805;804;810
510;474;490
510;487;474
585;632;630
585;487;632
633;634;631
635;633;631
635;631;630
635;630;632
634;636;637
637;636;638
579;580;639
639;580;583
583;640;639
583;584;640
637;639;640
584;631;640
640;634;637
640;631;634
754;811;752
752;811;753
807;811;638
753;811;807
578;641;576
579;641;578
579;639;641
576;642;577
642;576;641
754;577;642
754;642;811
641;643;642
641;639;643
642;643;811
643;638;811
643;639;637
643;637;638
635;644;633
635;632;644
632;645;644
510;645;487
632;487;645
634;646;636
633;646;634
647;490;596
510;647;645
510;490;647
645;647;648
645;648;644
761;812;762
763;762;812
1022;785;813
786;813;785
814;815;816
815;814;813
817;816;815
818;817;815
815;813;786
818;815;786
766;819;784
766;756;820
820;756;759
820;819;766
763;821;759
763;812;821
820;759;821
820;821;819
812;814;821
821;816;819
816;821;814
1017;822;760
761;760;822
761;822;812
1012;1029;1010
1012;1011;1029
1010;1029;1017
1017;1029;822
1018;1029;1011
1029;1030;822
1018;1030;1029
1018;1016;1030
1022;813;1030
1022;1030;1016
823;812;822
823;822;1030
823;814;812
823;1030;813
823;813;814
805;810;824
824;825;826
824;810;825
827;805;824
827;824;828
826;828;824
780;649;627
829;828;826
650;829;826
770;830;781
782;781;830
782;830;831
830;832;831
829;833;828
834;780;831
834;831;832
834;649;780
834;832;833
834;833;649
650;826;651
650;651;652
826;825;651
653;651;825
599;589;654
654;589;597
654;655;599
599;655;509
509;655;506
508;506;655
508;655;656
508;656;511
508;511;507
507;511;505
596;497;511
505;511;497
657;511;656
657;596;511
657;658;596
659;648;658
647;658;648
596;658;647
657;656;660
657;660;658
600;661;597
654;597;661
654;661;655
661;656;655
662;656;661
662;660;656
663;664;665
666;607;664
666;664;663
604;667;598
600;598;667
600;667;661
662;661;667
668;658;660
668;659;658
786;787;835
818;786;835
787;795;835
827;835;805
805;835;795
818;836;817
818;835;836
836;835;827
833;832;837
837;828;833
837;827;828
836;827;837
817;836;838
838;837;832
838;836;837
784;839;768
784;819;839
770;768;839
770;839;830
840;830;839
840;832;830
840;838;832
841;839;819
841;819;816
840;839;841
816;817;841
840;841;838
838;841;817
612;614;669
612;669;609
669;614;619
619;670;669
619;628;670
670;664;607
606;609;671
671;609;669
671;607;606
671;669;670
671;670;607
662;667;672
666;663;672
662;672;660
660;672;668
663;668;672
605;673;603
605;607;673
603;673;604
604;673;667
607;666;673
673;672;667
666;672;673
674;670;628
674;664;670
628;627;675
675;627;649
674;628;675
674;675;676
674;676;664
676;665;664
649;677;675
649;833;677
675;677;676
677;833;829
678;676;677
677;829;678
676;678;665
678;652;665
650;652;678
650;678;829
775;778;842
842;778;782
782;831;842
776;843;844
775;843;776
775;842;843
845;780;626
845;843;846
846;843;842
846;780;845
846;842;831
846;831;780
847;679;624
620;624;679
620;679;621
626;621;679
626;679;845
844;848;847
848;844;843
848;679;847
848;843;845
848;845;679
806;849;790
791;790;849
849;801;791
806;809;849
809;803;849
801;849;803
808;850;809
809;851;803
850;851;809
851;810;804
850;810;851
852;803;851
803;852;802
800;802;852
851;804;852
796;852;804
796;800;852
636;646;680
653;680;646
653;825;680
853;810;850
853;825;810
853;680;825
854;850;808
854;853;850
853;854;680
807;638;855
855;638;636
855;808;807
854;808;855
855;636;680
854;855;680
659;681;648
681;644;648
682;651;653
653;646;682
652;651;683
651;682;683
683;681;659
681;683;682
684;644;681
684;633;644
684;646;633
684;682;646
684;681;682
665;685;663
685;665;652
668;663;685
652;683;685
685;659;668
659;685;683
% Data (solid.pmGp (N/m^2))
-637254.9709237779
-1633700.4425080735
-1790612.7849379964
-588421.8260176097
-406753.1205426992
-664459.5198299797
-2416265.4226232767
-2086430.2010909382
-592828.2953259354
-1754031.647914753
-713640.3025282674
-674013.1387989527
-585247.1415112559
-1820992.1567769016
-845788.6422153007
-1831105.3761371847
-1517473.6605394064
-1617237.8789867254
-599478.9895734271
-536582.6417281642
-508256.21732014837
-435557.49402727024
-1723927.3202402387
-663042.3087534822
-697602.623792709
-1697958.9334042687
-1835140.7576232615
-835619.6465882629
-1787417.5151976421
-853413.1745868966
-1974243.027390084
-1648897.2331818845
-631551.0955784506
-808266.6902794898
-1873543.775379469
-1957190.929777594
-578027.3012879168
-626124.172252477
-1842547.128181088
-818480.626893467
-1854620.3225125389
-1722402.9674529638
-605173.7192465776
-641824.9066495235
-771550.0282955501
-1689320.5884888165
-1885865.4801606305
-625656.1939078934
-1776891.8828888433
-666226.624553304
-624394.7252224048
-557202.3052499087
-603370.4801500883
-647941.3905332022
-1884229.3493525598
-683490.4408200604
-892715.3569126135
-1992520.0314689449
-711318.8793863539
-1677187.8831848018
-1774438.7827654064
-748740.5349143732
-1818741.6311482592
-1781373.9200897913
-579418.0492787956
-1642819.394486347
-1707502.5290374365
-611402.1638666604
-776704.2422097439
-1830045.4296462631
-607177.8398116146
-673682.2649563516
-414596.48693943734
-394411.8542079612
-384334.26218141825
-1718031.5795911008
-519452.86313817144
-636151.5574693974
-1896924.0837558552
-677400.3246397314
-665120.596040103
-1860234.6052229947
-1615023.1875389835
-577937.2631819147
-1523962.4047295933
-465017.4065014962
-1663229.7257384008
-745237.0375820372
-1595616.2256170956
-507211.0429633293
-613793.0566146834
-609866.4594786199
-463734.8491873393
-410829.06734694494
-493673.53957117995
-547026.4064375533
-441774.81518377125
-630992.39997206
-601037.682703109
-648700.3276727096
-646375.1669090156
-661174.6044393245
-664991.0928789735
-648559.8769312326
-641306.4355959045
-646991.2411933875
-651838.4670417667
-617403.9039554594
-644079.314924213
-634036.9707538355
-637669.7841093541
-620670.3171625835
-597276.7948892459
-607412.5172407342
-602431.3580406437
-607242.3882190352
-525383.6828270232
-515740.4223517171
-541103.593875545
-565948.968558767
-568523.5233907248
-532672.6033164174
-540544.4814151253
-674907.0571467852
-676045.9080260326
-668223.7663239377
-615969.5943063132
-594307.4827437544
-637282.0394535459
-636420.6629902425
-630452.1274630614
-662747.2086715753
-592783.3049232496
-614846.9866947988
-617891.1947434122
-407295.3180882922
-439575.4786559587
-469009.82544299087
-509704.7400579139
-604837.7668222847
-583867.6218479604
-563117.6293039927
-557929.9964070898
-519112.42055577115
-554044.5576501847
-431826.1111484021
-627123.8999383922
-612126.1780924938
-611932.4728116061
-610552.2416568733
-575305.4988589574
-558920.1677020502
-585224.4786328954
-570894.3475403792
-576670.8770454595
-584430.7055896652
-581042.0974157854
-552396.6692068116
-619773.1982713218
-570700.1866012863
-594999.9398276972
-599698.6146970672
-555904.2622960494
-577733.1542880394
-470741.0298064294
-524741.265970301
-494530.9857333132
-501716.28454852785
-548895.1150765503
-388320.10995676543
-377044.9135590186
-370090.72384662734
-504539.9497791912
-516264.8754976317
-494238.9985856393
-407875.06006061035
-385135.15493843774
-364011.0217062275
-418774.58919976826
-570641.2285188205
-538707.8531426056
-476625.56530688127
-481291.1013801036
-468237.20819220186
-532886.8334645495
-548328.2156513111
-458999.8523825284
-460408.8814103283
-449800.92347191647
-451226.2323917846
-439702.9109192952
-438970.707384805
-429229.7034295459
-494348.2882744069
-501801.82488949096
-485797.50509963155
-514443.71106992144
-505317.43198095943
-532680.7991141685
-565551.2022041667
-521274.92381083465
-378684.51870932087
-357895.4619975817
-367608.4730668034
-351472.3427078682
-445741.08647961385
-417496.1456966643
-399146.5649438486
-543311.5581867449
-543349.2818555842
-502391.92659902596
-516355.6821550713
-444336.92484129034
-472662.61630081525
-466736.0553347908
-489652.58278162585
-480898.0565434984
-531851.3609097773
-501811.71573753457
-525999.8787583119
-550351.1216447524
-551034.8356989219
-457696.8591239606
-475686.9171151567
-507792.5847876209
-495513.2712903516
-518846.6883436939
-505967.90696089756
-483760.67454232177
-472428.99219461635
-450689.73454988364
-428922.84565006365
-418399.77318607626
-416103.9258299143
-406961.16830559075
-514951.33250284294
-494261.78036258527
-526928.7749285661
-462264.77853225317
-497126.81781228073
-329799.57408417045
-345046.4110606574
-337376.3869231276
-351473.7177115485
-344752.7586138763
-386358.2005876695
-363691.7692015258
-362534.862881864
-377934.7375622526
-333506.50967477204
-321713.5203819116
-341948.09012293693
-510017.987871975
-481172.47494377126
-472117.0428928944
-484467.5903489098
-448324.9329270705
-402994.6898774028
-304056.46383578546
-314802.4282600094
-313207.3162793965
-475183.94609849836
-419957.92778341315
-433820.3285710818
-404840.8246444701
-395042.7401319126
-391060.2935570268
-424800.5208583986
-382769.04728731344
-378418.21875362546
-369973.01638988935
-363649.26301053696
-356912.59961435135
-350941.4595446232
-343453.94679604477
-468543.64298273926
-437689.51222106937
-426526.1744011079
-461015.0614597113
-446867.192624501
-414681.84350854333
-414729.76635130064
-408387.6195693198
-393860.17411495507
-381299.5242095406
-397098.9168765922
-355626.3454351046
-376901.3516309467
-439288.54793031915
-419175.5826712552
-452868.0963006633
-476126.1344740917
-441974.9903686424
-415867.34072657255
-379032.3875802331
-424320.6936740531
-326039.3659020521
-334978.5008878813
-354463.048832022
-321714.1028173634
-294494.3184312431
-306371.435500933
-284796.65677144454
-294378.43119609356
-285198.12275188643
-274233.96184787824
-272910.182306046
-263979.6286683388
-300152.95385110256
-313738.69610015745
-409507.4207076221
-363115.2437977567
-398641.1921074855
-372891.83196054556
-350170.7474786356
-388801.4111228408
-359565.2620765109
-376140.41100060556
-352311.38237931294
-375941.0344681333
-356698.7941228803
-380203.1877018851
-402685.04030312126
-403250.22777779185
-365098.13680076646
-344245.9298681812
-396248.9831133135
-346056.78371773515
-370486.867492325
-331591.0839781601
-358832.61103544757
-263103.0545910288
-277756.8883641678
-291108.5606205796
-330052.1803549822
-340094.52519071277
-309481.56782181544
-285500.18516984704
-267856.291749994
-309603.7369440367
-331497.1654276349
-322136.75745487807
-368735.06696951063
-280600.54301352723
-292588.6065564008
-343429.22043939447
-326699.8246231311
-307067.309489329
-311210.7590101756
-338223.25259699783
-329598.6635819798
-252747.14379231166
-250049.63127707038
-242368.10396308312
-254431.94601634587
-239395.17033140684
-241876.54368499317
-231141.20273412848
-228776.141584479
-227187.322841975
-226646.85776943556
-217135.97334134326
-219118.10635773992
-207729.7922874306
-280799.3067245271
-272441.8998115542
-287113.2205893158
-311371.95643274183
-129189.76100225672
-121671.1873094162
-136852.54233655447
-152142.15982778542
-144625.36886113798
-167265.14807028277
-159752.38487798627
-227912.35999478737
-220563.33666920383
-212810.45691268807
-257679.60225668538
-250791.16296487759
-242815.92611314845
-266102.54485708964
-282406.27666240855
-267316.1860288627
-251734.15223871556
-236078.4031126034
-236579.67010414173
-205564.2847772308
-197612.71719967618
-221555.10875411154
-324056.81810197356
-301415.0962989257
-297173.08652083005
-298038.39501768706
-312425.5497627345
-323054.63499654026
-315760.7233690846
-329353.5554776648
-310835.5534292173
-334110.3489342438
-331011.94265899365
-286460.03659513255
-300461.32723710506
-303441.62843841047
-309609.11778769596
-261122.3973461271
-297476.3457526223
-168189.4970641529
-171866.05180775814
-160242.88397601157
-261865.76777691906
-255156.15746890436
-237847.43585200747
-275764.0667505022
-180699.87833058662
-184211.48560259966
-169018.72318536325
-182639.7788991508
-215146.1157065836
-215212.18900396943
-198504.0524143947
-193476.21504521117
-196070.78239085976
-205041.66979728578
-256225.99199855616
-231811.7668699989
-253716.90317041645
-280808.6549937094
-268331.05655245355
-283923.7046623758
-190154.1877395219
-182505.60643365746
-222352.769587347
-206083.61890453708
-206054.83417847086
-232143.6558980765
-182488.37049629877
-129534.24793698902
-190614.22350086737
-175171.6204058927
-175110.49331071164
-191276.30998016178
-160217.16190135843
-144779.42902037915
-160132.21097316206
-175878.46917027232
-143754.62707378835
-129020.82740890769
-239935.20536259614
-185978.7864253379
-265769.21503481665
-220704.78274343882
-123162.23728825153
-129926.91386663415
-136029.0290243557
-118533.01970492369
-111426.82669504338
-105249.03768368438
-98578.12396108785
-93342.13598332743
-86881.66745750658
-170514.08481260543
-195001.03662424014
-188108.56141656957
-154890.38336539763
-143705.6572879275
-143438.28743227618
-157113.9401063917
-147493.96508874133
-231345.8733146633
-246979.4658947341
-199709.46695373592
-215305.68955612442
-143499.74091925862
-138679.37435349042
-150761.03812354928
-109550.9005135767
-175349.65767441352
-239252.39656938822
-243342.23431243747
-208650.44505040362
-209734.9132757484
-208999.62836859815
-171680.48336443916
-118760.47604317765
-143353.23573601508
-97881.93791260487
-186177.84491523844
-159736.12666598408
-113617.23301507435
-197172.84486841905
-164903.3394573529
-145424.1677973629
-118284.58948147914
-106208.71765387637
-131436.38906768165
-118413.98582319768
-74278.98361486812
-80462.13015636484
-92714.12097922609
-149672.55693136575
-162330.76673448607
-119738.038419232
-137875.4340281059
-126310.61739370767
-94237.0310242714
-109410.52680308878
-83884.88628477289
-80420.96756927541
-94181.47673659683
-88181.75604520853
51352.23134868914
59187.793339633885
64063.2087411422
46084.666530229515
-91337.97818537959
-83951.81920279996
-76415.84129722537
-114126.10306487167
-99044.62458750738
-106537.06386376602
-99115.63046159345
-83712.69879638679
-113520.4811389823
-97653.70825599969
-67892.93230688297
-46701.17063282125
-39167.59818629505
-31873.769125272636
-17584.58678509866
-10555.424389190079
-3203.7212994815054
3749.136969736068
10842.284929474003
18422.096039646505
38142.70388338051
32388.29036706208
24628.661655681968
-61410.37826059458
-54182.04266359011
-39246.834013987995
-69184.71423965885
-68964.21488324211
-54921.3415910102
-24844.041262113664
-27585.240755447663
-42059.66952896587
-45864.51022459029
72954.71235648791
60557.027514938476
71800.58526457589
83903.65517586423
76382.53658535489
88323.0708615794
85916.92806046442
95338.14635355951
96868.64488504006
-112148.56191486152
-107639.5221472894
3436.5900939281864
-7171.2297995407525
-2833.622063195057
9119.009323462358
-86697.30167011231
-81508.33134484552
-61592.380288159286
-46200.880800838386
18636.823645479028
33514.70890582756
-13325.955810906726
18503.489987171906
-11504.451427507216
3948.8843462528166
46751.46095958698
-81922.92369156521
74126.29587711544
98450.89997737529
47689.1549027715
35333.233754904395
9535.050138569208
-22550.4946141221
-28692.397520421153
251.72553072596952
-16065.199767248618
-75973.08979664325
-69242.75192257184
-62456.55475584397
-49929.74154188428
-55825.21672500823
-44068.30731077546
-38367.074653392345
-14031.19217070707
-19379.216128805114
-26281.006185877344
-31200.08286358453
-77134.32690257691
-42802.261222379006
-18432.966165667647
-67784.25525889352
-30334.3412727279
20211.012975148045
16304.114694232803
5611.346889301472
-5893.667885851627
17554.103083802816
29022.231581874876
31149.294606960164
26526.258976882255
38573.703798726085
31362.520849081204
42415.203068884475
48976.80002642934
69732.80074112918
60405.09973318415
62925.81214843679
53169.190344749775
80139.89937317962
72102.942679766
62331.10780684206
88505.54944178314
91162.4924722626
72835.01488475548
82596.40562634538
91803.27454215556
82598.60001452042
100820.94550661881
94053.17046383131
74967.75673768895
-47771.773632703815
-45234.733382399405
-4367.7919384442475
-49323.25581062827
23669.254579552555
48971.3310665453
-16799.807133103102
88718.0814923643
65265.30926389449
103002.65445012592
39372.77112277724
26688.791201515764
63600.4441576649
90425.1607955153
80477.63448769931
-5618.060108640278
-51903.47292892628
70027.05317800664
-64634.650303226466
-20805.451436016763
106313.31379977982
95247.45333890959
88469.5775987847
66127.81184364585
91985.56143169175
-55320.549507509175
-67686.54974975827
-55731.479585303794
-55606.17137383968
-31574.417831870578
9975.390214953351
-29894.410892754426
-42237.958025986285
-29879.76578778313
23274.418847934154
46583.25254269683
54092.96999089214
20690.500938209116
-16933.520992734622
-809.6616955513103
51139.973489648655
53551.3187642696
41065.93124666602
-2230.7359522776924
7149.155363114265
67734.06447909048
85838.5005636728
72175.70562240273
99377.39997632401
84855.86408064398
98426.4308823455
113667.67176330271
24727.190378153056
62505.73996883525
47323.374383859715
37124.90874645851
34293.46430540112
137031.8295105964
127845.472260837
138662.6478717967
130879.2173807964
120982.49131763184
196593.4274859208
197517.23071842766
194347.10654638175
194833.94188492978
192187.4267365389
192575.92464852156
188818.0572612729
139948.50946281516
146452.77427351457
148384.2359187219
154078.79089750294
156229.2235856745
162043.75185333312
163323.7496506022
168422.16463240772
188790.40286628157
185214.01033170676
175692.27491672212
180000.05985931013
180708.90167976575
175034.81692965436
169806.69186289134
155833.6949840125
148602.5657911698
181958.94735745713
196316.72398275897
141326.66820891062
129591.09323793378
120342.91679055769
99712.39945377973
110635.09206824096
117283.51767010358
106936.25268917451
118489.17060913844
108233.87024011146
198978.939045974
170168.24852019493
176972.27519287556
164151.89190155227
172494.12154242236
185286.32373204146
187120.52621327518
190454.8317463
194427.32587558543
156731.79671824508
153988.4161677142
155514.06502153262
159152.06982125292
156868.27589000342
157361.62500877253
156930.06734543273
159439.16479530188
157466.5498789261
158344.82146574184
192584.0232379269
184304.24891360672
168001.46817241848
198210.695357861
197292.09972422844
181343.93074822173
154030.139431018
133735.47356077257
146356.04975621853
112521.70063326228
160559.09587203732
155853.84247337398
151277.0019949841
159690.08029334698
160054.9752027876
162093.46524588007
163526.76235335422
162590.94960954305
162808.80475741293
152539.60922121475
148284.56061959223
155045.595067779
144073.0714716756
147519.016920032
140640.32583198667
143778.28672125185
139724.32388633804
144185.52085169905
134612.7287835822
133874.33168970514
121519.8826237496
115475.40562420113
122930.81207173038
128837.57828048224
128862.68152758013
112536.56721269315
137394.13740240192
132243.94149903694
149417.9439951111
152414.96612232766
183923.07877970542
180848.0469548362
187192.71009467775
189862.44763570392
191179.52502777183
170802.64076183242
188490.16138623352
202270.38383554734
199363.85743135348
192383.36833839313
186555.94164975104
193617.0911681908
204190.58051145924
202327.78276765568
196240.59537721123
198437.99386541185
195625.72175926913
198428.00752336773
188645.90587708843
184131.69706578882
173454.51983864233
163383.53008362654
134419.29717781092
152614.3932398466
173147.54703033183
162627.14199671455
116392.10551164426
166535.50800054177
176827.22942002863
171237.83951501056
174478.20306153994
167016.3311694239
167059.43010011283
174153.6039132125
159217.19153055263
158866.64829741226
164567.51806967505
166363.96319588486
170902.9655409069
150150.87784796229
128671.18711319818
120010.15780058033
161424.50632763552
137481.75127618285
112464.66098428745
141213.4260774006
128298.63810962594
140504.09503473947
127337.56429112419
124092.22761803462
177947.59390573358
166140.68406773172
149673.5536269232
156863.67556756406
151222.59675511665
150643.73649479682
159299.67538868656
124134.97275160668
114943.3951592174
108321.28176983452
108593.2339291997
117888.98930369923
99708.26975892838
106371.39564667638
182278.38244596255
162104.1497504052
179720.68882239264
192806.39468193392
144146.75500658032
142073.98323644922
124536.4193069517
180619.75557327105
182683.79248394383
183082.767407717
184670.30221958272
179390.77324272718
187564.6610833752
186624.54897445897
188809.18646463155
188744.53191205417
190274.42865809437
191117.48282973003
192386.50298854546
193531.55754351383
195644.64557080716
195087.77635566445
192474.8460021096
189512.68612393504
191478.17846114753
180908.42695451673
182375.03739252462
184316.38103549776
186904.50863837055
185202.31836410443
109652.43575202198
107869.65432510192
112236.48609072561
112348.75680575737
107637.67926468169
198721.0062308434
199410.04767610852
198350.7680771913
198929.65646890737
197701.02542868024
176012.02628425308
193180.16088658583
186381.1891413722
191048.7563143665
180519.44358953508
196403.53756596195
197808.2772689554
195955.43460794236
195428.97680652817
116197.62590121536
116538.3701797623
118167.24821747502
120924.39746730357
121024.70465249293
124939.17907278973
114909.46569752278
125037.20239796943
198830.97538218476
200323.06055942594
198756.60320301206
199948.25342005622
200368.69127961862
197837.29888092662
199514.8323133415
161367.87238099947
176128.75447776305
183671.74526187548
193498.90170457758
195862.90681962913
167913.2987511132
179533.36754234484
173753.11819036482
191422.54716567055
197577.31804183996
199754.34520460136
198372.08794848528
134376.91676151232
129355.54019874451
129271.69293354552
133095.56166704287
137447.48849053835
137012.01826679587
140399.56965719853
133016.62568102253
135082.1723254392
125357.77471032103
121523.69033015441
120524.28430183201
131933.63238017858
126808.43183810654
130127.89585575156
123431.62327244396
142694.8229455957
139916.95736803333
135870.0099372043
140495.3673203844
146424.78284571727
157117.17567145734
152699.5073966744
155577.51258147138
167453.98016297753
201322.77111688003
201253.16813340937
201334.64410220544
198837.70008719945
196529.20446322017
172025.08495118815
180953.14465444465
176032.71439193375
200021.91353840544
193663.10880981854
185367.5290028803
186931.09420021946
199787.51311292153
201190.52600334695
147462.85465373338
146998.88821124533
144079.29311767055
151043.18118367955
149928.15703871398
153020.3548590275
152179.49043815266
156057.16792891524
138374.55228861974
144755.3040006087
142524.71506226447
152924.54374178257
130489.25223965096
138027.70849192055
146087.99184918863
149670.67577815734
147268.0794001707
153786.43564981833
153233.6049694345
146888.3515715583
154218.10083109696
157269.88530926337
155965.97930987776
159362.5462785552
155600.4100929539
158358.9784101942
157315.69955230498
168356.4827067582
168331.8999775208
168391.01689205697
178869.0539602382
166331.84026732817
178478.7537361714
202697.44114610544
202957.47355001976
190996.2161288735
198472.69210064347
182381.9987769128
184796.23844401503
201655.6599481215
203085.60008842542
199603.5236269798
190322.63218107048
192210.00911983254
198620.71415811699
203139.0438112806
159808.74013433585
159196.52830287296
158839.5112585241
167026.0141731655
153485.30824452228
161148.71534245083
170209.99943275136
162252.76395186764
165819.1402103475
182041.38838376667
190664.56016584678
176631.78603920646
176511.85944429573
186115.44317295367
192813.90587725324
187196.5586376603
204020.8575652505
197525.25918018952
201998.7323451564
163871.8496166302
171123.5220816375
162785.51693113233
159997.07452144506
160847.6905578623
159088.57648156662
160402.38120719508
157734.99143972312
155611.99582367108
163742.36864331944
161587.49091793774
162438.48436494425
159181.39684541462
157209.02538596597
165402.99391973836
47831.559498130875
55823.09105590888
61356.583124574805
60763.55373357836
59276.50286093529
62527.196285748796
63630.43921463302
67350.8963511562
58682.11094884216
55089.26033494526
62481.77512770515
66790.58204643242
66084.06513985859
51179.318817659514
56584.74408705436
52513.16129624355
135520.2426804054
157483.1160849654
159690.00680167857
154075.56049754776
164767.81207421777
166431.2700897586
160032.9081878708
155205.5908199324
152249.24913592127
149964.1942444477
168325.33368053604
165482.0815484854
162532.89879083534
169624.92732034845
167353.6795556406
169036.67137120338
172883.63996930738
171027.3943826903
171595.48642699968
69625.25851699484
67526.50300522984
74404.84437508226
74545.65065264468
72763.9726505009
71029.6672217911
77040.04023853378
74264.91829535074
78897.9327762215
70279.44768298672
74191.00660865089
78120.06734800812
82231.33592455821
84706.76404218934
82428.33241914271
108191.28879440989
76164.14726706423
84505.17860033545
97864.2826918912
118409.59792739003
130204.50973865105
139344.69130187397
127362.9475389397
118638.4993286557
165570.78192002166
169272.0246487873
166776.05871714914
144026.99094640234
156431.74810416801
159502.61714245935
151009.23976441458
163304.34923403352
153418.23237042685
146860.39100492926
175032.7385502452
172559.7529324511
174674.55517394346
170620.6850188737
173402.65488137654
176552.49411018964
178617.182120896
177659.4128646235
177186.2478456972
178602.4308856592
180990.52667514514
81952.75792905145
81311.72267447202
78157.90826996947
82228.95985185806
94989.02172486455
82848.4357093408
90408.73080198909
90548.32585230433
86439.27364000148
86895.50789848455
89763.16925509875
88629.5061199457
90346.27888841693
144554.42354866085
137530.10348438757
113333.85053783968
108554.42737765035
134512.93948032972
126382.17958044393
151004.96813364935
162979.6204359817
156821.14804570514
166777.80000157733
157085.2783916627
161873.1481397161
175812.2243770144
171313.4729642808
174950.34373966078
165925.38524861517
171877.88363418783
104576.36375383056
121540.4088542467
118205.66758140888
90366.70278582255
95855.95525097639
99260.06987753371
103817.47801076753
103611.80664678226
98958.60785383116
95144.41493079324
95187.93970869259
92693.2830370735
100889.47685698145
96358.27215779945
97785.59906861142
106234.41196273861
104720.20103672208
102254.37227671337
147009.46729884998
142839.47249834434
151765.8485030583
138465.08682609964
132619.47426750854
161782.54221267192
169558.84682166277
132908.27736507094
125598.53974431434
114544.33356775851
105645.60672795466
113137.25218201517
114077.98022768175
117336.39971259992
158088.4362159583
145230.73912889927
149448.25921121324
146474.05220267168
139244.98817301102
125749.02990840198
191339.01594698147
206650.52007302674
191795.35262411842
181456.9794039426
195875.08965527132
174369.21022316522
183788.55597746966
175136.19399525615
168587.09782184032
183933.9239244737
185234.72036900476
169536.89301064188
178836.65173974974
164281.70241280049
170460.1770878537
165359.04355096602
160617.82363889282
173212.92196775984
161889.6741469763
158692.30158069628
12911.213149414847
8094.520687864399
12931.739783849167
9968.521345752479
16309.189460753016
172760.63668462285
149505.82577081857
158480.14808041812
166835.63598618435
163056.24914203773
159130.7203889526
158860.67249220377
156400.62048856376
155983.69900013818
156659.05119447014
155746.23373262174
18170.397195004356
21896.581878656267
11562.384550328296
16765.311094443226
13880.750494627782
22100.33223940563
20502.93766282853
15755.653038712693
136665.35482394756
155091.12811317353
155279.5966478917
154522.49536931168
153292.8686645128
146604.7066576385
137186.26369258953
157979.0400244458
153540.5645206181
153580.50895165183
152539.8956202826
155381.62508213776
154794.5652769817
154839.23190643624
25301.188319788493
35571.67792309066
28806.944963068465
23101.817871174182
20485.09687512326
25998.096790632273
18047.981441266344
24613.478635048272
21079.574845841937
26135.801752459392
27038.839621595234
121991.4479403194
105545.6982149762
90796.51476292091
78270.81753805555
153966.85625599543
152523.50029628925
150086.0743167763
147590.8179847989
145442.80184336755
143795.99301505345
132344.25718891612
155541.93397259014
154529.59151393117
155800.22658716337
157224.1439022286
155713.2789858169
156660.65382216446
52722.07053237185
67730.44225929292
27209.154163420288
25838.264186036253
31526.30555821866
28634.616723834104
47075.07704475239
39677.72056572592
33290.4182529947
30350.35649609919
31793.69263085553
33421.838014151894
33390.86592283087
37542.53291048048
37487.39127750282
31646.390166226847
34641.1157586758
115291.15985769378
101485.63924347475
88266.68546131723
78441.1679008433
122604.29335463217
151420.93334651488
158229.13477190526
156033.54300611583
154680.4008080773
154019.5765440387
152504.7908893672
152744.25758692063
148562.5572689485
145648.88603546107
139147.5843545999
141828.7378598154
72604.32464550734
59570.415674034215
51451.0045181619
41806.86695139301
63325.682015556835
36201.17894672917
42757.412407598735
38493.93536139465
44403.55674599119
46434.36780457716
43131.35115763297
39379.865266784516
43549.53693852643
47323.55987587727
37772.131015784595
41103.33247410485
109513.01266264963
96447.56149892327
86581.32283011885
98449.42439878348
119951.99520766005
131270.57761300835
115134.26415069043
105852.86244273937
124173.1196570284
132587.1165389596
157363.04504162195
148823.92305232125
151457.3068047397
153729.81907045475
142857.8630797186
138135.83814053115
55077.84914732924
77609.72289696337
45335.642352462964
44352.05076002827
50058.296385602596
49350.074403244325
54277.799494826686
55173.50552985591
48124.59037180727
67955.0214136296
61215.82563912642
54839.70315641903
52488.63924520402
63707.312775748236
70893.16780483148
93245.29409609352
67674.03875345619
115859.91546136043
105722.23453192571
125931.24334522919
140275.1514289513
146589.5511882298
81286.67101794425
74071.38318132874
83835.63609297771
94671.12130801566
1175973.6197516073
383202.9878203135
371957.80632326595
451833.4126085847
315101.4735338332
254431.03396350556
309165.8266647776
310250.6199410125
250167.9457475401
209653.84641811057
331442.44186116237
284233.8506199373
363185.20617894694
289879.5436471775
276037.3369599056
258413.66575460078
265792.0705739152
173502.3717807504
200512.24874960576
226521.90873530664
248231.21440503644
293021.4234920291
4232.972951797324
125.65969095392381
146514.0511824454
170012.49304605127
147482.52264895523
124325.20509906897
296368.8397826888
259966.87445333536
246891.66037408332
245810.57893033468
227134.9460122732
194510.03164919405
222204.38085330147
247896.54546407788
253724.11804785093
222357.07928686877
204045.88479715693
7037.604867401732
2909.8614279880776
-23.23706236501809
-165.25414110812292
3222.0561580030517
-123.34567949819137
73925.24378387688
75244.83981069767
88480.05159261175
90193.50190937838
105908.2832091815
106087.2557682832
124949.97899867683
164129.90529814782
141267.9182192282
174604.59021921802
229843.95209281615
221078.67431712567
212534.00707016024
193988.13046477697
221865.03723118996
4222.411760643571
4568.607589725553
-96.51727237829891
7406.076408335517
8723.51527293787
9491.272265471049
3414.040064664777
64.0232812227216
19382.315612999704
12823.601028566649
12574.930976847523
401.0666028215084
4452.0318811679435
924.2440174463987
84897.14971062061
102043.56229978823
121367.53393052722
153460.4121054708
134519.0402430702
175673.1696525251
162500.70510013663
68417.41011623638
74555.4747245224
61375.55989096823
80930.06538752443
202774.62415802537
200439.15193075466
198853.43712949913
183990.55872231722
183983.30011486905
8277.891526806754
19526.083929994475
14873.357502812067
25386.557898712552
32302.833286690508
61729.64546826426
49640.22358401419
5393.1864590330515
10698.71411732834
9390.69932743091
6375.346835723039
1372.1365227738427
5881.370768793544
2273.65190703533
8096.9297778437185
2973.5708472179963
94127.64657626371
114742.66603837867
146403.92250190253
127493.8426172795
161292.57058554297
91585.97260269597
71666.73926889198
81859.96128830442
71637.98487633183
166079.40519012013
16110.246228875021
24317.929716162795
24589.002321620443
33302.85962210012
41606.36491397042
61115.723008701774
51105.720037212246
32514.162146898252
11979.752742754003
10913.659354723464
7333.34582895989
4205.341342133452
12809.457088120593
10317.282354512643
5258.6726250335405
9940.363037876738
6754.147943849974
13619.658612100387
106369.09374141668
137655.64935756792
122050.21219409951
150569.9012389898
95617.99165985192
83253.6687168012
70891.16337202858
17769.670581160255
25323.61979662006
30463.374343010062
44137.54604497274
58041.98672885084
38311.16793613971
31907.379104774107
68571.97539022833
19926.72427696123
15774.077219916227
15177.095000934321
22208.43131780702
18439.181463286277
106701.39027627588
97329.81379872322
113986.46779226827
130405.02210300635
83716.6493534403
77194.89458971893
27409.653726499742
52170.44201389834
39121.96340917038
66016.30651063054
30163.074817049102
30061.12875741843
39411.117647648025
101854.39315804827
8590.764499273115
8992.10960787095
8474.106902013547
19287.302805290168
9082.336272004859
8307.30685387341
9605.062840743913
9851.358223409154
9533.40672402831
8792.234794525755
8100.706446677857
8874.833251340353
7864.215388009834
8480.533620495962
7612.344763703138
10523.982890908706
10711.5430134737
21672.809285134284
23083.04196918952
23976.126750578154
19948.17406110549
8541.446377152584
7307.335455117141
8040.362621518184
6971.960076357321
8109.843991107775
9410.757858408238
9808.057309552363
6606.182842293012
7416.380626910065
6230.2389681668255
12222.075901982938
13883.513960082277
9686.691107545568
8863.04183659629
10792.30994517283
12205.671977390864
24281.83213625684
26542.516354860545
28320.552440605767
23130.593949347753
26250.15922629893
29425.35440137539
16804.36354480226
19403.666706748907
23259.518229785233
20130.811534503697
9157.426829914317
9499.856598712267
6778.327203800672
5355.610123333111
5795.93349733127
7054.810936980161
4911.520709345449
7626.042495824588
8531.539402596829
9364.025465722141
14655.799281971877
10899.998878886721
10878.865444370012
13199.194497407918
13473.932648881615
15974.916861224274
29459.95765238909
32275.184318541975
34482.108091450544
27396.45701794368
31551.424973667334
35722.05181821991
18292.2444990316
13143.042675734216
10960.504374459195
27822.610916065383
23336.271185459464
22202.51739196351
19958.011202649857
5492.43098093977
3446.846052455066
3938.524736958652
9028.24484006039
8195.533396598488
4417.507683205891
6433.692685551608
6204.757661057015
16627.496942649643
35574.050898226335
39089.02144167716
41840.305484439894
32652.09183789678
37815.40416768244
43130.425017010995
8738.911481132354
14443.097211832644
10959.87702300768
32795.04095142868
27289.014168296184
24838.860734190515
18756.40632785345
21709.7418223007
2955.944171068784
4866.976144444408
2465.4277394936375
5876.752779538295
7706.8561463217875
7845.959228344263
8567.813685637235
5357.495333610881
1981.152421022196
4021.314994627063
8724.054678521356
1511.083502002123
42841.12984961758
52061.2434292339
50352.99242463467
47309.76269478749
38872.38812244361
44963.0616469123
11050.367518428076
14992.382093873772
1157.1244590066015
4530.83227062977
11259.714734435353
14664.860322870416
38521.12460118709
31066.119906215587
26106.31747369357
19872.036660571266
24021.545838082977
12081.346726164198
7786.536781236641
10654.46630859103
7704.001669376125
3817.1313338770838
699.6943502639916
2837.976563017889
6573.513113847822
475.3863108260137
62504.355830399036
60470.71763824314
51142.16328947223
56416.69605920467
53130.66552776688
45799.63029766231
44972.44471542912
16998.836640443722
22518.83249080635
37388.629835101194
30352.836133355642
26202.635528848477
16274.906607307086
43453.786869599804
26442.744939461663
11364.495985449686
16485.524019649827
8115.413851927279
68231.5986518832
60868.0764733777
61240.1512503833
53330.968366185516
52206.72703815717
59347.08126232445
22420.838088789435
34066.355640334084
23091.829754067636
30403.380340328516
52342.27094570463
43984.27004916712
38633.58717582937
4365.224607689976
4527.4187916546725
4777.602418172116
4460.158262448555
5335.563636767985
5550.205502168436
5167.1835095560755
4900.231241291885
5266.050642071308
4867.61312979894
4480.722678355135
4023.250120888399
5674.487141418945
5908.547154858191
5626.091528869059
5259.243699317551
4376.773593111771
4993.47299769651
6043.680758312577
6253.527856400154
4778.33906291798
5148.250820283977
5294.119237453365
5226.18106985511
4489.462803637211
6373.231333782586
6579.234467701429
6731.062076598571
6897.376972605361
5999.4814739936
6360.3422478272
7020.966814771998
7184.878016613125
7330.110602076493
7452.774800676452
5998.828092831017
5691.698513714835
4897.814732847097
5686.808854930742
5205.290487913195
5817.319342407133
5263.797253994953
6694.491332342754
5683.590440202951
6449.7549494561545
6795.088192865741
5642.703047669871
6471.86168234472
6644.997141609715
6949.6196016188305
5315.414608934531
5365.17460704323
6415.080953866666
7852.508589141484
7932.005419561868
7698.809785679377
7018.838192977542
6718.307623749098
6607.584859631354
7316.604726077651
7592.422100147936
7376.599711897544
7613.663014262025
7875.511912426226
8091.782276681445
8129.0327693635
6488.6635036505495
7194.80023006132
6001.800149906826
6616.221861514199
8638.714693596261
8586.431201633275
8458.64095782178
6557.381807631991
7367.5547995405295
7630.65680061824
8547.15416155886
9032.649041540675
7688.765749807964
8468.412505767448
9201.15871214347
6874.914666311219
7519.618897269317
7992.320789490793
8167.2791082851345
7528.9126056242885
7939.720557591332
8597.60504112089
8309.668506721264
8500.927681519397
8371.798989396082
8289.973038621767
8824.825403115201
8647.65335395947
8789.758376062551
8673.546326046053
8888.675009295508
8748.039610648595
8452.178342172865
8539.497347343502
8634.335063045883
8663.8688392663
10018.339870343241
11078.766272766625
11707.459600483577
10047.13072566072
11278.588606605228
11958.019039171413
9100.303406864887
8566.179886667449
9070.244824220272
9526.479994354313
9049.676820182398
9120.443623980014
9051.115694853095
9073.988637698025
8773.348364213742
9945.838305816857
10989.50632631754
9808.668229712925
12937.498284565778
14071.963636820248
14870.048423535583
12814.981481876364
14388.69496977918
15296.733606051663
11645.986301016625
10680.65296441006
9866.130460881124
9023.709785397892
9366.418949787947
8787.237935422556
9175.83337703187
8750.3494227822
9039.183811621606
8698.482126556162
9524.971266266786
9379.267493214616
11248.934313752623
12924.905422571745
13769.207618185212
9176.63544990469
9545.516624064097
9619.629676802753
9790.54613502921
16175.340365280674
17567.13752230722
18631.35821464332
15775.853767956594
17892.3302373685
12392.97524849119
14385.390938250237
16715.429803668074
11111.220075036743
12230.895045961935
10248.513270203186
9911.214660467942
10288.552835962128
14610.169302261596
11069.618225740182
11279.51404326117
12511.818992246845
19907.819913995958
19251.54500551957
21741.493614557974
14125.875564664555
17096.188649170483
16369.056181123346
734.4207786320026
692.7711583676946
135.58479173940867
522.2240062062712
871.5624616780507
811.0189199835377
387.9945631703962
528.9616552500387
-1.9363377387153369
-7.159898382389346
1140.9682004128051
1035.2675886813986
1083.3236534566838
964.3190032415423
1229.3016990227025
1371.7047331131043
1534.3033553098603
826.8811412048757
1067.0908434343494
-9.727939814408058
496.77215103170107
416.53964618199797
4.293743664607113
425.5819381843524
26.72468210700228
55.51964541211762
1217.9462860671144
1041.6734394695077
1069.8614571752648
1285.9158800623911
1307.4592620598885
1068.2031126846937
1265.3622523577833
1043.4709129597065
1405.7528122943907
1525.6340745176956
1009.5041551237717
1307.2322890212959
967.499071644847
1393.455465152907
1504.8091723345583
1847.1147042186735
601.2010495373951
1005.5009958271679
564.9934992587503
683.0018476745649
1068.058726835577
641.2867577436369
1184.0693840156584
727.7201361893843
1229.7306267725612
1076.1176047076574
773.0081946286755
821.0939195475194
1203.9110099916531
1414.419366775953
919.0561706120301
871.8384444149009
1330.561104236527
1248.8873534137686
1966.6352203330835
1114.7653536466842
528.6772859202603
930.2006780837468
495.54048985364483
851.9408255285349
431.9581417850911
462.1085038389185
1043.5994443803258
639.3554860918194
236.88374937283538
269.62698999917535
562.6000415771897
165.36246605944578
199.43363626121388
747.5984590727857
336.4267910029878
721.5403201084487
306.09854361716475
818.3107146484106
970.8503143586406
399.4438361566706
792.9176573105138
370.7674143010992
897.6140854347146
127.76887462133816
497.5383988555759
89.66025840410605
670.93238520508
583.3609527592545
610.3744501259176
1313.3735500949424
1589.7898354384054
1821.4911837264078
2095.821646120572
964.3543082334478
1509.329540793569
1025.274951625459
2327.5584444839374
2580.4780978506788
2742.193294336859
3053.39164620074
1016.8541426229993
1033.4243711784482
1563.5225009466374
1594.3563927139837
1866.5063531261344
1799.845447216249
1920.2195793357123
1693.3000412866286
1880.1033668807743
2236.342147123176
2421.9372748919927
1531.7395673576557
1593.368162852734
1781.248714915259
1804.2853290641883
1630.1160937199165
1775.9043137110802
1895.668515708809
1791.4126413523368
2488.079919038804
1719.1968589065382
1493.3885158596192
1423.663982342993
1661.4203593274979
1193.3717464824067
1097.5161218961473
1289.4859024005675
1361.9804417521166
1246.9594555574229
1423.9107308957834
1595.055811166278
1328.555143204898
1523.4013411684475
1223.3382271916294
1229.9312301198129
3183.817821619628
3654.4234657295615
4074.248994290651
3945.2582206810343
3504.364048460328
1731.93725347449
2074.1574394429285
2649.3930584980785
2391.2890122332396
3579.1870302660677
3075.7727098141568
1817.581879874251
1840.728643362417
3618.2428988047577
2855.7046280031445
2267.797919462559
2379.5207641031243
2223.125655345815
2743.109398580842
3052.1296800154482
2331.7212944916123
2394.821385866292
2321.5943141858997
2254.3102817977524
2511.1446978354375
3157.9597620682325
2267.6956343763572
2202.8680599895515
1961.7641774740812
1870.2607682980965
2047.8451403638621
2125.4222049459304
4037.9628863488833
2617.6716020571394
4172.573055513298
2838.784125514578
3562.693003092014
2969.677485583678
2916.392866779644
3606.6707973023076
3946.6488141459445
3022.766123501401
3295.354728449261
3317.6784232623286
3217.0253084493966
3401.4334223307296
4126.776130311644
2946.643834778771
3277.436165639024
2772.7856811766187
3035.325433892632
3163.880066841654
3649.6353725369445
4026.3557006193223
4301.335364099029
4369.858191451542
4567.619445925306
3993.5107875955396
4504.4627517196905
3882.8420625448693
4343.3906932800355
