% Model:              K-Totem.mph
% Version:            COMSOL 6.4.0.293
% Date:               Jun 1 2026, 19:49
% Dimension:          2
% Nodes:              2088
% Elements:           3762
% Expressions:        1
% Description:        Pressure
% Length unit:        m
% Coordinates
0.013279032746901296;0.013479665196684237
0;0.02
0;0
0.019906578153937003;0
0.7476216813126383;0.0029599439106175966
0.7460474325840621;0
0.75;0
0.01550639183220144;0.02916909386536693
0;0.04
0.029340229430081126;0.015984808961425043
0.03981315630787401;0
0.75;0.0035720535089704916
0.7435730453307362;0.004331586098982143
0.7407418555488979;0
0.7471219780165574;0.005718989181020248
0.013386746237104483;0.10778750807329757
0;0.09999999999999998
0.019091742588842837;0.04960500671044087
0;0.06000000000000001
0.02103052528129954;0.0698533708811162
0;0.08
0.017679072447844228;0.09072515644542832
0.038357871382862715;0.03609470285024176
0.059719734461811017;0
0.04969906899711904;0.019409653302680567
0.06808457016657884;0.01535715825329322
0.07962631261574801;0
0.7370647933222161;0.005016553595940024
0.7336027626393787;0
0.7400400011659407;0.009005071893478515
0.75;0.007616525334391253
0.7448917805194135;0.009946241778977792
0.7399901349155997;0.013132615002900593
0.035019006633362715;0.1047855659320792
0.045041717562808725;0.05684018694463199
0.042464217257559674;0.08053223830978055
0.06470276495309217;0.039865655695715305
0.09953289076968502;0
0.0894186412886874;0.024004952061705893
0.11943946892362203;0
0.11012069400454448;0.01686932775234257
0.13934604707755902;0
0.13107914070666268;0.022996592839937702
0.14975727927340476;0.01573707065863772
0.15925262523149603;0
0.7348508884813132;0.011068232726563196
0.728995123737057;0.007288175383824751
0.7239965217607548;0
0.75;0.012774691899589592
0.743669798065755;0.01688769664820256
0.7365164076050038;0.01810732573151256
0.055367898708066965;0.09862857163789675
0.0729318548978689;0.07390059839462483
0.09041725733969859;0.048739248172864166
0.1120039501007598;0.03997223624566149
0.19906578153937007;0
0.1903726336543937;0.01688260868128668
0.17915920338543304;0
0.1711397155374266;0.02288956067494945
0.1338501463916094;0.04816442487754864
0.15290984393885446;0.039035315965658124
0.21897235969330706;0
0.2108905744076596;0.022545417442634146
0.23002225705206852;0.017081238995711515
0.2388789378472441;0
0.7270905532460937;0.016634307136999836
0.717229289436969;0.010746955522746645
0.7111287443168923;0
0.75;0.01974939242505577
0.7420734535933169;0.024422224585138735
0.7305413453462843;0.026720388251079242
0.0801637005295583;0.10810758126337575
0.11474107927736954;0.07442504449900468
0.19242891856945785;0.03948893262942235
0.17345663540626552;0.04785563159213211
0.15615659492849374;0.07117992691002004
0.2122071950824424;0.04892621862331495
0.23146170417118314;0.04117557594123431
0.2786920941551181;0
0.27060879761709755;0.016262806250967966
0.25878551600118105;0
0.2511405787023445;0.022889157888585317
0.3104260359532884;0.013302776751910357
0.29859867230905507;0
0.318505250462992;0
0.29308429333086283;0.02102832473448629
0.3384118286169291;0
0.32773350595880996;0.017849346901725537
0.7153367386363808;0.026313009667441208
0.7033572958713663;0.013631586629391507
0.6948783490967724;0
0.6763707557699304;0
0.6854247215987653;0.016915807166164056
0.75;0.029172881052631102
0.7392590267708828;0.0349505091294167
0.724421230581546;0.038519764795136295
0.19533204994768733;0.07143071825879388
0.17862497714029602;0.10341686368668737
0.358318406770866;0
0.3521949899842009;0.023548213735104326
0.3711167572355817;0.01486640088122533
0.37822498492480305;0
0.2507986356979252;0.049561474961013686
0.2351006808525466;0.07324657499158306
0.27329059159157326;0.0382317947596683
0.31455492239543537;0.036534985964931786
0.29855875954842914;0.045105369336720595
0.3345002488858191;0.04292001142125235
0.3540550770960356;0.04623899470802803
0.3981315630787401;0
0.3881785213960997;0.019056203295219006
0.4080294232801762;0.01611569849656888
0.4180381412326771;0
0.448940564041206;0.01622466484217108
0.4379447193866141;0
0.45785129754055115;0
0.42922761750627164;0.023314512543774837
0.7086756008291007;0.043261828628788405
0.6945894599058967;0.0319881977223817
0.6568498334457102;0
0.6659134749438126;0.019186124336600725
0.6484872091175999;0.018610705855788664
0.6370103873363234;0
0.675008022462726;0.035498934130826706
0.617103922772047;0
0.6266970456842493;0.018566984166635193
0.59719734461811;0
0.587379746390207;0.018484889997111564
0.5772907664641731;0
0.75;0.04176556080473762
0.6072233622411682;0.019702984111048833
0.7349162925135825;0.048541167395526656
0.7212098881688934;0.05056650131448808
0.7103242473728884;0.06055137904627733
0.2501324380574374;0.10875475251002285
0.5679555522491015;0.017992018705120214
0.5573841883102361;0
0.5486543449167356;0.018876809478766174
0.537477610156299;0
0.48886708757575276;0.014442511078456675
0.47775787569448813;0
0.4976644538484251;0
0.46916850659128684;0.021353253904677842
0.5175710320023622;0
0.5264638710931847;0.020284230358490616
0.5053965998842558;0.019905293312717787
0.578064142978255;0.03154531686254358
0.3752758009874494;0.03957556631805795
0.3639738059032501;0.06112145524517194
0.28047107268191357;0.07964551874098935
0.3164161265039488;0.06310381007616019
0.3448806199030864;0.06701519669444758
0.4056918069709194;0.04184725591198659
0.4499811372474793;0.03560852915849096
0.4333674435404245;0.044707839206938896
0.6870595643662448;0.055465004697534
0.6558484184924462;0.038831878919429665
0.6383927689565027;0.033657779321609724
0.6661917888054433;0.05349733417613638
0.6180950475649314;0.0403623815258228
0.596551357274258;0.03698774878667109
0.75;0.057945361293080734
0.729117105100329;0.06692860451196538
0.6962261598347798;0.07253466036014987
0.7122365859020835;0.0751370160862547
0.5597271324786557;0.03785072151325241
0.5398882078924268;0.036066224886958986
0.4911488552296647;0.03632466702158601
0.46770529353786894;0.04165702502090357
0.5178336083385929;0.047292148469391775
0.5789562190659764;0.05372551051834597
0.39002037116319627;0.06797461153699487
0.3651092980777216;0.08094267639700155
0.3330445781638827;0.1077113555230197
0.42289805406246395;0.07282658459202906
0.4517730168999884;0.061924599359754584
0.668626696895648;0.07871504457756935
0.6407703560730603;0.06069917149010388
0.6089467675054641;0.060873053691103136
0.75;0.07812706094875015
0.7232380097229572;0.08927725664357043
0.6965740700524818;0.09307556072993776
0.5472321330550609;0.06419245830696627
0.4868277393445105;0.07103526384214034
0.5220792734171805;0.07726444972978476
0.5824580738877881;0.08627268831247352
0.4510229138461674;0.10739108639706038
0.6295896340313453;0.09746381505758128
0.75;0.10323235440735254
0.5517672147056276;0.1037808553545524
0;0.12000000000000002
0;0.13999999999999999
0.016294444774306072;0.14809657413459967
0;0.16
0.021541823819705225;0.12728785268678952
0.02254247161664122;0.16802317986866533
0;0.17999999999999997
0.016278535357507007;0.18884176726974658
0;0.19999999999999996
0.039346801133510786;0.14594621124827742
0.052098497888506276;0.12202615159309368
0;0.21999999999999997
0.016513533975755928;0.22863805686275304
0;0.24
0.022086203456767664;0.20780966609530963
0.022445865349987326;0.2478485372884315
0;0.25999999999999995
0.01679727750944624;0.26897668414798787
0;0.27999999999999997
0.047794090423836214;0.16643019795643513
0.03749633004415241;0.1866364071597782
0.07188228437273755;0.1470718006935641
0.02339641590966983;0.2888537185827275
0;0.29999999999999993
0.0159689422651984;0.3106556998345229
0;0.32
0.040302865847859415;0.227190991403046
0.04774788541718378;0.20687432965279162
0.048422129355244224;0.24674061651348553
0.04151733767330046;0.26724675411239784
0.013739505089183774;0.36755007138431833
0;0.3799999999999999
0;0.36
0;0.33999999999999997
0.021526817109595843;0.3300066217085016
0.017819902424299303;0.3504176149254397
0.0705963351723828;0.1860817485203715
0.10418846998538285;0.16843600089267616
0.11341324243320512;0.12904011378311664
0.14842832181763552;0.11518074584760361
0.050596238985970494;0.28616927731491953
0.042749409470970744;0.31206015095294215
0.07198452704863324;0.22536327525637606
0.07217281432169857;0.26394712364186185
0.02130745044577125;0.387242145289533
0;0.39999999999999997
0.016256659022311624;0.40840898487951166
0;0.41999999999999993
0.016299611418997866;0.4497907160765077
0;0.46
0;0.44000000000000006
0.023235408611360402;0.42773136597268163
0.03619072346800135;0.36428703177912547
0.04267252744700151;0.34038420805996045
0.10589643777796688;0.24313994721524662
0.11511753886899036;0.2070932984151504
0.15229935887770155;0.1679209645060785
0.1834228149127813;0.14342005049700546
0.2112684699278283;0.11208600560439638
0.0750895061375268;0.30014220346028736
0.06385920737432221;0.32741798886472884
0.11712835877447178;0.27705000853545686
0.04686787908686619;0.38481552813556563
0.039726537483472914;0.4057301495880992
0.02318417342819482;0.4690069446345284
0;0.4800000000000001
0.016705673793179977;0.4900670166233817
0.040107126912464736;0.4469779594260861
0.0486915539947149;0.4255091682339467
0.0703027804206312;0.361172042578467
0.1487788862998559;0.24137657256838424
0.16379105991587556;0.21144317972344678
0.16076004918537706;0.2730787682682904
0.1965155117797527;0.19500648233035445
0.2383631719281185;0.16283379302921291
0.28702298357603323;0.13284971562106865
0.10498158644282331;0.33051774206071766
0.15068485491472589;0.3081258204491832
0.07250872285858062;0.4029571461921387
0.049762989568431386;0.4668307503405531
0.07259153316025796;0.4433675172089148
0.11198279048585269;0.37954135848046544
0.20020016498920573;0.24850734990560347
0.18445248983514076;0.29071687318120776
0.2474573936500302;0.23622798600966377
0.28917405088412734;0.19500421702767545
0.3277072469071899;0.170872481188852
0.2972868695868225;0.24155916239360337
0.674998879815146;0.11376229636326045
0.3897252797360856;0.11299879020379479
0.3730388580995672;0.152407663181166
0.15472397483960837;0.35170888424543
0.1827637481257695;0.32258362158302534
0.11690236303325904;0.4279947626917808
0.07374128566638605;0.4791299229349396
0.102330615874609;0.46443303494360283
0.16073394650012182;0.3971854438822084
0.22616436314475608;0.30088683822486656
0.7131529580427582;0.11958417530199031
0.6808776069091784;0.13982080695081084
0.27658295781336556;0.29267874647100134
0.3617605914516158;0.1950084077345259
0.32972957362207866;0.2235556913773218
0.33163363064149803;0.27168567348523076
0.5050761213196594;0.11245148833687668
0.6437050936952717;0.1353376697204634
0.5923526057795342;0.12333491715030383
0.39901640561675267;0.19097391274866185
0.4314985530783083;0.15558220537295914
0.4809754902508684;0.15971109249810567
0.2068763907762048;0.3567167517659762
0.16205999725223205;0.4371467646638111
0.14099754226297428;0.46988361648030275
0.2016804212868221;0.4195384923508121
0.2683261233064837;0.3479487402764419
0.75;0.1347506289009044
0.7090781478741689;0.15873645860989205
0.6690110955134658;0.1715349183297853
0.3240627991888964;0.33572856590437894
0.38509109592900437;0.24286236077917564
0.37917131017392885;0.3040852183564981
0.5469603226602483;0.1564533227764956
0.6120318235426973;0.17319838340626081
0.44932635875060234;0.21790831853412443
0.5093013538549572;0.20303336844711878
0.24519547558421428;0.3964820017224645
0.19385949256762341;0.4747269353143509
0.25411004624795536;0.45249293709983723
0.3060315989666423;0.40430295068204414
0.75;0.17435307135143424
0.7058663117895851;0.20004717074267223
0.6509844376754945;0.2192906146833656
0.37228358020921193;0.37088926458749244
0.44382417992827217;0.28473579790730436
0.4212504722785005;0.33916350776407006
0.576113064945309;0.22832850509388294
0.5059916609246091;0.26638777047482676
0.31686786838473374;0.46922851807847477
0.3745680998478641;0.43262057813539095
0.75;0.22429871105544266
0.6977960709068315;0.2539905612887303
0.6340382331334053;0.28169977094119014
0.4367962846163174;0.3957525570987604
0.49068061876482355;0.34451006953217145
0.5641360886209833;0.3092094815225781
0.43881783814096487;0.4654076555271818
0.75;0.2866243217024439
0.6922044882281915;0.32093237656452345
0.6262990663526463;0.3535679684922767
0.4995209995361706;0.42238155587152504
0.5605726753282592;0.38553038711101634
0.75;0.3574111048316653
0.6875246087607052;0.39361163040233454
0.625046329791655;0.42981204599457473
0.5624924051136112;0.46293361425095525
0.75;0.429812155973003
0.6875217209987152;0.46601744511556414
0;0.5
0.013149342891936656;0.5473114521051337
0;0.5599999999999998
0;0.5399999999999999
0.01681790736271927;0.5302132322252696
0;0.52
0.022219198136275226;0.5097987917652469
0.020361298399950295;0.5675730685854062
0;0.5799999999999998
0.015587706355706474;0.5878105070408984
0;0.6
0;0.6199999999999998
0.01634825179932135;0.6281624300390584
0;0.6399999999999998
0.02218185435956659;0.6074675161057569
0.04350539187833916;0.49113889612717104
0.03574574251971532;0.5444158315007919
0.041865393125127756;0.5212426158365818
0;0.6599999999999998
0.01664821831158606;0.6683986108341957
0;0.6799999999999997
0.02255205340068326;0.6476297367859909
0;0.6999999999999996
0.017164683020720457;0.7087664146844145
0;0.7199999999999998
0.022948426704370136;0.6872646434447023
0.023658004331338627;0.7285926900858126
0;0.7399999999999999
0.016962091263852935;0.750549106984567
0;0.7599999999999998
0.021968866791584846;0.76973086574543
0;0.7799999999999998
0;0.7999999999999998
0.017860707605951095;0.7901167983741494
0.013445989474759416;0.8075628083898986
0;0.8200000000000001
0.021026094052551125;0.8275065821329364
0;0.8399999999999999
0.01573255617693028;0.8479432169378783
0;0.8599999999999999
0.01600794182770089;0.8887666243872283
0;0.8999999999999997
0;0.8799999999999998
0.022605005546351125;0.8677392504369397
0.046021805987802034;0.5647212411642645
0.038716690532738594;0.585512172392919
0.03821798660833058;0.6255223809087673
0.04756035385281843;0.604599776334597
0.06219226745699315;0.5083169420290778
0.06939098988208997;0.541243738151436
0.03906935854440723;0.6653087141789876
0.04822139912962559;0.6444592645978873
0.03983749845203145;0.7060930715147511
0.048643488270939686;0.6844032272544179
0.0505897031295555;0.7255943911242085
0.043119437424293694;0.7513340555298436
0.04204955306420081;0.779440001767485
0.03587423199249585;0.8033924878825297
0.016226313109952033;0.9288027743568693
0;0.9399999999999998
0;0.9199999999999998
0.022586961367383546;0.907830277293511
0.04605901746182135;0.8232631692708066
0.03917735817467324;0.844888017334054
0.03899248691853925;0.8858276517313195
0.0477256949893494;0.8660353348699132
0.022391060012125836;0.9479402843738717
0.0709530616659495;0.582265354818273
0.07055545914127824;0.62177442622585
0.10830927680796974;0.5104948724554305
0.0990045088215457;0.5581125072449774
0.07180373143521845;0.6609522571077632
0.0726649841139011;0.7008825501754631
0.07470234935116422;0.7384585950412043
0.06385680645519426;0.7658575332355436
0.06918595547966105;0.7995676558965601
0.03916070127055355;0.9262030879894585
0.048173095830039835;0.9032945365102067
0.07361055500316845;0.8437538280861893
0.06874196745018947;0.8814500377776191
0.04893721745268659;0.9471378410209994
0.10959180625054286;0.5985144191601435
0.10252874162619428;0.6347923251048053
0.16012619721693577;0.5063033384177931
0.1513542270506914;0.5571673626064799
0.12107671815416937;0.6711417514125811
0.11514561396465908;0.7182969252818077
0.10416415162662154;0.768465968791697
0.10063389232373908;0.8106363800910421
0.11515641953950152;0.8395065960353494
0.07537248029616134;0.9211861854244282
0.10898435151229889;0.8808206612030596
0.15074603229005215;0.6225039046677043
0.23692847251852506;0.5030570139672271
0.2028084045274229;0.5332057501260666
0.2034282255388311;0.581036482595322
0.2776376168474148;0.5023131098936958
0.1660571831088123;0.6653657914216519
0.149732584341098;0.6957187542367214
0.15941235000285373;0.7408772318987045
0.14873701757770752;0.8046758330750419
0.15021414694193508;0.8618365532900651
0.11162883159883337;0.9496661252134079
0.1317806673762269;0.9118208630015916
0.2061217981315929;0.639872446857202
0.26076830628675524;0.5542859391573687
0.24469769873130948;0.6091295966076721
0.31956561634505054;0.5312871371264621
0.3758969187528482;0.5012328315741588
0.19828588023647492;0.6969237448702436
0.20578197829205352;0.7638467782097427
0.20181106351500153;0.8365238122353538
0.1898755160559427;0.8967361884897072
0.16254421596766375;0.9593490740105903
0.26134465463593065;0.664201316901925
0.3088075714528643;0.6087100110138065
0.3766346052996594;0.5724855719391675
0.43766720019518884;0.5384268356138091
0.5004866865597901;0.4978312991717576
0.26440551050704414;0.7253581269341695
0.25883069199902525;0.7993216265027014
0.259415892557952;0.8754440148594057
0.23415189699350228;0.9375331365521077
0.3164255952484206;0.6826576598950187
0.37483258456032753;0.6447907387076379
0.4376086049935756;0.6108386016858082
0.5000868839948603;0.5746333125432469
0.5625651629961453;0.5384280234006856
0.6250434419974303;0.5022227342581249
0.3181541707886338;0.755129267060387
0.3159397138471381;0.8314205957431935
0.3226368111129597;0.8878258141591963
0.29550968952325873;0.9363248291063384
0.3772832048814091;0.7178846180478147
0.4376086049935757;0.6832491799709298
0.5000868839948607;0.6470438908283689
0.5625651629961453;0.6108386016858082
0.6250434419974302;0.5746333125432469
0.75;0.5022227342581248
0.6875217209987152;0.5384280234006859
0.3784427481412128;0.7903447577209283
0.376420149992405;0.8637193661281138
0.3661044499649872;0.9359314409019535
0.43760860499357584;0.7556597582560522
0.5000868839948605;0.7194544691134911
0.5625651629961453;0.6832491799709298
0.6250434419974303;0.6470438908283689
0.6875217209987152;0.6108386016858082
0.75;0.5746333125432468
0.43977271949466995;0.8278783902439375
0.43631810039001645;0.90178914978381
0.5000868839948607;0.7918650473986127
0.5625651629961455;0.7556597582560521
0.6250434419974302;0.7194544691134911
0.687521720998715;0.6832491799709299
0.75;0.6470438908283688
0.5000866962934593;0.8642826415859016
0.49903066015641756;0.9343469712324803
0.5625651629961453;0.8280703365411737
0.6250434419974304;0.791865047398613
0.6875217209987152;0.7556597582560522
0.75;0.719454469113491
0.5633662416173594;0.8991688319997448
0.6250434419974302;0.8642756256837351
0.6875217209987152;0.8280703365411739
0.75;0.791865047398613
0.624933607085146;0.9349892821212408
0.687521720998715;0.9004809148262963
0.75;0.864275625683735
0.75;0.936686203968857
0.01643723313480565;1.3088048031628186
0;1.299999999999999
0;1.2599999999999991
0.016657159310285167;1.2686509050466077
0;1.2799999999999991
0.022107208255780046;1.2878086586352357
0.016971835388067066;1.170058513618062
0;1.1799999999999995
0;1.1599999999999997
0.013404263885029489;1.1876959451627631
0;1.1999999999999995
0.021937807812947935;1.2076186771270774
0;1.2199999999999993
0.016673826717235458;1.2284673969435933
0;1.239999999999999
0.02224190967218828;1.2481982670309186
0.03716127166391701;1.3060955626764534
0.03967351989526476;1.2671978020168648
0.046188663309711914;1.2865955665069755
0;0.9600000000000001
0.01675666818138271;0.9685692915683031
0;0.98
0;1.0399999999999998
0.016799076162193942;1.049007328304901
0;1.0599999999999998
0.016339779896549715;1.0088312768894965
0;1.02
0;1
0.022615157100114042;1.0280149265304723
0.022511972048390477;0.9879369869615516
0.02288415752516273;1.068018129765502
0;1.0799999999999998
0.01693564824166522;1.089090569308255
0;1.0999999999999999
0;1.1399999999999995
0.021573287941141765;1.1493140768018835
0.01641520042693079;1.1301884037781424
0;1.1199999999999997
0.023477303975533825;1.1083501419456436
0.04142852046264355;1.1606932833483081
0.035952634340767765;1.1837873659281328
0.04550260252262757;1.2037354031398861
0.039622196735995596;1.2271094404677008
0.04779792356561409;1.2483450799203044
0.06476443670550189;1.3003238616140573
0.0703185276086751;1.267653768122672
0.040610490501003134;0.9668329534379049
0.038678361886364455;1.0470164461818776
0.039323508046003014;1.0065895903056037
0.047509915992239936;1.0268643468658252
0.04839477156338447;0.9861347865637947
0.04764157908694092;1.0661716441187838
0.03947828779649178;1.0870304059958646
0.04224592998651817;1.131018039211274
0.04931697727761488;1.106176794113948
0.060887335631127366;1.1477964776863832
0.06887065920226002;1.1817344277269461
0.07548598662358551;1.2262478672279316
0.10037165614913994;1.2934235405831582
0.11094975670173807;1.255382088976707
0.07281688177098038;0.9643767226899849
0.07071650689940888;1.0446731535771914
0.07236075295654915;1.0050009406358469
0.07097950072795221;1.0828654401150344
0.07299857834069526;1.1195368747589278
0.10426913396743456;1.1486675509353448
0.10128085431251921;1.1930402488715397
0.11725086438723928;1.2223736691256264
0.14647917308008881;1.2787584918214756
0.15123861756414267;1.2374914764444687
0.11728300687954417;0.9879803897702543
0.09942967875291141;1.06490285837901
0.1140767681232385;1.026741378935597
0.11041203799679447;1.1022654891058823
0.15705266070232676;1.1270524796494807
0.14877799201545747;1.1854605010844008
0.17705178578305522;1.3076532626314545
0.19745432648525013;1.2611691625838293
0.19056272526868803;1.215958525258936
0.15951577532752828;1.014372704269853
0.14854703098651129;1.0660307421282798
0.2058803903681591;1.1015280623259627
0.21251559840218065;1.1656646245399565
0.23597840802272108;1.290891132379844
0.2485576534805497;1.2251359054353095
0.22283135573237245;1.0002866747970287
0.21413970745365585;1.0460744207347452
0.27014635143505994;0.9781143824260258
0.25215708818553906;1.0820532469779378
0.253732034924932;1.1245134296664678
0.2818251319271475;1.166282762226219
0.2987478660485075;1.2701443166731756
0.3522679710411387;1.3137937106127549
0.3206238612179134;1.2128728622296303
0.7280376044638052;1.316411172952736
0.27840992643326795;1.0368633159231837
0.3247637817529587;0.9911191044018185
0.312711952952277;1.1012207288037115
0.35429581504653435;1.1556380165010804
0.3684437629674668;1.256863690500741
0.4191341234519947;1.2955015598654482
0.3888300058508938;1.202361731193209
0.718897784435133;1.3094737486362715
0.7279281468376846;1.3074446490394795
0.7379552449037353;1.3143874242499582
0.7341802276160604;1.3088396093793135
0.7450728575942995;1.311385704652561
0.75;1.3128878331563467
0.7065829522443327;1.30935143799154
0.35702466954675127;1.0506230297908925
0.3818427713916336;1.001655470532157
0.3894376427640196;1.1035240752122761
0.5488378136041819;1.3156667866626144
0.422249623942393;1.1550080341023907
0.43130751043863663;1.240476131459846
0.4844581826934998;1.277253996694784
0.44099622698509505;1.196943757659731
0.7150153778974327;1.3022481490623579
0.7248905551373408;1.3018363534634163
0.7334103747183325;1.302891641546218
0.7416569217438764;1.3052886040495175
0.7054196390229411;1.2966239643418467
0.75;1.3075850967158233
0.6561406182183387;1.3158768945496755
0.6876994117537004;1.3048555011297713
0.6339765739596817;1.290834411597461
0.4367723157479824;0.9701569207527084
0.42816626797758794;1.0461816956842986
0.4584275260428195;1.1118116400117422
0.5978032641535331;1.2755707614555003
0.5482331362223974;1.2478047638448442
0.4777312394659747;1.1641964242202916
0.48467658234475003;1.222661412410261
0.6961774817436799;1.2879209373246487
0.7181641839982917;1.2931845535608053
0.7301489478123401;1.2948990459745775
0.7407244495499765;1.2981046305882837
0.75;1.301740472272242
0.7111586507765034;1.2845606656528403
0.6716012340086402;1.2820085230703913
0.6380249312821145;1.2597616892241084
0.4987317045515828;1.0045037743010705
0.5070590335007649;1.0659720036956812
0.5284760818684447;1.126495915131467
0.6037316380897119;1.2329491362859566
0.551864954054358;1.1875737745424186
0.6955342942455331;1.2707222053458596
0.7255319008307403;1.2845270986985393
0.7386723104668221;1.2887028228947204
0.75;1.2938763065086762
0.7178755774549742;1.2714308837633734
0.6788369621154661;1.2531860541600606
0.5643281563922373;0.9673697010762053
0.6530714990739064;1.224942798271016
0.5686660981332797;1.0359747376884305
0.5639358734207335;1.0900833845678475
0.5909255320670724;1.1372822423350755
0.6232712722187131;1.184573697276141
0.7071255567671527;1.2528655897229037
0.7354272121085693;1.2759404928836724
0.75;1.2832648770630573
0.7316551312127886;1.2587378747179099
0.6943981573030016;1.2273837639471767
0.6246097851373976;1.0043763326155108
0.6767241937426467;1.1920010734855708
0.6268676709430258;1.0760449444981195
0.6554622623883035;1.1439966179236885
0.7265257356931479;1.236625672235408
0.75;1.2689464266469759
0.75;1.2496259358583075
0.7187056853931215;1.205206689591479
0.6909814149914588;0.9685707551258632
0.695073258046391;1.0397496457883457
0.7098146324609447;1.163824465815262
0.698328657705034;1.1066859099532775
0.75;1.223555980078412
0.75;1.1883787018967285
0.75;1.0090699432597383
0.75;1.0794643614048904
0.75;1.1409397032774629
0;1.5599999999999994
0.016737543288788254;1.5686354959003384
0;1.5799999999999994
0.022249362108155306;1.588093979415351
0;1.5199999999999994
0.016582222344941965;1.5286661108964519
0;1.5399999999999991
0.02256049277578697;1.5478467982180417
0.03924616691364266;1.5670122142850023
0.04765937125202488;1.5870314809044286
0;1.4799999999999993
0.016716994773353578;1.4889954818168585
0;1.4999999999999993
0.02240078506525503;1.5078132654815446
0.015863255700390166;1.4480579164952052
0;1.4599999999999993
0;1.4399999999999995
0.02266800319540044;1.4681887343698172
0;1.4199999999999995
0.021489581740262886;1.427164460835097
0.013842865382768809;1.407410356491622
0;1.3999999999999992
0;1.3799999999999992
0.01833064257521789;1.3900344022093212
0.0387639821444261;1.5264922312766724
0.048303110904228244;1.5465126656579018
0.07266145669723213;1.5648925179950153
0;1.3199999999999992
0.733384778503793;1.5949815367257127
0.75;1.5834355325847036
0.037611262773230014;1.487070484018747
0.04583790022844466;1.504707220478788
0.1167809463399423;1.592662219347857
0;1.3599999999999992
0.02330550913020451;1.3690721285080643
0.016774119866703824;1.3494071699075578
0;1.3399999999999992
0.02321352579194399;1.3280364423892148
0.03888517409989759;1.445028016737779
0.046784920582322045;1.468225245952935
0.04705941202604447;1.4233389071736133
0.04318840917701786;1.3791487805194214
0.03635646584913926;1.4032841612483233
0.07305129315497806;1.5232359807542089
0.11663226761969687;1.5516315580413547
0.14815106618792498;1.5748033754318205
0.7275537201882312;1.575587754923668
0.75;1.5634695477588094
0.733276733782335;1.554960680623908
0.75;1.5435035629329157
0.7113044177719213;1.5975147248688504
0.7268861890599747;1.535364113570858
0.75;1.5235375781070217
0.0671591585092556;1.4839409601063431
0.045458458954806796;1.3499539778408205
0.04788723183160979;1.3219687007029088
0.07531717010060597;1.4454186712187744
0.0663978702367033;1.3651479337210486
0.07055220462006648;1.4009919292318533
0.1111832590062385;1.4857166514544307
0.12487965877400362;1.51832864872114
0.20545518059491694;1.5816098197838977
0.1649772049885404;1.5407370887747018
0.26268815332225587;1.5842815238490384
0.7026362846398567;1.5779814730870012
0.7103206508891605;1.5573310934130897
0.7326593668024862;1.5141221192639016
0.75;1.5035715932811275
0.7015985005062209;1.5376402562318827
0.709974926683299;1.516102915241953
0.12959738672987106;1.4522528123718919
0.07827792672296767;1.3318442758057722
0.12117399370100541;1.414475631771088
0.109419974083255;1.3700078549702643
0.16457698825854383;1.4870916323937347
0.23221505665296488;1.5242344719259375
0.3095902478845759;1.547797278192703
0.36002859948940086;1.595002419681546
0.6781412126794986;1.558989423008628
0.6437326271598084;1.5795654390835576
0.7264364770273822;1.4943369417497594
0.75;1.4836056084552336
0.7332100962921907;1.473104001861948
0.75;1.4636396366684268
0.6995100174779955;1.4963061741772663
0.75;1.4437008401479787
0.7280106124149083;1.4533322092344363
0.46029579978189256;1.5945664630078067
0.6775427092169485;1.5192531873943766
0.1668875777651498;1.4321862407567332
0.12868770776567773;1.319666504418516
0.1673470768240528;1.387966810981209
0.15732432382246697;1.3450907815589954
0.22577286016307418;1.4608581470217479
0.2953492731711835;1.4858798275144915
0.3637610456747091;1.5165920546269709
0.4194033259353877;1.5599592757124325
0.5886112832363156;1.5788367285122746
0.6320468591103825;1.5393060429308878
0.7067031112237596;1.4718637433509696
0.6752463845793103;1.4824843958468303
0.75;1.4240500764180903
0.7279853558956458;1.431943195544885
0.7357704717593272;1.4148303100123805
0.75;1.4058322594371977
0.75;1.3897326640218437
0.7350187673570836;1.3974732813449213
0.739583318591604;1.3836514668651752
0.75;1.3755050003675469
0.7388142687363697;1.3697965712636957
0.75;1.3629316152716484
0.7418246304720727;1.359381663325253
0.75;1.3518201624990918
0.7053247940047523;1.439220795819249
0.48082705297869116;1.5490477607941953
0.633854981090924;1.5008419646019922
0.22266193377250923;1.4102508078285516
0.4323662150674862;1.508968873213349
0.21473876623589241;1.3481564481558312
0.2824396956316787;1.4283204068746103
0.26629700061582784;1.3797561064421515
0.3443389848377956;1.4485696997347193
0.39884091636413993;1.465456871126205
0.741277412435415;1.347511172203218
0.75;1.3420006602913488
0.7435082510004486;1.3394078250904613
0.75;1.3333228910045836
0.5384596639370309;1.5385278702429128
0.5877652037722142;1.516700246982211
0.6761572092374103;1.4508177476158284
0.6405248213563921;1.4636765635261157
0.7115513194582398;1.409455745221189
0.7221109954671914;1.3811211443149611
0.7275355872453512;1.357958457221143
0.6802998083798156;1.4218417779143013
0.49485324803030567;1.4941689247917682
0.5952073530206897;1.4713292395177024
0.4479914368611997;1.4483505627140443
0.28312828692888464;1.3252154849945175
0.3338658736365129;1.3808385569558528
0.3976654520194819;1.415404706577659
0.7429294394162879;1.3299824354171945
0.7317202456435596;1.3389406750302717
0.75;1.3256541030970261
0.7451733982769488;1.323520719533229
0.5474888376423955;1.477789343930288
0.7012493903145504;1.3810376113143144
0.6465609016849283;1.4277731906934288
0.6181725793538183;1.4359400981816797
0.6831302476292048;1.3947241029790935
0.661202481314238;1.4015709338888125
0.7068450495111968;1.36488618024102
0.7151929481243696;1.3460489748766493
0.5075078320955071;1.4350568619828068
0.5708127705063025;1.4210627650037002
0.4575435980076071;1.3953039378719232
0.40469206109839895;1.3533753823666876
0.7353743327900116;1.3239829365542122
0.7208832534665148;1.3304751953109557
0.7436319043115025;1.317405434494834
0.75;1.318876980310647
0.6851626824659838;1.3689653444443906
0.6215812301824786;1.391952481730378
0.6586313878944619;1.374195042775907
0.7135630608979421;1.3202494245028702
0.6932628488045162;1.3488818797470004
0.7026562763065192;1.3327345497759466
0.5859102446959289;1.3625339400527552
0.5225008269415918;1.3815555337734393
0.47464662621037107;1.3364889294052453
0.6670726254760483;1.348197397694726
0.6329805568753202;1.351046756038426
0.6989993583632971;1.3194167450395304
0.6836106563310542;1.3280461756680015
0.6118981793144644;1.3217323294390257
0.016286661485419716;1.8884544446963576
0;1.8799999999999994
0;1.8599999999999992
0.022391822088178723;1.8679614061529357
0;1.8399999999999992
0.01674901857851662;1.8486339435383945
0;1.819999999999999
0.02251430391353971;1.827971272617586
0;1.7999999999999992
0.016821014409289122;1.80862707317504
0.03698685836501955;1.8859487818893907
0.046899856297917174;1.8666487661350812
0.0386192343596766;1.8465963910551564
0;1.7599999999999991
0.016769023020514688;1.7685603397898864
0;1.7799999999999994
0.02251516297721763;1.7878178643747447
0.047644337407155846;1.8258566258137578
0.03922479628908065;1.8066767147784197
0;1.7199999999999995
0.01661787724566012;1.7288519782597371
0;1.7399999999999993
0.022686567802727115;1.747899758885233
0;1.6999999999999995
0.022513015432595627;1.7080019996558489
0.06908254892432185;1.8843727725430413
0.07215554092556273;1.8445340209720782
0.03948389508157354;1.766475215285777
0.047827733422792514;1.7863962276826268
0.07111250270379335;1.8041179828450424
0.75;1.8829253049731138
0.7332098609092107;1.8743892704294782
0.75;1.8629593201472199
0.7275348597972834;1.8950140038955166
0.75;1.8429933353213257
0.7332201233133087;1.834459855521765
0.75;1.8230273504954317
0;1.6799999999999993
0.016664227089417488;1.6885417092520645
0.016231417941341444;1.6485170740847375
0;1.6599999999999993
0;1.6399999999999992
0.02215900935008623;1.667934300684028
0.03828192733778599;1.7263108417613091
0.048415524372048706;1.7460493424130243
0.038081411398145755;1.6864755950294812
0.04651436052970412;1.705803538835114
0.11329791184491526;1.8621359960186663
0.10188470909896742;1.8239213341423033
0.07191965434163375;1.7646015137567508
0.11441277844552462;1.785871248838478
0.727321410631297;1.8550003023779176
0.7016920707268343;1.8965897237150127
0.7099124988580985;1.8764414186624692
0.7336992184051778;1.7942774430697201
0.75;1.7830953808436436
0.75;1.8030613656695376
0.7275097591063324;1.815326129848114
0.7111278448073766;1.8368274252948322
0.7014456026591032;1.8577440468115443
0.15441975352915113;1.8869036611692105
0.75;1.7631293960177497
0.73325257397518;1.7546039720062154
0.75;1.7431634111918555
0;1.6199999999999994
0.02226875210268581;1.628074997535234
0;1.5999999999999994
0.016722876196113016;1.6086131096654777
0.03873034651224323;1.6464694851175874
0.04677392799883109;1.6660385903754904
0.07148237781556006;1.7249722618583523
0.07024636034401159;1.6839660826130687
0.7273980577410548;1.7751572701069522
0.1506513162172281;1.824663794316665
0.11786927430697579;1.7441711020694737
0.1582217361576734;1.7737734229152498
0.6780447841886882;1.8795290983552362
0.7102769314379103;1.7969943766017664
0.7021848389806682;1.817420046536189
0.6784853899098524;1.8400746725253538
0.20809731724096295;1.8494271477138466
0.7336045755002732;1.714520719069247
0.75;1.7032314415400676
0.75;1.7231974263659617
0.7275758921812007;1.7352943610787217
0.7113072594550468;1.7568260479822955
0.7016901614696819;1.7775186775095186
0.04754359140088019;1.6268258913462876
0.040382872041610535;1.6070632854205444
0.0703673575671251;1.6446867135885852
0.11416898090958748;1.7018941336199436
0.10280617147294685;1.6644431582135903
0.268000715625738;1.8768106208648412
0.203250290449325;1.7962091782765401
0.15675281213127826;1.7226606213163134
0.19459420546580497;1.7530972480662337
0.6307781450380175;1.8644422391804163
0.6777291414369642;1.7996161445026342
0.6437497295089467;1.8216104724243827
0.2642216435625191;1.817026238020128
0.3870657855020343;1.8818365330451432
0.7274940600050367;1.6953273350428395
0.75;1.6832654567141738
0.7333085763691797;1.674771405797151
0.75;1.6632994718882799
0.7106238420304957;1.717243945859073
0.7019765607587963;1.737449235190046
0.6784969314708212;1.759795530369031
0.3284365114103377;1.8479867816468394
0.07200854542234371;1.6063985894693247
0.11428683910032104;1.6271562056701807
0.15408699262820738;1.6651138274844774
0.24932115056196383;1.7624492426115748
0.21581997209519468;1.7035329089032598
0.5670850205539589;1.8687549336502878
0.4954913865188211;1.888933836035233
0.595549038742939;1.8254829140793662
0.6321057714528904;1.784384267358209
0.2758575868679136;1.7205868829716657
0.3180867266682763;1.7729810171808578
0.45327512001918324;1.8414978892598466
0.3944033831829777;1.8029663710595953
0.75;1.6433334870623857
0.7333406699736696;1.6348353700379763
0.75;1.6233675022364917
0.7274522419256119;1.655343635509283
0.7020789966746909;1.6979184473197644
0.7118690289778669;1.6768751666034578
0.6782221277680571;1.7199390643343475
0.6437792603219098;1.7423037826408636
0.75;1.6034015174105976
0.15746786905577617;1.6156532997661361
0.21069112941332546;1.6452501889686224
0.7276775624783239;1.6155216794931782
0.2688577070125253;1.6646624876791354
0.2471419565135334;1.618925156023481
0.28267521664287687;1.6221391007621484
0.5317327999370172;1.822857339589174
0.5817257824987464;1.784610706593607
0.600603182411559;1.7459671984867138
0.3248767269197701;1.7013613257468996
0.36791453446897315;1.736274104009091
0.4668113638721606;1.7788034357059812
0.42245596184626377;1.7426081536421885
0.7105579132219401;1.6370274176797284
0.702254860322498;1.6571505916802693
0.6785058327607638;1.6798725516852788
0.6324502974626003;1.704019587396707
0.7020660869863359;1.617745722024799
0.31995354989849206;1.6432438902411257
0.30502457021844664;1.6006362877027946
0.5394262432322402;1.7481280744659424
0.5825578703512706;1.7081034414224197
0.3944267574712887;1.673346855447443
0.46738383021337;1.7073289722952205
0.6782682979795218;1.639588259344552
0.6448330934222829;1.6616722545657925
0.5980824934151978;1.666930625814437
0.6786747711208004;1.5997766394385673
0.4259434529708537;1.6133621899739738
0.5371839142988885;1.6760598559230062
0.46737155322472257;1.650828580008755
0.6308018809739397;1.6228158008703293
0.5775343610465168;1.6298126286159662
0.5228201628957003;1.6014888542428636
0;2.199999999999999
0.014747273893980074;2.1686880045024015
0;2.1799999999999993
0;2.1599999999999993
0.021562065994189406;2.1883671099224933
0.75;2.2023810621874174
0;2.0999999999999996
0.02026309402751193;2.1078435700653753
0;2.1199999999999988
0;2.079999999999999
0.019977685273627113;2.0898220171192055
0;2.139999999999999
0.020193440407396467;2.1512113406694158
0.019872835832637267;2.130936529279155
0.037461869307827037;2.1660688494978473
0.043252988086847285;2.1884982604319037
0.0631263935848216;2.204275284751176
0;2.059999999999999
0.020468874865898566;2.0680741827126927
0.7332047870212401;2.193833738654115
0.75;2.1824150773615236
0.7273011800696172;2.1744000362999953
0.75;2.16244909253563
0.7332183345884943;2.153877223696404
0.75;2.1424831077097357
0.7108430433286919;2.1961917623484233
0;2.0399999999999996
0.021329895458239836;2.049671555668264
0.03647381228477393;2.1170481776330177
0.04024359860956039;2.0994051680004295
0.03516867718015904;2.0794178290786687
0.04705422835960649;2.1404165121995313
0.06966412636493911;2.169568340654694
0.09658466842825672;2.2033044965453747
0.042166598097880675;2.061510496198758
0;1.9999999999999996
0.017769496337682385;2.0097057462994026
0;2.02
0.023361737785889663;2.0298152296282277
0.7021617076781792;2.1764335352959128
0.7103912525270116;2.1561190418383083
0.7274167589750355;2.1345918405140685
0.75;2.1225171228838415
0.7335529565438089;2.113800253501048
0.75;2.102551138057948
0.6777636707570313;2.198482924382629
0.04335075908641392;2.0387433655927714
0.05977103796000535;2.053614611897417
0.06144016149303611;2.1130263373220184
0.0607931154715399;2.0804019401774583
0.08418998833901732;2.1353893324397357
0.14040219795315678;2.1977837322362848
0.11318642845747388;2.1624039247832845
0.7020965267293044;2.136738248204935
0.7117820560146265;2.115946774888616
0.7278591033261487;2.0946549936784136
0.75;2.0825851532320536
0.7333779721214232;2.074138321057846
0.75;2.06261916840616
0.7276214247140738;2.054810637964887
0.75;2.0426531835802657
0.7333285949771885;2.034200924636937
0.75;2.022687198754372
0.7030654345183964;2.0961222257151393
0.015908376922569106;1.9279814598141067
0;1.9399999999999997
0;1.9199999999999993
0.01599835452022511;1.9686290237318171
0;1.9799999999999998
0;1.9599999999999995
0.022397016385002553;1.9465665567468196
0.02393512698486463;1.9880876027910854
0.04590249849396374;2.010357325823858
0.6782408695238052;2.1583029585448705
0.6434023275389991;2.1796015556726753
0.07045380470274216;2.0325371044636213
0.08785837799086285;2.0587771049241423
0.09600656096595861;2.095970268653785
0.12963482166457824;2.1191303784965148
0.167119445549171;2.1542776954101104
0;1.8999999999999992
0.02184348613253979;1.9068271774805285
0.7274386305722791;2.014963767449213
0.75;2.0027212139284774
0.6784692682989597;2.1186393264537045
0.7116546559167758;2.0760021372506126
0.703320460182074;2.056949081021024
0.7112859302341592;2.036846144247064
0.6801347047982815;2.078907622917062
0.7337232417878113;1.9940298460253816
0.75;1.9827552291025836
0.0356921353380221;1.9246898847472933
0.045738104551868615;1.9397946931548526
0.04011480380731556;1.9640102844498368
0.05243181170835657;1.9845712927003971
0.07884091087609518;1.99793986815597
0.6316169555482364;2.1399347025285014
0.589686764839893;2.1791482982074775
0.523088588469232;2.1892343819549662
0.2741361711340069;2.1882969221290716
0.23095744419082956;2.142334101927488
0.10818498889150162;2.0252715893306803
0.13672345612310624;2.067088690378288
0.18787075133761744;2.1031181173881928
0.04419902822597486;1.9053892128606083
0.75;1.9627892442766899
0.7332841468299961;1.954383546822756
0.75;1.9428232594507957
0.7274163427068827;1.97494176570187
0.7111045725682773;1.9969982829773236
0.7026950053605264;2.017712456529964
0.6431406753279529;2.096953098600895
0.6795423774341854;2.0397250995527236
0.6526882190020299;2.0623497469671994
0.75;1.9228572746249017
0.7332167016659681;1.914376339066054
0.75;1.9028912897990078
0.06286305559904129;1.9182694249645311
0.07680735545325869;1.955742584459837
0.12048139923977903;1.9828927532026621
0.5926932568794601;2.118068667857447
0.5351254134927305;2.1349649948204235
0.47605600587289004;2.1480744033491685
0.348216079308612;2.1753728998229778
0.4094867922085265;2.1623512856976994
0.29389154535474116;2.1252892800771446
0.24690416786676006;2.0845555803078257
0.15971841481400442;2.0105485811843358
0.20211875069304316;2.047894827950201
0.1709339601678465;1.9670697345246695
0.7273977904904763;1.9350460410232824
0.7104387895859727;1.956958529242965
0.7016236101955216;1.9775664020166281
0.678201643290174;1.9998731398960126
0.6075809971830632;2.0685986256590754
0.5549966218699437;2.0831258534022994
0.6366342964714258;2.0259986907960266
0.7108173803216331;1.916578612524149
0.7016386689487378;1.9378660030497212
0.10334257546947134;1.9111344195516788
0.13099542700810607;1.940097431278067
0.49499631880227934;2.0826071970102724
0.4241106987461731;2.0996697344426183
0.36269973455636995;2.107308116014976
0.3116092897205749;2.0618790669906066
0.26163817135906553;2.0239852230589475
0.21308975120376478;1.9950300826833183
0.17497194730905613;1.9303783206486251
0.21585206994508382;1.9486768234896907
0.6779734301026686;1.9602434121217467
0.6445096427305368;1.9846680971910997
0.5808861563552035;2.035248361146222
0.5361140200072138;2.0426904250486135
0.6013957132388703;1.9879703873294792
0.6775960039791503;1.9196316311056691
0.49387822596716735;2.020030193296603
0.4516321342961623;2.0430686552453534
0.3845180045907436;2.0315502885761143
0.3180441269287843;1.9936943717887148
0.26792698137582915;1.9697969559158328
0.21207181722844934;1.8977265144736466
0.2530047359097953;1.9238379992492078
0.6324291837199241;1.9450992844904227
0.5481420398063882;1.99289821420504
0.5837280849636581;1.9550859271149408
0.5012805879137286;1.9737275893257418
0.6447417572398658;1.9012998653969133
0.4446286227160219;1.979212489189734
0.3836819022066213;1.9547913582621197
0.314897403453485;1.9242947095419245
0.5972226264267663;1.9074080940101796
0.538615579994773;1.930256037329614
0.48425344751187926;1.9373469261960823
0.4393649976236841;1.9133096602796642
0.01660987283419022;2.488865128618005
0;2.4799999999999986
0;2.4599999999999986
0.022642623181280155;2.467915500263039
0;2.4399999999999986
0.01667808968373782;2.448523762317625
0.03886564586940457;2.4862761629654875
0;2.399999999999999
0.016648186640786253;2.4085485858222944
0;2.419999999999999
0.02247949071775981;2.4279569462804322
0.7275753544296948;2.4936260201344784
0.75;2.4819048497499345
0.7334782792529756;2.4732030658855297
0.75;2.4619388649240403
0.7273825359521842;2.4539517782067675
0.75;2.441972880098146
0.7333218301632278;2.4333863656459744
0.75;2.422006895272252
0.04785585541472304;2.4657125742492405
0.03921499400843043;2.4460637779487366
0.07171189571278981;2.4832900390250336
0;2.359999999999999
0.01669527713610041;2.36853047562182
0;2.379999999999999
0.022563683096498005;2.3880225562542727
0.03958969785429016;2.406308478457647
0.0484728245033115;2.425551532793941
0;2.3199999999999994
0.016631872161980144;2.32846571358977
0;2.339999999999999
0.022538804648127932;2.347865014602817
0.7098957188586357;2.4753146042238257
0.7336060913886304;2.3932833078960027
0.75;2.382074925620464
0.75;2.4020409104463583
0.7277133563584096;2.4140719958862427
0.7111533347669468;2.435427051067071
0.7020378463710633;2.456088247816433
0.75;2.36210894079457
0.7333257418023933;2.353549567472444
0.75;2.342142955968676
0.727572901445177;2.3741950900998265
0;2.2799999999999994
0.016589445031049276;2.288590451965914
0;2.2999999999999985
0.022448828027708652;2.30791194042984
0.07172401961158519;2.4429502315278318
0.10594113756396784;2.4601389368459765
0.03905053201263977;2.3661636263460495
0.047986066775465124;2.3857096631542327
0.07207340256115825;2.4032035610404145
0;2.259999999999999
0.022569680878465025;2.2663866852520584
0.03843329685193485;2.3260653592575213
0.04760355181838638;2.345314556089767
0;2.219999999999999
0.021782562426011298;2.226721722597109
0;2.2399999999999993
0.016673588007363748;2.2484018966424686
0.016263261387911336;2.2084793337673476
0.6785936985892663;2.4762884619047
0.7111117037529345;2.395396028650465
0.7026476142597069;2.4156388697484905
0.6785196763689402;2.437889789291316
0.7274573674061117;2.334179494578014
0.75;2.322176971142782
0.7102735532014572;2.3557184943210863
0.7025860777442504;2.3756793918031582
0.16868334152017647;2.492744946656404
0.14897238431518184;2.4554218378014014
0.03939518882090535;2.2866219875690406
0.048110979564739226;2.3054569691422198
0.11713573080006166;2.4182510016614933
0.07193751089371213;2.36274938478362
0.105054634904842;2.3802255079271104
0.03780852188208336;2.245704143523094
0.047922846453094366;2.2662639308582064
0.03620322485241062;2.206334779070194
0.04379168649171944;2.2227893965315793
0.07091743245581605;2.322133090362753
0.6295356251176091;2.462601498398707
0.5681861313212726;2.4730545844747622
0.6788391413432896;2.3972974637539743
0.6429825436156876;2.4176202412134167
0.7332681320424266;2.3136508836892475
0.75;2.302210986316888
0.7021312098453364;2.336726461106965
0.7274061934065089;2.294174814649261
0.75;2.2822450014909936
0.7116117236845925;2.3159663671324506
0.5063820400315261;2.4941603720511556
0.7335379524381577;2.2733922922623298
0.75;2.2622790166651
0.6788998158262666;2.357550573900125
0.75;2.2423130318392057
0.7332601003130144;2.233729303314453
0.75;2.2223470470133115
0.7273693777568568;2.2541430539014327
0.7274074721835514;2.214399527079048
0.2781383331643502;2.493723762144288
0.3202629318662363;2.455994599005326
0.40699612045057304;2.4794202310723215
0.3639728235485128;2.45226549608662
0.4583673129259657;2.452026413016208
0.21039197026687884;2.45346634575951
0.16749432520685867;2.416852082733241
0.07144074780861213;2.282980152224701
0.15063420466223096;2.3758510622211144
0.11645317702894162;2.3364342386226142
0.10163787736360658;2.298966597256235
0.07347142173102028;2.2417457634102598
0.525231036621446;2.4330595776777977
0.5910034892824604;2.416319354849949
0.6315338531917678;2.37806803854918
0.6350170274696771;2.336198552958139
0.5912835091480035;2.3593609533335558
0.711094336468849;2.275927963370332
0.6783379702929627;2.3182370587109427
0.7028989596302407;2.2960148915801106
0.7104147854363798;2.2359778310809353
0.701592847528206;2.256429107074432
0.7017957854447617;2.2166806906521286
0.2718733804561897;2.4252776028483165
0.5343232159776158;2.379056851276431
0.3368879004523273;2.4010454105060592
0.4095265537349332;2.4111446201781632
0.47076014076981904;2.393979993665924
0.21481857007230032;2.3798396618896525
0.11035039155892669;2.2643498095126247
0.17502687633215136;2.3303420602466427
0.14507235937462482;2.293569803997332
0.11593810012677036;2.2294158596805493
0.5453403903906341;2.3297345809656806
0.6423401624356946;2.296847872665756
0.5966355895453379;2.309839509547875
0.6786629873673422;2.2773138786514493
0.6782600584141083;2.238625857183207
0.6484546640340866;2.26278995176059
0.6063849553827141;2.2682769771075817
0.2900714054849432;2.3569657628843563
0.5573164575953452;2.2789659701941285
0.49057708824034235;2.336758787221784
0.5175360399166429;2.2958727998085373
0.3616701432169412;2.341551145354464
0.4282721878524718;2.3397674648544
0.23634873405702617;2.3139527657047325
0.14898674756649308;2.243645112488052
0.19669172799961288;2.2766529526919395
0.6316486504201684;2.2225399025351575
0.5707824905484157;2.230294189947012
0.303792163748755;2.2991724213151787
0.512971862523207;2.249143219519145
0.35638375537912786;2.280544879153617
0.4563201719905787;2.2793715919629842
0.3979029165094256;2.2963655821539954
0.2576704128171052;2.2532166633916697
0.19938492927104448;2.209644804354667
0.324831298139509;2.23396157863504
0.461289102120095;2.209868217293722
0.3964202499492172;2.234352647959099
0.01589884964910782;2.8279837018059393
0;2.82
0.013166977463564572;2.787488177006328
0;2.799999999999999
0;2.779999999999999
0.038027345777783814;2.8259334179900844
0.02079735958064803;2.8075118659057234
0;2.7599999999999993
0.01765230713931388;2.7703375585236634
0.75;2.821326591790133
0.7332476745934668;2.8126106360718452
0.75;2.8013606069642387
0.75;2.7813946221383445
0.7336758612330917;2.772978795543236
0.75;2.7614286373124513
0.728040036634357;2.793240641230054
0.7278918526665822;2.75354249509113
0.75;2.741462652486557
0.035592447593220486;2.7841743966924524
0.07129060677669749;2.8235589539560553
0.04520884172362132;2.8047855160586304
0;2.739999999999999
0.022358632325673103;2.7499858140470237
0.016711500391154765;2.730092854677126
0;2.7199999999999993
0.0416218894724666;2.7601130051618235
0.7102272929547077;2.8136032678317484
0.7333639206657906;2.732991382519246
0.75;2.721496667660663
0.7096887207328442;2.774754991136166
0.70288864310252;2.7945334588599993
0.6796595397448781;2.813998626595358
0.7018284373332616;2.7552346816453492
0.7110821532871039;2.7351205247560655
0.7274469666097472;2.7136333526636536
0.75;2.7015306828347696
0.7334044475921628;2.6924698624051056
0.75;2.681564698008875
0.7264704067259147;2.6726442003708213
0.75;2.661598713182981
0.7335519799928986;2.6509366065002187
0.75;2.6416327283570866
0.6487891172699187;2.825268231733142
0;2.6799999999999993
0.0171491786226419;2.689062850467065
0;2.6999999999999993
0.02362935351156942;2.7088400248201197
0.10735100232485548;2.7972859948100504
0.06938651961183061;2.7811456307127815
0;2.6399999999999992
0.016798806024274613;2.64851103919288
0;2.6599999999999993
0.02273801266636114;2.6676267265720117
0.04297182552031863;2.73106279936646
0.06259593572954703;2.746999915718108
0.678593343243531;2.774653879918663
0.6498445935164969;2.7977709136798636
0.6789735375686724;2.7379816742090948
0.5454554577421865;2.82491451155212
0.7361346977081633;2.594146336772845
0.75;2.5817347738794045
0.75;2.6017007587052987
0.75;2.621666743531193
0.7317414119274822;2.6111878242560804
0.7283166488664548;2.631630038547605
0.7025293753832653;2.715545663525292
0.7102799035007911;2.69480639741744
0.7002154185876098;2.6757179649056853
0.7077226503789533;2.6500946086050905
0.6095729444790609;2.8105913008547
0.15465533331566705;2.819864203548898
0.15475357790873367;2.7743347083171837
0.040766449206653815;2.68708746965402
0.05086958204895707;2.7059415148909367
0.10557563173606282;2.749269486222927
0;2.619999999999999
0.022723720865786976;2.6279845672089834
0;2.5999999999999996
0.016805578020345657;2.6085804491632487
0.03901251658692681;2.646300003211871
0.04857863281815405;2.6663436712758624
0.07430904021957055;2.719510003305664
0;2.559999999999999
0.016689963911881926;2.568798265977395
0;2.579999999999999
0.022725867089163597;2.5881131795083303
0.678461094573408;2.698429067512879
0.7283002257277322;2.5740300147016253
0.75;2.5617687890535112
0.6313869703197603;2.761669820481651
0.6442812929319746;2.718585443546842
0.5729481133701663;2.7731338286427114
0.5204994500349798;2.78534746514463
0.42709298572027393;2.8114475273823745
0.7125270648728422;2.597668285139992
0.7067584646493056;2.621751986017877
0.6349929408699546;2.681409904910882
0.6751518582083911;2.6622147816020996
0.6858023451934686;2.6351735838590713
0.36904845548720516;2.8293893239364167
0.2525132236973012;2.8168448392511474
0.19900171097268626;2.7931270783138413
0.190002249260659;2.7531055295628963
0.1560750444493284;2.7242572147256703
0.07245941687814157;2.6833291850484495
0.11502925731600323;2.701094477874785
0.0483513645561448;2.6258311541894255
0.04011759449695321;2.6062537803688235
0.07190501210220673;2.6439666741053545
0;2.5399999999999983
0.022743952573286503;2.5479588955553547
0.040170583280716;2.5665309040738484
0.04884813751239151;2.5859221422306775
0;2.5199999999999987
0.016771535077394192;2.5285366136141625
0;2.4999999999999987
0.022590831745089426;2.5079366657921356
0.7351848068396535;2.5522079101135913
0.75;2.5418028042276166
0.7336845328285836;2.512403071298016
0.75;2.5018708345758283
0.75;2.521836819401723
0.7273688480599623;2.5329755605251174
0.7017674224054037;2.5774656557903133
0.7088989745657123;2.5557613827264363
0.39269189379754255;2.768206419724788
0.6787993848285657;2.600640063519562
0.6431613633847438;2.6338363263166378
0.5927064539556566;2.715931377879826
0.5899431700606522;2.662886216358164
0.5252604886986263;2.7381387208799777
0.4643770752385647;2.7619919337453394
0.318176308586633;2.7667174998184607
0.23622053932503503;2.7576427565944197
0.3711266183460483;2.71945095214028
0.2074348719399002;2.712845009359394
0.16250338232448414;2.681992824367302
0.11769033743176968;2.6606464511815333
0.07268163795417273;2.6037092439516516
0.10608480516453325;2.6234666937834135
0.03948389287889659;2.526108556181093
0.04798509337682439;2.5458931729764345
0.07209885012525268;2.5639024965417687
0.04800398190609339;2.5056556505556262
0.7098442002387884;2.5142236959218276
0.7013588593031976;2.53383766752225
0.672540088155018;2.556347776271891
0.43019575686160455;2.7088915429875717
0.6339794501695226;2.586289816738684
0.5895960767385017;2.611580100927074
0.5475765529406067;2.6393424816020006
0.5339100458186268;2.6855624227909085
0.4893984419322893;2.707980081026219
0.3211357198535998;2.6862392399010067
0.263889732801682;2.7049168714093117
0.39247981723121467;2.6611063678452123
0.21758799432137269;2.66072559562584
0.15996075250005887;2.6249588151242125
0.11931351793213957;2.5805446586090417
0.07213821298029943;2.523214960942169
0.10593354110484002;2.541774564228099
0.7019395793075861;2.494782925407836
0.6786917415768469;2.5143765082083243
0.6303534882607588;2.5507160848297503
0.6483166679948519;2.526835373661971
0.47537543713712377;2.6441044984966555
0.5905336184235417;2.564279768587785
0.529173399927699;2.591881710586066
0.3409276083121486;2.6265128670101516
0.27349373026068646;2.6409263366957183
0.4056153695688521;2.6021344023231214
0.35940526969151293;2.5723693711438824
0.22137736127321228;2.601058866853503
0.17245164583838013;2.5758922955247354
0.150907326376436;2.536721018398541
0.11810475804005621;2.4982533257751904
0.6486338598844106;2.4991003863737147
0.6085132696657314;2.5127734838009883
0.4748352585306836;2.5601961203748322
0.5436217410343137;2.5323992380858273
0.2906422540663033;2.5684580025965693
0.405435967303053;2.5400333305407408
0.3469705088208161;2.5095406689467197
0.4486623461385095;2.5028335855785424
0.2154807691238452;2.5266660002949313
0;3.1399999999999997
0;3.0999999999999996
0.016633027503146942;3.1088622894240006
0;3.1199999999999997
0.02255112320611459;3.127621174938142
0.75;3.140782349004437
0.7269691192860228;3.1326915051769757
0.75;3.120816364178543
0.75;3.100850379352649
0.7276764606670648;3.0928032064827207
0.75;3.0808843945267554
0.7331479613278413;3.1117630323721563
0.016356296836786806;3.0689623861434834
0;3.0799999999999996
0;3.0599999999999996
0.022583038804793478;3.0880506752858885
0.038135312757248005;3.1066736350888657
0.04742394936212725;3.1255567031958953
0.71100913797206;3.1137136122249505
0.7012955396029541;3.133490424916594
0.7018917539615597;3.093642352398848
0.75;3.0609184097008613
0.7277412704489125;3.053034261697933
0.75;3.0409524248749675
0.7339219801072796;3.0719523738079513
0.7100591286100328;3.074431003256535
0.75;3.001020455223179
0.732923362150073;2.992390386440315
0.75;2.9810544703972854
0;3.039999999999999
0.022598138194215404;3.04802861654759
0;3.019999999999999
0.01676544928977858;3.02860526616296
0.03828701418437263;3.066574424888927
0.04685368426651236;3.0866330788587395
0.07015512521959497;3.104345189345588
0;2.999999999999999
0.02239936068988327;3.0078321691082097
0;2.9799999999999995
0.016793692960939965;2.9887170948555926
0.638732472563285;3.1278007608273333
0.7272690786658556;3.0132153666338364
0.7332688225828208;3.032535852058035
0.75;3.0209864400490734
0.711236243288451;3.034854945470001
0.702315627040595;3.05571054375711
0.678909613978484;3.113648982242179
0.679587017874832;3.076250135178195
0.7093064217863997;2.994643941009243
0.7011221025121003;3.0159636514770214
0.7259156661200842;2.9721741671118984
0.75;2.9610884855713913
0.7334275922278032;2.9503410640822962
0.75;2.941122500745497
0.641676071090189;3.0938119487047495
0.5576115923298266;3.135378999554104
0.09956185257608031;3.118859548887376
0.04791589471489117;3.045836187758522
0.03964437514143979;3.026543440958399
0.07151381939275844;3.064128735449211
0.10587343656952729;3.0836895676672564
0;2.9599999999999995
0.022778355559134458;2.9680149473616506
0;2.9399999999999995
0.01683280946416203;2.948580864616695
0.047698803814970554;3.0066039998552925
0.03862907171235165;2.9866872319759454
0;2.9199999999999995
0.022469429512515002;2.9279496889557097
0;2.8999999999999995
0.016761948675382977;2.908634928775689
0.7359291915177222;2.8938696676457987
0.75;2.8812245462678154
0.75;2.901190531093709
0.6787417057079893;3.037908219085693
0.6461197208864241;3.062091651907475
0.5989096912243899;3.1072729899112783
0.7283135749256572;2.931277614558498
0.75;2.921156515919603
0.7315433678911847;2.9111735235066556
0.6994967909278574;2.9748442268517636
0.677060033908222;2.9983544898843983
0.7058235026533219;2.949092052931133
0.6075680901801003;3.067906585298301
0.5623503341577694;3.083111994721441
0.5092547183669149;3.1053749653464022
0.4578967951226896;3.1241304446454903
0.14564827012465542;3.1106742641777263
0.35320076812216106;3.140046700699381
0.40507149742191423;3.108494637585956
0.07159724971011976;3.024320666359349
0.11422973753371081;3.0429275800073112
0.1529492548199319;3.0669646073137966
0.048000148677707744;2.9658800502984226
0.03943695499331349;2.9463106811018513
0.07166448004370415;2.983896839270651
0.0165207576936883;2.868778430086764
0;2.8799999999999994
0;2.8599999999999994
0.04884236484772676;2.925856635411803
0.022597522933384257;2.8881483757380293
0.039173336647364825;2.90666666535239
0;2.8399999999999994
0.02226870219624344;2.8479779073683975
0.7054154475319893;2.920837738283851
0.7112959583691124;2.8972603810186883
0.7283866038141626;2.8730877567289514
0.75;2.861258561441921
0.7345187055480978;2.85228391482286
0.75;2.8412925766160275
0.6742936962274143;2.9622816970658343
0.6294822182587296;3.0224886471367185
0.6441225945051268;2.9790850870893926
0.6845292810660089;2.934895586247134
0.6778241880641802;2.8998553879084583
0.5716787423700063;3.0300302876068703
0.5145505415965159;3.0532573234262053
0.45668570157908495;3.0763973078262663
0.19924344123715282;3.093667965317695
0.2400661209804493;3.1223021376879267
0.3032217130842266;3.097010702561672
0.40287342520560326;3.0490220379640056
0.3604592540979181;3.088159425853755
0.19195518700714065;3.0461798925360357
0.11823108211388578;3.0003143326216555
0.15906006782682078;3.0179719343596028
0.07234771930711026;2.9435164470205004
0.10583750894285192;2.963442408829579
0.038221904179207365;2.8666197848085004
0.07182716078368644;2.903931203371388
0.04823092158148623;2.8861241817219434
0.04696681798683372;2.8459329630408527
0.7021494404754617;2.876598623530964
0.7276928008286375;2.8329798321233075
0.70945391066008;2.8547507937646195
0.6402927863843537;2.9347177018213895
0.5896846196705849;2.9722204430731027
0.5236859638281086;2.9917598931376936
0.6734322595231034;2.85490232794058
0.634152231324498;2.884597084047605
0.4626005714272274;3.020352292412927
0.25149381191123055;3.054537322756153
0.3979057617680567;2.9882806912003166
0.33371513597428193;3.0297134546306914
0.2123835573514405;3.0036220352702783
0.15865614289232388;2.963778526454493
0.11816457961561729;2.9179009666406492
0.07141360559893808;2.864400314751101
0.10074997651762294;2.878258317818604
0.701830859141289;2.8329138662107227
0.4664112912567167;2.9567510196331135
0.5312476318525796;2.9358668884464136
0.5861961619653647;2.9103220959993448
0.631654565741147;2.8484152595506678
0.5935238888107831;2.860150001082229
0.40967603842010625;2.9215209309551375
0.27694397523466324;2.9830554211596616
0.34401889439108074;2.9536791766143407
0.2245623353923075;2.943823228146513
0.17868242464141904;2.9064846133402518
0.14630671076108723;2.87115239956822
0.10658884290247413;2.842094219823153
0.4736986984949675;2.900172032007727
0.5321934622005359;2.876085533822438
0.42386071459466435;2.862881839882195
0.35950970539313193;2.886258588266978
0.29133079039025783;2.9173354951389383
0.24013415370992322;2.8811581875175265
0.19862387684091257;2.8474282641692787
0.4822981508198727;2.8331689845142014
0.3073561847943183;2.8485382124307423
0.75;3.4402721213928475
0.72829891727936;3.4328533824911
0.75;3.4203061365669534
0.7339022410301492;3.412219076520965
0.75;3.400340151741059
0;3.4199999999999995
0.01671927833097325;3.4284932087805755
0;3.4399999999999995
0;3.3799999999999994
0.016480204446599256;3.3886278354107384
0;3.3999999999999995
0.02242713884443763;3.4079221148146326
0.705510868668285;3.435357290892758
0.7136507359464289;3.4155168605342348
0.726681282102116;3.3927163511538283
0.75;3.380374166915166
0.75;3.360408182089271
0.7289420273872292;3.351000347514562
0.75;3.340442197263377
0.7334157903929016;3.371063192921863
0.6858733920436277;3.4218117048359464
0;3.3399999999999994
0.016841002928226306;3.348533277494524
0;3.3599999999999994
0.022492411174816897;3.368051551508907
0.03818330020133252;3.4265375553066373
0.039309074392969726;3.386225787879951
0.04838266014883909;3.4056705280065374
0.75;3.3204762124374834
0.7328380720514344;3.3299597722245684
0.710246559206489;3.339004491027996
0.7363673913475717;3.312738298911236
0.75;3.3005102276115896
0.7290876685855465;3.2931388280110703
0.75;3.2805442427856955
0.7021364751397069;3.4000142099665993
0.640673898520067;3.4318074219068206
0.7064687121925146;3.369659453380511
0.6682876019163803;3.3870228975980217
0;3.3
0.01677047317947573;3.308610914805702
0;3.319999999999999
0.02251166712668141;3.3278505320964182
0.03884954828712154;3.3468720480293617
0.04738454074700559;3.3658559573272795
0.07225599380490068;3.4243357065674758
0.0720192541677109;3.3841445641826606
0.5151098533701016;3.441480703413818
0.433546617932633;3.434382384565276
0.7166334147077085;3.314834224645696
0.6823866684874154;3.3460696760865867
0.6981606944352329;3.3223127258434553
0.7335703618630083;3.272367194259184
0.75;3.2605782579598017
0.7277739938368911;3.252906390334076
0.75;3.2406122731339075
0.7334468977337989;3.232153103139637
0.75;3.220646288308014
0.7101312973018978;3.2743878589410085
0.6998607850344705;3.298347567779997
0.5954866671291774;3.4205955650612014
0.6266332098091697;3.3889543935635142
0.6374868712338081;3.344827829065629
0;3.2599999999999993
0.01672797352448649;3.268641120989076
0;3.2799999999999994
0.02263011750158081;3.2881703544078023
0.03845977064356517;3.30677604171807
0.047518164021041455;3.326536936877386
0.07049039843777231;3.343998579250809
0.0991994721118961;3.358503889095564
0.117140445147389;3.3955251070851795
0.152660391365513;3.4263368213796395
0.2759183568831336;3.4422321066860997
0;3.2399999999999993
0.022619662673919034;3.2481031417039596
0;3.2199999999999993
0.016755066706020724;3.2285448646136055
0.5883090622475472;3.367436384732118
0.539153493712491;3.394557476610217
0.48170707344375524;3.410041597643437
0.4396463848328839;3.389013441489632
0.3821351042017252;3.40237851667916
0.6705252971450165;3.3122134844007323
0.7034934020624015;3.2545106416701497
0.7278387875772981;3.212761125366236
0.7119731130373996;3.2333779149425883
0.75;3.200680303482119
0.7336308455486382;3.1918690559770253
0.75;3.1807143186562254
0.6797092206914889;3.273248062157315
0.5959196430041163;3.3249103882068916
0.6311796673239587;3.2899564668447967
0;3.1799999999999993
0.016723578896899342;3.1884529450778687
0;3.1999999999999993
0.022620469727091422;3.2078928398153113
0.038884462854407505;3.266653962110224
0.04757724182230553;3.28613389121616
0.07167104727592216;3.3047206392313355
0.10544972305164077;3.323826023215972
0.038739803719330126;3.2265706528206635
0.047498142247484415;3.246075459423025
0.14390116039768577;3.349072875522067
0.19803232026244147;3.407349116020659
0.16119748353189275;3.3880755525508492
0.31108133424668516;3.40119913183358
0.24981556387928777;3.400382047008639
0.548114414298506;3.3325187382595085
0.482146460368916;3.345658593688703
0.41423676574593854;3.343238044231154
0.3485088817962964;3.354223347220707
0.016706794347992947;3.1485000913684886
0;3.1599999999999997
0.022603948847792776;3.1678710083681056
0.6843406775994588;3.2411676597746193
0.6969400355890538;3.2148250101516864
0.7267661098207246;3.1728404816359053
0.75;3.1607483338303313
0.7066192740682575;3.194618024224184
0.7330712631838165;3.151789848933751
0.6522372591835216;3.246605438296195
0.670488723297072;3.222568227872586
0.5739696999531989;3.28255878363307
0.6007466988472091;3.240135747977956
0.03921829122890155;3.1860471875251957
0.04787135552977288;3.206234405408874
0.07158543896630781;3.264137255144923
0.11417638068607079;3.282506479073789
0.15651676127279163;3.307447027507153
0.07124008196356703;3.2238535527487286
0.2057212566705851;3.3476648044975414
0.28500235360554843;3.3506887489414807
0.3255651087068693;3.311363517848852
0.508669820796162;3.2887328471409836
0.4414023367347283;3.29418010034442
0.3777322820826402;3.299540055627755
0.039064318534737144;3.1458839946483943
0.04769767947760162;3.1651944582728584
0.6750877969198918;3.1909339514026285
0.7095343624472144;3.1540145875187444
0.6993902536982645;3.1740992436028317
0.6359603827523124;3.2084776372839103
0.6350331487417681;3.1704023615488173
0.5833205335213517;3.190612603973917
0.5375804632264464;3.237415434547832
0.07253664531117116;3.183586002581397
0.19333604108803265;3.284982915051558
0.11795427572932238;3.2397390193730575
0.1579228336093645;3.256213077802937
0.10601061807223469;3.2030413127967083
0.26119939092521977;3.286790431892229
0.32746901224204844;3.2597347186999466
0.4672177397081811;3.2381370810950676
0.39509831751703334;3.2454066928806125
0.07119360577151737;3.143296600942268
0.676849696355526;3.152327727906252
0.6044037557368284;3.1447080230882323
0.5051437174251565;3.1774683495464444
0.11791064087749417;3.1582292039602318
0.21246167593475512;3.235234000876369
0.1566483329183189;3.203857676594218
0.2755050897191675;3.218512552644849
0.34622895688370764;3.200924272464162
0.4219115717909385;3.178749937378553
0.180406790857573;3.1458998962010583
0.21925456229033807;3.1826783492139343
0.28568751872964593;3.1600605584468595
0.7369367168861789;3.586379969266959
0.75;3.580034015174106
0.75;3.5999999999999996
0.730263157894737;3.5999999999999996
0.014606693651019876;3.587077381765937
0;3.5999999999999996
0;3.5799999999999996
0.01973684210526317;3.5999999999999996
0.7349030988131822;3.570166844230116
0.75;3.5600680303482113
0.7220567360747707;3.58366129392482
0.7105263157894739;3.5999999999999996
0.03061244940587041;3.5846907975617324
0.03947368421052634;3.5999999999999996
0.018619534087924394;3.566824358285299
0;3.559999999999999
0.05921052631578949;3.5999999999999996
0.05169614711868658;3.5825609636247737
0.06848181345935775;3.5869410323398965
0.07894736842105268;3.5999999999999996
0.7328778408498623;3.550846037783999
0.75;3.540102045522317
0.7168583394917953;3.562995675107864
0.6907894736842108;3.5999999999999996
0.698188370847204;3.5763967217345938
0.6710526315789476;3.5999999999999996
0.6803946703271108;3.5830766226509794
0.7318581842450265;3.5314708786686237
0.75;3.520136060696424
0.04545881961648454;3.5654321202241817
0.08484852264590495;3.5815033082146615
0.0986842105263158;3.5999999999999996
0.10822507768464233;3.581626668929035
0.118421052631579;3.5999999999999996
0.5600413065678997;3.586291278205028
0.5723684210526319;3.5999999999999996
0.5526315789473687;3.5999999999999996
0.5328947368421055;3.5999999999999996
0.5432462874118121;3.5817237411950718
0.5033408617462769;3.583275271547111
0.5131578947368425;3.5999999999999996
0.4934210526315792;3.5999999999999996
0.5230740126669692;3.577699393131353
0.4539473684210529;3.5999999999999996
0.4626628913880024;3.5832327839640157
0.47368421052631593;3.5999999999999996
0.014655462408976812;3.54781970051889
0;3.539999999999999
0;3.5199999999999996
0.02031622337779986;3.5279505526628134
0.033846339154179166;3.5479107270824293
0.015608552764326086;3.5086274325576263
0;3.499999999999999
0.0684029191027507;3.5678757815253
0.7316063405301388;3.511586991154539
0.75;3.500170075870529
0.7356495618326736;3.493539710347643
0.75;3.4802040910446355
0.7140073683437009;3.541384752759588
0.6994624765668881;3.55363638219223
0.7161147593379645;3.521948614517577
0.5790949728666894;3.578677432096135
0.592105263157895;3.5999999999999996
0.5997777144456996;3.583885050703187
0.6118421052631582;3.5999999999999996
0.6315789473684214;3.5999999999999996
0.6409574436237447;3.5829543985724186
0.6513157894736845;3.5999999999999996
0.6596950534975591;3.5763867670357286
0.6786178460815553;3.5565743671253163
0.6188667821754856;3.5767262477907664
0.4823958808396204;3.5764610311692255
0.12597802275549613;3.5853836819613236
0.13815789473684215;3.5999999999999996
0.016295391235162257;3.468534133405142
0;3.4799999999999995
0;3.4599999999999995
0.021895429734035;3.4882404592933853
0.04315852566198855;3.5262385474452564
0.03515491127831801;3.507264666682351
0.06372783930621966;3.540641418981547
0.38331612018466077;3.5861907365507597
0.3947368421052633;3.5999999999999996
0.3750000000000001;3.5999999999999996
0.3552631578947369;3.5999999999999996
0.36655238024881803;3.5820127080496924
0.33552631578947373;3.5999999999999996
0.3462552583533101;3.5792364457122736
0.3058645070809531;3.583400610799428
0.31578947368421056;3.5999999999999996
0.2960526315789474;3.5999999999999996
0.3250761578822975;3.5778997192167767
0.2565789473684211;3.5999999999999996
0.26456085562545945;3.583899695533668
0.2763157894736842;3.5999999999999996
0.28457879073397624;3.5770259454154667
0.23684210526315794;3.5999999999999996
0.2428690829711341;3.579313531105628
0.22440540246283075;3.586208317763767
0.2171052631578948;3.5999999999999996
0.09260090510588279;3.5550056565146226
0.12190645592698889;3.5640586383247745
0.14551830844033975;3.576823151024635
0.15789473684210537;3.5999999999999996
0.16740648078000284;3.582671600162016
0.1776315789473685;3.5999999999999996
0.18736822874524814;3.576802945458995
0.1973684210526316;3.5999999999999996
0.20721066231892413;3.5821566800933424
0.5563345564898213;3.5633353881155996
0.5331828617305221;3.5566403601768655
0.5044839483684082;3.5558693555472862
0.4604262831095772;3.558798067818648
0.4802932591142877;3.5489654935687276
0.43421052631578966;3.5999999999999996
0.44169342525981686;3.5773938211252503
0.4144736842105265;3.5999999999999996
0.42253501044227076;3.5839437083392465
0.4005222630325694;3.57972973200991
0.7084371647765223;3.4970239230162155
0.7281669691935482;3.473907319021182
0.75;3.4602381062187417
0.7335529549717725;3.452249162072451
0.6887168326166376;3.5258856376124617
0.5763198786268804;3.5531318176066864
0.5963803241349281;3.5603383994021507
0.638040393073189;3.5592179867252844
0.6577715904978932;3.543411799694606
0.6149637031869516;3.5515102672756633
0.7135839637030009;3.4539516636393883
0.7024603265989721;3.4743193616818684
0.6798737821163022;3.4869643216572808
0.02232427697744642;3.447969598692518
0.03752615472801299;3.4662778573252755
0.04409689980511109;3.48669852283989
0.0662785450351948;3.5058624958405944
0.08772597753073721;3.5291644909682844
0.3820454299287239;3.5677223827625033
0.3604026571180412;3.562608848316646
0.33610587184026636;3.5577292872756754
0.30656330989558206;3.558564057952887
0.26188990127093376;3.562770007774087
0.28068349958750416;3.5527241032527317
0.24116348092150175;3.553809769297855
0.22136758989291022;3.5641030992209486
0.11682622219537796;3.5362314980159764
0.13822616455365894;3.552038730954791
0.16775646230672;3.5557227246393683
0.1977245074195109;3.5577239287898195
0.5540063068926108;3.5297221383273474
0.5200938188497373;3.536161223872703
0.4929428421995593;3.5256446097336065
0.4394682054680217;3.550526238459852
0.4569338802066599;3.526010416714362
0.41987823483864084;3.5611145171906804
0.3983240286932129;3.558034583996962
0.653526474466449;3.507973361554793
0.5926539772724102;3.529729298983328
0.6270815237073745;3.53061530977002
0.6834752988944998;3.4541247981872782
0.6554006120837028;3.473226765538875
0.046448814050399787;3.446689398744268
0.06978054230977314;3.465994703433331
0.10849728925181884;3.4946813222224806
0.37784196725138874;3.5432762711973207
0.3529183500635961;3.5432488516353158
0.32703239153402297;3.5295985774897503
0.2936402563174223;3.5296486240652913
0.25654143055182793;3.5315724702803775
0.281760650743321;3.5071468390323024
0.2188267550449721;3.5312498552805103
0.15023874823610817;3.5197661884090934
0.1845883645284905;3.5334367902241
0.5665393404582105;3.4965911513531522
0.5215653781518429;3.4919976798029118
0.47780446438066204;3.4986479173206764
0.44366187118749423;3.4849819276648852
0.41344222040666406;3.525744789143511
0.6114245635619584;3.4806764855523196
0.14779232168928785;3.470916863875492
0.1119474688291655;3.446693937519802
0.3637553880855327;3.5052345295809166
0.31631618500000547;3.4997534063423674
0.29002741996697196;3.478789488003112
0.24700522586034734;3.485453016464774
0.1914207031909391;3.4934323066963855
0.5609945566748261;3.450587503136119
0.48181296955058195;3.458811637308165
0.3933790175362664;3.46741752235392
0.1793710884023328;3.4505725107683842
0.3291993986685401;3.4522225883081257
0.22377842544902382;3.4507918553108023
% Elements (triangles)
1897;1898;1899
1897;1899;1900
1901;1902;1903
1901;1904;1902
1905;1906;1898
1897;1905;1898
1897;1900;1907
1897;1907;1905
1900;1908;1907
1909;1910;1904
1901;1909;1904
1901;1903;1911
1901;1911;1909
1912;1911;1903
1913;1910;1914
1909;1914;1910
1915;1916;1913
1915;1913;1914
1906;1917;1918
1905;1917;1906
1905;1919;1917
1905;1907;1919
1920;1921;1908
1907;1908;1921
1919;1907;1921
1922;1923;1920
1923;1921;1920
1924;1918;1917
1918;1924;1925
1914;1909;1926
1909;1911;1926
1916;1927;1928
1915;1927;1916
1928;1929;1930
1928;1927;1929
1931;1932;1933
1933;1934;1935
1931;1933;1935
1936;1937;1938
1934;1937;1939
1936;1939;1937
1935;1934;1939
1940;1941;1942
1943;1912;1944
1943;1911;1912
1945;1946;1944
1943;1944;1946
1943;1946;1947
1943;1947;1911
1947;1926;1911
1948;1945;1949
1948;1946;1945
1915;1914;1950
1915;1950;1927
1914;1926;1950
1925;1951;1952
1951;1925;1924
1953;1952;1951
1953;1954;1952
1924;1917;1955
1917;1919;1955
1956;1919;1921
1956;1955;1919
1957;1951;1924
1957;1924;1955
1932;1958;1959
1931;1958;1932
1959;1960;1961
1960;1959;1958
1962;1963;1964
1964;1965;1922
1963;1965;1964
1923;1922;1965
1923;1965;1966
1923;1966;1921
1956;1921;1966
1961;1967;1962
1960;1967;1961
1963;1962;1967
1942;1968;1938
1941;1968;1942
1936;1938;1968
1969;1930;1929
1969;1970;1930
1971;1972;1973
1972;1974;1949
1971;1974;1972
1948;1949;1974
1975;1947;1946
1948;1974;1976
1948;1976;1946
1975;1946;1976
1975;1977;1947
1950;1926;1977
1947;1977;1926
1978;1979;1980
1980;1981;1982
1978;1980;1982
1981;1983;1984
1982;1981;1984
1985;1986;1987
1986;1988;1983
1985;1988;1986
1984;1983;1988
1989;1990;1991
1991;1992;1987
1990;1992;1991
1985;1987;1992
1993;1994;1989
1990;1989;1994
1995;1993;1996
1995;1994;1993
1927;1997;1929
1950;1997;1927
1950;1977;1997
1969;1929;1998
1998;1929;1997
1970;1999;2000
1969;1999;1970
1969;1998;1999
2000;2001;2002
2001;2000;1999
2002;2003;2004
2001;2003;2002
2004;2005;1996
2005;2004;2003
1995;1996;2005
1935;2006;1931
1931;2006;1958
1939;2007;1935
2006;1935;2007
1936;1968;2008
1936;2008;1939
1939;2008;2007
1941;2009;1968
2010;2008;1968
2010;1968;2009
2011;2012;1940
1941;1940;2012
1941;2012;2009
2013;2014;2011
2014;2012;2011
1979;2015;2013
1978;2015;1979
2014;2013;2015
1951;2016;1953
1957;2016;1951
1954;2017;2018
1953;2017;1954
1953;2016;2017
2018;2019;1729
2019;2018;2017
1729;1730;1731
2019;1730;1729
1957;1955;2020
1957;2020;2016
1955;1956;2020
1956;1966;2020
2021;1958;2006
1960;1958;2022
1960;2022;1967
2022;1958;2021
1963;1967;2023
1963;2023;1965
1966;1965;2024
2023;2024;1965
1966;2024;2020
2025;2023;1967
2025;1967;2022
2019;2017;2026
2019;2026;1730
2026;2017;2027
2027;2017;2016
1732;1731;1730
1731;1732;1733
2027;2016;2028
2016;2020;2028
1734;1735;1736
1736;2029;1973
1735;2029;1736
1971;1973;2029
1737;1738;1739
1739;1740;1734
1738;1740;1739
1735;1734;1740
1971;2029;2030
1971;2030;1974
2031;1976;1974
2031;1974;2030
2031;2032;1976
1975;1976;2032
1975;2032;1977
2033;1997;1977
2033;1977;2032
1978;1982;2034
1978;2034;2015
1982;1984;2035
1982;2035;2034
1988;2036;1984
1984;2036;2035
1985;1992;2037
1985;2037;1988
1988;2037;2036
1990;1994;2038
1990;2038;1992
2039;2037;1992
2039;1992;2038
2038;1994;2040
1995;2005;2041
1995;2041;1994
2040;1994;2041
2042;1998;1997
2033;2042;1997
2043;1999;1998
2043;1998;2042
2001;1999;2044
2001;2044;2003
2043;2044;1999
2003;2045;2005
2003;2044;2045
2041;2005;2045
2006;2007;2046
2021;2006;2046
2047;2007;2008
2007;2047;2046
2010;2048;2008
2047;2008;2048
2009;2012;2049
2049;2050;2009
2010;2009;2050
2010;2050;2048
2014;2015;2051
2014;2051;2012
2049;2012;2051
2052;2051;2015
2052;2015;2034
1741;1730;2026
1732;1730;1742
1742;1730;1741
2024;2053;2020
2053;2028;2020
2021;2054;2022
2021;2046;2054
2022;2054;2025
2025;2055;2023
2025;2054;2055
2023;2055;2024
2055;2053;2024
2027;2056;2026
2027;2028;2056
1741;2026;2056
2028;2053;2057
2028;2057;2056
1733;1743;1744
1732;1743;1733
1732;1742;1743
1745;1746;1747
1748;1745;1744
1748;1744;1743
1748;1746;1745
1741;1749;1742
1741;2056;1749
1750;1751;1752
1752;1753;1737
1751;1753;1752
1738;1737;1753
1735;1740;1754
1735;1754;2029
2030;2029;2058
2058;2029;1754
1738;1753;1755
1738;1755;1740
1754;1740;1756
1756;1740;1755
2058;2059;2030
2030;2059;2031
2031;2059;2032
2033;2060;2042
2032;2059;2060
2033;2032;2060
2034;2035;2061
2034;2061;2052
2062;2035;2036
2062;2061;2035
2036;2037;2063
2062;2036;2063
2039;2064;2037
2064;2063;2037
2040;2065;2038
2038;2065;2039
2039;2065;2064
2066;2064;2065
2041;2045;2067
2040;2041;2067
2040;2067;2065
2043;2068;2044
2043;2042;2068
2042;2060;2068
2069;2044;2068
2069;2045;2044
2045;2069;2067
2046;2070;2054
2048;2071;2047
2047;2071;2046
2070;2046;2071
2072;2048;2050
2048;2072;2071
2072;2050;2073
2052;2074;2051
2052;2061;2074
2049;2051;2074
2049;2074;2050
2050;2074;2073
1757;1747;1758
1758;1747;1746
1746;1759;1758
1760;1757;1758
1760;1761;1757
1761;1762;1763
1760;1762;1761
1764;1743;1742
1764;1742;1749
2055;2054;2075
2053;2055;2075
2070;2075;2054
2057;2053;2075
1749;2056;1765
2057;1765;2056
2057;2075;1765
1748;1743;1766
1748;1766;1746
1743;1764;1766
1746;1766;1759
1764;1767;1766
1764;1749;1767
1749;1765;1767
1768;1769;1770
1770;1771;1750
1769;1771;1770
1751;1750;1771
1751;1771;1772
1751;1772;1753
1755;1753;1773
1773;1753;1772
1756;1774;1754
2058;1754;1774
2058;1774;2059
1773;1775;1755
1756;1755;1775
1756;1775;1774
2060;2076;2068
1774;2077;2059
2077;2060;2059
2076;2060;2077
2062;2078;2061
2062;2063;2078
2061;2078;2074
2063;2064;2079
2066;2079;2064
2063;2079;2078
2080;2079;2066
2065;2067;2081
2066;2065;2081
2066;2081;2080
2069;2068;2082
2068;2076;2082
2069;2082;2067
2067;2082;2081
2070;2071;2083
2070;2083;2075
1776;2083;2071
2072;2073;2084
2072;2084;2071
1776;2071;2084
2073;1777;2084
2078;2085;2074
2073;2074;2085
1777;2073;2085
1760;1758;1778
1760;1778;1762
1758;1759;1778
1766;1767;1779
1759;1766;1779
1780;1778;1759
1780;1759;1779
1781;1763;1762
1763;1781;1782
1782;1783;1784
1781;1783;1782
1784;1785;1786
1785;1784;1783
1781;1762;1787
1781;1787;1783
1787;1762;1788
1778;1788;1762
1778;1780;1788
1765;2075;1789
2083;1789;2075
1790;1767;1765
1790;1765;1789
1779;1767;1791
1790;1791;1767
1792;1793;1794
1794;1795;1768
1793;1795;1794
1769;1768;1795
1769;1795;1796
1769;1796;1771
1797;1772;1771
1797;1771;1796
1797;1798;1772
1772;1798;1773
1773;1798;1775
1799;1775;1798
2086;2082;2076
1775;1800;1774
1799;1800;1775
2077;1774;1800
1801;2077;1800
2086;2076;1801
2076;2077;1801
2079;2087;2078
2080;2087;2079
2078;2087;2085
2080;2081;1802
2080;1802;2087
2088;2081;2082
2086;2088;2082
2081;2088;1802
1803;1804;1792
1793;1792;1804
1805;1806;1803
1806;1804;1803
1790;1807;1791
1790;1789;1807
1807;1789;1808
1776;1808;2083
2083;1808;1789
1776;2084;1809
1776;1809;1808
1809;2084;1777
1810;1809;1777
2085;2087;1811
1777;2085;1811
1810;1777;1811
1780;1812;1788
1779;1791;1812
1780;1779;1812
1813;1783;1787
1785;1814;1786
1785;1783;1815
1785;1815;1814
1813;1815;1783
1786;1814;1816
1817;1816;1814
1817;1818;1816
1787;1788;1819
1788;1812;1819
1813;1787;1819
1820;1791;1807
1812;1821;1819
1812;1791;1821
1820;1821;1791
1822;1823;1824
1824;1825;1805
1823;1825;1824
1806;1805;1825
1793;1804;1826
1793;1826;1795
1796;1795;1827
1827;1795;1826
1827;1828;1796
1797;1796;1828
1797;1828;1798
1828;1829;1798
1799;1798;1829
1806;1825;1830
1806;1830;1804
1826;1804;1831
1831;1804;1830
1799;1829;1832
1799;1832;1800
2086;1833;2088
2086;1801;1833
1834;1801;1800
1834;1800;1832
1834;1833;1801
1835;1811;2087
1835;2087;1802
1833;1836;2088
1802;2088;1836
1802;1836;1835
1820;1807;1837
1807;1808;1837
1837;1808;1838
1809;1838;1808
1810;1838;1809
1810;1811;1839
1810;1839;1838
1840;1811;1835
1840;1839;1811
1558;1841;1842
1842;1843;1822
1841;1843;1842
1823;1822;1843
1559;1560;1561
1561;1562;1558
1560;1562;1561
1841;1558;1562
1813;1844;1815
1813;1819;1844
1815;1845;1814
1815;1844;1845
1818;1846;1847
1817;1846;1818
1817;1814;1848
1817;1848;1846
1848;1814;1845
1847;1849;1563
1849;1847;1846
1850;1819;1821
1844;1819;1850
1851;1844;1850
1851;1845;1844
1563;1564;1565
1849;1564;1563
1566;1567;1568
1565;1569;1566
1569;1565;1564
1569;1567;1566
1820;1852;1821
1820;1837;1852
1850;1821;1853
1852;1853;1821
1823;1843;1854
1823;1854;1825
1830;1825;1855
1855;1825;1854
1831;1856;1826
1827;1826;1856
1827;1856;1828
1856;1857;1828
1829;1828;1857
1857;1858;1829
1832;1829;1858
1855;1859;1830
1831;1830;1859
1831;1859;1856
1832;1858;1860
1834;1832;1860
1834;1860;1833
1833;1860;1836
1835;1861;1840
1836;1860;1861
1861;1835;1836
1862;1840;1861
1837;1863;1852
1863;1837;1838
1838;1864;1863
1864;1838;1839
1865;1839;1840
1862;1865;1840
1839;1865;1864
1841;1562;1866
1841;1866;1843
1854;1843;1867
1867;1843;1866
1570;1571;1572
1571;1573;1559
1570;1573;1571
1560;1559;1573
1560;1573;1574
1560;1574;1562
1866;1562;1575
1575;1562;1574
1848;1845;1868
1851;1868;1845
1849;1846;1869
1849;1869;1564
1869;1846;1870
1870;1846;1848
1870;1848;1868
1871;1850;1853
1851;1850;1871
1851;1871;1868
1569;1564;1576
1569;1576;1567
1576;1564;1577
1577;1564;1869
1578;1567;1576
1579;1580;1581
1582;1579;1568
1582;1568;1567
1582;1580;1579
1582;1567;1583
1582;1583;1580
1583;1567;1578
1584;1585;1586
1871;1872;1868
1872;1871;1873
1853;1873;1871
1852;1874;1853
1874;1852;1863
1853;1874;1873
1867;1875;1854
1854;1875;1855
1855;1875;1859
1858;1876;1860
1859;1877;1856
1857;1856;1877
1877;1878;1857
1857;1878;1858
1876;1858;1878
1875;1879;1859
1879;1877;1859
1876;1880;1860
1861;1860;1880
1861;1880;1862
1862;1880;1881
1862;1881;1865
1863;1882;1874
1882;1863;1864
1864;1883;1882
1865;1883;1864
1865;1881;1883
1575;1884;1866
1867;1866;1884
1867;1884;1875
1587;1588;1572
1570;1572;1588
1589;1590;1587
1590;1588;1587
1570;1588;1591
1570;1591;1573
1574;1573;1592
1592;1573;1591
1592;1593;1574
1575;1574;1593
1575;1593;1884
1594;1595;1589
1590;1589;1595
1596;1597;1594
1597;1595;1594
1870;1885;1869
1870;1868;1885
1577;1869;1885
1868;1872;1885
1598;1885;1872
1886;1598;1872
1886;1872;1873
1585;1584;1599
1600;1581;1580
1581;1600;1601
1601;1599;1584
1600;1599;1601
1600;1580;1602
1600;1602;1599
1602;1580;1603
1603;1580;1583
1577;1604;1576
1577;1885;1604
1578;1576;1604
1604;1885;1598
1578;1605;1583
1578;1604;1605
1583;1605;1603
1585;1599;1606
1606;1599;1607
1607;1599;1602
1586;1608;1609
1585;1608;1586
1585;1606;1608
1610;1611;1609
1610;1609;1608
1605;1604;1612
1612;1604;1598
1886;1873;1613
1874;1887;1873
1613;1873;1887
1874;1882;1887
1884;1888;1875
1879;1875;1888
1876;1878;1889
1876;1889;1880
1879;1888;1890
1879;1890;1877
1878;1877;1890
1878;1890;1889
1891;1880;1889
1891;1881;1880
1881;1891;1892
1892;1883;1881
1882;1893;1887
1883;1893;1882
1883;1892;1893
1614;1884;1593
1614;1888;1884
1591;1588;1615
1590;1595;1616
1590;1616;1588
1615;1588;1616
1615;1617;1591
1591;1617;1592
1592;1617;1593
1617;1618;1593
1614;1593;1618
1619;1620;1596
1597;1596;1620
1621;1622;1619
1622;1620;1619
1623;1616;1595
1597;1620;1624
1597;1624;1595
1623;1595;1624
1625;1626;1621
1622;1621;1626
1627;1628;1625
1628;1626;1625
1629;1630;1631
1603;1632;1602
1603;1605;1632
1607;1602;1632
1605;1633;1632
1633;1605;1612
1598;1634;1612
1886;1634;1598
1886;1613;1634
1611;1635;1636
1610;1635;1611
1631;1636;1637
1637;1636;1635
1629;1631;1637
1638;1608;1606
1607;1639;1606
1607;1632;1639
1606;1639;1638
1610;1608;1640
1610;1640;1635
1638;1640;1608
1633;1612;1641
1641;1612;1634
1634;1642;1641
1634;1613;1642
1613;1887;1643
1613;1643;1642
1644;1887;1893
1644;1643;1887
1614;1618;1645
1614;1645;1888
1890;1888;1894
1645;1894;1888
1894;1895;1890
1889;1890;1895
1889;1895;1891
1891;1895;1896
1891;1896;1892
1646;1892;1896
1646;1893;1892
1644;1893;1647
1647;1893;1646
1623;1648;1616
1615;1616;1648
1615;1648;1617
1648;1649;1617
1618;1617;1649
1649;1650;1618
1645;1618;1650
1624;1620;1651
1622;1626;1652
1622;1652;1620
1651;1620;1652
1651;1653;1624
1623;1624;1653
1623;1653;1648
1654;1655;1656
1652;1626;1657
1655;1658;1627
1654;1658;1655
1628;1627;1658
1628;1658;1659
1628;1659;1626
1657;1626;1659
1660;1661;1656
1654;1656;1661
1373;1661;1660
1373;1660;1374
1635;1662;1637
1662;1635;1640
1637;1663;1629
1663;1637;1662
1630;1664;1665
1629;1664;1630
1629;1663;1664
1666;1667;1665
1666;1665;1664
1638;1668;1640
1638;1639;1668
1632;1669;1639
1633;1669;1632
1633;1641;1669
1668;1639;1670
1670;1639;1669
1671;1640;1668
1671;1662;1640
1663;1662;1672
1662;1671;1672
1641;1673;1669
1641;1642;1673
1642;1674;1673
1674;1642;1643
1643;1675;1674
1644;1647;1675
1644;1675;1643
1650;1676;1645
1894;1645;1676
1895;1894;1677
1676;1677;1894
1677;1896;1895
1896;1677;1678
1678;1646;1896
1679;1675;1647
1680;1646;1678
1680;1647;1646
1680;1679;1647
1681;1676;1650
1653;1682;1648
1649;1648;1682
1682;1683;1649
1650;1649;1683
1681;1650;1683
1657;1684;1652
1652;1684;1651
1651;1684;1653
1685;1653;1684
1685;1682;1653
1654;1661;1686
1654;1686;1658
1657;1659;1687
1657;1687;1684
1659;1658;1688
1688;1658;1686
1688;1687;1659
1375;1376;1377
1686;1661;1689
1373;1378;1661
1689;1661;1378
1376;1379;1374
1375;1379;1376
1373;1374;1379
1373;1379;1378
1377;1380;1381
1375;1377;1381
1690;1664;1663
1663;1672;1690
1667;1691;1382
1666;1691;1667
1666;1664;1692
1666;1692;1691
1692;1664;1690
1382;1383;1384
1383;1382;1691
1385;1386;1387
1384;1388;1385
1383;1388;1384
1386;1385;1388
1668;1693;1671
1668;1670;1693
1671;1693;1672
1670;1669;1694
1670;1694;1693
1673;1694;1669
1673;1695;1694
1673;1674;1695
1387;1389;1390
1386;1389;1387
1690;1696;1692
1690;1672;1696
1672;1697;1696
1697;1672;1693
1674;1698;1695
1698;1674;1675
1675;1679;1698
1681;1699;1676
1676;1699;1677
1678;1677;1699
1679;1700;1698
1678;1699;1701
1680;1678;1701
1679;1701;1700
1680;1701;1679
1681;1683;1702
1681;1702;1699
1685;1703;1682
1683;1682;1703
1683;1703;1702
1687;1704;1684
1685;1684;1704
1685;1704;1703
1689;1705;1686
1688;1686;1705
1688;1705;1687
1706;1687;1705
1706;1704;1687
1381;1391;1375
1375;1391;1379
1689;1378;1392
1689;1392;1705
1393;1378;1379
1393;1379;1391
1393;1392;1378
1394;1395;1380
1381;1380;1395
1396;1394;1397
1396;1395;1394
1395;1398;1381
1391;1381;1398
1383;1691;1399
1383;1399;1388
1707;1399;1691
1707;1691;1692
1707;1692;1696
1390;1400;1401
1400;1390;1389
1386;1388;1402
1386;1402;1389
1403;1402;1388
1403;1388;1399
1707;1404;1399
1707;1696;1404
1403;1399;1404
1405;1389;1402
1708;1695;1698
1698;1700;1708
1709;1694;1695
1695;1708;1709
1697;1693;1710
1710;1693;1694
1710;1694;1709
1400;1389;1406
1406;1389;1405
1401;1407;1408
1400;1407;1401
1400;1406;1407
1409;1410;1408
1409;1408;1407
1410;1411;1412
1409;1411;1410
1413;1412;1411
1413;1414;1412
1711;1696;1697
1415;1404;1696
1415;1696;1711
1711;1697;1712
1712;1697;1710
1713;1708;1700
1702;1714;1699
1714;1701;1699
1714;1715;1701
1700;1701;1715
1700;1715;1713
1702;1703;1716
1716;1714;1702
1703;1704;1717
1717;1716;1703
1706;1718;1704
1718;1717;1704
1392;1719;1705
1706;1705;1719
1706;1719;1718
1416;1417;1418
1418;1419;1397
1417;1419;1418
1396;1397;1419
1392;1420;1719
1391;1398;1421
1393;1391;1421
1393;1421;1392
1421;1420;1392
1422;1423;1424
1424;1425;1416
1423;1425;1424
1417;1416;1425
1396;1419;1426
1396;1426;1395
1395;1426;1398
1427;1398;1426
1427;1421;1398
1402;1403;1428
1403;1404;1428
1405;1402;1428
1429;1428;1404
1415;1429;1404
1405;1430;1406
1405;1428;1430
1720;1709;1708
1708;1713;1720
1712;1710;1721
1709;1721;1710
1721;1709;1720
1431;1712;1721
1432;1433;1434
1434;1435;1436
1432;1434;1436
1435;1414;1437
1413;1437;1414
1436;1435;1437
1438;1407;1406
1406;1430;1438
1409;1407;1439
1409;1439;1411
1438;1439;1407
1440;1411;1439
1413;1411;1441
1413;1441;1437
1440;1441;1411
1415;1442;1429
1711;1712;1442
1415;1711;1442
1712;1431;1442
1722;1720;1713
1713;1723;1722
1723;1713;1715
1714;1716;1724
1724;1715;1714
1715;1724;1723
1716;1717;1725
1725;1724;1716
1718;1726;1717
1726;1725;1717
1420;1443;1719
1718;1719;1443
1443;1726;1718
1443;1420;1444
1417;1425;1445
1417;1445;1419
1446;1426;1419
1446;1419;1445
1427;1447;1421
1420;1421;1447
1420;1447;1444
1448;1449;1422
1423;1422;1449
1450;1451;1448
1451;1449;1448
1423;1449;1452
1423;1452;1425
1453;1445;1425
1453;1425;1452
1446;1454;1426
1427;1426;1454
1427;1454;1447
1455;1456;1457
1457;1458;1450
1456;1458;1457
1451;1450;1458
1438;1459;1439
1438;1430;1459
1440;1439;1459
1433;1460;1461
1432;1460;1433
1428;1462;1430
1429;1462;1428
1429;1442;1462
1459;1430;1463
1463;1430;1462
1442;1464;1462
1464;1442;1431
1431;1721;1727
1721;1720;1727
1722;1727;1720
1465;1464;1431
1465;1431;1727
1466;1727;1722
1436;1467;1432
1432;1467;1460
1437;1468;1436
1437;1441;1468
1467;1436;1468
1463;1469;1459
1440;1470;1441
1440;1459;1470
1470;1459;1469
1471;1441;1470
1471;1468;1441
1472;1722;1723
1466;1722;1472
1724;1725;1728
1728;1723;1724
1723;1728;1472
1726;1473;1725
1473;1728;1725
1444;1474;1443
1443;1474;1726
1474;1473;1726
1475;1474;1444
1444;1447;1476
1475;1444;1476
1453;1477;1445
1446;1445;1477
1446;1477;1454
1454;1477;1478
1454;1478;1447
1478;1476;1447
1452;1449;1479
1451;1458;1480
1451;1480;1449
1479;1449;1480
1479;1481;1452
1453;1452;1481
1453;1481;1477
1482;1483;1455
1456;1455;1483
1456;1483;1484
1456;1484;1458
1480;1458;1485
1485;1458;1484
1486;1487;1482
1487;1483;1482
1212;1488;1213
1488;1489;1486
1212;1489;1488
1487;1486;1489
1490;1491;1461
1490;1461;1460
1492;1493;1494
1491;1495;1494
1490;1495;1491
1492;1494;1495
1496;1460;1467
1490;1460;1497
1490;1497;1495
1497;1460;1496
1466;1472;1498
1467;1468;1499
1468;1471;1499
1496;1467;1499
1471;1470;1500
1470;1469;1500
1471;1500;1499
1463;1462;1501
1463;1501;1469
1462;1464;1501
1469;1502;1500
1502;1469;1501
1464;1503;1501
1465;1503;1464
1465;1504;1503
1465;1727;1504
1466;1504;1727
1466;1498;1504
1728;1473;1505
1498;1472;1505
1472;1728;1505
1475;1506;1474
1474;1506;1473
1506;1505;1473
1507;1498;1505
1475;1476;1508
1475;1508;1506
1476;1478;1509
1476;1509;1508
1481;1510;1477
1478;1477;1510
1510;1509;1478
1485;1511;1480
1480;1511;1479
1479;1511;1481
1512;1481;1511
1512;1510;1481
1487;1489;1513
1487;1513;1483
1514;1484;1483
1514;1483;1513
1514;1515;1484
1485;1484;1515
1485;1515;1511
1214;1215;1213
1212;1213;1215
1216;1217;1214
1217;1215;1214
1212;1215;1218
1212;1218;1489
1513;1489;1516
1516;1489;1218
1219;1220;1221
1221;1222;1216
1220;1222;1221
1217;1216;1222
1493;1223;1224
1492;1223;1493
1224;1225;1226
1225;1224;1223
1492;1495;1517
1492;1517;1223
1517;1495;1518
1518;1495;1497
1496;1519;1497
1496;1499;1519
1497;1519;1518
1226;1227;1228
1225;1227;1226
1228;1229;1230
1229;1228;1227
1520;1504;1498
1507;1520;1498
1499;1521;1519
1521;1499;1500
1521;1500;1522
1522;1500;1502
1523;1522;1502
1524;1501;1503
1502;1501;1524
1523;1502;1524
1525;1524;1503
1525;1503;1504
1525;1504;1520
1507;1505;1526
1508;1527;1506
1526;1505;1527
1527;1505;1506
1507;1526;1528
1520;1507;1528
1508;1509;1529
1508;1529;1527
1512;1530;1510
1510;1530;1509
1509;1530;1529
1515;1531;1511
1512;1511;1531
1512;1531;1530
1516;1532;1513
1513;1532;1514
1514;1532;1515
1533;1515;1532
1533;1531;1515
1218;1215;1231
1217;1222;1232
1217;1232;1215
1231;1215;1232
1231;1233;1218
1516;1218;1233
1516;1233;1532
1234;1235;1236
1236;1237;1219
1235;1237;1236
1220;1219;1237
1220;1237;1238
1220;1238;1222
1232;1222;1239
1239;1222;1238
1240;1241;1242
1242;1243;1234
1241;1243;1242
1235;1234;1243
1534;1223;1517
1225;1223;1244
1225;1244;1227
1244;1223;1534
1518;1535;1517
1518;1519;1535
1534;1517;1535
1536;1519;1521
1537;1535;1519
1537;1519;1536
1245;1246;1247
1230;1248;1247
1229;1248;1230
1245;1247;1248
1229;1227;1249
1229;1249;1248
1249;1227;1250
1250;1227;1244
1525;1538;1524
1524;1538;1523
1525;1520;1538
1520;1528;1538
1536;1521;1539
1539;1521;1522
1522;1540;1539
1523;1540;1522
1523;1538;1540
1251;1252;1253
1246;1254;1251
1245;1254;1246
1252;1251;1254
1541;1528;1526
1529;1542;1527
1527;1542;1526
1526;1542;1541
1528;1541;1543
1543;1538;1528
1544;1543;1541
1545;1529;1530
1529;1545;1542
1546;1530;1531
1546;1545;1530
1533;1547;1531
1546;1531;1547
1233;1548;1532
1533;1532;1548
1533;1548;1547
1255;1256;1257
1257;1258;1240
1256;1258;1257
1241;1240;1258
1239;1259;1232
1232;1259;1231
1231;1259;1233
1259;1260;1233
1260;1548;1233
1235;1243;1261
1235;1261;1237
1238;1237;1262
1262;1237;1261
1262;1263;1238
1239;1238;1263
1239;1263;1259
1264;1265;1255
1256;1255;1265
1241;1258;1266
1241;1266;1243
1261;1243;1267
1267;1243;1266
1268;1269;1270
1270;1271;1264
1271;1270;1269
1271;1265;1264
1272;1268;1038
1272;1269;1268
1534;1273;1244
1534;1535;1273
1250;1244;1273
1549;1273;1535
1537;1549;1535
1537;1550;1549
1536;1539;1550
1537;1536;1550
1245;1248;1274
1245;1274;1254
1274;1248;1275
1275;1248;1249
1250;1276;1249
1250;1273;1276
1249;1276;1275
1253;1277;1278
1252;1277;1253
1540;1538;1551
1543;1551;1538
1539;1552;1550
1552;1539;1540
1540;1551;1552
1252;1254;1279
1252;1279;1277
1280;1279;1254
1280;1254;1274
1542;1545;1553
1542;1553;1541
1544;1541;1553
1554;1551;1543
1544;1554;1543
1544;1553;1555
1544;1555;1554
1556;1551;1554
1547;1557;1546
1546;1557;1545
1545;1557;1553
1547;1548;1281
1281;1557;1547
1260;1282;1548
1281;1548;1282
1256;1265;1283
1256;1283;1258
1266;1258;1284
1284;1258;1283
1263;1285;1259
1260;1259;1285
1260;1285;1282
1267;1286;1261
1261;1286;1262
1262;1286;1263
1287;1263;1286
1287;1285;1263
1039;1040;1041
1271;1269;1288
1271;1288;1265
1289;1283;1265
1289;1265;1288
1272;1290;1269
1291;1288;1269
1291;1269;1290
1284;1292;1266
1266;1292;1267
1267;1292;1286
1040;1042;1038
1039;1042;1040
1272;1038;1042
1272;1042;1290
1273;1293;1276
1549;1293;1273
1549;1550;1293
1550;1294;1293
1294;1550;1552
1275;1295;1274
1275;1276;1295
1280;1274;1295
1276;1296;1295
1296;1276;1293
1278;1297;1298
1297;1278;1277
1299;1277;1279
1298;1300;1301
1297;1300;1298
1297;1277;1302
1297;1302;1300
1302;1277;1299
1552;1303;1294
1303;1552;1551
1556;1303;1551
1304;1305;1301
1304;1301;1300
1280;1306;1279
1280;1295;1306
1299;1279;1306
1307;1308;1309
1305;1310;1307
1304;1310;1305
1308;1307;1310
1309;1311;1043
1308;1311;1309
1312;1553;1557
1312;1555;1553
1313;1555;1312
1556;1554;1314
1554;1555;1314
1315;1555;1313
1315;1314;1555
1556;1316;1303
1556;1314;1316
1281;1282;1317
1281;1317;1557
1557;1317;1312
1282;1285;1318
1318;1317;1282
1289;1319;1283
1283;1319;1284
1284;1319;1292
1287;1320;1285
1318;1285;1320
1292;1321;1286
1287;1286;1321
1287;1321;1320
1322;1292;1319
1322;1321;1292
1044;1045;1046
1047;1048;1044
1045;1044;1048
1041;1049;1050
1039;1041;1050
1049;1046;1051
1051;1046;1045
1051;1050;1049
1050;1052;1039
1039;1052;1042
1053;1290;1042
1053;1042;1052
1291;1323;1288
1289;1288;1323
1289;1323;1319
1053;1054;1290
1291;1290;1054
1291;1054;1323
1;2;3
1;3;4
1055;1056;1047
1048;1047;1056
1324;1294;1303
1303;1316;1324
1296;1293;1325
1325;1293;1294
1294;1324;1325
1295;1326;1306
1296;1326;1295
1296;1325;1326
1327;1306;1326
1326;1328;1327
1326;1325;1328
1304;1300;1329
1304;1329;1310
1299;1330;1302
1299;1306;1330
1330;1306;1327
1329;1300;1331
1331;1300;1302
1331;1302;1330
1043;1057;1058
1057;1043;1311
1057;1059;1058
1058;1059;1060
1060;1061;1062
1061;1060;1059
1308;1310;1332
1308;1332;1311
1332;1310;1333
1333;1310;1329
1057;1311;1063
1057;1063;1059
1063;1311;1334
1334;1311;1332
1335;1312;1317
1313;1312;1335
1336;1325;1324
1328;1325;1336
1313;1335;1337
1313;1337;1315
1316;1314;1338
1315;1338;1314
1315;1337;1338
1336;1324;1339
1339;1324;1316
1339;1316;1338
1318;1320;1340
1318;1340;1317
1335;1317;1340
1319;1323;1341
1322;1319;1341
1320;1321;1342
1342;1340;1320
1322;1341;1343
1322;1343;1321
1343;1342;1321
1064;1065;1055
1056;1055;1065
1066;1051;1045
1045;1048;1067
1066;1045;1067
1068;1048;1056
1068;1067;1048
1051;1069;1050
1066;1069;1051
1052;1050;1069
1341;1323;1344
1052;1069;1070
1052;1070;1053
1053;1070;1054
1054;1070;1071
1054;1071;1323
1344;1323;1071
5;6;7
8;9;2
1;8;2
1;4;10
1;10;8
10;4;11
1056;1065;1072
1068;1056;1072
1345;1328;1336
1346;1330;1327
1327;1347;1346
1327;1328;1347
1328;1345;1347
1331;1348;1329
1331;1330;1348
1333;1329;1348
1348;1330;1346
1073;1074;1075
1075;1076;1064
1074;1076;1075
1065;1064;1076
1077;1059;1063
1061;1059;1078
1078;1059;1077
1062;1079;1080
1061;1079;1062
1061;1078;1079
1081;1082;1080
1081;1080;1079
1333;1349;1332
1333;1348;1349
1334;1332;1349
1350;1349;1348
1350;1348;1346
1334;1083;1063
1334;1349;1083
1077;1063;1083
1350;1346;1351
1351;1346;1347
1335;1340;1352
1337;1335;1352
1347;1353;1351
1353;1347;1345
1354;1336;1339
1345;1336;1354
1355;1353;1345
1355;1345;1354
1337;1352;1356
1337;1356;1338
1354;1339;1357
1339;1338;1357
1357;1338;1356
1342;1358;1340
1358;1352;1340
1344;1359;1341
1341;1359;1343
1343;1359;1360
1343;1360;1342
1360;1358;1342
1076;1084;1065
1072;1065;1084
1085;1072;1084
1067;1086;1066
1066;1086;1069
1068;1072;1087
1068;1087;1067
1072;1085;1087
1067;1087;1086
1070;1069;1088
1086;1088;1069
1344;1071;1089
1344;1089;1359
1088;1090;1070
1070;1090;1071
1071;1090;1089
12;5;7
13;14;6
5;13;6
5;12;15
15;13;5
16;191;17
9;18;19
8;18;9
19;20;21
18;20;19
17;21;22
22;21;20
16;17;22
18;8;23
10;23;8
11;24;25
10;11;25
25;23;10
26;25;24
26;24;27
1091;1079;1078
1081;1079;1092
1092;1079;1091
1082;1093;1094
1081;1093;1082
1081;1092;1093
1094;1095;1096
1095;1094;1093
1096;1097;1098
1095;1097;1096
1098;1099;1100
1099;1098;1097
1101;1093;1092
1102;1103;1104
1105;1106;1107
1103;1108;1107
1102;1108;1103
1105;1107;1108
1106;1109;1073
1105;1109;1106
1074;1073;1109
1074;1109;1110
1074;1110;1076
1084;1076;1110
1077;1111;1078
1077;1083;1111
1091;1078;1111
1349;1361;1083
1350;1361;1349
1350;1351;1361
1083;1112;1111
1112;1083;1361
1351;1362;1361
1353;1362;1351
1352;1358;1363
1363;1356;1352
1353;1364;1362
1355;1364;1353
1365;1356;1363
1355;1366;1364
1357;1366;1354
1355;1354;1366
1367;1356;1365
1367;1366;1357
1367;1357;1356
1358;1360;1368
1368;1363;1358
1089;1369;1359
1359;1369;1360
1360;1369;1368
1084;1110;1113
1085;1084;1113
1085;1114;1087
1085;1113;1114
1114;1115;1087
1087;1115;1086
1086;1115;1088
1090;1088;1116
1115;1116;1088
1116;1117;1090
1089;1090;1117
1089;1117;1369
14;13;28
28;29;14
30;28;13
15;12;31
15;31;32
15;32;13
32;30;13
30;32;33
192;193;194
16;22;34
191;195;192
16;195;191
193;192;195
16;34;195
18;35;20
23;35;18
20;36;22
36;20;35
34;22;36
26;37;25
35;23;37
25;37;23
27;38;39
26;27;39
26;39;37
40;41;38
41;39;38
42;43;40
41;40;43
44;42;45
44;43;42
873;1118;874
1118;1119;1104
873;1119;1118
1102;1104;1119
875;876;874
873;874;876
877;878;875
878;876;875
879;880;877
878;877;880
881;882;879
882;880;879
1100;1120;1121
1099;1120;1100
1091;1122;1092
1091;1111;1122
1101;1092;1122
1095;1093;1123
1095;1123;1097
1123;1093;1101
1124;1097;1123
1099;1097;1125
1099;1125;1120
1125;1097;1124
1101;1126;1123
1101;1122;1126
1123;1126;1124
1127;1121;1120
1127;1128;1121
1102;1119;1129
1102;1129;1108
1130;1108;1129
1105;1108;1131
1105;1131;1109
1130;1131;1108
1132;1110;1109
1132;1109;1131
1132;1133;1110
1110;1133;1113
1111;1134;1122
1112;1134;1111
1112;1361;1135
1112;1135;1134
1135;1361;1362
1362;1136;1135
1364;1136;1362
1363;1368;1370
1365;1363;1370
1364;1371;1136
1364;1366;1371
1371;1366;1372
1367;1372;1366
1365;1370;1372
1365;1372;1367
1368;1369;1137
1137;1370;1368
1117;1138;1369
1138;1137;1369
1113;1133;1139
1113;1139;1114
1114;1139;1140
1114;1140;1115
1115;1140;1116
1117;1116;1141
1116;1140;1141
1141;1138;1117
194;196;197
193;196;194
198;199;197
198;197;196
30;46;28
33;46;30
28;47;29
46;47;28
47;48;29
31;49;32
32;49;50
33;32;50
33;50;51
33;51;46
193;195;200
193;200;196
52;34;36
200;195;201
34;201;195
52;201;34
35;37;53
52;36;53
36;35;53
54;37;39
54;53;37
41;43;55
41;55;39
54;39;55
56;57;58
58;59;45
57;59;58
44;45;59
60;55;43
44;59;61
44;61;43
60;43;61
62;63;56
57;56;63
64;63;62
65;64;62
873;876;883
873;883;1119
1142;1129;1119
1142;1119;883
883;876;884
878;880;885
878;885;876
884;876;885
886;887;888
888;889;881
887;889;888
882;881;889
885;880;890
882;889;891
882;891;880
890;880;891
1143;1144;1145
1128;1146;1143
1127;1146;1128
1144;1143;1146
1127;1120;1147
1127;1147;1146
1147;1120;1148
1148;1120;1125
1126;1122;1149
1149;1122;1134
1124;1150;1125
1124;1126;1150
1125;1150;1148
1151;1150;1126
1151;1126;1149
1152;1153;1154
1142;1155;1129
1130;1129;1155
1130;1156;1131
1130;1155;1156
1131;1156;1132
1132;1156;1133
1133;1156;1157
1139;1133;1157
1134;1158;1149
1134;1135;1158
1136;1159;1135
1158;1135;1159
1159;1136;1160
1160;1136;1371
1370;1137;1161
1370;1161;1372
1160;1371;1162
1371;1372;1162
1162;1372;1161
1138;1163;1137
1163;1161;1137
1138;1141;1164
1164;1163;1138
1157;1165;1139
1139;1165;1140
1165;1166;1140
1141;1140;1166
1166;1164;1141
892;893;894
894;895;886
893;895;894
887;886;895
896;897;892
893;892;897
202;203;204
199;205;202
198;205;199
203;202;205
204;206;207
203;206;204
207;208;209
208;207;206
210;196;200
198;196;211
198;211;205
211;196;210
47;46;66
51;66;46
47;67;48
66;67;47
67;68;48
69;50;49
50;69;70
50;70;51
51;70;71
51;71;66
201;212;200
210;200;212
201;72;212
52;72;201
52;53;72
60;73;55
55;73;54
54;73;53
53;73;72
57;63;74
57;74;59
61;59;75
75;59;74
75;76;61
60;61;76
60;76;73
74;63;77
64;78;63
77;63;78
79;80;81
81;82;65
80;82;81
64;65;82
64;82;78
83;84;85
84;86;79
83;86;84
80;79;86
85;87;88
83;85;88
1165;1157;1167
884;898;883
883;898;1142
1142;898;1155
890;899;885
884;885;899
884;899;898
887;895;900
887;900;889
891;889;901
901;889;900
901;902;891
890;891;902
890;902;899
1145;1168;1152
1144;1168;1145
1153;1152;1168
1144;1146;1169
1144;1169;1168
1169;1146;1170
1170;1146;1147
1148;1171;1147
1148;1150;1171
1170;1147;1171
1149;1172;1151
1172;1149;1158
1158;1173;1172
1173;1158;1159
1150;1174;1171
1151;1174;1150
1151;1172;1174
903;904;905
1154;906;903
1153;906;1154
904;903;906
1153;1168;1175
1153;1175;906
1175;1168;1176
1176;1168;1169
907;908;909
1155;898;1177
1155;1177;1156
1157;1156;1178
1177;1178;1156
1178;1167;1157
1159;1160;1179
1173;1159;1179
1160;1180;1179
1162;1180;1160
1181;1161;1163
1180;1162;1181
1161;1181;1162
1163;1164;1182
1182;1181;1163
1164;1166;1183
1183;1182;1164
1167;1184;1165
1184;1166;1165
1184;1183;1166
910;911;896
911;897;896
912;913;914
913;915;910
912;915;913
911;910;915
893;897;916
893;916;895
900;895;917
917;895;916
911;915;918
911;918;897
919;916;897
919;897;918
209;213;214
208;213;209
215;216;214
215;214;213
203;205;217
203;217;206
218;217;205
218;205;211
219;206;217
208;206;220
208;220;213
219;220;206
221;222;223
224;216;225
215;225;216
223;224;226
226;224;225
221;223;226
210;227;211
210;212;227
218;211;227
66;89;67
71;89;66
90;91;68
67;90;68
67;89;90
92;91;93
90;93;91
70;69;94
70;94;95
70;95;71
71;95;96
71;96;89
228;227;212
72;229;212
72;73;229
228;212;229
76;230;73
230;229;73
77;97;74
74;97;75
75;97;76
97;98;76
98;230;76
99;100;87
88;87;100
101;99;102
101;100;99
103;78;82
103;104;78
78;104;77
77;104;97
80;86;105
80;105;82
103;82;105
88;106;83
83;106;86
107;105;86
107;86;106
88;100;108
106;88;108
109;108;100
110;111;102
101;102;111
112;110;113
112;111;110
114;115;116
115;117;113
114;117;115
112;113;117
1185;1167;1178
1185;1186;1167
1186;1184;1167
899;920;898
898;920;1177
921;899;902
921;920;899
917;922;900
901;900;922
901;922;902
902;922;923
921;902;923
905;924;907
904;924;905
908;907;924
1170;1187;1169
1170;1171;1187
1176;1169;1187
1171;1188;1187
1188;1171;1174
1172;1189;1174
1189;1172;1173
1190;1189;1173
1190;1173;1179
1188;1174;1191
1191;1174;1189
925;906;1175
904;906;926
904;926;924
926;906;925
1176;1192;1175
1176;1187;1192
925;1175;1192
927;928;929
909;930;929
908;930;909
927;929;930
908;924;931
908;931;930
931;924;932
932;924;926
920;933;1177
1177;933;1178
1185;1178;933
1190;1179;1193
1194;1179;1180
1194;1193;1179
1181;1182;1195
1180;1181;1195
1194;1180;1195
934;935;936
1183;1196;1182
1196;1195;1182
1186;1197;1184
1183;1184;1197
1197;1196;1183
937;938;914
912;914;938
939;940;937
940;938;937
912;938;941
912;941;915
918;915;942
942;915;941
919;943;916
917;916;943
917;943;922
942;944;918
919;918;944
919;944;943
698;699;700
700;701;939
699;701;700
940;939;701
231;213;220
215;213;232
215;232;225
231;232;213
218;233;217
218;227;233
217;233;219
219;234;220
219;233;234
220;234;231
222;235;236
221;235;222
237;238;236
237;236;235
239;240;241
238;242;241
237;242;238
239;241;242
221;226;243
221;243;235
225;244;226
225;232;244
243;226;244
233;245;234
233;227;246
228;246;227
245;233;246
96;118;89
93;90;119
90;89;119
118;119;89
120;92;121
93;121;92
120;122;123
122;120;121
121;93;124
119;124;93
125;123;126
126;123;122
127;128;129
94;130;95
125;131;127
126;131;125
128;127;131
95;130;132
132;96;95
133;96;132
133;118;96
133;134;118
228;229;247
228;247;246
230;247;229
98;248;230
248;247;230
97;104;249
98;97;249
98;249;248
135;249;104
129;136;137
136;129;128
137;138;139
138;137;136
140;141;142
141;143;116
140;143;141
114;116;143
144;139;145
138;145;139
142;144;146
145;146;144
140;142;146
147;136;128
111;148;101
101;148;100
109;100;148
109;148;149
107;150;105
105;150;103
103;150;104
135;104;150
106;108;151
107;106;151
107;151;150
109;152;108
149;152;109
108;152;151
112;117;153
112;153;111
111;153;148
114;143;154
114;154;117
155;153;117
155;117;154
928;945;934
927;945;928
935;934;945
1185;933;1198
1185;1198;1186
1199;1186;1198
1199;1197;1186
921;923;946
921;946;920
920;946;933
943;947;922
923;922;947
923;947;948
948;946;923
1187;1200;1192
1188;1200;1187
1188;1191;1200
1191;1189;1201
1190;1201;1189
1190;1193;1201
1202;1200;1191
1202;1191;1201
1203;1201;1193
925;949;926
925;1192;949
932;926;949
1204;949;1192
1204;1192;1200
927;930;950
927;950;945
950;930;951
951;930;931
932;952;931
932;949;952
951;931;952
946;953;933
1198;933;953
1203;1193;1205
1193;1194;1205
1194;1195;1205
1206;1205;1195
1196;1206;1195
954;955;956
936;957;956
935;957;936
954;956;957
935;945;958
935;958;957
958;945;959
959;945;950
1199;1207;1197
1197;1207;1196
1207;1206;1196
941;938;960
940;701;961
940;961;938
960;938;961
702;703;704
704;705;698
703;705;704
699;698;705
960;962;941
941;962;942
942;962;944
944;963;943
963;947;943
964;944;962
964;963;944
699;705;706
699;706;701
707;961;701
707;701;706
231;250;232
231;234;250
251;232;250
251;244;232
234;252;250
245;252;234
253;235;243
237;235;254
237;254;242
253;254;235
240;255;256
239;255;240
257;348;256
257;256;255
239;242;258
239;258;255
259;258;242
259;242;254
349;350;351
352;351;353
349;351;352
348;354;353
257;354;348
352;353;354
243;244;260
251;260;244
253;243;260
245;246;261
245;261;252
262;246;247
261;246;262
263;252;261
124;119;156
119;118;156
134;156;118
122;121;157
124;157;121
158;126;122
158;122;157
157;124;159
159;124;156
131;126;160
158;160;126
131;161;128
161;131;160
147;128;161
130;162;132
132;162;163
133;132;163
133;163;134
164;156;134
165;134;163
165;164;134
262;247;264
247;248;264
135;265;249
249;265;248
264;248;265
135;150;266
135;266;265
136;166;138
147;166;136
167;145;138
167;138;166
146;168;140
140;168;143
169;154;143
169;143;168
145;170;146
167;170;145
168;146;170
147;161;171
147;171;166
153;172;148
149;148;172
149;173;152
149;172;173
152;174;151
151;174;150
173;174;152
266;150;174
155;175;153
172;153;175
169;176;154
155;154;176
155;176;175
1198;953;965
1199;1198;965
1199;965;1207
948;966;946
966;953;946
947;963;967
947;967;948
968;948;967
968;966;948
1204;1200;1208
1202;1208;1200
1202;1209;1208
1202;1201;1209
1203;1209;1201
1210;1209;1203
1203;1205;1210
949;969;952
1204;969;949
1204;1208;969
951;970;950
951;952;970
959;950;970
952;971;970
971;952;969
966;972;953
972;965;953
1210;1205;1211
1205;1206;1211
1211;1206;973
1206;1207;973
955;974;975
954;974;955
975;976;977
976;975;974
954;957;978
954;978;974
978;957;979
979;957;958
959;980;958
959;970;980
979;958;980
965;972;981
965;981;1207
981;973;1207
708;709;710
710;711;702
709;711;710
703;702;711
707;982;961
961;982;960
960;982;962
712;713;714
713;715;708
712;715;713
709;708;715
716;717;714
712;714;717
718;716;719
718;717;716
719;720;721
718;719;721
703;711;722
703;722;705
706;705;723
723;705;722
982;983;962
964;962;983
964;983;984
964;984;963
963;984;967
723;724;706
707;706;724
707;724;982
350;355;356
349;355;350
357;358;356
357;356;355
359;360;361
358;362;359
357;362;358
360;359;362
251;250;267
250;252;267
251;267;260
268;267;252
263;268;252
253;269;254
253;260;269
259;254;269
270;255;258
257;255;363
257;363;354
270;363;255
259;271;258
259;269;271
258;271;270
349;352;364
349;364;355
354;365;352
354;363;365
364;352;365
260;272;269
260;267;272
261;262;273
263;261;273
262;264;273
263;274;268
274;263;273
159;156;177
164;177;156
157;178;158
158;178;160
159;178;157
159;177;178
160;179;161
160;178;179
161;179;171
162;180;163
163;180;181
165;163;181
165;181;182
164;165;182
164;182;177
264;265;275
273;264;275
265;266;276
276;275;265
266;174;277
277;276;266
278;275;276
167;166;183
167;183;170
166;171;183
168;170;184
168;184;169
169;184;176
185;184;170
185;170;183
182;279;177
171;179;186
171;186;183
172;175;280
173;172;280
173;280;174
280;281;174
281;277;174
176;184;187
175;176;187
175;187;280
518;725;519
520;521;522
522;523;519
521;523;522
518;519;523
968;985;966
985;972;966
967;984;986
968;967;986
968;986;985
1208;987;969
1208;1209;987
1209;988;987
1210;988;1209
1210;1211;988
971;969;989
989;969;987
970;990;980
971;990;970
971;989;990
991;985;986
985;992;972
991;992;985
972;992;981
988;1211;993
1211;973;993
993;973;994
973;981;994
981;992;994
995;996;997
977;998;995
976;998;977
996;995;998
999;974;978
976;974;1000
976;1000;998
1000;974;999
979;1001;978
979;980;1001
999;978;1001
980;1002;1001
1002;980;990
1003;726;727
366;367;368
361;369;366
360;369;361
367;366;369
370;371;372
368;373;370
367;373;368
371;370;373
372;374;375
371;374;372
376;377;375
376;375;374
377;378;379
376;378;377
380;379;381
381;379;378
382;383;380
382;380;381
383;384;385
382;384;383
386;387;385
386;385;384
388;389;390
387;391;390
386;391;387
388;390;391
524;525;526
527;528;525
527;525;524
528;529;530
527;529;528
530;531;532
531;530;529
532;533;520
531;533;532
521;520;533
709;715;728
709;728;711
729;722;711
729;711;728
982;724;730
730;983;982
731;732;720
721;720;732
733;731;734
733;732;731
725;735;734
518;735;725
733;734;735
712;717;736
712;736;715
728;715;737
737;715;736
736;717;738
732;739;721
721;740;718
718;740;717
740;721;739
738;717;740
729;741;722
723;722;741
723;741;724
983;730;1004
1004;984;983
984;1004;1005
1005;986;984
724;741;742
742;730;724
743;730;742
743;1004;730
392;355;364
357;355;393
357;393;362
393;355;392
360;362;394
360;394;369
394;362;395
395;362;393
272;267;282
268;282;267
283;282;268
283;268;274
271;269;284
272;284;269
270;285;363
270;271;285
396;363;285
396;365;363
285;271;286
286;271;284
364;365;397
396;397;365
392;364;397
272;287;284
282;287;272
274;288;283
274;273;288
273;275;288
177;279;188
178;177;188
179;188;186
178;188;179
180;189;181
181;189;289
182;181;289
182;289;279
290;279;289
278;291;275
291;288;275
292;277;281
276;277;293
292;293;277
278;276;293
278;293;294
278;294;291
185;183;190
190;183;186
185;295;184
185;190;295
184;295;187
290;296;279
296;188;279
188;296;297
297;186;188
186;297;190
292;281;298
299;280;187
281;280;299
298;281;299
295;300;187
299;187;300
518;523;534
518;534;735
521;533;535
521;535;523
534;523;536
536;523;535
997;1006;1003
996;1006;997
726;1003;1006
1005;1007;986
1008;1007;1005
991;986;1007
1009;1007;1008
987;1010;989
987;988;1010
988;993;1010
1011;990;989
1011;989;1010
1002;990;1012
1012;990;1011
991;1007;1013
991;1013;992
1014;994;992
1014;992;1013
1015;1010;993
993;994;1015
1016;1015;994
1016;994;1014
996;998;1017
996;1017;1006
1017;998;1018
1018;998;1000
999;1019;1000
999;1001;1019
1018;1000;1019
1001;1020;1019
1002;1020;1001
1002;1012;1020
727;744;745
726;744;727
745;746;747
746;745;744
726;1006;748
726;748;744
748;1006;1021
1021;1006;1017
367;369;398
367;398;373
398;369;399
399;369;394
371;373;400
371;400;374
400;373;401
401;373;398
402;374;400
376;374;403
376;403;378
402;403;374
378;404;381
378;403;404
381;405;382
382;405;384
405;381;404
406;407;408
389;409;408
388;409;389
406;408;409
410;384;405
386;384;411
386;411;391
411;384;410
388;391;412
388;412;409
412;391;413
413;391;411
537;538;539
407;414;537
406;414;407
538;537;414
540;541;542
543;544;545
544;546;540
543;546;544
541;540;546
539;547;545
538;547;539
543;545;547
542;548;549
541;548;542
549;550;551
550;549;548
552;553;526
524;526;553
554;552;555
554;553;552
551;556;555
550;556;551
554;555;556
747;749;750
746;749;747
553;557;524
527;524;558
527;558;529
558;524;557
559;529;558
531;529;560
531;560;533
559;560;529
561;535;533
561;533;560
737;751;728
728;751;729
729;751;741
733;735;752
733;752;732
732;752;739
753;752;735
753;735;534
738;754;736
736;754;737
737;754;751
755;739;752
740;739;756
739;755;756
738;740;756
738;756;754
751;754;757
751;757;741
742;741;758
758;741;757
743;759;1004
1004;759;1005
1008;1005;759
758;760;742
743;742;760
760;759;743
1008;759;761
1008;761;1009
536;562;534
753;534;562
392;415;393
392;397;415
395;393;415
395;416;394
395;415;416
399;394;416
282;301;287
283;301;282
283;288;301
302;284;287
286;284;303
302;303;284
396;285;417
286;417;285
396;417;397
286;303;417
418;415;397
418;397;417
302;287;304
287;301;304
301;288;305
291;305;288
306;289;189
289;306;307
290;289;307
290;307;308
290;308;296
291;294;309
305;291;309
292;298;310
292;310;293
293;310;294
294;310;311
311;309;294
190;297;312
190;312;295
295;312;300
296;308;313
296;313;297
297;313;312
299;300;314
298;314;310
298;299;314
315;314;300
315;300;312
561;563;535
535;563;536
536;563;562
1022;1013;1007
1009;1022;1007
1009;761;1023
1009;1023;1022
1011;1024;1012
1011;1010;1024
1010;1015;1024
1025;1020;1012
1025;1012;1024
1013;1022;1026
1014;1026;1016
1014;1013;1026
1015;1027;1024
1016;1027;1015
1016;1026;1027
1018;1028;1017
1018;1019;1028
1021;1017;1028
1029;1028;1019
1029;1019;1020
1029;1020;1030
1025;1030;1020
762;744;748
746;744;763
746;763;749
762;763;744
1021;1031;748
1021;1028;1031
762;748;1031
764;750;749
750;764;765
399;419;398
399;416;419
401;398;419
401;420;400
401;419;420
402;400;420
402;421;403
402;420;421
422;403;421
422;404;403
405;404;423
404;422;423
410;405;423
406;409;424
406;424;414
424;409;425
425;409;412
410;426;411
410;423;426
413;411;426
413;427;412
413;426;427
425;412;427
538;414;564
538;564;547
564;414;428
428;414;424
541;546;565
541;565;548
543;547;566
543;566;546
565;546;567
567;546;566
566;547;568
568;547;564
569;548;565
550;548;570
550;570;556
569;570;548
554;556;571
554;571;553
553;571;557
572;571;556
572;556;570
766;749;763
764;749;767
766;767;749
573;557;571
558;557;574
557;573;574
559;558;574
560;559;575
559;574;575
561;560;575
561;575;563
757;754;768
753;769;752
753;562;769
755;752;769
756;770;754
768;754;770
755;769;771
755;771;756
771;770;756
768;772;757
758;757;772
758;772;760
759;760;773
760;772;773
759;773;761
761;773;774
1023;761;774
562;563;576
562;576;769
415;429;416
418;429;415
416;430;419
430;416;429
316;304;301
316;301;305
302;304;317
302;317;303
431;417;303
431;303;317
418;417;432
418;432;429
431;432;417
304;318;317
316;318;304
305;309;319
316;305;319
316;319;318
320;307;306
307;320;321
307;321;308
308;321;322
308;322;313
309;311;323
309;323;319
314;324;310
311;310;324
325;323;311
325;311;324
313;322;326
313;326;312
315;312;326
315;326;327
315;327;314
324;314;327
563;575;577
576;563;577
1023;774;775
1023;775;1022
1022;775;1026
1032;1026;775
1025;1033;1030
1025;1024;1033
1033;1024;1027
1034;1033;1027
1034;1027;1026
1032;1034;1026
1028;1035;1031
1029;1035;1028
1029;1030;1035
1036;1035;1030
1036;1030;1033
762;776;763
762;1031;776
766;763;776
777;776;1031
777;1031;1035
765;778;779
764;778;765
764;767;778
780;781;779
780;779;778
419;433;420
430;433;419
421;420;434
434;420;433
782;778;767
783;781;784
780;784;781
422;421;435
421;434;435
422;435;423
436;426;423
436;423;435
437;426;436
425;438;424
425;427;438
424;438;428
427;426;439
427;439;438
437;439;426
428;578;564
428;438;578
564;578;568
567;579;565
569;565;579
568;580;566
568;578;580
566;580;567
567;580;579
569;581;570
569;579;581
570;581;572
572;582;571
572;581;582
573;571;582
1032;785;1034
766;786;767
766;776;786
782;767;786
582;583;573
573;583;574
584;575;574
584;574;583
585;575;584
585;577;575
768;770;787
768;787;772
769;788;771
576;788;769
770;771;789
787;770;789
788;790;771
790;789;771
787;791;772
791;773;772
773;791;792
792;774;773
774;792;793
774;793;775
577;586;576
788;576;586
429;440;430
430;440;433
429;432;440
441;317;318
431;442;432
431;317;442
441;442;317
442;443;432
432;443;440
441;318;444
328;318;319
444;318;328
329;319;323
328;319;329
330;321;320
321;330;331
321;331;322
322;331;332
322;332;326
325;333;323
323;333;329
324;327;334
325;334;333
325;324;334
332;335;326
327;326;335
327;335;334
585;587;577
586;577;587
785;1032;794
794;775;793
1032;775;794
1036;1033;1037
1034;1037;1033
785;1037;1034
777;1035;795
1036;795;1035
1036;1037;795
786;776;796
777;796;776
777;795;796
780;778;797
780;797;784
782;797;778
782;798;797
782;786;798
799;783;800
784;800;783
801;802;799
801;799;800
445;433;440
446;434;433
446;433;445
434;447;435
446;447;434
803;802;804
802;801;804
805;806;803
805;803;804
806;807;808
806;805;807
808;809;810
809;808;807
800;784;811
784;797;811
436;435;448
437;436;448
435;447;448
437;449;439
437;448;449
578;438;450
450;438;451
439;451;438
439;449;451
580;578;588
450;588;578
589;581;579
579;580;590
590;580;588
589;579;590
582;581;591
582;591;583
589;591;581
785;812;1037
785;794;812
798;786;813
813;786;796
591;592;583
584;583;593
584;593;585
583;592;593
585;593;587
789;814;787
814;791;787
790;788;594
586;594;788
794;815;812
815;794;793
594;816;790
790;816;789
789;816;814
817;792;791
814;817;791
818;814;816
818;817;814
792;817;819
819;793;792
820;793;819
820;815;793
587;595;586
594;586;595
445;440;452
452;440;443
442;453;443
441;453;442
444;453;441
454;443;453
454;452;443
444;328;455
444;455;453
328;329;456
455;328;456
336;329;333
329;336;456
331;330;337
331;337;338
331;338;332
332;338;339
332;339;335
333;334;340
333;340;336
339;341;335
341;334;335
340;334;341
810;821;822
810;809;821
823;822;821
822;823;824
596;587;593
596;595;587
825;795;1037
825;1037;812
813;796;826
796;795;826
826;795;825
798;827;797
811;797;827
827;798;828
828;798;813
801;800;829
801;829;804
800;811;829
445;457;446
446;457;447
445;452;457
447;458;448
447;457;458
805;804;830
805;830;807
804;829;830
809;807;831
809;831;821
807;830;831
811;832;829
832;811;827
448;458;459
449;448;459
449;460;451
449;459;460
450;451;461
450;461;588
451;460;461
590;588;597
588;461;597
589;590;598
589;598;591
590;597;598
591;598;592
592;598;599
812;833;825
812;815;833
828;813;834
834;813;826
593;592;600
599;600;592
596;593;600
816;594;601
595;601;594
815;835;833
820;835;815
601;836;816
818;816;836
818;836;837
818;837;817
819;817;837
819;837;838
820;819;838
820;838;835
596;600;602
596;602;595
595;602;601
452;462;457
454;462;452
453;455;463
454;453;463
454;463;462
455;456;464
464;463;455
456;336;465
464;456;465
336;340;466
336;466;465
338;337;342
342;343;338
343;339;338
343;344;339
339;344;341
345;341;344
340;341;345
345;466;340
824;823;839
823;821;840
823;840;839
821;831;840
824;839;841
842;841;839
834;826;843
826;825;843
843;825;833
844;830;829
845;827;828
832;827;845
846;845;828
846;828;834
847;829;832
844;829;847
847;832;848
848;832;845
458;457;467
462;467;457
468;459;458
458;467;468
849;831;830
844;849;830
850;840;831
850;831;849
459;469;460
459;468;469
460;470;461
470;460;469
603;461;470
597;461;603
597;604;598
604;597;603
599;598;604
605;603;470
606;599;604
606;607;599
607;600;599
843;833;851
851;833;835
846;834;852
834;843;852
843;851;852
608;602;600
607;608;600
836;601;609
601;602;609
835;853;851
835;838;853
609;610;836
610;837;836
610;854;837
838;854;853
838;837;854
608;611;602
609;602;611
462;463;471
462;471;467
472;463;464
471;463;472
464;465;473
473;472;464
465;466;474
474;473;465
466;345;475
475;474;466
343;342;346
346;347;343
344;343;347
347;476;344
344;476;345
476;475;345
839;855;842
839;840;855
840;856;855
856;840;850
612;855;856
842;855;857
842;858;841
857;858;842
844;847;859
844;859;849
845;846;860
848;845;860
846;852;860
848;861;847
848;860;861
859;847;861
862;612;856
467;471;477
477;468;467
468;477;478
478;469;468
849;863;850
863;849;859
850;864;856
864;850;863
862;856;864
479;469;478
470;469;480
605;470;480
479;480;469
605;613;603
606;604;613
604;603;613
605;480;614
605;614;613
606;613;615
607;606;615
607;615;608
860;852;865
852;866;865
866;852;851
851;853;866
615;616;608
611;608;616
610;609;617
611;617;609
853;854;867
867;866;853
618;867;854
617;618;610
854;610;618
617;611;619
616;619;611
471;472;481
481;477;471
473;482;472
481;472;482
473;474;483
483;482;473
474;475;484
484;483;474
475;476;485
485;484;475
347;346;486
486;487;347
476;347;487
487;485;476
620;612;862
621;612;620
622;857;855
622;855;612
623;622;612
621;623;612
857;622;624
858;857;625
624;625;857
861;868;859
863;859;868
861;860;869
860;865;869
868;861;869
620;862;626
870;862;864
626;862;870
477;481;488
488;478;477
489;478;488
479;478;489
864;863;871
871;863;868
870;864;871
479;489;490
479;490;480
614;480;490
615;613;627
614;627;613
628;627;614
628;614;490
627;629;615
616;615;629
872;869;865
865;630;872
865;866;630
866;867;630
629;631;616
619;616;631
618;617;632
619;632;617
633;630;867
632;633;618
633;867;618
634;632;619
634;619;631
481;482;491
491;488;481
482;483;492
492;491;482
483;484;493
493;492;483
484;485;494
494;493;484
485;487;495
495;494;485
487;486;496
496;495;487
635;620;626
621;620;636
620;635;636
623;621;637
621;636;637
624;622;638
623;637;638
623;638;622
635;626;639
625;624;640
624;638;640
869;872;641
868;869;641
871;868;641
626;642;639
870;871;642
870;642;626
871;641;642
488;491;497
497;489;488
489;497;498
489;498;490
643;641;872
498;644;490
628;490;644
629;627;645
628;644;645
628;645;627
629;645;646
631;629;646
647;872;630
643;872;647
647;630;648
648;630;633
649;631;646
634;631;649
650;648;633
650;633;632
634;649;650
634;650;632
651;639;642
491;492;499
499;497;491
492;493;500
500;499;492
493;494;501
501;500;493
494;495;502
502;501;494
495;496;503
503;502;495
635;652;636
635;639;652
637;636;653
636;652;653
638;637;654
637;653;654
640;638;655
638;654;655
652;639;656
639;651;656
651;642;657
641;643;657
642;641;657
497;499;504
504;498;497
505;498;504
498;505;644
643;658;657
643;647;658
659;644;505
644;659;645
646;645;660
660;645;659
660;661;646
649;646;661
647;662;658
647;648;662
648;663;662
661;663;649
648;650;663
650;649;663
651;664;656
651;657;664
499;500;506
506;504;499
500;501;507
507;506;500
501;502;508
508;507;501
502;503;509
509;508;502
665;653;652
652;656;665
666;654;653
653;665;666
655;654;667
654;666;667
656;668;665
656;664;668
664;657;669
657;658;669
506;510;504
504;510;505
670;505;510
505;670;659
671;669;658
658;662;671
670;672;659
660;659;672
673;661;660
673;660;672
673;674;661
674;663;661
671;662;675
674;675;663
662;663;675
676;668;664
664;669;676
506;507;511
510;506;511
507;508;512
512;511;507
508;509;513
513;512;508
677;666;665
665;668;677
667;666;678
666;677;678
677;668;679
668;676;679
676;669;680
669;671;680
511;514;510
670;510;514
514;681;670
672;670;681
682;680;671
671;675;682
672;681;683
673;683;674
673;672;683
684;682;675
674;683;684
675;674;684
679;676;685
676;680;685
511;512;515
514;511;515
512;513;516
516;515;512
686;678;677
677;679;686
687;686;679
679;685;687
688;685;680
680;682;688
515;689;514
514;689;681
689;690;681
683;681;690
691;688;682
682;684;691
684;692;691
690;692;683
684;683;692
687;685;693
685;688;693
515;516;517
689;515;517
694;693;688
688;691;694
689;517;695
690;689;695
690;695;696
692;690;696
691;697;694
696;697;692
691;692;697
% Data (solid.pmGp (N/m^2))
-563832.4041591807
-403052.961713925
-1860585.8271133176
-1600806.8396982776
4144208.26850039
1.2654795378676439E7
2.0039520439011272E7
-453588.8896437056
-431776.0258316325
-455534.4364628468
-1135347.3530040083
3934397.4699005354
3624912.8426171257
9296733.445902387
3635254.646977338
-355405.0514885109
-383361.5371867053
-385953.0533911882
-409159.1130576955
-360481.84302237583
-393265.89923473407
-353847.17730680463
-373551.24405107106
-1021924.8584571928
-398086.07129723235
-428254.78479072906
-837799.8387158578
3178042.4730393155
7343477.908069673
2636526.628755794
3013252.352552701
2736970.706790507
2369848.703810402
-315696.8839307618
-331247.88799519907
-316229.01502261613
-302191.12224801915
-707032.4035843653
-269825.78627405583
-664112.9656203812
-294762.40161306463
-572555.0313366539
-182811.65094979014
-206309.26298932717
-426152.3463284312
2360830.0721677965
2437368.4697312494
5705201.458978546
2358908.902245593
2112429.416680262
1984608.744582965
-283327.72203903395
-261485.88713539625
-249641.99969471208
-221269.00219978337
-216537.3602961856
-100434.95760435928
-305280.66380867804
-109200.99638985554
-167874.52499405463
-139827.26526315304
-88950.530483338
-30008.613855680447
-6299.540559435457
15723.81244550334
1849905.4970628973
1588989.1178458314
4443737.329007336
1909101.0526919707
1742208.1320797037
1596337.8020962
-236452.775115252
-187524.46933570714
-68265.67894269225
-97406.61893617045
-120060.1227901799
-29466.985465942544
20.689092915898414
233333.19818975148
88211.1827746993
136391.9347649564
32124.46099261709
159814.28801807866
367780.617867571
455929.30848309543
112195.09962055292
532788.4912925035
205118.8417928356
1448472.127985909
1611578.7484985988
3804216.1670157984
3398314.110598136
1336353.462370078
1576276.1605680948
1447265.3708933282
1319136.5892050352
-56024.02278786781
-80752.64851398913
649799.6498580904
217066.03654207665
333293.31880655774
820281.7164202165
32689.528358324565
5086.09301570452
73771.49625521601
139471.106824839
111541.98506561322
171018.68843656473
206862.01069009205
863176.2603601023
274438.5046512511
404714.3256791227
978737.9643239942
504822.78550283686
1107978.383039385
1290611.6379224807
343416.4946605324
1172758.9261168593
1202776.6312455887
2793835.646183139
1036045.5971568691
1019727.6247148224
2568989.0856042397
1027773.5548103756
2417931.140631312
925222.7854996639
2322054.3943597395
815424.2078173183
1915967.97572633
1313866.9076744097
838481.8238793672
1226852.4765790796
1160840.3830394254
1035677.009482223
22991.551692304995
742225.393957912
1748315.821882176
605814.5987120795
1833781.6860478397
647690.4521271443
1356609.8646432434
1573964.191948292
398487.11178382195
1676659.1978125395
618759.5696452308
424105.08598218346
680405.8648434968
242939.59788536682
204027.11465117225
71308.146942697
131677.64486060422
172852.610300647
290559.17940189404
378281.8162210023
346805.0039011774
971869.7907904641
899118.3330292035
849493.8924929913
884343.6327040696
762023.6766879413
731204.7301566115
1118707.5912864925
1031147.6571820421
919398.090854313
949492.4950810289
606845.6693073971
568101.023442846
455514.3676787752
407501.1730860518
482091.7836562099
605214.4097184367
242220.02119460845
195676.6761575198
139822.48616520976
292126.79023426236
347316.0264756393
799184.5243581805
779750.3681180842
682514.654482395
971091.9727190085
891134.7715463889
826233.2386013825
528305.931861168
396382.8039238138
460414.59895208507
565088.0528458116
310713.57999017736
650803.0067332381
846814.425658146
479447.9727522183
-375910.56004905264
-369522.9048420303
-336809.47303931025
-363441.4928597405
-333605.13975354785
-320247.26056675246
-357118.03516119043
-325295.05955722457
-350885.9714064557
-296102.6171536313
-279528.71119274985
-344360.056531904
-313351.8673648273
-337007.01395303203
-310108.215404504
-297502.6147705932
-329599.7734145628
-299040.4905562621
-321401.1168268395
-277016.2908122878
-289437.2201295592
-241026.73470203063
-281959.7798145913
-312670.1203167042
-284338.2574196105
-303832.76989364304
-274770.53217670793
-268076.3066309425
-256986.37924841707
-261703.00666370522
-262492.18015972176
-274612.21552583954
-284328.67288336763
-294172.9131631273
-268582.2872233907
-264966.4133608957
-235442.22018506454
-187313.3239477735
-177900.6120078454
-124670.7753098692
-242618.59396500263
-245489.2990823039
-226222.39050360318
-217524.49678367306
-243706.01286889907
-263914.55521172466
-239806.17203134653
-253286.2916368592
-218747.60072639823
-230603.7995956088
-242246.0170023339
-222252.47407903962
-234985.7952752694
-235610.9113809908
-174724.02355217707
-165883.4549382998
-116726.5228867925
-73262.49868346112
-32713.77664643395
-204748.14700943817
-212038.37232866875
-153969.44489888762
-213587.61499630823
-213430.17037842292
-201928.56388851575
-219369.34992948594
-197559.25699475076
-194819.83145413184
-194930.30627130475
-193433.07378718877
-116751.21381327831
-98272.03483175412
-98398.46899268316
-55401.76305255699
2007.1485982032593
70534.8906396375
-159099.08753039976
-107669.16935175216
-176900.9604000967
-176201.85833692906
-162502.5469822274
-139685.13716710926
-50878.81030321531
-68609.6723384215
8089.677804464174
63664.91274384348
117680.75514229397
67647.19973588866
708979.3378586174
217131.82738755943
181049.5451887313
-97096.99716089388
-68191.31847434155
-122206.479071961
-147853.12121522118
-126069.69387227324
-83697.26938144003
-19067.539900538974
756410.0370094705
663583.8519169964
37836.74173810375
154331.20535201218
109642.70553039387
103217.33360773172
391900.65835246985
610671.7893070228
534199.4565726214
203753.29788817887
259678.42706254424
325529.1376064058
-39307.920483636255
-75828.76701930995
-88612.3572704222
-40120.457551047606
25513.80958541673
742584.1461246259
656503.1675570487
585771.2163463259
84661.76857741387
171720.18990719746
149724.02618646217
423054.3162608695
506404.91288448585
257137.19670566442
338703.0405088017
1101.7058885235529
-40951.46330028728
9714.829124581518
58758.91185510292
657625.7917563693
580385.44668704
501792.47152733506
126497.6027685259
225332.14958796013
183049.99585548328
405723.3098569884
302214.85782987514
61959.16030867505
115926.9810941574
576535.2273725163
504454.7494810548
422892.40128194675
180199.1059773986
249066.48327086627
338052.13210459036
159796.45781874264
504204.473629438
437349.12272529583
362908.4357991956
223482.87899666364
290737.18423164083
441228.5379451462
378080.2560210079
313458.49058928405
252194.86899021154
388120.62995030714
330279.7258260784
-207712.55081906202
-169304.34960740534
-171844.1114940308
-184467.56186683025
-175225.10049674255
-195870.13514080513
-181683.66546656328
-151781.49384114525
-160349.67946845086
-144779.83593586448
-147520.7450489403
-135970.77204859446
-121354.28924032145
-123156.56939825493
-128370.09814347555
-171211.10852658926
-152223.2022456988
-158418.72549763494
-111402.54175299709
-98081.45011877763
-98814.82817001773
-106164.67096942954
-86970.91182876885
-74344.48440652233
-74041.65453188801
-84147.64956285061
-60970.49644338745
-62395.19286561199
-50784.351053627324
-49939.893184937326
-39266.09708284087
-38125.46972770066
-25858.212800892234
-28449.388302249437
-20125.967320561744
-14690.337193431551
-7773.741581260197
-2291.396918702865
2542.253697499328
8814.339669795809
24137.488416976863
31148.318579554365
20350.946706567574
13292.053812007938
-134203.59162094528
-129227.4209767349
-109300.47692705564
-113851.30996431888
-146563.37977002966
-126742.22474371406
-88429.11687703326
-94018.81131030897
-66991.2786713087
-73861.33669369694
-53189.35927134157
-42924.40283971444
-29465.667447954795
-18460.479431717325
44600.36913578598
52474.465382519644
42321.07884803102
33198.259479037435
-7184.835430969115
2508.452215375604
21863.31277665298
12743.703497889714
52343.2568179152
-108199.04806899121
-91487.95069468216
-106162.66490852498
-97394.03328687037
-73818.77837982378
-55963.94201641293
-38906.74427972969
-30236.77637252945
-14239.763902139177
40265.83426278343
29348.653187047614
4753.402288371642
19915.967612235443
47729.324855638275
-76032.43664909048
-67431.53376568349
-64173.131356429265
-59790.22064446368
-45335.54608679255
-32384.115124845863
-18375.554192338048
-4025.396323482861
7986.660232340777
34788.819706894064
20730.193399837168
-43834.185438565975
-3038.433852430163
-26381.2385268334
-19367.419976423746
28826.324568890057
-25040.244081127807
-25198.56776811254
-9977.202851640674
3241.0527955304497
18172.7274392601
41747.28073317893
30181.063618628395
-9514.028470782478
16707.483569269894
9164.070156143254
58458.11522363513
103534.69060025696
-4037.51409118507
9488.282629404232
19404.836168453607
28105.1664930597
39873.357446648944
21097.987194191937
46327.86636841024
91059.4209010896
137844.00869731462
193627.08824754014
25000.5209875141
26800.674486570013
30937.867260346928
34360.83386462662
46232.727177312925
77831.75806880601
117842.91139108581
164494.27287243953
216327.9461256706
271826.47092517494
43124.037889415355
38743.57844818379
36744.01046429945
33814.71725175136
67419.82175734302
98981.98983602734
138148.0777635272
183467.5501327565
233383.85819558255
340952.61069013923
286592.2736165137
56424.52567941812
44584.1375990778
34330.12956304081
80385.07890583389
112488.46056666334
151484.11907290886
196114.71367500443
244936.30596603392
296222.2360907044
62560.06426392095
43229.589578207015
87049.60026831584
119720.82470738619
159097.30991846192
203958.11431602156
252538.24953554032
61394.52170992416
36419.41793392279
87308.33260850502
121191.22465270276
162150.42104192244
208275.39182136432
54798.23480498256
82041.53348388201
118479.42341671455
162459.68264755342
41811.785738538965
72521.54847463642
113291.24667996773
59715.951224992525
147651.12122577376
157105.26433129344
155229.27021368349
145765.83686401273
156761.0920334181
143891.9507901699
132120.83913490214
143931.7963229633
139987.64285040557
137873.01695411315
148039.79848914756
136174.52153893578
150841.30168229342
142182.99271580242
153649.82045205953
141324.54609330688
136096.6095938835
133006.10694761827
130692.02581576095
63190.2137162028
63051.07129025975
72719.65413402427
100169.49950612725
96532.87625633531
107652.44465464372
80932.36447256836
91028.01538005467
82505.81580236141
86795.75540692791
70297.45111025496
101103.25434769285
115569.75058832152
110329.21817363621
122418.47065841309
134472.6790121202
125154.74792823842
123010.17207089346
128781.32873066979
113583.16490766662
117699.35602760786
124912.04115448827
123361.63175265487
129451.6596969767
127318.47084178375
122027.3866799618
117782.7138625098
57184.25209158277
88011.04134886875
73087.14895053784
78297.68371978772
63237.168793199235
90964.09975600129
100202.91833996738
110906.15667994271
101661.03038993046
106350.23812948629
108873.96776111054
111711.79988245186
105524.84248809
98967.35314674693
50848.86504027223
77095.68861136919
64572.60849416438
87428.13832559498
95465.83931978697
89121.16146123005
96887.87331887943
93685.22766681117
86003.16061860205
81735.58980818103
51517.69186949285
73972.34743392529
61523.484650579
78817.05936037759
68646.60329813097
78104.94907050979
75752.9432617995
66618.95530630946
66378.99626566302
50579.01135310451
61781.12849919724
52644.977359516684
55973.25704291244
54600.59317861137
48152.66423244717
40317.47216207485
45779.012909885794
34883.68414164775
41068.48522876171
42460.394796421955
36413.2043401468
33566.10412828431
17692.5236152625
25511.01698888216
-176989.31652678596
35141.24042870869
30791.589672191043
28538.93612329249
16012.4933932119
10624.216403547041
-5295.792406050392
4151.140350725384
-226651.33358652183
-292629.73963446607
-165477.8455015236
-309637.71785782225
-414152.5014302172
684911.2145207716
-196259.96808843897
22310.87991509004
24817.52392989107
10739.147213107186
-54211.41191585818
-3676.266262781326
-11497.363283244364
-31502.123549306092
-13481.487717068894
-257982.22253977292
-316622.50030279695
-398326.79134140816
-447427.00814348133
-241092.50589155397
-538945.4872757122
-117927.50344629887
-173405.1675867303
-119073.23119031805
26678.175927023298
11169.87819969756
-8246.790949722279
-93590.24088268813
-64029.97546676622
-23429.253579253767
-31741.927974056078
-230427.18548313767
-309082.17035189085
-405203.06412475434
-578446.9843588414
-1213798.4895085876
-288682.99521179975
-176340.56050817162
-135570.42231049508
12173.402562178753
-9040.83389660973
-34495.917405379354
-101251.3954389923
-60101.13757937235
-241560.2530066379
-380347.73825531086
-527463.6400966063
-772520.0648190953
-323404.0339596263
-197250.436115743
23033.732101872938
-150855.54958155702
-10603.216433995605
-33117.588098132095
-64339.206445771044
-104261.24675322295
-268939.02610980807
-435081.6365279962
-602460.387712801
-357582.65204125975
-212275.64522826578
859.2042624772257
-157535.21812290567
-44448.54268032966
-102460.27241028089
-288079.53927656804
-470453.37245661934
-379799.10400718596
-218810.61116807922
26029.01660471914
-29468.07544682689
-155298.36168642098
-88164.04779793213
-293091.5648778948
-214518.03022426149
-184.97597332780302
-67950.95217913637
-142713.87094063257
125127.40294537357
117600.4010180423
120779.0590387786
112280.25304226427
133228.30634638772
125088.47485280587
129170.9667102509
119567.50968102233
110655.41724511218
104496.35107029867
140659.08702645104
131983.19707612277
136797.9047474374
126531.93543693292
138225.91131026362
143747.4397580831
147038.34556912837
132406.52419751327
149694.70992317869
138257.7182575573
144136.06352484634
152252.0953833606
153979.00275517968
143424.60577178016
117331.76584069408
110863.39834440578
100170.8330640362
157317.22436446385
7813.436997514919
11712.62302557128
123450.26192915351
117855.25314651211
83727.61328197928
155754.07424523143
142253.05345070167
146507.31039045833
156638.29983491095
143787.92892139527
128277.51356814122
122299.29165905295
126682.42098091546
131759.85901378465
133436.4711650588
105614.72321911657
88296.9837728879
76924.32159986744
9762.772040094962
16735.14316903494
14882.035951039206
21465.985401018606
4829.501921324238
16350.341882360259
27433.59891942001
112381.39024050458
131720.9473298318
130809.7867204709
112865.30719706722
121268.5288913191
117947.62199935934
96126.5733536429
88950.89059616605
61328.19965263105
75069.11411054047
47523.78504902399
5543.024148920507
9071.105805049232
23005.993107455193
33914.179532379756
8770.818427497372
13466.949490434576
91990.51360521185
116299.90974067767
96804.23472496314
102656.31174994803
78436.59716706128
57031.38170427501
37409.81505838228
26755.4222408249
3129.514264182743
-441.68735118605554
24079.805006130668
41954.60109530779
33646.61681537887
50975.03526934211
10928.490828628852
61866.89075029005
34235.54811312706
10420.625261304598
3598.0574751886243
79733.50467392254
94518.49122546345
80394.08538661651
84008.05715751639
60300.72329526151
40640.13274653411
24571.608349592872
15285.97029040053
-1361.5017995895334
-2525.5036918939704
15474.181016746052
1637.9248304439882
74430.94096695122
38966.11446665764
56258.116125017616
90613.17871026667
106946.68628065137
60476.0850481574
79880.89670591429
126522.28997090877
84423.37232250361
150666.1115458988
104412.66404719574
176896.79577126997
15224.005779684803
4832.524090466338
-5490.211379829093
61549.265791677164
9791.181569572902
63509.95394190185
43279.68618969644
47216.36885789594
26482.130071571544
13726.091504218397
107350.6884830719
208509.5998967086
133434.42234126726
252204.82162624225
-2447.4761463961477
-6883.094094068593
-1928.5679315091045
-11118.119253554643
18688.991971804116
28659.930423976177
32495.70040573692
-7171.507685827951
-2444.4241926206105
-13955.394474042309
622.9177943282416
40313.82464472295
26325.94183957999
10152.80846739513
118540.42569609628
12121.522480343543
302013.50649812905
144253.7730496699
-11300.286961181186
-7518.902094570008
-20115.442921002104
-23084.760139418795
-18391.68776905572
-27914.01198650489
-17700.0858603356
-36215.95325246127
-13884.550565505948
-27219.629033995272
-8294.240410136937
2911.859775908508
-33952.87080898327
-85289.83962124017
-10763.288108714778
392765.0527309764
-41679.023480843054
-41243.008706158646
-50107.138235556944
-148679.63817557934
-65363.731511756014
-100976.00390299254
-51071.37497461128
-28178.30127433923
-21311.106113936567
-77519.00848819084
-71431.86270842612
-146391.1385704382
-112107.76567364168
-82048.69032313842
54986.95119378479
58719.39826341433
62383.88026521737
58067.62388833363
66370.59897928634
62098.879968081994
70101.19989729319
65558.54773046951
74299.7755879247
69868.36222869699
52887.51933673895
54835.55215417566
59527.80417026049
82484.95105348597
77718.50313149249
78142.72250934086
72976.20970969865
61872.73925940035
66753.60571786274
90904.11498300114
85707.50747460414
86426.78163465361
80698.97665319701
94885.63716142876
88640.7933654573
48766.925311373096
54958.51063653708
74062.5893408348
68908.47459623373
62005.25644617134
-18235.684660574494
-16246.71917971159
-17352.31876720039
-16398.98610630747
-16492.48691105029
-14372.251141185134
-15314.091895031457
99340.72168947523
93806.07264612461
101945.54046062946
103603.32664167351
108095.79718995256
96592.72412905682
81768.68127887206
76139.07958545393
89319.07673085098
83873.48252463379
46201.024260216545
53830.19027929775
68536.41909619498
57647.970204651145
-14787.325208263679
-14247.185293539165
-14183.167849904754
-12340.773036925213
-12817.310946514888
-14296.390633370147
-12961.296904547706
-12651.706411969237
-12719.20271239772
37212.83240787686
-11462.808026235876
-9489.980114341332
-9835.17150931389
112197.1527152285
104578.7393736531
116784.36599749439
109944.98280398198
96609.26111380663
91070.8173402061
75270.72049881765
82372.16209804789
-10531.432920701513
46319.581380605894
63240.014373564976
52002.01726362197
-11649.140195680764
-10612.323889708108
-10946.703019952867
-10098.927812083695
34972.65201379577
-6337.379848472451
-5889.375406924538
-8159.881592658009
-7749.187899638544
-8332.432666099738
-9042.097039088603
97716.49698002638
103290.80045233855
88859.47294402638
70009.16578864395
77853.8708232195
24547.112065611273
41983.99292625052
58672.09734253956
48248.73458745394
-7461.646750064226
-8379.14897336493
-6801.837312071259
30956.60622944518
11620.487248822292
-4384.263735859865
-3645.160973758782
-2428.4256908500747
-1517.2027872189092
-5673.350968574672
-6601.394414519795
-6558.449677848543
20219.427204442018
94339.96896161631
80123.11029099433
66074.10085853866
38274.44007459506
49424.13060918371
-2875.220203044802
1830.0187614300255
-3471.8473330342526
-4655.701241591728
37317.90316222313
27186.6137847073
7784.806294733656
15799.519763055392
1677.3719167600964
2151.9211366671507
4566.917653179409
-402.1928119000799
-4155.8639378021035
-2677.194420933415
-4647.400904926631
-3770.5822064647887
8181.869811148215
70609.082768673
55548.54483583432
4148.356915724488
42305.47410756747
49302.09978046107
41661.46007965829
1589.1958459054895
-1005.1034642761163
-1355.5460252162077
30492.10938442869
22463.66266463338
9148.017059507087
15136.474055388167
809.1885822546125
-1094.3369766004798
-2503.0205127192958
-2046.6633254595636
1975.2156552694403
33651.324095071635
37702.444718262195
3209.103149666772
715.4227291617428
20544.756240983523
10725.252127606122
-540.3036682738169
-1170.264048009588
182.70337533046697
1552.9152636125223
15838.593005107823
4067.7482232436782
10928.390532962365
-578.0800527325121
899.2913952316874
3674.257243972109
11664.032255164595
13346.879487133632
13792.665532357905
15583.086989896918
10812.27674238541
-19090.63088233366
22955.266072315684
20119.478856260634
20562.382465036357
25991.489074236222
22488.18793934147
18218.907558780502
14821.68653038855
17250.180595531314
11714.91624401172
8947.060151389294
5861.14555526782
28510.46429202336
25515.13275432322
-18057.793880080313
-19455.043735399944
-18194.418977861857
-20187.53229714917
-18821.478523230795
-20400.879661363357
-16519.750424070575
31592.716077511537
27946.769967316282
17385.97978202929
19304.345339534597
22444.3459197328
13696.053217942443
8646.534046153309
3681.6409826630684
24209.005712874034
37850.65590944168
34331.3387818511
34653.95870351568
30733.9750455295
-16501.565716326564
-17438.41173420511
-19079.844329788833
-20846.020217430825
-19631.238325834183
-21181.86504870932
-14718.063309860914
27357.588985268492
23591.725939794
15673.854652334216
19917.517138205596
11224.37502925247
1368.329019868944
6196.070635324587
-17203.89648671866
-18070.758137642828
-19439.156532697347
-21441.485950389455
-19889.989307071588
-21277.615333831043
-19367.54197391882
-21516.230406873186
-20012.255184824084
-21194.611086287903
-17589.755277614004
48024.56120037931
47874.54280393036
51495.897238090816
41205.26259827214
41009.29150135624
44346.7203710466
44062.17612196597
37169.079384663746
31201.230939255805
-15491.977302608868
-13518.53438581496
25532.94122995444
20237.77094550009
14842.202927167471
9564.365587645312
3581.1306170541266
54841.695687563384
51244.98319027176
-19181.799473122617
-21344.28789729405
-15861.142155934274
-18317.558017881987
-17551.052057867775
-18128.230138067687
-15998.644915494458
-19641.793438052926
-20740.191944962833
46295.95951385336
42608.164065262
39199.36458934299
34571.35955290962
29742.226315171396
-13346.694082368842
-11691.733925799268
-10004.00736228371
-3785.6387448424953
1162.6618349192288
22830.33123235567
14953.462331853292
7223.077281730788
48423.4871028578
-20724.668685442794
-18700.929683186405
-19959.314073520352
-18593.018024491095
-17483.338175208886
-17219.31821723622
-13901.47236484125
-15763.444145574302
-14220.07047368119
-19567.451944511442
-17552.302941134167
-18905.724129923605
44003.336609043734
36361.882178466236
27553.41382761768
-11671.110727624871
-9766.672574617058
-8219.632173758433
-5652.607924778342
-6798.642600635844
-585.1221660243399
5240.046852300028
20063.940476419044
12051.206926872852
24567.396193025925
-17684.164134684543
-16715.176281468273
-16459.754380081376
-15014.938422928735
-11737.249008221936
-9441.038016259698
-12633.450112160994
-15576.920861155915
-15488.478529526217
40122.64843589495
32608.90150078257
-6921.11915485321
-4687.823857643361
-2491.3343363803233
3297.1787968321237
10105.108746824133
17230.410576164122
28869.597610510013
22328.700164861428
-14194.874673806324
-12252.666326551212
-9617.826213974886
-7391.1843544034955
-9517.88276263107
-12992.791321287945
-4328.708201730206
-3175.2602269731424
1199.6204772170968
8624.1381846524
15081.221688366773
28727.86834107038
21255.68534195989
-10319.484818190262
-6411.672151999045
-7312.6017682712745
-2676.618082955095
-9821.102500748068
725.1551050021417
6733.80143211588
15137.986573966466
-6591.479398186652
-3252.0046815571836
373.2002423908758
4986.52454722182
-1174.5631367790397
-262.928911237507
-206.8071885154569
-1628.0428354146334
-240.56404859827572
-1345.258769262034
-2360.5428903719103
314.3446676657761
-989.9000556845416
63.53695714447324
-1559.480566341916
-2822.6653074102146
-4601.355358695868
-4238.282745988479
-5725.885098091949
-5263.3476047520935
-7064.711671485085
-6458.057633958239
-8062.869266601898
-3008.8194403616785
-2561.1099601478204
-3819.3582342081195
1251.6686248439996
-165.63163952439288
841.356462638577
-975.6595394124039
-2430.686367880135
-3031.711180188112
2839.1052601359784
1220.6398789310254
2161.9976700813404
18.27846690446713
-3144.293834542921
-9039.295399065346
-10457.602444394843
-9373.493922277872
-7526.394997675169
-5511.871577088084
-4022.7607267680514
-11736.075905906377
-11160.02530088754
-12623.996540516755
-9786.782663354736
5067.65288154157
3238.23093083499
4126.873983593877
1784.0298989978965
-4150.111556565107
-5278.208619478844
-1624.9062450941867
-2643.2012790311173
-4080.2043738182742
6686.871053631687
4209.160736234168
-273.45081703016484
-1535.810315437125
9776.586560266967
7274.3118881122555
7971.942556389379
6116.639293314576
9319.759017832717
-2158.4267799959307
-7841.4859568677775
-6342.804009424546
-4309.9132163405675
-11830.05595723547
-13846.044112101428
-9966.233700107116
-8571.141139526788
-5709.852823860807
-6277.360022613043
1619.3933019031012
-46.04867286687461
-5852.217590547524
-3479.9274284648995
-5220.4245747502955
4471.328056726446
2291.238048420343
7824.089733759595
5806.432690012377
-2294.75427193723
-2273.4163247821916
-1792.8143316922149
-6557.91745230877
-4701.042614717449
-13299.92919600302
-14781.891158006381
-10576.157781730315
-13958.879645474104
-15919.012306067214
-12071.238749987358
-1710.5948855608788
-15207.070386337882
-16566.375532016773
-8619.20880823076
-17626.213196703862
-16754.68886786095
-18147.629161304674
-15606.19551334938
-17071.70991191318
-5722.843739695195
-6417.363384307112
-4278.416718379303
-5956.872113273809
-4427.008845487672
-7113.86622197689
-7043.487139333401
-353.0911455186686
-6741.474723442476
-4835.0965923637095
-2818.074029554567
2138.5688262603644
-4293.278864022871
-4570.880183075617
-6570.896165847528
-8684.48192570904
-7187.467731254757
-13792.55797867747
-10509.425824695774
-12582.599148728206
-15279.89317662387
-14134.565159791062
-15451.141173412621
-7647.565216606349
-6541.21885751823
-7815.634437327421
-6818.822926113985
-6657.507696528468
-7936.3984280751965
-1536.6065377637553
-6642.742093588425
-4555.811592355947
476.0704057913613
-8277.364899601054
-10406.157525153601
-9173.618566521134
-12251.887597176315
-13642.15508514171
-11763.052138757354
-10562.94799071902
-8546.720666078843
-9653.34704519915
-8202.098681934138
-9065.975913631977
-8717.070500334345
-8419.427182710473
-7700.3927350007
-2239.8770629790743
-5690.205391867926
-12376.194761044822
-10806.08940927122
-8374.91766633339
-9708.689749659576
-8603.236679825684
-9178.397362245498
-8997.491544001929
-6399.114419568858
-2401.811581481617
-7192.139518229508
-9078.460333397543
-8452.174164689535
6473.927909115027
6591.051831950693
5689.711337635158
6210.621149869865
5777.3402640016975
6103.291826618492
5988.766233017488
5355.398564041537
5185.268435939951
10103.085208983908
10450.52018075804
9561.098522726754
9171.159816441856
9478.176693080866
8488.254460346341
10112.832184220093
9046.775919538524
7989.985952664506
5181.392989792991
5703.776578503492
5526.938267868764
4857.048332054343
4579.677297346395
4229.104984848256
4408.5271312311115
4458.608762257435
11003.819222728984
8284.673045694068
7230.484108829154
10170.169942760618
10810.32209066903
11632.294243341925
9839.698976555424
8987.238352536488
7826.863292955332
6639.580670043291
6766.694698713836
5720.601656560117
6258.317971843499
4936.980790530448
5155.7354656187745
3973.467253223406
12196.69711704395
3414.0980167822804
3115.616062936771
3908.6801397721006
3462.484242792535
4851.76041193519
4648.004765916362
2432.5951820612067
2036.8634476168359
2917.1482366655705
2357.704432694587
3641.230505743091
3751.8826586084824
10805.005494256853
11621.681269272216
9806.2016426369
11759.35616146565
2318.5369841417105
1082.2629643637663
2101.7060907453415
3179.2874206220863
3334.2984572035552
4355.767281945206
8617.057228617548
7645.006281650026
7202.0417099502865
5973.8978390575585
12023.479322494542
5544.624027617198
4166.68751657202
2429.792112644578
2714.6767776974802
3416.458606858408
1936.9308658761304
1276.1370640186367
1517.8678537777794
1010.270268094246
1265.093336528298
1612.6467427477771
2759.884974242608
665.6920912899003
24.367288464978863
1065.3446742065444
279.6105206416113
8491.886723207253
1639.8808887607036
-19.524451090391164
10841.835484056746
9575.211699072785
10950.71502207803
10502.800857688224
9412.032161525514
3387.360204403601
4691.036727991809
8272.973331488112
7248.565789236668
5861.884443680798
8765.275032013491
6385.109090661691
5089.038473335554
3713.1802080239213
2504.939126564851
1643.7123677070265
1776.9329316650335
366.4678934979932
98.96327770072878
369.8910052384523
400.32764547621605
-603.6226909534315
-971.6606719510929
-741.5716689241756
45.85465641965271
-771.9638240511661
-69.88223393562103
-1219.2380995183335
183.64892956508947
-1074.0599245947562
-2002.123616189776
-3342.9749692622677
-2258.1994098098126
-533.5581896055088
2717.8822469085057
1365.5659577485683
7617.3662727292285
4404.698275115136
6376.279938734027
9461.943200641434
7403.504336876335
9244.294758047856
8862.893129743929
6033.8564732126815
4401.8547380794835
5449.3888848270035
2382.7725615489
992.8042768752035
372.9327804489758
-929.6328012230223
-918.3470015111664
-1819.2917942357226
-1756.2387882347819
-2112.570270281158
-2531.3910337407033
-962.588882393463
418.41128723743714
2319.902758294063
6345.070198124223
4137.705163620075
5216.320948198614
5902.039981899092
7585.9698035357915
7579.441168771387
3157.2187097496553
2806.165217332204
3574.1211280071907
436.5336064815054
-1230.0562214922418
-2536.188229154805
-3108.2839115777
-3503.420877001775
-1730.3220898516174
-42.845135005294544
2383.854155288516
1099.375418455276
4712.425919702253
2984.8664064508553
3462.9592867625324
965.3022275260504
321.3553850802744
1251.2055335479029
-1087.0201774436994
-2019.4648985201031
-3069.858323494241
-4297.218674801209
-4889.396809897621
-436.8175813509808
487.2036683935581
861.7216609681196
804.4103012125796
-2512.33996108516
-1624.9454828056241
-4071.4980421479163
-2398.755668318507
-4808.699664558126
8459.12316429668
8681.319101554656
8578.0227282927
8580.537666014507
8460.3701056755
10719.451914829493
11180.98420227665
10953.678981512721
11194.000728470297
11654.42503041569
11350.292698487052
11375.44271994834
8692.486337443783
8751.506281022195
8774.257273673225
8624.274782332805
8508.748096168374
8400.094513304944
11670.228352522028
11537.586738042555
12044.425009234288
11522.436579574896
12005.996152323363
11618.05591983336
11729.148155728079
12131.160744287912
11724.494637109818
12145.388675386723
11786.31695052302
8788.345713527886
8669.755880723313
8748.716161797745
8672.7595363101
8594.063928596655
8545.169343602025
8463.962590776277
8689.75376964939
8574.572488050673
8601.063869713738
8514.930714749567
12104.452306445333
12234.184177299017
12029.112347646322
11745.605804869687
12413.105898584385
12413.52343588486
12078.227955153838
12499.069151506808
12591.881645841162
12657.095480281865
12277.806394204626
11708.225936843797
12069.03523726602
11601.114467886646
12554.530626580105
11964.959411563299
8445.289509798036
8551.252722501331
8544.075788339731
8530.818869814535
8551.079283505944
8466.020943245976
8331.87308745006
8291.178789900208
8226.315721145496
8428.992211821937
8357.917774752577
8097.848712136455
7956.13421028184
7868.523777496256
7783.701526694662
11607.037048957056
11015.300917301754
11343.709248968757
12811.696106041154
12881.819279544576
12476.648003780647
12100.553716846967
11448.808446571842
11878.232220120748
12791.001093933695
13057.257655381876
12663.13978934888
12960.091179171026
12677.582035698915
12115.14749343067
11426.099775949951
8650.146019100172
10232.849058488728
11043.887207484824
8450.904014841755
8555.573763746985
8761.381536833205
8150.069825092969
8011.308351122355
8209.988536986577
7206.403598346345
7606.956794295033
7295.922627398548
7706.242782726939
7434.345969148561
7529.222610847634
6967.192025829764
6764.868715473785
12543.786698382544
12249.088247334255
11565.094931696496
10803.546966794602
11146.501312153636
10334.217522769777
13111.317172946272
13276.731226670203
13361.758791231823
12938.9589041873
12846.55301165364
13175.496684581214
12612.937809477604
11898.398874485158
9061.712519282904
9278.123178565707
10051.84344987083
11387.844332699962
10712.028321938025
9021.828286835624
8361.307300185577
8687.360621320326
7827.944828542522
8027.442084019078
6892.308554338083
7276.319414478895
7141.742032546914
6412.667670548138
12231.138950854021
10943.301580424039
11758.307889325704
13356.554033768773
13451.59694625223
12965.708626777181
12400.683617985325
13097.306400592237
12252.46730354397
9590.851875057979
11361.252345542418
10549.420875872922
9031.614850809827
8253.747602717114
7458.86790800432
6571.262478776263
6755.942265289484
11591.963215325068
12178.46772732336
12905.043137696077
13217.070825336019
12590.860217431726
12793.293027427602
11067.681423001066
9655.332571312973
10371.796311468528
8591.690290430906
7584.425494793337
6715.276563584342
5971.247331870269
11867.083632298434
12336.69962367385
10485.066218932205
9704.102994248522
9127.561245026707
7738.495027047119
6595.601683478631
10935.214964862684
8080.676847296224
4259.681647177083
4616.16865052185
4792.903431784264
5133.539696184582
5316.031921066003
4364.204831463743
4137.339612458565
3943.969714791155
5165.165957910144
4955.013681591432
4775.532447900775
4549.240873556363
4696.822975262085
5188.535984805222
5709.0703957147725
5831.922377413658
6337.39084295748
6770.684758034283
6825.978505645534
6219.314797252208
5173.02927304127
5908.028068574779
5713.73432869512
5544.897957590191
5336.2277560264465
4115.375042244495
4943.655610617303
4530.909073303002
7301.4554274757575
7260.763053971233
7227.83782209059
7628.504682008324
7767.015349239646
8165.68517801866
8202.426109364043
5689.630860113132
5050.822861827522
6466.9240894400855
6225.17922646524
6581.944344222965
6404.837159310089
6251.913865859665
6066.286530000937
5693.947195456291
5321.388470121822
4102.417434212495
4934.726213389908
4727.407285350711
4707.670220306824
7775.1816587818985
7249.613139086093
7741.651180420685
8582.737303439682
8646.63119942659
9069.653385850394
9034.936329472077
9426.199410355299
9430.831392665583
8789.331995710543
8306.796460363337
5433.481747334582
6287.735022096944
7481.231101571574
7182.031100725839
7024.303301225484
6896.977124582634
6715.153099530262
6386.604985199837
6040.16502983522
5707.7870943700955
5439.628833942292
4711.752854842591
4080.773515836839
4003.762666982864
7455.142258436498
7294.6925095013385
7704.3082484678525
7556.232895429622
6914.55472011152
6123.1689068495225
5534.5635346930185
5975.837917366809
5392.772334124902
8181.4985726640925
9288.16261641688
9856.784117936653
9650.373965135424
9769.15351293274
10189.290442491907
10123.352279598692
9063.910035081917
8054.903838050217
8875.177173721333
8130.057495497487
8000.018610991798
7931.702655957892
7783.942176777833
7001.880408590998
6701.215345598012
6388.013315229489
6078.249920945088
7535.39668102429
7274.652387666472
5688.563840204285
4608.483128814347
4936.855006387331
5140.527748257735
4918.764535596732
7806.0767213106765
7259.39097917149
7015.192394112023
6410.698157289086
8347.654678626259
8314.604562422006
8178.893124450206
9747.737844395157
10178.757814039463
10581.00573013675
10419.548950294808
10464.319571129288
10849.641348562698
9833.537093124578
10234.310762490979
9097.539939730768
10079.274076334856
7971.102747835886
7750.323474541229
7014.677263835269
6780.513489845488
6491.621464700332
7539.4346619259695
5904.039771533754
6201.940994333493
7249.199801686445
8756.242246624774
8315.58390400731
7816.684155124026
8294.209381022578
8138.740068852424
10829.959891434455
11130.858751072694
10911.298498906357
10714.081562255886
11426.380338469486
11109.749092670707
10065.131543313897
7972.842339613489
7028.61290216879
7411.489451295597
7314.906993754538
7819.987602880627
7365.008858577486
8281.38321527067
9673.429331177816
9015.105898102704
8281.468319487643
11526.306477265165
11914.74608190773
11029.585170935841
8264.357989385828
7902.466001516693
7991.871272364989
8569.525057322735
9403.662927168234
10394.530997857928
8666.550909124862
8585.099050084731
9368.72586498643
338.82706771446175
503.77621564652515
-1.6870693487466202
-5.2997046387703675
328.845513907448
-0.6469026146755406
527.6450663045916
-1.5130588985635434
769.8894382261077
1022.2712701387294
417.9472972145199
-21.724582811225343
367.97400599173017
-14.631287291251253
841.0153599164289
1064.7186877098234
-27.20060893425504
388.4351703865447
268.3746562077634
-36.744132406828946
1303.9676284850327
1551.9539333184232
996.0739220206946
-41.40176117443187
633.0689866171281
-60.40168627109108
445.6379304392955
1848.194736155098
2092.664076359024
819.6133467458607
382.1117829106511
-48.664664445336946
364.93457616490696
-55.53816769985219
305.3744521890778
-116.58313102228881
-118.60908425758991
-117.72158848747715
442.00903326394115
376.6923615275054
-121.4972650518961
-119.27942075902065
563.2036237263097
-119.28294628696892
369.8663213537232
-121.97407567965895
1341.152831786786
1586.4884232662305
2091.7611899722256
1827.7100737281144
1286.2835982617125
2315.937031162944
2577.6293430088663
725.0247865957932
2407.9623124553486
2634.658250860332
2892.8869163662694
3178.9428713771354
1620.4569636043368
1293.5123735827544
2173.4749303208164
547.7922992042544
-105.84550617334268
399.2464710101534
-101.64742727659204
-89.69282254139868
438.4759963024306
-75.60229487167068
641.4169323781795
1235.1583133816569
623.0485383391809
579.9929495585536
268.9383003172064
-68.59588655675675
3255.516350631682
3051.810332626102
3501.697123434753
2783.3901456013514
1800.7531867196315
2286.973881321884
1405.3800301765166
269.61463956436285
-103.73790578024027
-111.92486177550573
-99.34813245735715
381.65704770843695
-101.42950816247792
453.05224557064327
328.7076641621495
-94.75516490062067
-97.40742136010567
478.2049075503801
-86.21706341649026
312.3598752662321
-96.5750768148139
487.8025157122053
-92.49505939841146
414.13901970951247
244.2057490489533
-80.09119632770795
1014.0488435102342
777.8044903621454
465.21313821502906
-70.55760885007435
326.85721458968663
-77.28796799045075
468.44864582698875
-83.2696855912432
346.42058955399403
1019.10971638922
1213.3791039470862
1220.2144558237349
1098.6354643472093
1412.0771596848479
-109.53993298692546
541.0775515303874
-114.47975840103413
335.9294478753312
455.1995002048988
2922.5963618640735
3481.766197106423
3721.319727481086
4051.3528358413423
2141.639677364488
1349.544190953075
1131.2911080243273
1172.8003063882818
1654.9532693471672
1414.9029593657865
4124.14898796828
3600.318068675447
3322.6671535668333
3698.280103423484
3241.669133040803
2752.3611403238256
2248.8070705718696
1653.916949579525
787.6651807596094
916.4883876864775
1034.5543644503289
992.9056831886937
849.907527463619
1128.4127022839284
1069.4638921533717
792.9546528182817
1463.7271165745804
1069.5723497306267
984.8954457937858
944.3502165393502
2075.579511017562
1848.7514112002586
2148.510131018529
1329.7283071119014
2088.274140723685
1000.4874609417385
1073.816547713446
2746.9363442448443
2097.3053845932345
2066.810233394677
4268.863189629618
3789.895437872303
3658.075730712114
3179.0725094866625
2472.7247371601657
1480.6343400198978
1456.2882268627097
1805.8426055797001
1757.994054100073
1663.2557629323387
2340.3306664010393
1630.7336477797592
1868.1877555827393
1546.8330931050793
3127.9441707846013
3221.2328436653315
2946.238620830797
3291.85311059297
2036.800812264476
3620.491011157551
3052.0356576650192
3591.157708160053
2546.018405111149
2602.030540593541
3105.5563995674725
2845.0917889754223
2550.185182138873
4521.695188938508
4133.494806170394
3674.3300251060614
3571.8366502125427
3906.461027510302
3651.8570118975076
