% Model:              K-Totem.mph
% Version:            COMSOL 6.4.0.293
% Date:               Jun 1 2026, 19:49
% Dimension:          2
% Nodes:              2221
% Elements:           3984
% Expressions:        1
% Description:        Pressure
% Length unit:        m
% Coordinates
0.7519581729509982;0.0027965607968248774
0.75;0.0035720535089704916
0.75;0
0.7517732523013684;0.005822326911608627
0.7540704439342949;0.005813196391319223
0.75;0.007616525334391253
0.7528376446248981;0.009313298522164639
0.7566975384601475;0.009565076201938751
0.754544585896511;0.014654878380428312
0.7599374357727142;0.014192129090929683
0.75;0.012774691899589592
0.7574982821515629;0.019897431545327988
0.7635452804424879;0.01934466526470257
0.75;0.01974939242505577
0.7673934553557226;0.024840428596633556
0.7614035670141238;0.025901847235097385
0.7549667389129596;0.025709599124773056
0.7658907856863338;0.03099450757109937
0.7714979696898793;0.030702282561603796
0.75;0.029172881052631102
0.7576353762742012;0.03556569012545625
0.7758758990456788;0.036954613644746614
0.767919336847395;0.037790687881767475
0.7738708967379513;0.043917603137402055
0.7805454564850138;0.04362343279410092
0.7855260683009292;0.05073648363135663
0.776089195576474;0.05088185883428783
0.7822757304114518;0.057984703493364945
0.7908384548348835;0.05832335787086703
0.75;0.04176556080473762
0.7638108327198669;0.0509432868893439
0.7743587283615794;0.058638952543955625
0.7786001490758817;0.0654006732497779
0.7869292233246526;0.0667934497880098
0.7965047166775137;0.06641561842709807
0.7917577443621449;0.07396074274496375
0.8025484266115104;0.075046930722663
0.75;0.057945361293080734
0.7659026780245821;0.06899564021375339
0.7804984024526841;0.0765964521049754
0.8089947278856515;0.08425320303818697
0.79264217124881;0.0872777849818107
0.8158704394272394;0.09407273677123916
0.8024922556918479;0.09798928457403983
0.8132893203841539;0.10476954036167047
0.8232041645245146;0.10454638165090785
0.8177195973589516;0.1164148799444105
0.8310264129530462;0.11571771015235671
0.75;0.07812706094875015
0.7709874763133071;0.09086150307089189
0.790393323236377;0.10080125809802773
0.8005061206726871;0.11581289659603884
0.8119308169312319;0.12774324485103306
0.8393697268439694;0.1276331972553022
0.8254712410978013;0.12925459680334297
0.8351157237463267;0.13925465600268247
0.8482688160658135;0.14034241378929924
0.8577607026245525;0.15389823265838454
0.840029516368771;0.15436312456949927
0.75;0.10323235440735254
0.7736149376218625;0.12322573520773514
0.7970004454787821;0.13411399447774364
0.8170255974703977;0.14916906033748042
0.8678848746826124;0.16835704880301705
0.849094481103277;0.17017109556733095
0.8322815828855498;0.16747472218597906
0.8603529062377768;0.18351929809155634
0.8786676838216049;0.18375649618194978
0.8940439675151839;0.23418251184096597
0.9014027825843368;0.21622558216303078
0.9128541110275571;0.23257977405376493
0.8899515091947733;0.19987146889706645
0.8655346580881772;0.2029814622025569
0.75;0.1347506289009044
0.8784434344717076;0.22147332446658394
0.9243054394707777;0.2489339659444996
0.9015173472546899;0.2558221488571127
0.9178161711910576;0.26711539246083
0.935756767913998;0.26528815783523396
0.7831966659926877;0.15727525666098308
0.8139362902592563;0.1742386006847983
0.8362914982069715;0.19467947714675526
0.874036157888016;0.24771405043493466
0.8531685733765483;0.22311831442423768
0.9018812713148505;0.2813178881818636
0.8854077361491064;0.27019748870067745
0.75;0.17435307135143424
0.9406817289301811;0.2994673060369832
0.9472080963572183;0.28164234972596836
0.9586594248004385;0.29799654161670275
0.9248183802084287;0.28685754035408617
0.9062075954275836;0.30125850122532016
0.9249883541821208;0.3116196245466697
0.9701107532436588;0.31435073350743714
0.9475915316662488;0.3193397255411383
0.7936865245002847;0.2034557260832096
0.8303001144852895;0.22570659283974243
0.8654726741462635;0.27233194957297013
0.8451886956543492;0.25242522000438855
0.8775502176843142;0.2987458121018194
0.75;0.22429871105544266
0.9632334971060977;0.33174543561486836
0.9815620816868794;0.3307049253981716
0.8997885229982068;0.32891755354035584
0.9305156047796896;0.331590692856685
0.9470846654935225;0.3437642584976368
0.9930134101300997;0.347059117288906
0.969803293655691;0.3523209790319495
0.9856620042704013;0.3649569953214167
1.00446473857332;0.3634133091796404
0.7990430763857409;0.26120523166042525
0.8440604003485586;0.2880736846398388
0.8638336277622464;0.32379649612022565
0.75;0.2866243217024439
0.8884326891604818;0.3534773721061647
0.922148166847047;0.36055189827455064
0.9515085009151021;0.3639357509475034
1.0091037408851913;0.39720889544164584
1.0159160670165404;0.37976750107037477
1.0273673954597606;0.39612169296110916
0.9690271287001674;0.3776735347585766
0.9926707418244594;0.38570587378785737
1.0321948164130963;0.4307002044981389
1.038818723902981;0.41247588485184356
1.0502700523462012;0.42883007674257795
1.0160835019633416;0.4186475818683631
0.8102170160809602;0.3303744970985081
0.8596128518730561;0.3684111396917511
0.75;0.3574111048316653
1.05549622967827;0.46351778714983455
1.0617213807894217;0.4451842686333126
1.073172709232642;0.4615384605240468
1.039356083613298;0.4512914240848488
1.0846240376758625;0.4778926524147812
1.0621147138069584;0.4835068187225629
0.8965911806497087;0.38400282926942103
0.9407507006200513;0.3960964968249851
0.9924038916297889;0.4122971074254193
0.97349525857458;0.39958424152783184
1.0175847012231665;0.44291022404831
0.9991045656636077;0.4339835039243429
0.8740990568952949;0.4040727527003131
0.8181104675413761;0.404461554339414
0.75;0.429812155973003
1.0784274094473751;0.4944147718541961
1.0960753661190827;0.4942468443055158
1.040238250784125;0.47730017118984974
1.0230243432355757;0.4648146143974117
1.1005902789175444;0.5290760989980918
1.1075266945623032;0.5106010361962504
1.1189780230055235;0.5269552280869846
1.0847066656725792;0.5160697274096281
1.0448790615261303;0.49788163277776043
1.062253642906382;0.509382421504454
0.9119617845328136;0.4244434722005467
0.9640730563399043;0.4356190894892614
0.9956691262991151;0.46241724985804644
0.8632102570158664;0.44780129946539154
0.8085469133379568;0.4724214538330315
0.75;0.5022227342581248
1.1418806798919643;0.5596636118684534
1.12335636632813;0.5620510183775359
1.1304293514487438;0.543309419977719
1.1075416019022428;0.5493999037585008
1.0142398463891709;0.49589311763377264
1.0839040291767132;0.54267835154171
1.0661223270364517;0.530967461336786
1.036787388725256;0.529028008464627
1.1533320083351846;0.5760178037591878
1.130183401006696;0.5816765375281476
0.9155664780362215;0.47391798538868335
0.967531827432599;0.485522640927158
0.8655559822035445;0.5116659218509416
0.8105572476000047;0.543913848454151
0.75;0.5746333125432468
1.1462348720714128;0.5944703274691949
1.1647833367784048;0.5923719956499219
1.105831277906732;0.5762290862939996
1.0880439293898896;0.564137952217122
0.9936300869115297;0.5331404884571801
1.058383848377128;0.5616373938285247
1.0228606064290058;0.5614549609756648
1.169170863659052;0.6273824272437243
1.1762346652216251;0.6087261875406565
1.1876859936648454;0.6250803794313907
1.153075760484224;0.6150733954767316
1.110847875070697;0.5977585710349652
1.1291356987187569;0.6092295811523012
0.9319956316984308;0.5428271928034261
0.8699741768817151;0.578836710557758
0.8124782790012849;0.6108386016858083
1.1991373221080657;0.6414345713221253
1.0794632918585856;0.5961927476649549
0.9855316858522509;0.5836368427391992
1.0334518097785517;0.6003022014893877
1.1337947596330682;0.6306579052034176
1.1036562469252016;0.629274941157894
0.9358289710322375;0.6147051605162874
1.0577217880140295;0.6377327336079652
0.75;0.6470438908283688
1.1758727118188155;0.6477223661833025
1.210588650551286;0.6577887632128595
1.192015985697718;0.6603535173689447
1.1523922358737577;0.6422529014945825
1.1566726147085673;0.6648926355695195
0.8716789466661388;0.6496547401515569
0.8124782790012849;0.6832491799709297
0.75;0.719454469113491
1.2151484464534048;0.6919890699061332
1.2220399789945062;0.6741429551035941
1.2334913074377265;0.6904971469943284
1.1988616223135322;0.6800251516887608
1.1740042240930855;0.6757358875176452
1.2449426358809468;0.7068513388850628
1.2221454588398604;0.712999045659206
1.238839899771667;0.7245250865683447
1.2563939643241677;0.7232055307757975
0.9989948780731838;0.6465379511227636
1.1802698859952518;0.6959006362929488
1.1497200258909004;0.6953605532691692
1.1263724808767661;0.6631424990418487
1.086539702994496;0.6632895461322368
0.9367584123792217;0.6820352804509485
0.8749565580025697;0.7194544691134911
0.8124782790012847;0.755659758256052
0.75;0.791865047398613
1.198334612639883;0.7068914711709285
1.2018327540422282;0.7291683352819144
1.2212069453622696;0.739852774788652
1.2678452927673878;0.7395597226665317
1.2456597174704207;0.7448783344332577
1.2630960494618806;0.7572292268903268
1.2792966212106083;0.7559139145572662
1.048999467791198;0.6871771992656647
0.9930177422889139;0.7154887453796032
1.1736509144713594;0.7273154289943017
1.136554027291697;0.7330125569140257
1.100170186559252;0.708336921012516
0.9339186165593778;0.7530565086617619
0.8749565580025694;0.7918650473986123
0.8124782790012848;0.8280703365411738
0.75;0.864275625683735
1.194500949342347;0.7582108067499499
1.2264753060435298;0.7606325701023883
1.2451538635036767;0.7733459624301547
1.2907479496538283;0.7722681064480004
1.2693307315683875;0.7743396804837164
1.3021992780970488;0.788622298338735
1.278646053964365;0.7935527815002306
1.295426035843187;0.8057401881156308
1.3136506065402689;0.8049764902294692
1.321097904619259;0.8394949396680669
1.3251019349834894;0.8213306821202035
1.3365532634267097;0.837684874010938
0.99726626330422;0.7870288433321069
1.0506538379620471;0.7489004505799407
1.1514448345640909;0.7659297182984364
1.102567458656468;0.7625435018257195
1.3280730303701642;0.8550244569060053
1.3063137463616314;0.8536335228337454
0.9360930555842729;0.8273520501887502
0.8124782790012848;0.9004809148262959
0.75;0.936686203968857
0.8749565580025697;0.864275625683735
1.34800459186993;0.8540390659016724
1.174346982114525;0.7901613039974326
1.2176573708425487;0.7923851246067097
1.2518363865290325;0.7977317223294406
1.302184117821243;0.8275585443285847
1.2711275795757484;0.8219452363955538
1.3594559203131502;0.8703932577924068
1.3363686168947961;0.8742317512855995
1.351148451793488;0.8869597599123644
0.9979322922519557;0.8616374372227376
1.0636086765372252;0.8178421055902424
1.135963083113605;0.8087546986523045
1.2826573377772073;0.8512910624411419
1.3167977113883071;0.8763091832105585
1.2961200890432556;0.8707577698073479
0.9369527727652914;0.9030344038725326
0.8116087006840634;0.9736055057938611
0.75;1.0090699432597383
0.8730139651149145;0.9386312154662485
1.3709072487563707;0.886747449683141
1.3823585771995912;0.9031016415738757
1.3577921712607044;0.9093376303761359
1.1826106958963738;0.834399385057651
1.2315278358370596;0.8304337024328502
1.2603395744049821;0.8502856329500386
1.3287783565090154;0.9003297987227549
0.9961509664646787;0.9356649000175707
1.0597571136116974;0.8980612505190894
1.122155733565332;0.8663394163455385
1.1731667122429388;0.8896991320533267
1.2685834401036373;0.8802443290150755
1.2978412597994053;0.897992554563311
0.8031985911562792;1.0444456599343663
0.75;1.0794643614048904
0.7966947611217606;1.1068208880628525
0.9338710763495939;0.9785519541782429
0.8726672006818729;1.0123538177805045
1.3744151102246824;0.9214670298570907
1.3938099056428115;0.9194558334646101
1.3819558962662821;0.9425429057697391
1.4052612340860315;0.9358100253553443
1.3575843927988636;0.9365308100589375
1.3385248716153073;0.9264495367709219
1.22383284408032;0.8799986741367036
1.310718223625961;0.930484052146756
0.9981579449426253;1.0084262099738102
1.0592156414875145;0.9738097760170208
1.1269750181539773;0.9394402538679352
1.1942791579961032;0.9354468549225995
1.3630229273976575;0.9576646568915692
1.2573202588422907;0.9314081410304974
1.2192668703109557;0.9756989270851314
0.8621847784915952;1.0836065001531827
0.9410025054855685;1.0634624850356107
1.0109421471369826;1.0719465549528495
1.421083334935195;0.9871683130631548
1.4281638909724725;0.9685184091368132
1.4396152194156928;0.9848726010275477
1.4050818090408934;0.9749323274386972
1.416712562529252;0.9521642172460788
1.398160345701295;0.9547735804796078
1.3816790852178367;0.9687989069810974
1.3343290348575498;0.9578503231160732
1.4278809368304455;1.0075321915510147
1.451066547858913;1.001226792918282
1.4440171817439849;1.0195631702881602
1.4625178763021334;1.0175809848090165
1.3001818089156598;0.9638088569289672
1.0591808742435984;1.0442473134755497
1.1142988586793527;1.012476880030579
1.1711376956605184;0.9910624565106204
1.2122994694050475;1.0136675878989942
1.4034629681511832;1.002590959651671
1.3854753261392652;0.9911674350469281
1.3564959262285483;0.9898413054210242
1.262417046107729;0.9971950133002082
0.9862318736789378;1.12114557544507
1.0497628524769884;1.1088914111704007
1.3128420070827926;0.9970984532490902
1.426484290297053;1.0352538024532567
1.408346670213533;1.0238010844616416
1.466844722561988;1.0525752890471092
1.473969204745354;1.033935176699751
1.4854205331885746;1.050289368590486
1.4508384731737818;1.0403293221869592
1.4968718616317949;1.06664356048122
1.4739322559050165;1.0732102035443314
1.4902578019525092;1.0843445593206316
1.508323190075015;1.0829977523719543
1.5197745185182354;1.099351944262689
1.496494760898886;1.1057382487288572
1.1097944746296955;1.0796304672547878
1.172523821199809;1.0549637607314892
1.2370200202208625;1.0542643751612693
1.3781099330114208;1.02257103400044
1.339413864986219;1.0260398057292357
1.296968606642385;1.0498046831877457
1.4498849416021053;1.0676708279675509
1.43098083043995;1.0569355317307856
1.4011342216887055;1.0562071628311491
1.4549720108775255;1.0897936763291685
1.4733057091611885;1.1007943763061705
1.5312258469614557;1.1157061361534233
1.512709869470036;1.1180778843411012
1.5426771754046766;1.1320603280441581
1.4958461336979898;1.1333825439662932
1.4781553136604115;1.1221779818688644
1.162525187657333;1.1228843725104933
1.2113609768343208;1.0986886054635603
1.263362659888954;1.1043868464884161
1.3523564144709739;1.067957207057144
1.3134011475624432;1.1018694791782007
1.4243555482309862;1.0882830989826726
1.3868006049533417;1.09231662357705
1.4478341330695816;1.1209111546592299
1.3504722422137745;1.1232686525044022
1.402682951433338;1.1353519463954558
0.75;1.301740472272242
0.7548537819085842;1.3039467534488751
0.75;1.3075850967158233
0.7530246561352963;1.3119047533465273
0.7557324899250935;1.30792298767086
0.756376244501363;1.3166913175909456
0.7591752911187655;1.3114498249623643
0.7620294870549175;1.3161759071240553
0.7564928415482995;1.2977919770004482
0.75;1.2938763065086762
0.7609072058981815;1.3044199717256861
0.7600880373409722;1.3219923071362727
0.7664745413168836;1.3114554787560346
0.7680897393452631;1.3196228215294883
0.7641987468253655;1.327863008692705
0.75;1.2832648770630573
0.7593662129658201;1.2886453929753188
0.7670855051387472;1.296785073490687
0.7712960791909947;1.3049293625054394
0.7712907009103046;1.326571054180316
0.7687512456299219;1.3343646507861282
0.7751040159078565;1.3126251661023594
0.7778896071134331;1.3209049458275588
0.7786747011722973;1.3316558037923762
0.7737930140750464;1.3415650423414882
0.7796668885892465;1.3063621303638946
0.75;1.2689464266469759
0.7633205011587636;1.2762454098013487
0.7740973102786719;1.2854122251496014
0.7790578312935101;1.297279069995699
0.782687044669908;1.340084949922466
0.7793766353225273;1.349539279896481
0.7845297113658464;1.3124915344273533
0.7873385240272027;1.3229595474735723
0.7900191865203876;1.3331992239051047
0.7917798933545879;1.3459192786705279
0.7855603437920162;1.358370530821456
0.75;1.2496259358583075
0.7681565884376814;1.2594730491116806
0.7883957315901545;1.3032847878030873
0.7813848128953806;1.27220290285682
0.7920911228771569;1.2875721347605533
0.75;1.223555980078412
0.7740079804885625;1.2363643799887245
0.7956502105110387;1.3135216061029362
0.7958590393892482;1.3257178464460373
0.8026307063390221;1.334764969610341
0.7964316756882901;1.35621135599924
0.7924086325173455;1.368150900714129
0.8054369383501049;1.3474924400708572
0.8079059424255547;1.3634792812955179
0.75;1.1883787018967285
0.7809885788956209;1.2049077740523313
0.7919602124245327;1.2533647564828732
0.8045387338969229;1.303476845875742
0.8058153773273119;1.2722318763110407
0.811729115997674;1.2895203573874847
0.8046236887752277;1.227503952498714
0.8108574839448466;1.3207954650656397
0.8137811889680959;1.3372834081377745
0.8135290352801537;1.3763723287427585
0.8247605343451945;1.365466307102347
0.8217186306096103;1.3488926481483212
0.7882436972799344;1.1632348018759926
0.75;1.1409397032774629
0.8223345860943647;1.1924936639219188
0.8218564548415013;1.2532350059962825
0.8270254834385478;1.305025788464806
0.8291043749168239;1.278642559222868
0.8443818029790577;1.226710478237399
0.8309290566810741;1.33109750691821
0.8349422646710697;1.350913221152906
0.8456091495459727;1.3660990801399586
0.8477571016269388;1.3185893434667797
0.8421918752355156;1.1427031316021017
0.8715072233180052;1.1934097462992002
0.8577265964570874;1.2603525866567813
0.855369812328307;1.2938353703071392
0.8862721107531962;1.2382355600197732
0.8545462603125882;1.3426551531092328
0.8640765737125933;1.364850139091033
0.8746478691090924;1.3188433032955866
0.9166605158433897;1.1395273232772936
0.9251362490024935;1.2075258141229233
0.8994097788649745;1.2835480926896177
0.9324759185556127;1.261109057190279
0.8861115651286682;1.3436529833086388
0.8837029502919512;1.3706744117067198
0.9048166621549569;1.3228479733025733
0.980221011768587;1.180397992436945
0.9796347224514992;1.2377920178902324
1.0378043971958781;1.1625226437897607
1.0994745964565422;1.1465257827581516
0.9408150959260786;1.3100272780872921
0.9687510408000867;1.2817870067937271
0.9270622804073014;1.3628169328914592
1.554128503847897;1.1484145199348925
1.535583034080672;1.151066372468102
1.519672730856732;1.1385114541410117
1.0291886684135771;1.2203767317387042
1.0138104142213098;1.2805858067853184
1.0884928262517735;1.2043113032888413
1.1531773596857178;1.186339874117102
0.9851765023121319;1.333590750911589
1.542486462236595;1.1711744788606386
1.5655798322911167;1.1647687118256267
1.5584262871183123;1.1836643438614722
1.5770311607343375;1.1811229037163615
1.518222198740032;1.166108036255408
1.5002541269732201;1.1550492266100691
1.4711614417793684;1.1533270480511473
1.222447806624813;1.159138593402896
1.3022053213137954;1.155090051881489
1.4363523948949362;1.158567598750228
1.0377299870412116;1.3203115573433997
1.0756697355498812;1.2749690093367354
1.1412255580590323;1.2496331150155662
1.199069858701274;1.2325457664339465
1.0324462714084137;1.3690361681573777
1.522866967015149;1.1875989788058305
1.5408998546345647;1.198469779448508
1.5884824891775577;1.1974770956070957
1.5653346668516395;1.203750180437087
1.599933817620778;1.2138312874978303
1.5813338010887878;1.2163493451730272
1.5458570809673724;1.2198414481809128
1.564406266793672;1.2306687622842445
1.5882714479415347;1.2365314035292292
1.6113851460639987;1.2301854793885647
1.4929573934448024;1.1866675125872563
1.4500880621908094;1.1907397011048382
1.2582291010640592;1.219555410083173
1.3162729117804979;1.2283180130451519
1.2321381780187168;1.2690606494890875
1.3565685552608806;1.1730158338584364
1.402500403459609;1.1880684489310902
1.0866372313905983;1.3417639724623363
1.1350331107113005;1.3128548842668353
1.1890404094108866;1.2893696836003796
1.3687238120098808;1.2342430592439182
1.6043218923705225;1.2484567612396213
1.6228364745072188;1.246539671279299
1.586638410843302;1.2639354924594646
1.568513245096572;1.25299698161844
1.5161418415445778;1.21928866718205
1.5395460333561986;1.2521193920382188
1.4660910790360018;1.2330786803642189
1.4192799424513585;1.2358085914845056
1.279366047980391;1.276977033192255
1.330767979720395;1.282006701757058
1.2385597352062145;1.3164779036959453
1.1883310604918;1.354403904878583
1.4972722549270892;1.267552149445961
1.384519927875824;1.2848141859519313
1.65719045983688;1.2956022469515025
1.6346037320923337;1.301566266483028
1.6457391313936596;1.279248055060768
1.6501515494046421;1.313130234979543
1.6342878029504393;1.2628938631700335
1.6115094162624681;1.2690557018329645
1.627934221641278;1.279932645320502
1.6104258225535193;1.2957458868407328
1.5618894713243023;1.2840342174431885
1.5261091631727428;1.2892134841672636
1.5923794254043073;1.2850438253222447
1.6686417882801003;1.311956438842237
1.5858145285038154;1.3156110083858032
1.6147723846903959;1.3169677985183412
1.6915444451665411;1.3446648226237057
1.672939673287417;1.3471471296701494
1.6800931167233208;1.3283106307329713
1.4460683631111586;1.2916506985434295
1.349157475539904;1.330234680673698
1.2958054290525045;1.3309361974955478
1.247979677219971;1.377449278283635
1.4922104464575123;1.3152185768276532
1.5402361685703285;1.3267306690380605
1.398509225921413;1.3260294111872462
1.632792837372048;1.3281863102826172
1.656917018617548;1.3345686387643105
1.7029957736097614;1.3610190145144399
1.6800185114347608;1.3673791046717096
1.607104791636872;1.3473551661610632
1.5712622941005652;1.3490977232679435
1.63782110803723;1.349165132265238
1.6563747392522383;1.361113883446771
1.7144471020529817;1.3773732064051742
1.4434635891971008;1.3655422764074667
1.3812225613704359;1.3659489620064187
1.5042009121810913;1.365775909274623
1.5461363091610085;1.3689708619018874
0.7999929257771062;1.3789823940156043
0.808392324014698;1.3909779778664542
0.8284600955769983;1.3861136680888884
0.817694428817122;1.404262760298542
0.8341086895489739;1.4020113925785687
0.8279926951079787;1.4189702087747285
0.8513242723451038;1.3871097578302787
0.849794540993541;1.4130000554467401
0.8391465341466345;1.4348995417653077
0.8566899449369089;1.4325201210694714
0.8506315316827722;1.4513018181039805
0.8707116336687394;1.3927914552562284
0.8736698430261873;1.416972146467781
0.873080680131926;1.4447974587119894
0.8621165291201851;1.4677040943016602
0.8800821727014658;1.4649068301020438
0.8736015265575979;1.4841063704993396
0.885086523995011;1.5005086466970192
0.9039104726632072;1.497849338924031
0.8965715214324239;1.5169109228946989
0.8948023923650865;1.3990638162072546
0.8909020929865883;1.4245771741674873
0.8988177699586565;1.4476197858512578
0.8967765204090417;1.4771166300845764
0.9197410101463612;1.5105682016500492
0.9080565188698367;1.5333131990923785
0.926717184805957;1.5307641581415619
0.9195415163072498;1.5497154752900582
0.9215708037177448;1.4828561458336993
0.9424114001582536;1.543550157754455
0.9310265137446626;1.5661177514877376
0.9539965086194885;1.5989223038830966
0.9726812395076198;1.5962873492837242
0.9654815060569013;1.615324580080776
0.926769094002539;1.4219790338962746
0.9188028001289212;1.4592614830337687
0.944855949589353;1.5159395357267742
0.9403081568081362;1.494515971948187
0.9496771881089374;1.5636083126379303
0.9425115111820755;1.582520027685417
0.9650978064101271;1.5756531514522527
0.9483100589443884;1.4607382184370052
0.966644476034482;1.5491699985130323
0.9626522474672039;1.5269861117656727
0.9696741812032812;1.4956662737936162
0.9880614719561882;1.6083606572401157
0.9899293498564892;1.5817416486942912
0.9717448373930289;1.4319666266157551
0.9707294944067898;1.3879600964851921
0.9856556388660627;1.5592281270221022
0.9901284248271182;1.4586246483116077
0.9919636144764402;1.5282155884827147
1.003176647697895;1.4918919969391435
0.9957598726140791;1.6291713097684848
1.0084453291565818;1.592672232425498
1.012912110610035;1.6145323795742614
1.0150891299034492;1.5602006532881176
1.0124798166315634;1.420105524216745
1.03635785801373;1.4620750745946793
1.0360256302566695;1.51374456954955
1.0312667977568324;1.6253345274531563
1.0377527278576997;1.593318305003761
1.051640555354793;1.5555347035509461
1.0737235274387202;1.4112915707237461
1.061306745167568;1.626139369442684
1.0821803652360944;1.4751457337329505
1.0861157780060993;1.5253331743037346
1.0837817441368562;1.5790410554068162
1.0995849561296287;1.620487567023719
1.1328847295027629;1.3798115228038443
1.1202134834518482;1.4367133632326976
1.1423395047411709;1.4913671988853783
1.124395960569713;1.550533182826956
1.1323384722465766;1.5931382499250788
1.187674273701044;1.4312371843890248
1.6968362910556174;1.3800382406453733
1.324245329815483;1.3926227688971127
1.217821130308988;1.4938250634380217
1.26803228135859;1.4368363753873248
1.1780131122354869;1.5540314338814567
1.1711212709310077;1.6098122575833416
1.2386365472692191;1.5471981373959853
1.4706373854821846;1.420161682827506
1.725898430496202;1.3937273982959086
1.7044927502706706;1.3995954597849303
1.679249918903802;1.3951921439239492
1.660757908589211;1.383480515738313
1.6302176505987345;1.3814031670232134
1.5831220899759355;1.389927955563071
1.7219344326502737;1.4112777070927287
1.707865991652819;1.423968964328286
1.7373497589394222;1.410081590186643
1.728862834192515;1.42713586387952
1.7488010873826427;1.4264357820773776
1.7374058181864058;1.4464242989057534
1.760252415825863;1.4427899739681123
1.393814947364509;1.4247597513052608
1.3292114128019443;1.4517629641130372
1.288017114301877;1.5110615030678543
1.2290522365677303;1.6041820445826203
1.27704013579045;1.5694328455302555
1.533749103519794;1.4097126642222806
1.4401367707326556;1.4770833847889382
1.5069643049863128;1.4658391208045773
1.6830881858989837;1.4212909403666436
1.6524449429477648;1.4137679539036665
1.716966379597292;1.447541793298077
1.6965388322352053;1.4408254307624717
1.6158963297454616;1.4172451896821814
1.5726293639486049;1.4470795727886003
1.7525196134472285;1.4590948191836166
1.7717037442690835;1.4591441658588467
1.7287316797946621;1.47286467154714
1.3744384340450673;1.5073644487839017
1.3327478308201173;1.5653190172301177
1.2936979735922107;1.6159322950319948
1.4310652544097935;1.532633758792851
1.483474295855805;1.5279457021910565
1.5397816395800819;1.513505804148251
1.6294025434993564;1.456495271122503
1.669568254502335;1.4507625648054445
1.6999254083953275;1.4694701018445608
1.598208854935969;1.5026641568279033
1.7755248415850773;1.4936486465148475
1.7831550727123038;1.475498357749581
1.7946064011555243;1.4918525496403154
1.7118154760773436;1.501956559168989
1.8060577295987446;1.50820674153105
1.78272308113889;1.5148875471396734
1.7585160524137977;1.5089645823957805
1.798921648762252;1.527088767248425
1.8175090580419648;1.5245609334217842
1.7586869087895636;1.481737645114062
1.738890513640432;1.4985500122818936
1.3866716175604654;1.5789681909915325
1.4491823239764565;1.5836126188401047
1.5240771670338935;1.5843466684924634
1.5784810996132785;1.5547681357589254
1.659639149137636;1.502583198284899
1.6220283437399898;1.541839405415532
1.7005703992917565;1.5348151106002317
1.7351443746127633;1.5306328409907273
1.76389004611153;1.5310523872101047
1.7812646746747776;1.541683368197293
1.828960386485185;1.5409151253125188
1.8058753379709243;1.5472331245883713
1.8404117149284056;1.5572693172032532
1.82184344950216;1.5598191814507993
1.8288657774940364;1.5799596180181552
1.851863043371626;1.5736235090939878
1.8448576175244658;1.5919884353899503
1.4822796058426075;1.630570969834309
1.5747454615862038;1.6100073311174468
1.6123181537118925;1.578396407906863
1.663059960571327;1.5662628828032206
1.8633143718148462;1.589977700984722
1.7125844191480186;1.5695379130212421
1.757337058664303;1.560960723692007
1.7868784773173785;1.5620157258458676
1.8054274989613512;1.5737728148798242
1.8747657002580664;1.6063318928754564
1.8517920220327133;1.6124201715825806
1.8274871440561578;1.6072086870862705
1.809850618949733;1.5962592407552563
1.831537472110415;1.6284379821147101
1.7403970904937802;1.5966421037191096
1.6338442761050074;1.6218019076450052
1.6937318223295514;1.6223045332496544
1.8862170287012872;1.622686084766191
1.8676356484206187;1.6252091016113583
1.7792288753475414;1.5944441886757315
1.802872468095728;1.6271451255017702
0.9769665034943142;1.6317268562784555
0.9884515009317272;1.6481291324761354
0.9999364983691401;1.6645314086738145
1.0185597812730596;1.6619714145220865
1.011421495806553;1.6809336848714942
1.0114481723591144;1.6415502557004233
1.022906493243966;1.697335961069174
1.041424193174048;1.6947019275236186
1.0343914906813787;1.7137382372668537
1.034457150241132;1.674494837180069
1.0361282490678565;1.6466546713438377
1.0584382646986308;1.6795003934430275
1.053969032354991;1.6577677394954617
1.0458764881187916;1.730140513464533
1.064458896611849;1.7275383163302205
1.0573614855562046;1.7465427896622123
1.0576239548485906;1.7069885755612222
1.0763841827676053;1.6909774112986053
1.080845606572188;1.7128516884966138
1.0804227555719794;1.7401428734395348
1.0688464829936175;1.7629450658598922
1.0874431319035995;1.7604023965114914
1.0803314804310307;1.7793473420575716
1.0839733179700455;1.6591475069858934
1.0918164778684432;1.795749618255251
1.1103274228569346;1.793274006735332
1.1033014753058563;1.812151894452931
1.1033985211410704;1.772966632714454
1.1043424148636534;1.7456204627286056
1.098898584202656;1.7243487334847363
1.1057567309936631;1.6923700056613666
1.1147864727432693;1.82855417065061
1.1331980769483632;1.8257246956292068
1.1262714701806822;1.8449564468482895
1.1255383461384822;1.80508152614434
1.1324043984187322;1.6463653358104249
1.1269594921655162;1.778511761094683
1.1231541682860513;1.7564802398916914
1.1302818365272667;1.7254947726107976
1.1457250505663634;1.6879123260049111
1.1491780971226984;1.838053880269114
1.1377564676180951;1.8613587230459694
1.1564797264263518;1.8588818574960864
1.1492414650555078;1.8777609992436486
1.1498038581183383;1.8112270945363007
1.1450943195499348;1.7890377777416675
1.1889321473666856;1.6632839625717828
1.1511700825481221;1.7575923558101603
1.172830895689909;1.7168576437073002
1.2485700115041714;1.6617671108045562
1.168277170467321;1.8208625551005593
1.1743693728820692;1.842529826158064
1.180199852963278;1.8927479498553539
1.1607264624929206;1.894163275441328
1.173768577635499;1.8710218129719607
1.1960881389054625;1.9054747027357213
1.187035808754531;1.7492155356876848
1.1731487080973868;1.789068167905521
1.2213109013164527;1.7145720369279627
1.2693593706262187;1.7028812001847538
1.3063198006584085;1.6716112277167163
1.1969177235877653;1.8192853101786841
1.1937728748571834;1.8519851099955975
1.2033586791377815;1.8778530078566023
1.217212950728907;1.9004767709414017
1.2202919896961377;1.76908207154301
1.256565557747885;1.7377689634454911
1.3465903176168172;1.63153584082886
1.3031592039310664;1.7267524240446182
1.3545103135168846;1.6905099680653999
1.237174869892571;1.8127402978623248
1.2223262132494577;1.8481796842882459
1.2396599904369505;1.9048970140994124
1.2380665844128351;1.878785010824112
1.280174824709457;1.7833153955791277
1.4203082041884094;1.6567234742015977
1.3921514899098733;1.7246382837551055
1.3393354383533276;1.7550722191816988
1.2702711300225165;1.8439367459655813
1.271022254564219;1.8957191013271966
1.3162499042159854;1.8118243534824614
1.4824037169772732;1.6781611513503414
1.5314086984298039;1.6580851601807338
1.4480760816708522;1.7338747065012057
1.3953150466826407;1.7688251417316863
1.3667846296365145;1.8181258186448264
1.3223550688215;1.8662527090558114
1.512371216534969;1.717800678496245
1.494726749781792;1.772962887932453
1.5592042641558548;1.7078926552948834
1.5945553176284113;1.6707902645333086
1.8746832039162444;1.6453244701085568
1.8509874272601632;1.6390268285273455
1.8976683571445072;1.6390402766569252
1.8907519296805662;1.6568959775513445
1.9091196855877273;1.6553944685476591
1.8543813291920122;1.6614092492441714
1.8246259778135618;1.6594251373485909
1.7522449015581332;1.639303521356694
1.7859748049850024;1.6645069077808894
1.873141493589338;1.672544470073549
1.920571014030948;1.671748660438394
1.8977726798348882;1.6779332058256087
1.9141911585670872;1.690462158610304
1.9320223424741683;1.6881028523291284
1.9395003539652864;1.7217050235817035
1.9434736709173888;1.704457044219863
1.954924999360609;1.7208112361105974
1.4392404077690302;1.8117201335702653
1.3904649923553045;1.8889305066791469
1.5112310253263819;1.8279611174668877
1.9218269286142102;1.7106694442698447
1.8780168385668847;1.693862789326467
1.8962425781943757;1.7058059849230853
1.8466907559004762;1.6918419524870751
1.5501021227462397;1.7717063034807472
1.6031413553256408;1.7303770840486121
1.6571242850023844;1.6841157105413556
1.7129352185376137;1.675890633891887
1.752210063878924;1.6929930233418893
1.9244105668625793;1.7360194528192054
1.800770682876493;1.704506544649917
1.9466810290425087;1.737980463167675
1.966376327803829;1.7371654280013313
1.9778276562470494;1.7535196198920657
1.9550024140159632;1.7573216505500862
1.469632829579519;1.887356101641004
1.5702902817365003;1.8366893428755724
1.5360598840154938;1.8848363345020758
1.9007247286739577;1.73242092599933
1.869588185024497;1.7244207605679307
1.8348201241341766;1.7287576296624312
1.6152400324107545;1.7926138660201305
1.6506042994922223;1.751873437178459
1.70858407453;1.7398406618098687
1.763322460438225;1.7380624610775337
1.801843787084866;1.758373786803209
1.91402275710266;1.75221470067743
1.9346553451209776;1.758283331126064
1.9699015828431534;1.7698129510988645
1.9892789846902699;1.7698738117828003
1.946460539665209;1.7835458337384407
2.00073031313349;1.7862280036735345
1.976104894793213;1.7925059987498193
1.6216660326710324;1.8467740636154562
1.5952021238872245;1.8940154207554036
1.887327106327092;1.761609564760124
1.8499524785188775;1.7665347926889
1.9170929406157107;1.780386346355
1.684355351927205;1.815468056395107
1.7522175269496225;1.7919104456591202
1.816684466542271;1.8079077652915734
2.012181641576711;1.8025821955642696
1.9927514778400266;1.8045538121761802
2.0236329700199307;1.818936387455003
1.9999913336776902;1.8250613606956658
1.9561824030054038;1.8094082456274725
1.9758915194046298;1.819183288049899
2.016933726414602;1.8367726939823434
2.035084298463151;1.8352905793457375
1.9289615925191423;1.813147132126052
2.046535626906372;1.851644771236473
2.0234126821433214;1.85797592039329
1.665830563369241;1.8948777396012804
1.8762772552313518;1.8131017802825045
1.7273428819913028;1.8681145680530318
1.8327572017912366;1.8522056964975284
1.7875399093392637;1.8547017065102493
1.7732455279652883;1.9012277606743888
1.9993654610526688;1.8526892510550357
1.9815104813420976;1.8415809560205278
1.9531558077132696;1.841532788715976
1.9178934035680237;1.8465392486513434
1.9746827563667304;1.8726638747027624
2.03937850798427;1.870576207294161
2.057986955349592;1.867998963127207
2.0032625210992148;1.8739535723913803
2.0229087906196037;1.8848986866279924
2.0694382837928122;1.8843531550179413
2.046373543790063;1.8907669692102613
2.0623043236787373;1.903301658748308
2.080889612236033;1.9007073469086762
1.931363565435025;1.8808897506852755
1.8778007117772795;1.8790952531273823
1.8207625375097616;1.9002807705462443
1.996399892627256;1.904507827855707
2.02759199158099;1.9067749036737014
1.1722114599303335;1.9105655516390077
1.1836964573677466;1.926967827836687
1.20678901004961;1.9228874919745695
1.1951814548051594;1.9433701040343665
1.2157674607782547;1.9397767317024124
1.206666452242572;1.9597723802320461
1.2181514496799852;1.9761746564297256
1.2278604356048604;1.957214473648984
1.24007901224759;1.9720021435589976
1.2296364471173982;1.9925769326274054
1.2276460862150838;1.9230932430519763
1.2503786101372505;1.9863265855237875
1.241121444554811;2.008979208825085
1.2622319688580137;2.0054755441611976
1.2526064419922238;2.025381485022764
1.232600130822487;1.9395200035281912
1.2640914394296368;2.0417837612204437
1.2842455601971356;2.0356814616865813
1.2755764368670497;2.0581860374181233
1.2479091457158114;1.9492879535020893
1.263149243327949;1.9682774301095816
1.251495387750513;1.9249373730548196
1.2738323090116488;2.0213000712409452
1.2687234434660923;1.986329870824408
1.285093363448609;1.9983390800803171
1.2958936592246442;2.054128028139715
1.2870614343044626;2.0745883136158025
1.2954011724253796;2.0179208499252868
1.301509630784399;2.0350946712004214
1.3088446474166462;2.0701943685420177
1.2985464317418753;2.090990589813482
1.280927180521862;1.9372295683471614
1.2882003547601975;1.9723180464855168
1.3055144419556928;1.9163575419665257
1.3192652164574403;2.0849387068934777
1.3100314291792883;2.107392866011162
1.3085591968313184;1.9942165766862452
1.317321349071831;2.0457929376670023
1.3178248981082556;2.0209502851206684
1.3304360296665165;2.1040985159994463
1.3215164266167012;2.123795142208841
1.3405163209670965;2.1222314578384283
1.3330014240541141;2.1401974184065207
1.3324782346930237;2.0659602560023664
1.3383745732422452;1.992965667296056
1.3198560358560025;1.9566913755912891
1.3393699699944612;1.9163186992923105
1.3477395386687172;2.1378629169566126
1.344486421491527;2.1565996946042003
1.3373015360184288;2.085622347297638
1.3657431362107966;2.148687551185831
1.3478000980631804;2.0343627012326095
1.3698455660169335;2.0047497359684154
1.3649566564030877;2.120545668697676
1.3541266498816569;2.098362060662326
1.3592187049850923;2.069529472647203
1.3717655126950943;1.9567532837928618
1.400858907568365;1.994773353547638
1.3859135367994937;2.1311550927899496
1.3924180816386333;2.1542994378516034
1.3975256885543583;2.040859818318368
1.3914087480162736;2.0948209203269625
1.4332658193840786;1.956739766737605
1.439241059108926;2.013707951552617
1.417714247021529;2.1305048621584124
1.4368813651620311;2.0626798046428103
1.4377828208574672;2.1016327288121106
1.5050432059016083;1.9420600012746958
1.4895798912324805;1.9950001765344005
1.4701137832189195;2.039106824354818
1.5622533163299255;1.930933046124739
1.5176805108122975;2.037102970445429
1.4536024617765886;2.1282634967483296
1.4859997147790363;2.090913336435964
1.5562525576568973;1.9872623615411635
1.541058339278216;2.0751226015069775
1.6130091569503788;1.9526698862420364
1.5628217387367358;2.0427164517992304
1.489233961027923;2.150270140506089
1.5411157549513508;2.118438335843872
1.619827448445647;2.0257924910830116
1.5884840368255164;2.0848503197196675
1.729291847419973;1.933853240458278
1.6773883486480197;1.9780796258962356
1.7887612344004964;1.9463525291695905
1.8532277831618538;1.941722630532925
1.960203349122476;1.907993501884465
2.069229627005906;1.9234827005290513
2.0923409406792532;1.91706153879941
2.045211404074897;1.9178230675262622
2.085676665889402;1.9353286039930857
2.1037922691224735;1.9334157306901445
1.6922136992746661;2.042639921930991
1.599921227502493;2.137284285130787
1.6501885381891157;2.0942670581485148
1.9180119739811314;1.934550117751061
1.7572114257012956;2.0004873938439545
1.8295710738498436;1.9923136287857273
1.8849361619731708;1.9827892473972852
1.8647511311630225;2.0233015537763173
2.0668926815128024;1.951345124162218
2.0485470121331186;1.9397463013492087
2.115243597565694;1.949769922580879
2.0926925730876786;1.9559876751997127
1.97184062311114;1.9452599543451787
2.020222757939145;1.9380947772619777
2.1088680729245515;1.9670170894694723
2.1266949260089145;1.9661241144716137
2.07128984478215;1.973151813716258
2.138146254452135;1.9824783063623481
2.1162370609443504;1.987438859526019
2.132842328104072;1.9997998097331298
2.138971540300751;2.0169540648741107
2.117216076866461;2.0111885345345213
2.1495975828953546;1.9988324982530825
2.1610489113385754;2.0151866901438167
1.7083079665782215;2.090966578799106
1.751345344591273;2.064011721203346
1.6948176813097724;2.1304424954761476
1.9481549767053588;1.9834022130970606
1.8176937114840237;2.052941874851774
1.919517917238824;2.0322612938369202
1.8720138222583826;2.06130316209761
2.041082425051464;1.9723610119611674
1.9964747902531377;1.9752017381308382
2.0908232794074655;1.9827281992593613
1.9762777115799517;2.01822691969846
2.0178722536756104;2.002831912097344
2.0977488577371846;2.0036916346187463
2.0659641272751976;2.0088702945803147
2.124834898892835;2.0315073816045843
2.0982334790762933;2.028553640882078
2.1144022483466736;2.048148068693961
2.0757887056307864;2.0572105698670455
2.1486075957767055;2.0342627998445773
2.1725002397817956;2.031540882034551
1.7539461877628684;2.128382354083785
1.8534025159655596;2.106254039997601
1.7996209022929874;2.100058083044674
1.967484545414629;2.059421963641358
1.918314510723525;2.096230616061268
1.9870155839310886;2.1052207905753395
2.022955454513363;2.0517886113880253
2.0464070044388065;2.0910457892142422
2.183951568225016;2.0478950739252855
2.1597433132664476;2.0521591212084784
2.1393370072917164;2.0541504608674916
2.1516287258832025;2.0797308257131437
2.1133807613326714;2.0746365473293475
2.0872935282006675;2.1031815574566033
2.1954028966682366;2.06424926581602
2.1754540599750083;2.0650725554537797
2.2068542251114565;2.0806034577067543
2.182006296091322;2.086730701843727
2.1611360110924007;2.104390627906297
2.218305553554677;2.096957649597489
2.198781867912595;2.099355420481831
2.1804368831764838;2.114597554129696
2.2061013270948746;2.1200916118144604
2.2297568819978975;2.113311841488223
1.8954451214110861;2.1591294196086213
1.9522444956191205;2.143206849264732
1.9876362055191283;2.1548414683732293
2.0441598917601618;2.1391181948826907
2.1306261110938065;2.1061506959419036
2.1054359071506887;2.1434411345034183
2.156362073446425;2.1362397929483574
2.186376076635116;2.13642923270134
2.2048806263471707;2.1475875251317498
2.2412082104411177;2.1296660333789577
2.22254568479672;2.132317729951227
2.2295175740857998;2.1525019685758946
2.2526595388843376;2.1460202252696914
1.3559714189289398;2.1730019708018795
1.3743748664143973;2.169998803986264
1.3674564163663527;2.1894042469995596
1.3918188914312608;2.1829918951189216
1.3789414138037657;2.205806523197239
1.3985383286641915;2.2046117447491578
1.3904264112411786;2.2222087993949184
1.4139452288523509;2.2164631083709754
1.4019114086785915;2.238611075592598
1.4133964061160043;2.2550133517902773
1.4349258127932256;2.2506703869228484
1.4248814035534172;2.271415627987957
1.425490415200693;2.23407085340744
1.43636640099083;2.2878179041856366
1.447629908229028;2.2689434650686175
1.4593052262094413;2.2831470343900224
1.447851398428243;2.3042201803833158
1.4697887489920665;2.299042902394529
1.4593363958656558;2.3206224565809954
1.4128222166174298;2.165084309639205
1.4221894562492796;2.1897419016556574
1.436617999903074;2.210550097428201
1.4530271166797537;2.2511903991865214
1.4708213933030687;2.337024732778675
1.4834275675312654;2.317770485139902
1.4943531969230988;2.332567490346766
1.4823063907404816;2.3534270089763543
1.5042960857373857;2.3479178156657268
1.4937913881778946;2.369829285174034
1.4480032929486797;2.2315166213399813
1.4705640293825895;2.2629764407588597
1.4894651748086587;2.2995313258315924
1.4838163425203057;2.278508409308751
1.4403842086920335;2.160789508243458
1.4568022056869607;2.188206316201287
1.459166969884483;2.2129547414839164
1.4765535662370692;2.2346960173867987
1.4961748209565582;2.2580318363232244
1.5052763856153075;2.386231561371714
1.5180914872010365;2.36687076875417
1.529885477055569;2.3820752770432034
1.5064233841934644;2.311391442966819
1.523538618145401;2.3481358279402103
1.5183896806136155;2.3284441846513575
1.5407607377310502;2.3982993334657605
1.5133209873868667;2.284484271760111
1.4893178420780824;2.1962100699623264
1.51321975094531;2.222286915577814
1.5319431309077813;2.2502926034356014
1.5414482676330603;2.359806482364054
1.5548231814025704;2.376734062426367
1.5339432647866877;2.306795758110335
1.5535172455799322;2.2758551232215605
1.5476126237809509;2.3305717273741773
1.5645111058672607;2.3964143612200197
1.570154964717076;2.2988519472771753
1.5439669447273419;2.178171051708254
1.5501591740256624;2.2205883360362706
1.565287797292123;2.245464037939592
1.5935401432346887;2.261535683553924
1.5692819519671395;2.352046279490757
1.5850626928411755;2.3740760081832097
1.5909163248954452;2.3967053094528725
1.580217383529708;2.324931213425309
1.6115498438530396;2.2970116382917474
1.5975594407971605;2.2093273750793485
1.6267380537322553;2.255643697697328
1.653532587654856;2.1608919061201743
1.6599307502346625;2.2764015703287024
1.605922208507164;2.3413266320078314
1.6149032150937357;2.37932053876493
1.6433459668235157;2.3190704006877403
1.6703970338907692;2.218193393851151
1.7106918934211592;2.172937388679058
1.7095974713297364;2.2699002935498473
1.6853822888530825;2.3156038639370062
1.6554034338869859;2.35575748163
1.6442652813799012;2.3982386980112227
1.765664428602922;2.183673266102251
1.8181472120384137;2.1593424559765744
1.741522975018697;2.2243952158810383
1.756551848872331;2.273402362552614
1.701519939512339;2.3480523124916206
1.7367439203457915;2.312918099472588
1.6964666261586243;2.3989346933069653
1.954785934933376;2.1919334932790755
2.2455184526227994;2.165039177641156
2.2641108673275587;2.162374417160427
2.25253691383656;2.185226041810436
2.275562195770779;2.178728609051161
2.2684581707297125;2.1977133215543403
2.287013524213999;2.1950828009418952
1.9066061372696927;2.2126481085605803
1.864528709950911;2.2061957502856853
1.8101575296787147;2.2390050793082446
1.794184910768045;2.306424305393964
1.7588332292461508;2.3711711800836657
2.229024996550946;2.1791127075489873
2.209620839879121;2.1690682674124067
1.9354282820985882;2.2378914090512994
1.9830904517317023;2.2393176382656956
2.128548633164014;2.1799146943145282
2.1796683348900343;2.168250139204825
2.0125966722179722;2.1907156741544003
2.0713794885774917;2.18930107424154
2.251198088078773;2.212530253787124
2.2329815422003465;2.20166324719565
2.298464852657219;2.2114369928326294
2.275375187217885;2.2178786333879237
2.255564977185056;2.2342366033752437
2.30991618110044;2.2277911847233636
2.291423710330185;2.230164374288473
1.884490817561501;2.2618055722374093
1.8441639412339201;2.3017157293962165
1.943654958795556;2.2815011579239117
1.8343871614955283;2.353600860039182
2.2034433517416523;2.200514883636819
1.9964285720187396;2.2798742333968427
2.044471564764905;2.245686874056587
2.1018335909744286;2.2251747016641876
2.1529332565578794;2.211757285740418
2.3372832340242358;2.2952225045195673
2.3442701664301007;2.2768537603955674
2.355721494873321;2.293207952286301
2.3212952744576234;2.2833707407003887
2.332818837986881;2.2604995685048332
2.226236309767144;2.2333843245654244
2.248782698640518;2.2663472189124927
2.2742621567371137;2.245251699025109
2.32136750954366;2.244145376614098
2.2983577767953793;2.2506497725642016
2.278834931479465;2.2673274552180045
2.29688121438738;2.2786200269989965
2.31452673044172;2.262102753391894
2.3439724971694047;2.315646375879359
2.3671728233165417;2.3095621441770366
1.8997323257637813;2.3318342779464896
1.9710758662335792;2.328265587599421
1.8790007126470352;2.3905134170114626
2.186721487476454;2.23809200783248
2.0337812382610867;2.312691394042493
2.0852162702960584;2.2739419742656004
2.1408663753986232;2.270172298814635
2.3204809605119405;2.3105095944135496
2.302247179822589;2.2997746521399076
2.360751574891226;2.327519290723046
2.3786241517597615;2.3259163360677704
2.3425719368112716;2.3441184349328226
2.324892701083858;2.3328763873939895
2.2013501356390033;2.2805053542943954
2.2959231054709095;2.3314520985355576
2.271696234248744;2.29921870364888
2.2355892454596855;2.302558227774217
1.943114186846447;2.3812580545111155
1.996587292395321;2.3735286851625235
2.0526654919341185;2.3663892552153634
2.2503342760531866;2.344811533403303
2.104525197743012;2.33140077176651
2.2017789155790193;2.3351668078249577
2.1627561459683133;2.3186931927880208
2.4244294655326435;2.3913331036307084
2.4057886527288637;2.3938086561192904
2.412978137089423;2.374978911739974
2.3898261465685118;2.3812114454290305
2.4015268086462025;2.3586247198492396
2.390075480202982;2.3422705279585045
2.3671681902665864;2.348628218107877
2.3829911365518552;2.3611260360851456
2.365680556067746;2.3761976077555595
2.347766854314281;2.3653373325549345
2.3174989565939743;2.363918143527632
2.2818574485990637;2.3678694270780607
2.158063449917852;2.3789180302890562
2.2117938814922806;2.379719699949242
2.2442406407544206;2.398507336369744
2.3703402575527703;2.397367033876284
2.3406681846486546;2.395870949002402
1.5167613830527205;2.402633837569393
1.5282463804901334;2.419036113767073
1.5397313779275463;2.4354383899647525
1.5489245000170067;2.4174103888707656
1.5554068992818502;2.4339384375410735
1.5512163753649593;2.4518406661624317
1.5627013728023724;2.4682429423601118
1.580470228564684;2.465565807897629
1.5741863702397854;2.4846452185577914
1.5726759664367291;2.4457181595588913
1.5719922997752778;2.420061618960523
1.5968642448424297;2.477770916130457
1.5856713676771979;2.5010474947554706
1.6044303009258374;2.498559328159016
1.5971563651146108;2.51744977095315
1.5982437430352945;2.450286733506203
1.5941832956127193;2.426480885047587
1.6207364352862788;2.510339099738835
1.608641362552024;2.53385204715083
1.6277006335097342;2.532237838659526
1.6201263599894369;2.5502543233485095
1.6125660787499598;2.404252378458689
1.616684858636964;2.4617521912730997
1.620138117218487;2.484131900352867
1.6251320249350885;2.433528511615188
1.6387995376977675;2.495434699758941
1.6452880269692336;2.51687173843025
1.6442733735890946;2.5439464786536123
1.6316113574268496;2.5666565995461887
1.650906579297555;2.565855467596162
1.6430963548642623;2.583058875743868
1.6657086079404333;2.5784837170647856
1.6545813523016755;2.599461151941548
1.646376873498515;2.464449935708976
1.6660663497390882;2.615863428139227
1.675289307793256;2.597496582392945
1.6621074431704093;2.4305350393959744
1.6644212056948273;2.5279269068546686
1.669716019146108;2.4964699151952288
1.6728132008752923;2.5528744980031166
1.6858415787202121;2.5772834205926873
1.6963765066167065;2.4555287355307804
1.677551347176501;2.6322657043369064
1.6889343907806367;2.614934271453282
1.6925303526121636;2.5963784338408047
1.6890363446139138;2.6486679805345865
1.7000962251764118;2.6303683915433678
1.7055094051829829;2.6475839164719273
1.700521342051327;2.6650702567322657
1.7225612858802046;2.6598173204502578
1.6923802714466927;2.5258364322677727
1.707745838684075;2.497937816474114
1.705438160458469;2.5573160439985227
1.7050399648558463;2.5845755523818976
1.7512340112621225;2.426767992994644
1.7473531499623483;2.4771812376299494
1.714957617703475;2.6076083685655984
1.7218988006582128;2.63336872073519
1.7399709704186905;2.64767777926391
1.7456555254565513;2.6669251968245273
1.738104950658163;2.5331492549088543
1.731956946518956;2.579218885550955
1.8165200618389328;2.4128013110776654
1.8028084892461111;2.4631534819653336
1.789683549725989;2.5104341750205204
1.7513033990557199;2.617051707594214
1.7656271909705656;2.6501213547864158
1.780353500902768;2.5717830503606143
1.8639024000980535;2.451990006772873
1.847983176993864;2.504000640760016
1.826873521271999;2.5464782057995468
1.7949633420267996;2.628951253472232
1.9155600578745884;2.431910868778789
1.8349332382548589;2.5907454932442002
1.9205413135042133;2.4965508411978923
1.8743785642055923;2.553116085473066
1.8393611199688527;2.6535197190033397
2.033365581321051;2.4132292988939312
1.979133479910107;2.4448189037276578
1.975800110909924;2.5180257853336645
1.8843588610905468;2.6051386529224763
1.9315126529087605;2.5599308242572385
1.8950540108561458;2.6587488040505183
2.447332122419084;2.424041487412177
2.4287445474035327;2.4265919037278656
2.4358807939758638;2.4076872955214434
2.4127571743769747;2.4139346159639268
2.0928966784322895;2.4057608606001644
2.388106114906728;2.408637973105079
2.4775755798638315;2.490578315171011
2.481686107748745;2.473104063084381
2.493137436191966;2.489458254975115
2.2947436880037846;2.4059096806519173
2.0549572167150756;2.4780063481779466
2.02561809169767;2.5596303792142563
1.9728346961047982;2.5773288261125096
1.9392588574943794;2.617030627941176
2.452729116810376;2.457714080860089
2.4587834508623043;2.4403956793029122
2.4702347793055255;2.456749871193647
2.43569323155509;2.4469827406850535
2.4118700374217688;2.4409413391340236
2.3934924686401264;2.42933803176345
2.1301409786067174;2.4473771711077243
2.2002010005216355;2.4314160170544263
2.2546257834305234;2.4346475141974024
2.459793668774389;2.4793030699721217
2.4846602457815634;2.506489755644058
2.5045887646351863;2.50581244686585
2.3632228888973037;2.4281788966927524
2.2857193138108998;2.455891474711791
2.322129296836061;2.4323637407037944
2.463035095178352;2.5042129777556315
2.1227923561130573;2.5054158767070933
2.0877811745985455;2.5469831132381144
2.067783413474943;2.6059388366607807
2.0109946620058263;2.636668300781002
2.434619563914365;2.475042498422969
2.4157265594428865;2.4626926407723286
2.3851943185718536;2.460160762903442
2.176995824264713;2.494695950899824
2.240341833323655;2.485335105326468
2.507820051501624;2.5397268381172156
2.5160400930784066;2.522166638756584
2.5274914215216273;2.538520830647319
2.492685667095707;2.5261509831546802
2.4388776946287964;2.501441809646926
2.4711804756775995;2.5273911414884123
2.452620856239051;2.5218331421768596
2.3345525465053436;2.4699358949102863
2.2925655390822675;2.4931488169932168
2.15092056715737;2.553342205996098
2.1180779282064575;2.6080523171144696
2.0801500630817715;2.6610497206664268
2.4070597661506135;2.494518994358466
2.366179844515413;2.4971970682247204
2.219376239664339;2.552902495092232
2.274222488014488;2.5263544645342457
2.322691794728321;2.526829680836319
2.5389427499648476;2.5548750225380537
2.5140134049213336;2.5606615914329733
2.5312290015611705;2.573017782451333
2.550394078408068;2.5712292144287874
2.4859087005108926;2.55285405588037
2.4260811004526364;2.530962810089515
2.4546757132912487;2.5482619797726764
2.561845406851288;2.5875834063195224
2.5384602344630527;2.594314631282847
2.49435082738346;2.5784445942605125
2.181959733130482;2.615586058935099
2.3802813310852056;2.5434155933715226
2.239984164655658;2.6121517051123653
2.2858483615234855;2.579905491199697
2.3380481424856945;2.574230548157602
2.5732967352945084;2.603937598210256
2.554724767608342;2.606499505448696
2.5133478368938187;2.5886970393547455
2.4659536908333064;2.581158931264709
2.4199957045650184;2.5776393242509705
2.53775045062162;2.620951271087155
2.519728757947173;2.6099146189703095
2.489961514230262;2.6095194052285673
2.5847480637377283;2.6202917901009903
2.5616478197018475;2.6265528445716133
2.5961993921809494;2.636645981991726
2.577614173941235;2.6391418978620993
2.22752392546959;2.6702892673266527
2.3708235516704073;2.6020430259567773
2.290049342636779;2.643089487897213
2.3263345911047266;2.6087561397879244
2.5425927192743494;2.6421555344077037
2.6076507206241692;2.65300017388246
2.584561926556017;2.659293317422285
2.61910204906739;2.6693543657731946
2.445536246282553;2.6234901244247655
2.408796883525656;2.627933244802464
2.5130097285260913;2.6410580645605135
2.4760254605423175;2.6445450834776305
2.5606710396781645;2.653680707705945
2.3582161256538496;2.668695288175596
1.71200633948874;2.6814725329299454
1.7298400089211725;2.679313059015142
1.7234913369261529;2.697874809127625
1.7444944251547285;2.692237503188979
1.7349763343635658;2.714277085325304
1.7526336161348683;2.711400518047227
1.7464613318009785;2.730679361522984
1.7690988393055251;2.7236079186350244
1.7579463292383914;2.7470816377206635
1.7764025494367162;2.7441547647391076
1.7694313266758044;2.7634839139183427
1.7683294747802127;2.6968864630670213
1.7615973053977276;2.6748908876782416
1.7809163241132173;2.7798861901160223
1.7993838191457938;2.7773545058948983
1.7924013215506305;2.7962884663137024
1.7924548228131414;2.756833152475626
1.7928165355511976;2.7293938083776155
1.7875267533072918;2.706327298805357
1.8038863189880432;2.812690742511382
1.822360769262641;2.810054353613854
1.815371316425456;2.829093018709061
1.8152757131930803;2.789839959091057
1.7916944324579935;2.6731398808051825
1.8169870901359972;2.7621551456841167
1.8121888159121586;2.7404536921524696
1.818953906382383;2.705694827114926
1.838235684138018;2.8225847477909527
1.8268563138628688;2.845495294906741
1.8454345134296457;2.842901755310899
1.8383413113002818;2.86189757110442
1.8393467159420271;2.7951525260459507
1.834923553084422;2.772956230164928
1.8644241274305362;2.6944665067872844
1.8417858169961132;2.740997486588014
1.8727963036125204;2.9111043996974586
1.8914813688163121;2.9084563960799277
1.8842813010499333;2.9275066758951382
1.8611953510791837;2.855214902862976
1.8498263087376943;2.8782998473020993
1.8684497272243918;2.8756222292452294
1.8613113061751074;2.894702123499779
1.8838416987838185;2.8878861254736914
1.8574832030521642;2.805907909875445
1.8623540887938441;2.8282367586211534
1.8957662984873465;2.943908952092818
1.9144642060196146;2.941271713780845
1.9069391376981546;2.9205221179061063
1.8643185868311725;2.7742700432238676
1.9033181059780637;2.697648619865121
1.8854201056646822;2.733984265587685
1.9304670533939485;2.95391426754944
1.908721669507045;2.893865136425298
1.8806555160042377;2.8387311852283394
1.88505010257854;2.861409273047691
1.903851121807343;2.8720671721075455
1.886845998831057;2.8070662687952637
1.9314316394740196;2.926417181564093
1.9272899796547294;2.904613583953899
1.940771242085214;2.6722642557802403
1.9056652779292174;2.7691858395019833
1.9322475891098874;2.7224393925897883
1.949614566072856;2.938180710681813
1.9341428686535072;2.8726637371681636
1.9101371776706213;2.839514176625898
1.9198377890355862;2.8015634157908065
1.9568276722841385;2.906057853661918
1.9818792094044895;2.7145119167524205
1.9522704300558624;2.7696688359800556
1.9798188594682475;2.9392530251317543
1.9728995898445205;2.867518353553085
1.9552310694950477;2.8234222293786044
2.004997108604453;2.893237828674953
2.041765807037182;2.714064490862212
2.002852441725723;2.7802416998519686
2.0217514532767487;2.9348578490546458
2.0163093975873903;2.8376178285603055
2.0513441053227157;2.8883284518066734
2.1511295546032705;2.672085823105563
2.1063073519256825;2.7262033211670214
2.0632103081557185;2.786187352908834
2.0689452042131267;2.9400712926057304
2.0895399526677303;2.8377134866615923
2.104542363050466;2.8955998022792215
2.17998870210952;2.7307595727065155
2.130470681463667;2.7896652086701517
2.64200470595383;2.7020627495546625
2.6234590544019256;2.7045901316345695
2.63055337751061;2.685708557663929
2.6008185829774897;2.670774075322795
2.5653896000904326;2.6753969519286507
2.6075191185625224;2.692040287906637
2.11171558271883;2.954279501319693
2.147812244344121;2.9186314953203407
2.1574109428991624;2.8591601411199403
2.289482292982235;2.6924784314756085
2.25724278925462;2.7363621855217923
2.2137767294217086;2.8023403819070403
2.5830579617109075;2.6867910208116306
2.5882868345987693;2.7078226301276884
2.6058335142528257;2.719189854494863
2.6534560343970504;2.7184169414453976
2.6304255316089185;2.72475241661336
2.535407575441867;2.6741439005287004
2.64688806448695;2.7371452680203068
2.664907362840272;2.734771133336132
2.433343894324342;2.676498197162453
2.488626785322373;2.6815992189236924
2.5579427232867618;2.7062055646602587
2.2018105992002024;2.9123367630054453
2.222233453047134;2.8664996335968693
2.3229529614277826;2.733613462892127
2.290325765354099;2.784944011762968
2.270748076960461;2.8438432204732447
2.3946586799997167;2.7270521283286175
2.511201767938106;2.7171527248760765
2.5446784126766966;2.7416316031524497
2.5808367806843497;2.7389496756365994
2.6107560553242206;2.740354652480329
2.6296195488372165;2.752290508124226
2.676358691283492;2.7511253252268664
2.654470262859762;2.7572897685093
2.672366331114591;2.7691493677760013
2.6878100197267125;2.767479517117601
2.461005108203276;2.726987027753275
2.270789531097173;2.9090783281679697
2.360654974563936;2.7825205838720617
2.3331993643018443;2.834301450812727
2.3156183229405807;2.880726641276911
2.4351531943264897;2.77790471683873
2.5032466710693964;2.7724424231760287
2.557173882705676;2.7789266356058935
2.6031225045142405;2.7734739479608295
2.655397311979586;2.785253223607021
2.6351876230306197;2.774281210413342
2.6992613481699324;2.783833709008335
2.6786864604260323;2.7858698683539482
2.7107126766131526;2.8001879008990698
2.6865348928970025;2.804994647205451
2.664734821219845;2.8085577378405286
2.7041875045730124;2.817160393440427
2.7221640050563733;2.8165420927898044
2.3301280215242155;2.93450853806171
2.3977598987186584;2.836008728627423
2.3689066091161464;2.8834728986836797
2.4665512559110345;2.8265676955787225
2.5256279263025503;2.826110268225488
2.581854224199099;2.815998569556756
2.629104768219127;2.8075157254309917
2.6795786630778498;2.8353006908743557
2.6518172536440137;2.834386849419499
2.7336153334995936;2.8328962846805386
2.710850935112928;2.840227149028778
2.745066661942814;2.8492504765712727
2.7269196137774303;2.8519905247075577
2.6946809858412006;2.8599416925808776
2.756517990386034;2.865604668462007
2.7341387076488615;2.87200313366816
2.750057451386173;2.8834054351162464
2.7679693188292545;2.881958860352742
2.3970694776257306;2.9389566253869366
2.4309243691234683;2.8861640144034797
2.499694991869498;2.8812046157705313
2.5527450917413788;2.8698796704372334
2.6132931308665195;2.853760410640552
2.7566072681170235;2.904591677213179
2.7725994966528447;2.915934185849242
2.7794206472724747;2.8983130522434766
2.790871975715695;2.9146672441342103
2.7338064886291362;2.898888468311177
2.6596918473694897;2.8719049900205413
2.712303684503943;2.866350244217879
2.6942975317786466;2.8883942612593607
2.716828989557349;2.8880362698228645
2.7378849163774346;2.919931919472477
2.5877149365860665;2.8996318319249683
2.463020325729069;2.9441031822123485
2.5421166690149293;2.934611318356844
2.591690350328419;2.9370927390136523
2.755770572559487;2.9317554369452474
2.8023233041589153;2.9310214360249454
2.779223995383281;2.9374178922789698
2.8137746326021356;2.9473756279156795
2.7952169964637035;2.9499972292750214
2.7597327559324336;2.9538032221136468
2.6248685437652175;2.9051544289142273
2.662919010466553;2.9281862752611634
2.7093588037077305;2.9183772119567175
2.7299050700683334;2.9521050549732424
2.6218476556199946;2.951140316784012
1.9072512959247592;2.9603112282904975
1.918736293362172;2.9767135044881767
1.937487905116162;2.974194579128446
1.9302212907995853;2.9931157806858564
1.941706288236998;3.009518056883536
1.9603541938501652;3.0069878829534336
1.953191285674411;3.025920333081215
1.954125220139863;2.9603036124125293
1.9531310245182385;2.9869558424949947
1.9646762831118236;3.042322609278895
1.9833581586113609;3.039728408818687
1.9761612805492368;3.058724885476575
1.9760067198787723;3.0196818908304643
1.9728754890226714;2.971214988154895
1.998688674601544;3.0519541413929208
1.9876462779866495;3.0751271616742537
1.9769908306831585;2.9931094957452915
2.006307999156613;3.072548929549424
1.9991312754240624;3.0915294378719334
1.9999156061951593;3.0256861740024363
1.9962029409258866;3.0028872585452344
2.0023812753203902;2.9724298560765807
2.02179467348908;3.0846042803731053
2.010616272861475;3.107931714069613
2.0229334909253907;3.058408662979519
2.018802345389181;3.0358071651403686
2.029210058117203;3.1053714098710135
2.0221012702988883;3.124333990267293
2.045141129881308;3.1178934717381717
2.033586267736301;3.140736266464972
2.0521890121698037;3.138104096221682
2.0450712651737137;3.1571385426626515
2.0247680234135084;3.0039135714756102
2.0357122509164864;2.967991651559213
2.046334643404385;3.090614604316356
2.0421173966853954;3.0684251560411284
2.0482912948304084;3.0365134040004826
2.079526257485953;3.2063453712556904
2.0982311222488925;3.2036430802387925
2.0910112549233655;3.22274764745337
2.114010003975008;3.2164158783585095
2.06804126004854;3.1899430950580117
2.091168334718951;3.1833729716947876
2.0565562626111267;3.1735408188603316
2.0753190409454976;3.171012274028861
2.0681973547057217;3.1506642062578893
2.0648815706769144;3.101310544726097
2.069289249098954;3.123256007021862
2.069086669882441;2.9911326659590673
2.071293015292019;3.0691980479869136
2.08588517829729;3.030754543813453
2.13840273177885;3.222037713987901
2.1159782685018262;3.188808322549942
2.1341786638848657;3.200084627639823
2.1107276414443135;3.1668584700699616
2.092080116161996;3.1564554784631755
2.087696886121216;3.13435635343579
2.0944544868489734;3.102156353148641
2.120184504012398;3.004123165163902
2.1175486758642474;3.0556138194389977
2.163825892974622;3.201184845325233
2.1412186311657253;3.1680790397940517
2.117221255585785;3.135219877835481
2.13301445504055;3.0978807436995774
2.1690270942383876;2.971788727442014
2.1552480022629346;3.0263964132271473
2.166569976101489;3.0685772928391697
2.2351676427411364;2.961077355751488
2.1803908270032006;3.1638526782328285
2.214297411516852;3.1906340641673077
2.2295136700422242;3.2302832744216676
2.165660675824487;3.1215698842304485
2.2088964070991217;3.0264860291157594
2.2047347822064887;3.0849146932855764
2.2727178662720724;3.0047181486331045
2.2862267680281354;2.9609519133198634
2.2272482622704604;3.1315830367479895
2.2586175882052024;3.1854574346551146
2.2675554006216103;3.074078218553339
2.314532763600493;2.9833263077456107
2.3229954749694457;3.026141917611004
2.2956215684167525;3.133948511130796
2.3112837839511022;3.1875898478573816
2.3458743103556547;3.0824095692667743
2.359277420466035;2.9851770063563463
2.3668435210324734;3.0292531235152556
2.3963068166216224;3.056147232038945
2.3629114200020647;3.1517178126584398
2.3537324778985425;3.2098354457231673
2.405431564007402;3.1008549181137472
2.417424907373618;3.0042650273987714
2.444437019996862;3.0579116044353207
2.4246282148636924;3.1453479416332826
2.415695954108098;3.2013649205045973
2.777445672133509;2.964953442137912
2.8022952414678897;2.970200645438569
2.825225961045356;2.963729819806414
2.6945127785720677;2.95522222939746
2.46053621097635;3.1110965142032634
2.6472945963091576;2.9867336419017936
2.4986461425177815;3.009586326340438
2.58326617300181;2.9880412748666707
2.4954065083128767;3.073663213909295
2.473425842790767;3.1681236159864645
2.519263574346044;3.1154356574526476
2.7827137915361;2.9857972198372877
2.800549378105957;2.9976147472233396
2.484905283497131;3.2223186413100198
2.704411840727239;2.9919013024498295
2.752287432118009;2.9840536777695448
2.859579946375017;3.0127923954786175
2.841029478748162;3.015311086547871
2.848128617931797;2.996438203587883
2.8366772894885766;2.9800840116971483
2.818186424402988;2.9826629328983563
2.82519284713584;3.0027440580835623
2.8051448984326357;3.01868766339494
2.6658174337070277;3.024515277964261
2.8480075355165315;3.0355896202691364
2.8710312748182383;3.0291465873693526
2.6238607027995258;3.03470721747009
2.5574633818681938;3.061643915395401
2.567981664649603;3.1216858458253447
2.5423994669220593;3.1770422362534885
2.775085579863376;3.017000155727224
2.662375177961239;3.053932483461937
2.864617810713173;3.04759261567876
2.8824826032614586;3.0455007792600863
2.8939339317046784;3.0618549711508205
2.8723097521845187;3.067743095037243
2.8899093680932126;3.079438466278204
2.905385260147899;3.078209163041555
2.874448553996607;3.0934704446276076
2.732538126748471;3.0183689528458415
2.6995012753108676;3.039496541906382
2.8234732728884517;3.0298729095013295
2.7976906258296257;3.0496945082506057
2.847292947967539;3.063192875194949
2.8281889587184104;3.0511913976860323
2.6260168948948697;3.0949723402879803
2.607080577515182;3.1557380489546873
2.5951399522230183;3.2148744804622766
2.7436628783272976;3.0605719618001217
2.687440607555858;3.090990422196259
2.8965056743885254;3.095615939042673
2.916836588591119;3.0945633549322893
2.8206595219995436;3.0831219773043257
2.782082965392525;3.0873122906220893
2.8512519312196627;3.0898158990678763
2.9282879170343397;3.110917546823024
2.9052136247356026;3.1146926856334765
2.8642304152963813;3.109874512839656
2.883430646564847;3.1158520077063585
2.6426916065188344;3.1898811750708944
2.6692294367194944;3.140432548530131
2.7352016447187695;3.125487808928544
2.920152030749182;3.1280113980346727
2.93973924547756;3.1272717387137585
2.8984781146303167;3.1408086297916404
2.95119057392078;3.1436259306044927
2.9263938126916456;3.149603986497628
2.7966385356996692;3.1272708061291064
2.8370034286403016;3.118504314199787
2.8663552778642853;3.136670527023412
2.9433361777489533;3.1623152209959886
2.9626419023640005;3.159980122495227
2.9261315858594323;3.1768911887508655
2.9740932308072208;3.1763343143859615
2.9506857207294805;3.1832218660846405
2.985544559250441;3.1926885062766956
2.967084910598661;3.1951186940629244
2.9900298188138734;3.2276724669694907
2.9969958876936618;3.2090426981674307
3.0084472161368816;3.225396890058165
2.973986835625564;3.215483498932532
2.706294818347578;3.197983750328892
2.774989030434876;3.181510198033626
2.8786295476020025;3.168674010064424
2.9067794414693884;3.166439060820058
2.832255919111046;3.166546602552178
2.866160014585586;3.197630220107858
2.9493634354971188;3.2104667799002398
2.902178516026949;3.1988056898333843
2.931499894532229;3.1991742693410847
2.826850260055742;3.2251334991917315
2.1024962523607784;3.2391499236510493
2.12124647701702;3.2365422599566362
2.1139812497981914;3.255552199848729
2.1254662472356043;3.2719544760464085
2.1441934966528415;3.269419682020309
2.1369512446730172;3.2883567522440873
2.137247591820536;3.2490231049031473
2.160184481196006;3.282087856424693
2.1484362421104297;3.304759028441767
2.1670912566637632;3.3022287885933133
2.159921239547843;3.321161304639447
2.1618376990569734;3.254426346983691
2.156850791036054;3.233335441132143
2.1830179375556553;3.314805725930063
2.171406236985255;3.337563580837126
2.190040850888633;3.3350018850283876
2.182891234422669;3.3539658570348063
2.180060606047165;3.26634707660412
2.1844678547199923;3.2874004397917997
2.205944496442413;3.3474898472774335
2.1943762318600815;3.370368133232485
2.2130959358708187;3.3678874650274544
2.2058612292974944;3.386770409430165
2.187447664061737;3.2349079101102878
2.202136969199941;3.2990290078695113
2.2067499329510682;3.320359419271641
2.209573503027894;3.2681787062136203
2.2250960943328333;3.331301883463614
2.230077876941519;3.3530857914911105
2.229104562125962;3.380436908947003
2.2173462267349073;3.4031726856278444
2.236006944760939;3.400587276991718
2.2288312241723203;3.4195749618255245
2.240316221609733;3.4359772380232037
2.2589395800351157;3.433382571849409
2.251801219047146;3.4523795142208833
2.2818005874816754;3.4663287502629268
2.251954543560749;3.4131300971226515
2.2747583980623816;3.4459873720844225
2.231617019208878;3.2998044215995344
2.2442764202188075;3.2621636474029887
2.2555093597892895;3.3322629338186958
2.248383084052396;3.364148493812527
2.253373262413047;3.3854424451228007
2.2760769603102173;3.418447692611898
2.276165624047979;3.234316599158514
2.298408308903757;3.4520564530704165
2.2717501094121637;3.396532014366647
2.294458828469861;3.4302605622528266
2.3167049291960105;3.462937725520707
2.2762366481725986;3.2832575062533307
2.2955263167874485;3.3242981107373186
2.2789625228588064;3.365679365118396
2.3020381783789787;3.397315289511497
2.317496337541734;3.246373421306768
2.323033696623806;3.4313423112409014
2.3478009297250164;3.4633681110303316
2.331092991211308;3.294665656602382
2.3352812031122694;3.352249293412085
2.341276658356399;3.39894019133735
2.3777113078432666;3.254557631824893
2.3601598842339597;3.4273909686258897
2.396676692867266;3.44684254603317
2.3840425412667505;3.313042482305108
2.3942916683306477;3.384367852673171
2.4317373315817785;3.2680147536288953
2.440111356068765;3.426493934511645
2.43771533486756;3.3279102816531685
2.455083170351835;3.3809193632777514
2.4898872653491564;3.2875353906859
2.501342224080473;3.3509886045470036
2.5413314753248604;3.247912089859073
2.4815209178447457;3.4578803519820944
2.488904735988015;3.40901687801444
2.5168559894903235;3.4382572228623354
2.531213511773363;3.3988324452048353
2.549350768943694;3.35795719980355
2.5428857080092744;3.3083829396148046
2.577317661367189;3.393112320377187
2.5934012084829665;3.2764835542667123
2.553871896045278;3.440828795721322
2.5973595233616114;3.4407314975817185
2.5942606144472227;3.3389442932963553
2.6210222229180324;3.3910262829214606
2.6518202529824917;3.2467526736510104
2.6351568426954595;3.3040859519348174
2.652758902508575;3.3500448626044372
2.640872441949261;3.442537683280455
2.6680920593906565;3.404336268434712
2.7092341335634966;3.2607517801853843
2.682250645832776;3.3019318690788935
2.7013191491884103;3.361078166801191
2.6871772638375986;3.4562071948538864
2.723900371731798;3.4227279249924867
3.0198985445801028;3.2417510819489
2.9970510340062013;3.2483282831588416
2.9722305439284913;3.2430969957513924
2.954105962458724;3.2317981479890454
2.7620599256097074;3.2416143353155045
2.7468945832064113;3.310830387922434
2.87864800685338;3.2326372118177624
2.9248078283667653;3.230498069224434
2.759317879926923;3.386715518984839
2.8071217670103548;3.3541483121736677
2.777022647686997;3.441518293765451
2.8055697544808957;3.4037041443964817
2.9771414628707826;3.264479005335497
3.0398556092134554;3.2927692882759527
3.0428012014665433;3.2744594657303687
3.054252529909763;3.290813657621103
3.0313498730233226;3.258105273839634
3.0135945290665553;3.260717285240811
3.021854168484277;3.28094813768771
3.0244384271481675;3.3079871574225423
2.995486730119707;3.27647638504453
2.946835035823791;3.2626397333232005
2.816065176230201;3.2909996370322148
2.8620249327385583;3.264051306771237
2.901442992491586;3.2674550699552736
3.0010519469674444;3.3047109876959455
2.85042543344071;3.3382014305957797
2.872976328723557;3.304245442173208
2.9224518346328834;3.3019606401399613
2.832390342047139;3.445075735727512
2.8559562896448942;3.3896482696421466
2.8862201267655747;3.452147791903011
3.0467151270999864;3.307674992709713
3.0366962423099477;3.328552885427819
3.065703858352984;3.307167849511838
3.0129753678741014;3.3343065289940084
3.035243468988324;3.350818169768618
3.0568475425647095;3.3253138442000396
3.0506906066590522;3.3408473092133164
3.0771551867962046;3.3235220414025717
3.0679550863959575;3.3415058462584093
3.088606515239425;3.3398762332933063
2.9690815829871453;3.295568364712735
2.9810953003306793;3.339478976888673
2.9486245138995435;3.3283837567678374
3.0557643168415765;3.3584258200046193
3.100057843682644;3.3562304251840396
3.07646645312167;3.359322447457518
3.043175317444342;3.3711815871329436
2.906221963077898;3.35087106020712
2.9590292196618226;3.3706110357945542
3.009983021910806;3.3727728369615604
2.9292699071962094;3.4145617555716004
3.1115091721258654;3.3725846170747746
3.0869100635594493;3.3775117611123244
3.0649701102072164;3.3805993847313816
3.103792830904474;3.390611513659063
3.1229605005690853;3.3889388089655084
3.0391937779804175;3.403757815522755
2.9930093701396845;3.410390450627566
2.9795948971705557;3.4569350205476232
3.0799952387924043;3.4064435697959348
3.1344118290123055;3.4052930008562434
3.1108625917598185;3.4119487268797637
3.066160607120698;3.4310288220681846
3.1291624240006395;3.423573972147596
3.145863157455526;3.421647192746977
3.032521486330582;3.4510044758257807
3.090121139816304;3.433620795687563
3.157314485898746;3.438001384637712
3.1365273647703056;3.439386749409963
3.1147617105693044;3.436796291008635
3.0759698595020293;3.464119543580917
3.1049416279028987;3.452626483055435
3.125190646578852;3.458541503898992
3.168765814341966;3.454355576528446
3.1465130880045984;3.4575692946443803
2.2632862164845586;3.4687817904185625
2.2747712139219716;3.4851840666162412
2.3207112036716233;3.5507931714069603
2.344109997989451;3.5453868026829376
2.3321962011090362;3.5671954476046395
2.3281380205506688;3.53313319225897
2.3092262062342104;3.5343908952092806
2.297639061321148;3.4788303772234648
2.2862562113593845;3.5015863428139213
2.3050171141703433;3.4990366926481586
2.297741208796798;3.5179886190116014
2.3218422548423265;3.5118568728839574
2.375111844389332;3.5999999999999996
2.3551661959838626;3.5999999999999996
2.3654482130939516;3.581709451176109
2.343681198546449;3.583597723802319
2.357314452144565;3.5618558457049865
2.3840258031249957;3.586946514254572
2.395057492794802;3.5999999999999996
2.367271571663998;3.5405248031634793
2.322498923948093;3.4839270158127733
2.352025737144282;3.517477229548351
2.3417891328374645;3.4942748186230888
2.384448607684516;3.5647222728592762
2.40329100091916;3.581281072478686
2.415003141200272;3.5999999999999996
2.434948789605742;3.5999999999999996
2.4253800305295217;3.5809856260088426
2.4433449976902204;3.585654485051773
2.454894438011212;3.5999999999999996
2.3840427266687483;3.516684616532135
2.3916285141517233;3.5402505666372313
2.368197725889418;3.489713834700598
2.414902970830737;3.5542761864844037
2.4636976338014307;3.5796757127246823
2.4748400864166817;3.5999999999999996
2.4423663954953203;3.5641307744167015
2.4830871447266807;3.5849825013761936
2.4947857348221514;3.5999999999999996
2.482128503620549;3.5653610084921494
2.464678253842578;3.557678904823356
2.499993114174328;3.579984287456936
2.5147313832276215;3.5999999999999996
2.401152850554805;3.496395993332912
2.4156638717057874;3.5219659604818183
2.498654460734609;3.5579265697038984
2.447219469244264;3.5318458235283283
2.5228979737623973;3.584478768916177
2.534677031633091;3.5999999999999996
2.479963083950397;3.5387521033849496
2.519648744910693;3.563018063591155
2.562998039600559;3.583873270627031
2.574568328444031;3.5999999999999996
2.5546226800385607;3.5999999999999996
2.4375487473972965;3.485095051282375
2.5945139768495005;3.5999999999999996
2.602961515185801;3.583298460709997
2.61445962525497;3.5999999999999996
2.582360369851756;3.577330180184167
2.5150428986433684;3.5313993545013607
2.4799127121067244;3.5045598681620223
2.5417983532203614;3.577743580137386
2.538175498495962;3.553202594169689
2.560045691091396;3.561253482533605
2.6224307667379723;3.577234367648953
2.63440527366044;3.5999999999999996
2.642846583423752;3.5832973248056716
2.5266331263647333;3.4815103871755535
2.65435092206591;3.5999999999999996
2.600500908763376;3.5601749414711317
2.5802274578784905;3.551744494602238
2.5562697030009;3.526918662823238
2.662191481169585;3.577396975565028
2.6742965704713795;3.5999999999999996
2.6403537968534114;3.5604519384200803
2.61983519480925;3.5518035747198047
2.597723661740678;3.5278794533614923
2.682842001238081;3.5832946002755537
2.6942422188768496;3.5999999999999996
2.575637311771384;3.4851629362696532
2.6804015444936122;3.5601450000100705
2.6598582555344725;3.551779270169884
2.6375854764895195;3.5281238519156464
2.6152181281064126;3.4867362003902618
2.7023206823913357;3.577315602843739
2.714187867282319;3.5999999999999996
2.7228473709388163;3.583175615309373
2.7209794279277184;3.5613828631284328
2.7341335156877897;3.5999999999999996
2.7423146206161824;3.577600407304754
2.7540791640932594;3.5999999999999996
2.76275052984483;3.5834950293931263
2.6781361459105124;3.5272383384708275
2.700293183030138;3.5515055760388172
2.774024812498729;3.5999999999999996
2.657641804424651;3.4926870198896514
2.7173963658253535;3.528806199457232
2.6924105222876906;3.499095518992916
2.7405407908459565;3.552442186917943
2.782175948553789;3.577594401313498
2.793970460904199;3.5999999999999996
2.760570266047116;3.55984013594451
2.75825303006815;3.5278577115191188
2.8026112999961215;3.5832773618094835
2.8139161093096687;3.5999999999999996
2.7801400492809063;3.551930212139768
2.8006504763377933;3.560643992321505
2.822147240243387;3.5773676465559014
2.833861757715138;3.5999999999999996
2.842513218166217;3.5832948670558085
2.853807406120608;3.5999999999999996
2.8204054349696985;3.5519415919853468
2.8619407985351066;3.577463926951295
2.873753054526078;3.5999999999999996
2.7330466917689686;3.482170258562963
2.7988176865352696;3.5278704816121413
2.7767335577236962;3.4934349305233217
2.882294043361388;3.583361000487471
2.893698702931548;3.5999999999999996
2.9015750195001044;3.577520094055796
2.913644351337018;3.5999999999999996
2.8401751147967325;3.56033863042515
2.8601917342420897;3.5524382427048473
2.8802468947595683;3.561044455795036
2.8383873634681804;3.5284680529512684
2.8139593029900616;3.4812729845642094
2.9220354996763733;3.583335306935222
2.9335899997424875;3.5999999999999996
2.9197482982591922;3.5598572054750046
2.8998542265408283;3.552521394673101
2.8778247064091924;3.5290730071636833
2.9413671169470117;3.57743470711976
2.9535356481479575;3.5999999999999996
2.858816954578562;3.4908531201050703
2.8932723443796005;3.498745026259272
2.962096358689338;3.583278415736807
2.973481296553427;3.5999999999999996
2.917527939679855;3.528306715835231
2.938955791855276;3.5519654405383267
2.9594160486551124;3.560887038284592
2.9347628125881284;3.4822300986478396
2.9814124633530983;3.5773186102234233
2.993426944958897;3.5999999999999996
2.9573798106620464;3.5282877424802352
2.978955248835192;3.551962115217303
2.999457258507435;3.5608985180612454
3.0020416163385444;3.5834021907921243
3.013372593364367;3.5999999999999996
2.9780122442773775;3.4960287642501218
2.9971252428682633;3.5280421551709304
3.0192225414789444;3.5526288880056542
3.0213454359223664;3.577468024167163
3.0333182417698366;3.5999999999999996
3.039295278437699;3.561669225689419
3.0418451654234393;3.583392778407231
3.053263890175306;3.5999999999999996
3.0147462337719633;3.48785582183306
3.036791823812967;3.5297093878933667
3.0583611093098084;3.553248851954406
3.0609970394505885;3.577834554661818
3.0732095385807763;3.5999999999999996
3.0815128595268724;3.5836676672486423
3.0788355236489666;3.5631628499912065
3.0541347484310255;3.4948487259803764
3.093155186986246;3.5999999999999996
3.100857509643624;3.57739540673103
3.0979077223581277;3.5539534698623436
3.1081201042816584;3.4787819192590397
3.0747169305550774;3.531492243424486
3.08887735472043;3.500425062190821
3.1131008353917156;3.5999999999999996
3.160518249723109;3.470333139176706
3.121624970352703;3.5836984343952807
3.1802171427851866;3.4707097684191806
3.1201263605443357;3.56202215016405
3.1119146870637233;3.531789197474293
3.140382023960108;3.4820787184675006
3.1236575811148675;3.5041015725453026
3.1330464837971856;3.5999999999999996
3.166397377480881;3.492712040812272
3.141045596326546;3.5780085285103014
3.137925540988248;3.549153460621353
3.1916684712284065;3.4870639603099143
3.1409592867466687;3.525471883530034
3.1479223292237353;3.505118521284513
3.1842512819802655;3.505402471699613
3.1529921322026557;3.5999999999999996
3.1620768109214943;3.584047458803384
3.167960770038956;3.519710791846282
3.162132892355581;3.56636559060245
3.161835561539238;3.54309931110624
3.203119799671627;3.503418152200649
3.192314670493115;3.521371170819068
3.1729377806081254;3.5999999999999996
3.1811860776201657;3.5796000617125765
3.1859097445782076;3.540665251935763
3.176719089942018;3.5580301481766914
3.2064398299378447;3.538292280911537
3.214571128114847;3.5197723440913826
3.192883429013595;3.5999999999999996
3.20128183371062;3.5855338344760503
3.202751830076827;3.562837891902845
3.2207472635012935;3.54999549995987
3.2260224565580677;3.5361265359821177
3.212829075831965;3.5999999999999996
3.219607804209258;3.582445105357126
3.2279480620811896;3.5670200358748594
3.237473784017296;3.5524807264675657
3.23269483458369;3.5999999999999996
3.240584680719825;3.583784162284676
3.248885560392994;3.568778432151906
3.2519716607166735;3.5999999999999996
3.259963094996761;3.5845987911158916
3.270747137554955;3.5999999999999996
% Elements (triangles)
1;2;3
2;1;4
4;1;5
4;6;2
7;5;8
4;5;7
6;4;7
9;8;10
8;9;7
7;11;6
11;7;9
12;10;13
9;10;12
9;14;11
9;12;14
15;16;13
13;16;12
12;17;14
17;12;16
15;18;16
18;15;19
17;20;14
20;17;21
18;21;16
17;16;21
19;22;23
18;19;23
18;23;21
24;22;25
22;24;23
25;26;27
24;25;27
28;27;26
28;26;29
21;30;20
21;31;30
24;31;23
23;31;21
24;27;31
32;27;28
27;32;31
32;28;33
34;29;35
29;34;28
33;28;34
36;34;35
35;37;36
38;30;31
31;39;38
32;39;31
33;39;32
36;40;34
33;40;39
33;34;40
37;41;42
36;37;42
36;42;40
43;44;41
44;42;41
45;43;46
45;44;43
45;46;47
47;46;48
39;49;38
39;50;49
40;50;39
40;42;50
51;42;44
51;50;42
45;47;52
45;52;44
44;52;51
53;52;47
54;55;48
48;55;47
53;47;55
56;54;57
56;55;54
57;58;59
56;57;59
50;60;49
60;50;61
51;61;50
52;61;51
62;61;52
53;62;52
56;59;63
56;63;55
55;63;53
53;63;62
58;64;65
59;58;65
66;59;65
59;66;63
67;64;68
67;65;64
69;70;71
68;72;73
67;68;73
61;74;60
70;75;72
69;75;70
75;73;72
76;77;71
69;71;77
78;76;79
78;77;76
61;80;74
62;80;61
62;63;80
66;81;63
63;81;80
67;73;82
67;82;65
66;65;82
66;82;81
69;77;83
69;83;75
73;75;84
75;83;84
73;84;82
78;85;77
86;83;77
86;77;85
87;74;80
88;89;90
89;91;79
88;91;89
78;79;91
78;91;85
92;85;91
88;93;91
92;91;93
94;95;90
88;90;95
88;95;93
80;96;87
81;96;80
81;82;96
97;82;84
97;96;82
86;98;83
84;99;97
98;99;83
99;84;83
92;100;85
86;85;100
98;86;100
101;87;96
102;94;103
102;95;94
92;93;104
92;104;100
105;93;95
93;105;104
102;106;95
105;95;106
107;108;103
102;103;108
102;108;106
109;108;107
109;107;110
96;111;101
97;111;96
99;111;97
99;112;111
98;112;99
98;100;112
100;113;112
113;100;104
111;114;101
104;115;113
106;116;105
105;116;104
115;104;116
117;106;108
117;116;106
118;119;120
109;121;108
117;108;121
119;122;110
118;122;119
109;110;122
109;122;121
123;124;125
124;126;120
123;126;124
118;120;126
111;127;114
112;127;111
113;127;112
113;128;127
115;128;113
129;114;127
130;131;132
131;133;125
130;133;131
123;125;133
134;135;132
130;132;135
115;136;128
115;116;136
121;137;117
117;137;116
116;137;136
118;126;138
118;138;122
139;121;122
139;122;138
139;137;121
123;133;140
123;140;126
141;138;126
141;126;140
142;128;136
127;143;129
128;143;127
128;142;143
144;129;143
145;135;134
145;134;146
130;135;147
130;147;133
148;140;133
148;133;147
149;150;151
150;152;146
149;152;150
145;146;152
153;147;135
145;152;154
145;154;135
153;135;154
142;136;155
155;136;137
141;156;138
138;156;139
139;156;137
137;156;155
148;157;140
141;140;157
141;157;156
142;158;143
142;155;158
159;144;143
158;159;143
159;160;144
161;162;163
163;164;151
162;164;163
149;151;164
153;165;147
147;165;148
148;165;157
149;164;166
149;166;152
154;152;167
167;152;166
167;168;154
154;168;153
153;168;165
169;170;161
162;161;170
155;171;158
155;156;171
157;165;172
172;171;156
157;172;156
158;173;159
171;173;158
159;174;160
173;174;159
175;160;174
176;170;169
176;169;177
162;170;178
162;178;164
179;166;164
179;164;178
165;168;180
165;180;172
179;181;166
167;166;181
167;181;168
182;168;181
182;180;168
183;184;185
184;186;177
183;186;184
176;177;186
178;170;187
176;186;188
176;188;170
187;170;188
171;189;173
172;189;171
180;189;172
173;190;174
190;173;189
174;191;175
191;174;190
191;200;175
382;383;384
385;384;386
386;384;383
387;385;388
386;388;385
389;387;388
192;201;185
183;185;201
202;203;192
203;201;192
187;193;178
178;193;179
179;193;181
180;194;189
182;194;180
181;193;195
182;181;195
182;195;194
183;201;204
183;204;186
204;201;205
188;186;196
196;186;204
196;197;188
187;188;197
187;197;193
189;198;190
194;198;189
191;190;206
206;190;198
200;191;207
206;207;191
207;208;200
390;382;391
383;382;390
383;390;392
383;392;386
386;392;388
389;393;387
389;388;394
388;392;394
393;395;396
389;395;393
389;394;395
209;210;211
210;212;202
209;212;210
203;202;212
203;212;213
203;213;201
205;201;213
214;215;211
209;211;215
216;215;214
216;214;217
197;199;193
195;193;199
194;218;198
195;218;194
195;199;218
219;213;212
219;220;213
213;220;205
205;221;204
205;220;221
196;204;221
196;221;197
222;197;221
222;199;197
223;206;198
198;218;223
206;224;207
224;206;223
225;226;208
208;207;225
224;225;207
391;397;398
390;391;398
390;398;399
392;390;399
399;400;392
394;392;400
396;401;402
401;396;395
394;403;395
400;403;394
401;395;404
404;395;403
402;405;406
401;405;402
401;404;405
209;215;227
209;227;212
219;212;227
227;215;228
216;229;215
228;215;229
230;231;217
216;217;231
216;231;229
232;231;230
232;230;233
199;234;218
222;234;199
235;223;218
234;235;218
228;236;227
227;236;219
219;236;220
237;220;236
220;238;221
237;238;220
222;221;238
222;238;234
239;224;223
235;239;223
225;224;240
239;240;224
241;242;226
226;225;241
240;241;225
407;403;400
397;408;409
398;397;409
409;410;398
399;398;410
411;399;410
400;399;411
407;400;411
412;406;405
406;412;413
403;414;404
407;414;403
404;415;405
404;414;415
412;405;416
416;405;415
228;229;243
228;243;236
244;229;231
244;243;229
232;245;231
244;231;245
233;246;247
232;233;247
232;247;245
248;249;246
247;246;249
250;248;251
250;249;248
252;253;254
235;255;239
256;255;235
234;256;235
234;238;256
243;257;236
237;236;257
413;417;418
412;417;413
412;416;417
237;257;258
237;258;238
258;256;238
252;254;259
252;259;260
240;239;261
255;261;239
262;263;242
242;241;262
264;262;241
241;240;264
261;264;240
408;419;420
409;408;420
407;421;414
407;411;421
420;422;409
410;409;422
410;422;423
411;410;423
421;411;423
424;425;419
420;419;425
414;426;415
414;421;426
427;416;415
427;415;426
416;428;417
427;428;416
418;429;430
429;418;417
259;254;265
266;257;243
244;245;267
244;267;243
243;267;266
249;268;247
245;247;268
245;268;267
253;269;251
252;269;253
250;251;269
252;260;269
250;269;270
250;270;249
249;270;268
265;271;272
259;265;272
273;272;271
261;255;274
255;275;274
256;275;255
258;275;256
266;276;257
257;276;258
258;276;275
429;417;431
431;417;428
430;432;573
429;432;430
429;431;432
277;270;269
260;277;269
272;278;259
259;278;260
279;260;278
279;277;260
433;434;424
425;424;434
264;261;280
274;280;261
281;282;263
263;262;281
283;281;262
262;264;283
280;283;264
420;425;435
422;420;435
421;423;436
426;421;436
435;437;422
423;422;437
438;423;437
438;436;423
425;434;439
435;425;439
427;426;440
427;440;428
426;436;440
428;441;431
428;440;441
442;573;432
573;442;574
442;432;443
273;271;284
285;286;284
273;284;286
266;267;287
266;287;276
268;270;288
268;288;267
288;287;267
289;270;277
289;288;270
273;286;290
273;290;272
278;272;290
280;274;291
292;291;274
274;275;292
293;292;275
276;287;293
276;293;275
443;432;444
431;444;432
441;444;431
294;293;287
289;277;295
279;295;277
278;290;296
279;278;296
279;296;295
445;433;446
434;433;445
297;298;282
282;281;297
299;446;298
299;298;297
445;446;299
434;445;447
439;434;447
283;280;300
280;291;300
281;301;297
281;283;301
300;301;283
435;439;448
437;435;448
436;449;440
438;449;436
437;448;450
438;437;450
438;450;449
439;447;451
448;439;451
441;440;452
441;452;444
440;449;452
444;453;443
444;452;453
574;575;576
442;575;574
442;443;575
576;577;578
577;576;575
443;454;575
453;454;443
577;575;579
579;575;454
578;580;581
577;580;578
577;579;580
582;583;581
582;581;580
302;286;285
303;302;285
302;303;304
305;304;303
302;304;306
302;306;286
307;290;286
307;286;306
295;308;289
289;308;288
288;308;287
294;287;308
307;309;290
296;290;309
310;300;291
310;291;311
291;292;311
311;292;312
293;312;292
294;312;293
294;308;313
313;312;294
455;452;449
314;306;304
296;309;315
295;296;315
295;315;308
308;315;313
316;313;315
445;299;456
447;445;456
299;297;317
317;297;301
456;299;317
447;456;457
451;447;457
317;301;318
300;318;301
310;318;300
319;318;310
451;458;448
450;448;458
459;450;458
450;459;449
455;449;459
451;457;460
458;451;460
453;452;461
453;461;454
455;461;452
454;462;579
462;454;461
579;584;580
579;462;584
582;580;585
585;580;584
583;586;587
582;586;583
582;585;586
588;587;586
587;588;589
320;321;322
320;323;321
321;323;324
324;325;305
325;324;323
325;304;305
325;323;326
325;326;304
314;304;326
314;327;306
306;327;307
307;327;309
320;322;328
329;328;322
330;328;329
330;329;331
332;309;327
309;332;315
319;310;333
311;333;310
334;333;311
334;311;312
316;335;313
335;334;312
313;335;312
455;463;461
455;459;463
590;591;592
336;335;316
320;328;337
320;337;323
326;323;338
338;323;337
338;339;326
326;339;314
314;339;327
332;340;315
316;315;340
316;340;336
456;317;464
464;317;318
457;456;464
465;457;464
460;457;465
341;464;318
319;341;318
319;333;342
319;342;341
460;466;458
459;458;466
463;459;466
460;465;467
466;460;467
462;461;468
463;468;461
469;584;462
469;462;468
584;593;585
584;469;593
594;586;585
594;585;593
588;586;595
595;586;594
589;596;590
588;596;589
591;590;596
588;595;596
339;343;327
332;327;343
332;343;340
330;344;328
337;328;345
345;328;344
346;347;348
347;349;331
346;349;347
330;331;349
330;349;344
350;351;348
346;348;351
352;351;350
352;350;353
592;597;598
591;597;592
598;599;600
599;598;597
354;355;353
352;353;355
333;356;342
333;334;356
356;334;357
335;357;334
336;357;335
468;463;470
470;463;466
591;596;601
591;601;597
600;602;603
599;602;600
336;340;358
336;358;357
345;359;337
338;337;359
338;359;339
359;360;339
360;343;339
360;361;343
343;361;340
358;340;361
346;351;362
346;362;349
344;349;363
363;349;362
363;364;344
344;364;345
345;364;359
604;605;606
341;471;464
465;464;471
471;472;465
467;465;472
471;341;473
342;473;341
342;356;474
342;474;473
466;467;475
470;466;475
476;467;472
476;475;467
469;477;593
469;468;477
468;470;477
470;475;477
594;607;595
594;593;607
593;477;607
601;596;608
608;596;595
595;607;608
362;351;365
352;355;366
352;366;351
365;351;366
367;368;354
368;355;354
599;597;609
599;609;602
609;597;610
610;597;601
603;611;612
611;603;602
612;613;604
611;613;612
605;604;613
478;479;369
369;480;367
479;480;369
368;367;480
368;480;370
368;370;355
366;355;371
371;355;370
474;356;372
356;357;372
373;357;358
373;372;357
608;614;601
608;607;614
601;614;610
611;602;615
611;615;613
615;602;616
616;602;609
610;617;609
610;614;617
609;617;616
358;361;374
373;358;374
364;375;359
360;359;375
360;375;361
376;361;375
376;374;361
365;377;362
363;362;377
363;377;364
378;364;377
378;375;364
371;379;366
365;366;379
365;379;377
606;618;745
605;618;606
605;613;619
605;619;618
473;481;471
472;471;481
472;481;482
476;472;482
481;473;483
474;483;473
484;474;372
474;484;483
475;485;477
476;482;485
475;476;485
614;607;620
621;607;477
620;607;621
621;477;485
479;478;486
487;486;478
488;486;487
489;488;487
619;613;622
622;613;615
479;486;490
479;490;480
370;480;491
491;480;490
491;492;370
370;492;371
371;492;379
373;374;493
372;493;484
373;493;372
614;623;617
620;623;614
616;624;615
616;617;624
622;615;624
625;624;617
625;617;623
376;494;374
374;494;493
378;380;375
376;375;380
376;380;494
379;381;377
378;377;381
378;381;380
495;379;492
495;381;379
745;626;746
626;745;618
747;748;749
746;750;747
626;750;746
748;747;750
627;618;619
626;618;628
626;628;750
628;618;627
622;629;619
622;624;629
619;629;627
496;485;482
481;483;497
482;481;497
496;482;497
498;497;483
484;498;483
484;493;499
498;484;499
485;500;621
496;500;485
620;630;623
620;621;630
630;621;500
490;486;501
488;502;486
501;486;502
503;504;489
488;489;504
488;504;502
505;506;503
506;504;503
502;504;507
506;508;504
507;504;508
506;505;509
506;509;508
510;509;505
751;752;753
749;754;751
748;754;749
752;751;754
501;511;490
491;490;511
491;511;492
492;511;512
495;492;512
513;493;494
513;499;493
514;513;494
515;499;513
625;623;631
623;630;631
624;632;629
625;632;624
625;631;632
380;381;516
516;494;380
516;514;494
495;512;517
495;517;381
517;516;381
748;750;755
748;755;754
755;750;633
633;750;628
752;754;756
756;754;757
757;754;755
627;634;628
627;629;634
628;634;633
629;635;634
635;629;632
496;518;500
496;497;518
498;519;497
518;497;519
520;519;498
499;520;498
515;520;499
630;636;631
500;636;630
500;518;636
517;521;516
521;514;516
522;510;523
522;509;510
522;524;509
508;509;525
525;509;524
507;526;502
502;526;501
501;526;511
525;527;508
508;527;507
507;527;526
758;759;760
753;761;758
752;761;753
759;758;761
752;756;761
633;637;755
633;634;637
757;755;637
762;761;756
759;761;763
763;761;762
760;764;765
759;764;760
759;763;764
526;528;511
512;511;528
528;529;512
517;512;529
529;521;517
514;530;513
515;513;530
514;521;531
531;530;514
515;530;532
515;532;520
631;638;632
631;636;638
635;632;639
639;632;638
765;766;767
766;765;764
757;768;756
757;637;768
756;768;762
634;640;637
635;640;634
635;639;640
637;641;768
641;637;640
642;636;518
518;519;642
520;533;519
532;533;520
642;519;533
643;638;636
643;636;642
527;534;526
534;528;526
521;529;535
535;531;521
536;537;538
539;537;536
540;541;523
522;523;541
522;541;524
542;540;538
542;538;537
542;541;540
542;537;543
542;543;541
525;524;544
525;544;527
544;545;527
545;534;527
546;524;541
546;541;543
546;544;524
539;536;547
546;543;548
546;548;544
543;537;549
549;548;543
550;551;552
769;770;771
767;772;769
766;772;767
770;769;772
766;764;773
766;773;772
774;773;764
774;764;763
762;775;763
762;768;775
763;775;774
534;553;528
528;553;529
535;529;553
531;535;554
554;555;531
530;531;555
530;555;532
532;556;533
532;555;556
638;644;639
643;644;638
645;640;639
645;639;644
776;777;778
771;779;776
770;779;771
777;776;779
768;780;775
641;780;768
641;640;646
641;646;780
645;646;640
643;647;644
643;642;647
642;533;647
533;556;647
545;557;534
557;553;534
548;558;544
545;544;558
545;558;557
559;535;553
559;554;535
539;560;537
549;537;560
552;561;547
551;561;552
539;547;561
539;561;560
562;563;550
648;563;562
551;550;563
549;560;564
549;564;548
565;548;564
565;558;548
566;560;561
566;564;560
551;563;567
551;567;561
566;561;567
568;648;562
770;772;781
770;781;779
781;772;782
782;772;773
774;783;773
774;775;783
782;773;783
784;783;775
784;775;780
557;569;553
559;553;569
559;569;570
570;554;559
570;649;554
554;649;555
555;649;556
647;650;644
650;647;651
651;647;556
651;556;649
645;652;646
645;644;652
652;644;650
646;653;780
653;646;652
654;652;650
778;785;786
777;785;778
787;786;785
786;787;788
777;779;789
777;789;785
789;779;790
790;779;781
784;780;791
653;791;780
557;558;571
571;569;557
565;572;558
572;571;558
569;571;655
656;657;568
648;568;657
648;657;658
648;658;563
567;563;659
659;563;658
659;660;567
567;660;566
566;660;564
660;661;564
565;564;661
572;565;661
662;657;656
662;663;657
662;656;664
662;664;665
662;665;663
665;664;666
665;666;667
666;668;667
782;792;781
782;783;792
781;792;790
783;793;792
784;793;783
784;791;793
655;669;569
570;569;669
570;669;649
670;651;649
670;649;669
650;651;671
654;650;671
670;671;651
653;672;791
653;652;672
654;672;652
654;673;672
673;654;671
794;791;672
795;785;789
787;785;796
796;785;795
797;932;798
788;799;798
787;799;788
797;798;799
787;796;799
932;800;933
797;800;932
933;934;935
934;933;800
801;792;793
790;802;789
790;792;802
795;789;802
792;801;802
793;803;801
793;791;803
794;803;791
572;661;674
572;674;571
571;674;655
675;669;655
676;655;674
655;676;675
658;657;677
663;677;657
677;678;658
659;658;678
659;678;660
667;679;665
665;679;663
680;663;679
680;677;663
681;660;678
681;661;660
681;682;661
674;661;682
674;682;676
683;667;668
683;668;684
683;685;667
667;685;679
936;935;934
935;936;937
675;686;669
670;669;686
670;686;671
673;671;687
687;671;686
794;672;688
673;688;672
673;687;688
804;803;794
805;794;688
804;794;805
938;937;939
939;937;936
938;940;941
939;940;938
795;806;796
795;802;806
807;799;796
796;806;807
797;799;808
797;808;800
807;808;799
800;809;934
809;800;808
936;934;942
934;809;942
802;810;806
801;810;802
801;803;810
811;810;803
811;803;804
689;686;675
690;675;676
689;675;690
676;682;691
691;690;676
681;678;692
681;692;682
677;693;678
680;693;677
693;692;678
679;685;694
679;694;680
680;694;693
692;695;682
695;691;682
696;697;698
685;699;694
700;701;698
696;698;701
696;701;702
703;701;700
704;703;700
697;705;684
696;705;697
683;684;705
696;702;705
683;705;685
706;685;705
706;705;702
706;699;685
941;943;944
943;941;940
944;945;946
945;944;943
947;939;936
947;936;942
948;949;950
689;707;686
687;686;707
812;805;688
688;687;812
707;812;687
804;813;811
804;805;813
805;814;813
805;812;814
939;951;940
947;951;939
943;940;952
940;951;952
815;806;810
807;816;808
807;806;816
816;806;815
817;942;809
818;808;816
809;808;818
817;809;818
947;942;953
947;953;951
817;953;942
815;810;819
811;819;810
811;813;819
689;690;708
708;707;689
690;691;709
690;709;708
710;691;695
710;709;691
694;699;711
694;711;693
693;711;692
692;711;695
712;695;711
712;710;695
713;711;699
702;714;706
706;714;699
713;699;714
715;702;701
715;714;702
703;716;701
715;701;716
717;718;704
703;704;718
703;718;716
719;720;717
720;718;717
720;719;721
722;721;719
723;721;722
946;954;948
954;946;945
949;948;954
955;945;943
955;943;952
945;956;954
955;956;945
950;957;958
957;950;949
949;954;959
959;954;956
960;957;949
960;949;959
958;961;962
961;958;957
814;812;820
812;707;820
708;820;707
821;814;820
813;822;819
813;814;822
821;822;814
951;963;952
953;963;951
955;952;964
955;964;956
952;963;964
818;816;823
815;823;816
815;819;823
817;824;953
818;823;824
817;818;824
953;824;963
825;823;819
825;819;822
965;963;824
724;708;709
724;820;708
826;820;724
724;709;827
826;724;827
725;709;710
725;827;709
726;710;712
726;725;710
713;727;711
712;711;727
712;727;726
723;722;728
713;714;729
713;729;727
715;716;730
715;730;714
714;730;729
731;716;718
731;730;716
720;721;732
720;732;718
731;718;732
733;734;728
723;728;734
723;734;735
723;735;721
732;721;736
736;721;735
735;734;737
738;729;730
962;966;967
966;962;961
956;968;959
956;964;968
957;969;961
960;969;957
960;959;970
960;970;969
959;968;970
967;971;972
971;967;966
973;974;972
973;972;971
966;961;975
975;961;969
821;820;828
826;828;820
829;822;821
821;828;829
825;822;830
829;830;822
968;976;970
964;963;977
965;977;963
964;977;968
968;977;976
823;831;824
825;831;823
965;824;831
825;830;831
965;978;977
965;831;978
826;832;828
826;827;832
833;828;832
834;832;827
835;827;725
834;827;835
726;727;739
739;835;725
726;739;725
738;740;729
729;740;727
739;727;740
741;742;733
742;734;733
742;741;836
742;836;837
742;837;734
737;734;837
838;836;741
839;836;838
839;838;840
837;836;841
736;743;732
731;732;743
731;743;730
738;730;743
841;842;837
737;837;842
737;744;735
737;842;744
736;735;744
736;744;743
744;843;743
738;743;843
738;843;740
842;844;744
844;843;744
839;845;836
841;836;845
846;847;840
839;840;847
839;847;845
848;846;849
848;847;846
850;851;852
979;980;974
979;974;973
981;971;966
981;966;975
980;982;1105
979;982;980
1106;1105;982
1105;1106;1107
969;983;975
969;970;983
970;976;983
984;983;976
979;973;985
979;985;982
971;986;973
981;986;971
985;973;986
975;987;981
981;987;986
975;983;987
829;853;830
829;828;853
833;853;828
831;830;854
978;831;854
830;853;854
978;988;977
984;976;988
978;854;988
976;977;988
833;855;853
851;856;849
850;856;851
848;849;856
845;847;857
848;856;858
848;858;847
857;847;858
857;859;845
841;845;859
841;859;842
833;860;855
833;832;860
834;860;832
834;835;861
834;861;860
739;740;862
835;739;862
835;862;861
863;740;843
863;862;740
844;864;843
864;863;843
850;865;856
859;866;842
844;842;866
844;866;864
850;852;867
850;867;865
867;852;868
869;870;868
867;868;870
989;984;988
990;982;985
1106;982;991
990;991;982
1107;1108;1109
1106;1108;1107
1106;991;1108
1110;1111;1109
1110;1109;1108
1111;1112;1113
1110;1112;1111
987;983;992
984;992;983
984;989;992
985;986;993
986;987;993
990;985;993
987;992;993
871;854;853
855;871;853
988;854;994
871;994;854
989;988;994
989;995;992
989;994;995
872;855;860
873;871;855
872;873;855
858;856;874
865;874;856
874;875;858
857;858;875
857;875;859
876;859;875
876;866;859
861;877;860
872;860;877
878;861;862
878;877;861
864;879;863
863;879;862
878;862;879
864;866;880
880;879;864
876;881;866
880;866;881
882;874;865
870;883;867
867;883;865
882;865;883
884;870;869
884;869;885
884;886;870
870;886;883
887;888;885
884;885;888
884;888;886
1114;1115;1116
1113;1117;1114
1117;1113;1112
1115;1114;1117
1118;1116;1119
1119;1116;1115
1118;1120;1121
1119;1120;1118
1121;1122;1123
1122;1121;1120
990;996;991
990;993;996
1124;1108;991
991;996;1124
1110;1108;1125
1110;1125;1112
1124;1125;1108
1112;1126;1117
1126;1112;1125
1127;1119;1115
992;997;993
997;992;995
996;993;998
998;993;997
999;994;871
999;871;873
995;994;1000
1000;994;999
1001;997;995
1001;995;1000
889;872;877
873;872;890
889;890;872
1002;999;873
1002;873;890
874;891;875
882;891;874
891;892;875
876;875;892
876;892;881
883;886;893
883;893;882
882;893;891
878;879;894
878;894;877
889;877;894
880;881;895
880;895;879
895;894;879
881;892;896
881;896;895
897;898;887
898;888;887
899;900;897
898;897;900
901;886;888
898;900;902
898;902;888
901;888;902
903;900;899
903;899;904
901;905;886
886;905;893
906;907;904
903;904;907
1128;1123;1129
1122;1129;1123
1128;1130;1131
1129;1130;1128
1131;1132;1133
1132;1131;1130
1117;1134;1115
1134;1117;1126
1127;1115;1134
1120;1119;1135
1127;1135;1119
1136;1129;1122
1122;1120;1137
1135;1137;1120
1136;1122;1137
1001;1000;1003
998;1004;996
1124;1138;1125
1124;996;1138
1004;1138;996
1138;1139;1125
1126;1125;1139
1140;1134;1126
1140;1126;1139
1134;1141;1127
1127;1141;1135
1140;1141;1134
1137;1135;1142
1135;1141;1142
998;1005;1004
998;997;1005
1001;1005;997
1001;1003;1005
1003;1000;1006
1000;999;1006
1002;1006;999
1007;1005;1003
1143;1133;1144
1132;1144;1133
1282;1143;1145
1144;1145;1143
889;894;908
889;908;890
1002;890;1008
1002;1008;1006
890;908;1008
893;905;909
893;909;891
891;909;892
892;909;896
894;895;910
910;908;894
911;896;909
911;912;896
896;912;895
912;910;895
913;910;912
903;907;914
903;914;900
915;902;900
915;900;914
915;916;902
902;916;901
901;916;905
917;905;916
905;917;909
914;918;915
915;918;916
919;907;906
920;919;906
914;907;921
921;918;914
919;922;907
921;907;922
923;924;920
919;920;924
919;924;922
925;924;923
926;925;923
1129;1146;1130
1136;1146;1129
1147;1144;1132
1132;1130;1148
1146;1148;1130
1147;1132;1148
1283;1282;1149
1149;1282;1145
1284;1283;1285
1285;1283;1149
1286;1287;1284
1286;1284;1285
1136;1137;1150
1146;1136;1150
1137;1142;1150
1007;1003;1009
1009;1003;1006
1139;1138;1010
1004;1010;1138
1004;1005;1010
1140;1151;1141
1151;1139;1010
1139;1151;1140
1152;1141;1151
1141;1152;1142
1142;1153;1150
1153;1142;1152
1010;1005;1011
1007;1011;1005
1009;1006;1012
1008;1012;1006
1007;1013;1011
1007;1009;1013
1009;1012;1013
1144;1154;1145
1147;1154;1144
1145;1155;1149
1154;1155;1145
918;927;916
917;916;927
913;1014;910
910;1014;908
1008;1015;1012
1008;908;1015
1014;1015;908
917;927;928
917;928;909
911;909;928
911;928;929
911;929;912
913;912;929
913;929;1016
913;1016;1014
929;928;1017
929;1017;1016
921;922;930
921;930;918
1018;918;930
1018;927;918
925;926;1019
1020;1019;926
922;924;931
931;930;922
925;1019;1021
925;1021;924
931;924;1021
1022;1019;1020
1022;1020;1023
1288;1289;1290
1287;1291;1288
1286;1291;1287
1289;1288;1291
1148;1146;1156
1146;1150;1156
1153;1157;1150
1156;1150;1157
1148;1158;1147
1147;1158;1154
1156;1158;1148
1149;1159;1285
1159;1149;1155
1286;1285;1292
1286;1292;1291
1292;1285;1159
1156;1160;1158
1157;1160;1156
1024;1012;1015
1151;1010;1161
1152;1151;1161
1011;1161;1010
1162;1152;1161
1153;1152;1162
1157;1153;1163
1163;1153;1162
1163;1164;1157
1157;1164;1160
1011;1025;1161
1013;1025;1011
1013;1026;1025
1013;1012;1026
1024;1026;1012
1155;1154;1165
1154;1158;1165
1159;1155;1166
1165;1166;1155
1159;1167;1292
1167;1159;1166
1290;1293;1294
1289;1293;1290
1294;1295;1296
1295;1294;1293
1018;1027;927
927;1027;928
1017;928;1027
1024;1015;1028
1016;1028;1014
1014;1028;1015
1029;1016;1017
1016;1029;1028
1030;1017;1027
1017;1030;1029
1031;1029;1030
1022;1032;1019
1021;1019;1033
1033;1019;1032
1034;1035;1023
1022;1023;1035
1022;1035;1032
1018;930;1036
1018;1036;1027
1033;1037;1021
931;1021;1037
931;1037;930
930;1037;1036
1038;1034;1039
1038;1035;1034
1032;1035;1040
1041;1042;1039
1043;1042;1041
1038;1039;1042
1043;1044;1045
1043;1045;1042
1043;1041;1046
1043;1046;1044
1046;1047;1044
1289;1291;1297
1289;1297;1293
1297;1291;1298
1292;1298;1291
1298;1292;1167
1168;1158;1160
1165;1158;1168
1160;1169;1168
1169;1160;1164
1048;1026;1024
1048;1024;1049
1049;1024;1028
1163;1162;1170
1163;1170;1164
1161;1025;1170
1162;1161;1170
1164;1171;1169
1164;1170;1171
1025;1172;1170
1025;1026;1172
1050;1172;1026
1050;1026;1048
1296;1299;1300
1295;1299;1296
1301;1300;1299
1301;1302;1300
1171;1173;1169
1165;1174;1166
1168;1174;1165
1168;1169;1174
1167;1166;1175
1166;1174;1175
1303;1298;1167
1303;1167;1175
1304;1293;1297
1295;1293;1305
1295;1305;1299
1305;1293;1304
1036;1051;1027
1027;1051;1030
1031;1052;1029
1029;1052;1028
1049;1028;1052
1053;1030;1051
1031;1030;1053
1031;1053;1054
1054;1052;1031
1040;1055;1032
1032;1055;1033
1033;1055;1037
1037;1055;1056
1056;1036;1037
1036;1056;1051
1038;1042;1057
1038;1057;1035
1057;1040;1035
1058;1051;1056
1051;1058;1053
1059;1056;1055
1059;1058;1056
1060;1057;1042
1045;1060;1042
1060;1061;1057
1057;1061;1040
1040;1061;1055
1055;1061;1059
1062;1045;1044
1045;1062;1063
1060;1045;1063
1060;1063;1061
1064;1063;1062
1063;1064;1065
1063;1065;1061
1044;1047;1066
1044;1066;1062
1047;1067;1066
1297;1298;1306
1298;1303;1306
1304;1297;1306
1176;1174;1169
1176;1169;1173
1048;1049;1068
1048;1068;1050
1054;1069;1052
1070;1052;1069
1070;1049;1052
1070;1068;1049
1177;1170;1172
1171;1170;1177
1171;1177;1173
1172;1178;1177
1050;1178;1172
1050;1068;1178
1307;1299;1305
1301;1299;1308
1307;1308;1299
1302;1309;1310
1301;1309;1302
1301;1308;1309
1311;1312;1310
1311;1310;1309
1312;1313;1314
1311;1313;1312
1173;1177;1179
1176;1173;1180
1173;1179;1180
1175;1174;1181
1176;1181;1174
1176;1180;1181
1303;1182;1306
1303;1175;1182
1182;1175;1181
1304;1315;1305
1304;1306;1315
1307;1305;1315
1316;1314;1317
1317;1314;1313
1071;1053;1058
1071;1072;1053
1054;1053;1072
1054;1072;1069
1071;1073;1072
1065;1074;1061
1059;1061;1074
1075;1074;1065
1075;1073;1074
1059;1074;1058
1071;1074;1073
1071;1058;1074
1067;1076;1077
1066;1067;1077
1077;1078;1066
1066;1078;1062
1064;1062;1078
1078;1077;1079
1078;1079;1080
1064;1078;1080
1064;1080;1065
1080;1081;1065
1075;1065;1081
1076;1082;1083
1083;1077;1076
1083;1079;1077
1084;1085;1082
1083;1082;1085
1083;1085;1079
1086;1079;1085
1087;1088;1084
1088;1085;1084
1088;1089;1085
1086;1085;1089
1088;1087;1090
1088;1090;1089
1091;1090;1087
1318;1306;1182
1318;1315;1306
1072;1092;1069
1183;1178;1068
1069;1092;1184
1070;1069;1184
1183;1068;1184
1070;1184;1068
1178;1185;1177
1183;1185;1178
1179;1177;1185
1186;1179;1185
1319;1309;1308
1307;1320;1308
1307;1315;1320
1308;1320;1319
1311;1309;1321
1311;1321;1313
1319;1321;1309
1313;1322;1317
1313;1321;1322
1187;1181;1180
1187;1180;1188
1188;1180;1179
1186;1188;1179
1318;1182;1189
1182;1181;1189
1187;1189;1181
1320;1315;1323
1318;1323;1315
1318;1189;1323
1324;1316;1325
1317;1325;1316
1326;1325;1317
1326;1317;1322
1327;1324;1328
1325;1328;1324
1329;1330;1327
1329;1327;1328
1330;1331;1462
1329;1331;1330
1463;1464;1462
1463;1462;1331
1093;1072;1073
1093;1092;1072
1093;1190;1092
1093;1094;1190
1094;1093;1073
1075;1081;1095
1075;1095;1073
1094;1073;1095
1086;1096;1079
1096;1080;1079
1080;1096;1081
1081;1096;1097
1081;1097;1095
1086;1089;1098
1086;1098;1096
1096;1098;1097
1099;1089;1090
1099;1098;1089
1099;1090;1100
1101;1102;1091
1102;1101;1103
1102;1090;1091
1102;1103;1100
1102;1100;1090
1104;1103;1101
1191;1103;1104
1192;1191;1104
1191;1192;1193
1194;1193;1192
1195;1193;1194
1196;1195;1194
1197;1092;1190
1198;1184;1092
1197;1198;1092
1185;1183;1199
1186;1185;1199
1198;1199;1184
1183;1184;1199
1186;1200;1188
1186;1199;1200
1319;1332;1321
1319;1320;1332
1332;1320;1333
1333;1320;1323
1321;1332;1334
1322;1321;1334
1326;1322;1335
1335;1322;1334
1187;1201;1189
1187;1188;1201
1188;1200;1201
1189;1336;1323
1336;1189;1201
1333;1323;1337
1337;1323;1336
1325;1338;1328
1326;1338;1325
1335;1338;1326
1329;1328;1339
1329;1339;1331
1339;1328;1338
1464;1465;1466
1463;1465;1464
1340;1331;1339
1463;1331;1341
1463;1341;1465
1340;1341;1331
1191;1193;1202
1191;1202;1103
1100;1103;1203
1203;1103;1202
1204;1197;1190
1204;1190;1205
1097;1098;1206
1203;1207;1100
1099;1100;1207
1099;1207;1098
1098;1207;1206
1094;1095;1208
1094;1208;1190
1205;1190;1208
1097;1206;1209
1209;1095;1097
1209;1208;1095
1466;1467;1468
1467;1466;1465
1468;1469;1470
1467;1469;1468
1195;1210;1193
1202;1193;1211
1211;1193;1210
1212;1213;1196
1195;1196;1213
1195;1213;1210
1210;1213;1214
1215;1216;1212
1216;1213;1212
1197;1204;1217
1197;1217;1198
1198;1217;1199
1200;1199;1218
1218;1199;1217
1204;1205;1219
1204;1219;1217
1200;1220;1201
1218;1220;1200
1334;1332;1342
1332;1333;1342
1333;1337;1342
1335;1343;1338
1334;1342;1343
1335;1334;1343
1336;1201;1344
1344;1201;1220
1337;1336;1345
1345;1336;1344
1346;1342;1337
1346;1337;1345
1339;1338;1347
1338;1343;1347
1340;1339;1347
1470;1471;1472
1471;1470;1469
1467;1465;1473
1467;1473;1469
1473;1465;1474
1474;1465;1341
1340;1348;1341
1340;1347;1348
1474;1341;1348
1475;1476;1477
1472;1478;1475
1471;1478;1472
1476;1475;1478
1211;1221;1202
1203;1202;1221
1203;1221;1207
1222;1219;1205
1209;1223;1208
1205;1208;1223
1222;1205;1223
1224;1209;1206
1224;1223;1209
1207;1221;1225
1225;1206;1207
1206;1225;1224
1471;1469;1479
1471;1479;1478
1479;1469;1480
1480;1469;1473
1226;1227;1228
1227;1229;1230
1226;1229;1227
1214;1231;1210
1211;1210;1231
1211;1231;1221
1214;1232;1231
1216;1233;1213
1214;1213;1233
1214;1233;1232
1234;1235;1215
1216;1215;1235
1216;1235;1233
1233;1235;1236
1236;1235;1237
1236;1232;1233
1238;1234;1230
1238;1230;1229
1238;1235;1234
1238;1229;1237
1238;1237;1235
1226;1228;1239
1240;1239;1228
1218;1241;1220
1218;1217;1241
1219;1241;1217
1219;1222;1242
1219;1242;1241
1220;1243;1344
1243;1220;1241
1343;1349;1347
1343;1342;1349
1342;1346;1349
1344;1350;1345
1350;1344;1243
1346;1345;1351
1351;1345;1350
1352;1349;1346
1352;1346;1351
1347;1349;1353
1348;1347;1353
1481;1482;1483
1477;1484;1481
1476;1484;1477
1482;1481;1484
1474;1485;1473
1474;1348;1485
1473;1485;1480
1348;1353;1485
1476;1478;1486
1476;1486;1484
1486;1478;1487
1487;1478;1479
1231;1244;1221
1244;1225;1221
1222;1223;1245
1222;1245;1242
1246;1223;1224
1246;1245;1223
1244;1247;1225
1224;1225;1247
1246;1224;1247
1480;1488;1479
1480;1485;1488
1479;1488;1487
1226;1239;1248
1226;1248;1229
1237;1229;1249
1249;1229;1248
1250;1240;1251
1250;1239;1240
1250;1252;1239
1248;1239;1253
1253;1239;1252
1232;1254;1231
1244;1231;1254
1244;1254;1247
1253;1255;1248
1248;1255;1249
1249;1256;1237
1249;1255;1256
1237;1256;1236
1236;1256;1232
1257;1232;1256
1257;1254;1232
1483;1489;1490
1482;1489;1483
1490;1491;1492
1491;1490;1489
1243;1241;1258
1258;1241;1242
1242;1245;1259
1259;1258;1242
1354;1350;1243
1354;1243;1258
1355;1353;1349
1352;1355;1349
1350;1356;1351
1354;1356;1350
1352;1357;1355
1352;1351;1357
1351;1356;1357
1485;1358;1488
1353;1355;1358
1353;1358;1485
1482;1484;1493
1482;1493;1489
1493;1484;1494
1494;1484;1486
1495;1488;1358
1487;1496;1486
1487;1488;1496
1486;1496;1494
1488;1495;1496
1260;1259;1245
1255;1261;1256
1257;1256;1261
1246;1247;1262
1246;1262;1245
1260;1245;1262
1257;1261;1263
1257;1263;1254
1264;1247;1254
1264;1254;1263
1264;1262;1247
1265;1266;1267
1267;1268;1269
1266;1268;1267
1270;1271;1251
1250;1251;1271
1250;1271;1252
1269;1272;1270
1272;1269;1268
1272;1271;1270
1272;1268;1273
1272;1273;1271
1252;1271;1274
1274;1271;1273
1274;1275;1252
1253;1252;1275
1253;1275;1255
1275;1276;1255
1276;1261;1255
1497;1498;1499
1492;1500;1501
1491;1500;1492
1501;1502;1503
1502;1501;1500
1503;1504;1497
1502;1504;1503
1498;1497;1504
1505;1489;1493
1491;1489;1506
1491;1506;1500
1506;1489;1505
1507;1508;1652
1499;1509;1507
1498;1509;1499
1508;1507;1509
1359;1259;1260
1354;1360;1356
1359;1360;1259
1258;1259;1360
1354;1258;1360
1361;1356;1360
1362;1355;1357
1355;1362;1358
1357;1363;1362
1363;1357;1356
1361;1363;1356
1495;1358;1364
1364;1358;1362
1494;1510;1493
1494;1496;1510
1505;1493;1510
1511;1495;1364
1496;1512;1510
1512;1496;1495
1511;1512;1495
1365;1366;1367
1367;1368;1265
1366;1368;1367
1266;1265;1368
1260;1262;1369
1260;1369;1359
1264;1263;1277
1264;1277;1262
1277;1369;1262
1263;1261;1278
1278;1277;1263
1276;1279;1261
1278;1261;1279
1266;1368;1370
1266;1370;1268
1273;1268;1280
1280;1268;1370
1371;1372;1373
1276;1275;1374
1276;1374;1279
1280;1281;1273
1274;1273;1281
1274;1281;1275
1281;1374;1275
1652;1513;1653
1508;1513;1652
1654;1653;1513
1653;1654;1655
1498;1504;1514
1498;1514;1509
1515;1500;1506
1502;1500;1516
1502;1516;1504
1516;1500;1515
1517;1514;1504
1517;1504;1516
1505;1518;1506
1505;1510;1518
1515;1506;1518
1508;1509;1519
1508;1519;1513
1519;1509;1520
1520;1509;1514
1360;1375;1361
1359;1369;1375
1359;1375;1360
1376;1361;1375
1377;1363;1361
1377;1361;1376
1378;1362;1363
1362;1378;1364
1377;1378;1363
1511;1364;1521
1521;1364;1378
1510;1522;1518
1522;1510;1512
1512;1523;1522
1511;1523;1512
1511;1521;1523
1379;1380;1381
1380;1382;1365
1379;1382;1380
1366;1365;1382
1366;1382;1383
1366;1383;1368
1384;1370;1368
1384;1368;1383
1369;1277;1385
1385;1375;1369
1278;1279;1386
1278;1386;1277
1386;1385;1277
1387;1279;1374
1387;1386;1279
1372;1388;1381
1371;1388;1372
1379;1381;1388
1389;1373;1390
1371;1373;1389
1384;1391;1370
1280;1370;1391
1280;1391;1281
1387;1374;1392
1281;1391;1393
1393;1374;1281
1393;1392;1374
1371;1389;1394
1371;1394;1388
1656;1657;1658
1654;1513;1659
1659;1513;1524
1524;1513;1519
1655;1660;1656
1654;1660;1655
1657;1656;1660
1654;1659;1660
1661;1662;1663
1658;1664;1661
1657;1664;1658
1662;1661;1664
1665;1660;1659
1663;1666;1667
1662;1666;1663
1517;1525;1514
1520;1514;1525
1515;1526;1516
1515;1518;1526
1517;1516;1526
1517;1526;1525
1527;1526;1518
1527;1518;1522
1520;1528;1519
1520;1525;1528
1519;1528;1524
1395;1375;1385
1395;1396;1375
1396;1376;1375
1397;1376;1396
1378;1398;1521
1377;1398;1378
1377;1376;1398
1397;1398;1376
1523;1521;1529
1521;1398;1529
1527;1522;1530
1530;1522;1523
1523;1529;1530
1379;1388;1399
1379;1399;1382
1383;1382;1400
1400;1382;1399
1400;1401;1383
1384;1383;1401
1384;1401;1391
1402;1385;1386
1395;1385;1402
1387;1392;1403
1387;1403;1386
1403;1402;1386
1404;1405;1406
1390;1405;1407
1404;1407;1405
1389;1390;1407
1399;1388;1408
1394;1408;1388
1407;1409;1389
1394;1389;1409
1410;1394;1409
1394;1410;1408
1391;1401;1411
1393;1391;1411
1393;1411;1392
1412;1392;1411
1412;1403;1392
1657;1660;1668
1657;1668;1664
1668;1660;1665
1524;1531;1659
1524;1528;1531
1665;1659;1531
1667;1669;1670
1669;1667;1666
1662;1664;1671
1662;1671;1666
1671;1664;1672
1672;1664;1668
1665;1673;1668
1665;1531;1673
1672;1668;1673
1670;1674;1675
1669;1674;1670
1669;1666;1676
1669;1676;1674
1676;1666;1677
1677;1666;1671
1525;1532;1528
1526;1533;1525
1527;1533;1526
1532;1525;1533
1527;1530;1533
1528;1534;1531
1532;1534;1528
1395;1402;1413
1395;1413;1396
1413;1414;1396
1397;1396;1414
1397;1415;1398
1397;1414;1415
1529;1398;1535
1415;1535;1398
1530;1536;1533
1530;1529;1536
1529;1535;1536
1408;1416;1399
1400;1399;1416
1400;1416;1401
1416;1417;1401
1417;1411;1401
1403;1418;1402
1413;1402;1418
1419;1418;1403
1412;1419;1403
1417;1420;1411
1412;1411;1420
1412;1420;1419
1421;1422;1406
1404;1406;1422
1423;1421;1424
1423;1422;1421
1404;1422;1425
1404;1425;1407
1407;1425;1409
1408;1426;1416
1410;1426;1408
1409;1425;1427
1410;1409;1427
1410;1427;1426
1428;1429;1424
1423;1424;1429
1430;1425;1422
1678;1675;1674
1675;1678;1679
1679;1680;1681
1678;1680;1679
1681;1682;1683
1682;1681;1680
1531;1537;1673
1537;1531;1534
1672;1684;1671
1672;1673;1684
1677;1671;1684
1685;1684;1673
1685;1673;1537
1678;1674;1686
1678;1686;1680
1686;1674;1687
1687;1674;1676
1677;1688;1676
1677;1684;1688
1687;1676;1688
1532;1533;1538
1532;1538;1534
1538;1533;1536
1534;1539;1537
1534;1538;1539
1413;1418;1431
1414;1413;1431
1415;1414;1540
1431;1540;1414
1535;1415;1541
1541;1415;1540
1536;1542;1538
1542;1536;1535
1541;1542;1535
1426;1432;1416
1417;1416;1432
1417;1432;1420
1433;1431;1418
1419;1420;1434
1419;1434;1418
1433;1418;1434
1435;1420;1432
1435;1434;1420
1436;1437;1428
1437;1429;1428
1423;1429;1438
1423;1438;1422
1430;1422;1438
1837;1838;1839
1840;1841;1842
1430;1439;1425
1425;1439;1427
1427;1439;1440
1427;1440;1426
1426;1440;1432
1437;1441;1429
1442;1438;1429
1442;1429;1441
1442;1443;1438
1438;1443;1430
1430;1443;1439
1444;1445;1436
1437;1436;1445
1437;1445;1441
1446;1447;1444
1447;1445;1444
1689;1690;1691
1691;1692;1837
1690;1692;1691
1838;1837;1692
1693;1694;1689
1690;1689;1694
1695;1696;1693
1696;1694;1693
1683;1697;1695
1682;1697;1683
1696;1695;1697
1698;1680;1686
1682;1680;1699
1682;1699;1697
1699;1680;1698
1685;1537;1543
1543;1537;1539
1684;1700;1688
1685;1700;1684
1685;1543;1700
1687;1701;1686
1687;1688;1701
1698;1686;1701
1688;1702;1701
1702;1688;1700
1542;1544;1538
1539;1538;1544
1539;1545;1543
1545;1539;1544
1433;1448;1431
1431;1448;1540
1540;1546;1541
1540;1448;1546
1544;1542;1547
1547;1542;1541
1541;1546;1547
1440;1449;1432
1435;1432;1449
1433;1434;1450
1433;1450;1448
1435;1449;1451
1451;1434;1435
1451;1450;1434
1441;1445;1452
1548;1549;1550
1453;1454;1446
1447;1446;1454
1551;1453;1455
1551;1454;1453
1838;1692;1703
1839;1843;1840
1838;1843;1839
1841;1840;1843
1838;1703;1843
1842;1844;1845
1841;1844;1842
1845;1846;1847
1846;1845;1844
1841;1843;1848
1841;1848;1844
1849;1848;1843
1849;1843;1703
1443;1456;1439
1439;1456;1440
1457;1440;1456
1457;1449;1440
1452;1458;1441
1442;1441;1458
1442;1458;1443
1459;1443;1458
1459;1456;1443
1447;1454;1460
1447;1460;1445
1452;1445;1460
1460;1454;1552
1550;1553;1455
1549;1553;1550
1551;1455;1553
1690;1694;1704
1690;1704;1692
1703;1692;1705
1705;1692;1704
1704;1694;1706
1696;1697;1707
1696;1707;1694
1706;1694;1707
1707;1697;1708
1708;1697;1699
1698;1709;1699
1698;1701;1709
1699;1709;1708
1543;1554;1700
1543;1545;1554
1702;1700;1710
1710;1700;1554
1701;1711;1709
1702;1711;1701
1702;1710;1711
1555;1554;1545
1544;1547;1556
1555;1545;1556
1545;1544;1556
1557;1448;1450
1557;1558;1448
1448;1558;1546
1556;1547;1559
1546;1559;1547
1558;1559;1546
1457;1461;1449
1449;1461;1451
1451;1461;1450
1557;1450;1461
1551;1553;1560
1551;1560;1454
1552;1454;1560
1561;1560;1553
1549;1562;1553
1561;1553;1562
1563;1564;1548
1549;1548;1564
1549;1564;1562
1552;1565;1460
1460;1565;1452
1452;1565;1458
1705;1712;1703
1703;1712;1849
1847;1850;1851
1846;1850;1847
1851;1852;1853
1852;1851;1850
1854;1844;1848
1846;1844;1855
1846;1855;1850
1855;1844;1854
1853;1856;1857
1852;1856;1853
1858;1857;1856
1857;1858;1859
1849;1860;1848
1849;1712;1860
1848;1860;1854
1566;1564;1563
1566;1563;1567
1459;1568;1456
1457;1568;1461
1456;1568;1457
1458;1565;1569
1459;1458;1569
1459;1569;1568
1561;1570;1560
1552;1560;1570
1552;1570;1565
1706;1713;1704
1704;1713;1705
1705;1713;1712
1708;1714;1707
1708;1709;1714
1706;1707;1714
1706;1714;1713
1709;1715;1714
1715;1709;1711
1710;1554;1716
1555;1716;1554
1717;1711;1710
1717;1710;1716
1715;1711;1718
1717;1718;1711
1555;1571;1716
1555;1556;1571
1572;1556;1559
1572;1571;1556
1719;1716;1571
1557;1461;1573
1557;1573;1558
1574;1558;1573
1574;1559;1558
1572;1559;1575
1575;1559;1574
1576;1461;1568
1576;1573;1461
1570;1577;1565
1569;1565;1577
1713;1720;1712
1578;1577;1570
1562;1579;1561
1561;1579;1570
1578;1570;1579
1580;1562;1564
1580;1579;1562
1566;1581;1564
1580;1564;1581
1582;1583;1567
1566;1567;1583
1566;1583;1581
1712;1721;1860
1720;1721;1712
1861;1850;1855
1852;1850;1862
1852;1862;1856
1862;1850;1861
1854;1863;1855
1854;1860;1863
1855;1863;1861
1864;1856;1862
1858;1856;1865
1865;1856;1864
1859;1866;1867
1858;1866;1859
1858;1865;1866
1867;1868;1869
1868;1867;1866
1870;1871;1872
1860;1722;1863
1722;1860;1721
1584;1582;1585
1584;1583;1582
1577;1586;1569
1569;1586;1568
1568;1586;1576
1714;1723;1713
1715;1723;1714
1720;1713;1723
1715;1718;1723
1717;1724;1718
1717;1716;1724
1716;1719;1724
1718;1725;1723
1725;1718;1724
1726;1724;1719
1719;1571;1587
1572;1587;1571
1572;1575;1587
1727;1719;1587
1727;1726;1719
1588;1573;1576
1573;1588;1574
1589;1574;1588
1575;1574;1589
1590;1575;1589
1590;1587;1575
1591;1576;1586
1576;1591;1588
1578;1592;1577
1577;1592;1586
1586;1592;1591
1720;1723;1728
1720;1728;1721
1725;1728;1723
1721;1729;1722
1721;1728;1729
1578;1579;1593
1578;1593;1592
1581;1594;1580
1580;1594;1579
1594;1593;1579
1584;1595;1583
1581;1583;1596
1596;1583;1595
1596;1594;1581
1585;1597;1598
1584;1585;1598
1598;1595;1584
1599;1600;1597
1598;1597;1600
1600;1601;1598
1595;1598;1601
1602;1600;1599
1602;1599;1603
2008;1873;2009
1869;1874;1870
1868;1874;1869
1871;1870;1874
1872;1875;2008
1871;1875;1872
1873;2008;1875
2010;2011;2012
2013;2010;2014
2013;2011;2010
1861;1876;1862
1861;1863;1876
1864;1862;1876
1863;1877;1876
1877;1863;1722
1864;1878;1865
1864;1876;1878
1879;1866;1865
1879;1865;1878
1868;1866;1880
1868;1880;1874
1880;1866;1879
1871;1874;1881
1871;1881;1875
1877;1722;1882
1882;1722;1729
1725;1730;1728
1725;1724;1730
1726;1730;1724
1727;1731;1726
1726;1732;1730
1731;1732;1726
1727;1587;1604
1590;1604;1587
1731;1727;1604
1605;1588;1591
1589;1588;1605
1606;1589;1605
1590;1589;1606
1590;1606;1604
1607;1591;1592
1591;1607;1605
1593;1608;1592
1608;1607;1592
1733;1728;1730
1729;1728;1733
1729;1734;1882
1734;1729;1733
1593;1594;1609
1593;1609;1608
1595;1601;1610
1596;1595;1610
1596;1610;1594
1594;1610;1609
1602;1611;1600
1601;1600;1611
1612;1601;1611
1612;1610;1601
1613;1614;1603
1602;1603;1614
1602;1614;1611
1615;1616;1613
1616;1614;1613
1617;1611;1614
2009;2015;2016
1873;2015;2009
2016;2017;2018
2017;2016;2015
2018;2019;2014
2017;2019;2018
2013;2014;2019
1873;1875;1883
1873;1883;2015
1881;1874;1884
1884;1874;1880
1883;1875;1885
1885;1875;1881
2020;2021;2022
2021;2023;2022
2023;2012;2024
2011;2024;2012
2022;2023;2024
2025;2020;2022
2025;2026;2020
2024;2011;2027
2017;2015;2028
2017;2028;2019
1886;2028;2015
1886;2015;1883
2013;2019;2029
2013;2029;2011
2027;2011;2029
2030;2029;2019
2030;2019;2028
1876;1887;1878
1877;1887;1876
1877;1882;1887
1888;1878;1887
1879;1889;1880
1879;1878;1889
1884;1880;1889
1878;1888;1889
1884;1890;1881
1884;1889;1890
1881;1890;1885
1882;1891;1887
1882;1734;1891
1618;1619;1615
1616;1615;1619
1620;1618;1621
1620;1619;1618
1733;1730;1735
1732;1735;1730
1731;1736;1732
1731;1604;1736
1737;1735;1732
1737;1732;1736
1736;1604;1622
1606;1622;1604
1623;1605;1607
1605;1623;1606
1606;1623;1622
1608;1624;1607
1624;1623;1607
1608;1609;1625
1625;1624;1608
1738;1735;1737
1739;1733;1735
1734;1733;1739
1740;1891;1734
1740;1734;1739
1612;1626;1610
1610;1626;1609
1609;1626;1625
1620;1621;1627
1628;1629;1630
1629;1627;1621
1628;1627;1629
1620;1627;1631
1620;1631;1619
1617;1632;1611
1612;1611;1632
1612;1632;1626
1616;1619;1633
1616;1633;1614
1617;1614;1633
1617;1633;1634
1617;1634;1632
1633;1619;1635
1635;1619;1631
1635;1634;1633
1631;1627;1636
1885;1892;1883
1885;1890;1892
1883;1892;1886
2022;2024;2031
2025;2022;2031
2024;2027;2031
2025;2032;2026
2025;2031;2032
2026;2032;2033
2034;2033;2035
2033;2032;2035
2036;2037;2034
2036;2034;2035
2027;2029;2038
2039;2031;2027
2039;2027;2038
1886;1893;2028
1886;1892;1893
2030;2028;1893
2030;2040;2029
2030;1893;2040
2038;2029;2040
1888;1887;1894
1891;1894;1887
1890;1889;1895
1888;1895;1889
1888;1894;1895
1896;1892;1890
1896;1890;1895
1891;1897;1894
1740;1897;1891
1637;1625;1626
1741;1739;1735
1738;1741;1735
1736;1622;1742
1738;1737;1742
1737;1736;1742
1622;1638;1742
1623;1624;1638
1622;1623;1638
1637;1639;1625
1625;1639;1624
1624;1639;1638
1640;1639;1637
1738;1742;1743
1738;1743;1741
1744;1739;1741
1740;1745;1897
1740;1739;1745
1744;1745;1739
1628;1641;1627
1636;1627;1641
1642;1643;1630
1628;1630;1643
1628;1643;1641
1644;1645;1642
1645;1643;1642
1641;1643;1646
1645;1746;1643
1646;1643;1746
1632;1647;1626
1637;1626;1647
1637;1647;1640
1634;1648;1632
1647;1632;1648
1636;1649;1631
1635;1631;1649
1635;1649;1634
1649;1648;1634
1646;1650;1641
1641;1650;1636
1636;1650;1649
1645;1644;1747
1645;1747;1746
1748;1747;1644
1898;1893;1892
1896;1898;1892
2035;2032;2041
2032;2031;2041
2039;2041;2031
2036;2042;2037
2037;2042;2043
2036;2035;2044
2036;2044;2042
2035;2041;2044
2045;2046;2043
2045;2043;2042
2045;2042;2047
2048;2047;2042
2048;2042;2044
2046;2049;2050
2045;2049;2046
2045;2047;2049
2038;2040;2051
2039;2052;2041
2051;2052;2038
2039;2038;2052
2051;2040;1899
2040;1893;1899
1898;1899;1893
1894;1900;1895
1900;1894;1897
2053;2049;2047
1898;1896;1901
1898;1901;1899
1896;1895;1901
1895;1900;1901
1897;1902;1900
1897;1745;1902
1650;1749;1649
1749;1648;1649
1647;1648;1651
1640;1647;1651
1744;1741;1750
1750;1741;1743
1749;1751;1648
1651;1648;1751
1638;1639;1752
1638;1752;1742
1743;1742;1752
1640;1753;1639
1639;1753;1752
1640;1651;1753
1651;1751;1753
1754;1743;1752
1754;1750;1743
1744;1755;1745
1744;1750;1755
1754;1756;1750
1750;1756;1755
1757;1746;1747
1757;1747;1758
1902;1745;1759
1755;1759;1745
1749;1650;1760
1749;1760;1751
1757;1761;1746
1646;1746;1761
1646;1761;1650
1650;1761;1760
1762;1763;1764
1765;1766;1748
1766;1747;1748
1766;1758;1747
1764;1767;1765
1763;1767;1764
1766;1765;1767
1766;1767;1758
2044;2041;2054
2052;2054;2041
2048;2044;2054
2055;2050;2049
2055;2056;2050
2048;2057;2047
2048;2054;2057
2047;2057;2053
2055;2049;2058
2053;2058;2049
2059;2060;2061
2052;2062;2054
2051;2062;2052
2051;1899;2062
1899;1903;2062
1903;1899;1901
1904;1901;1900
1904;1900;1902
2063;2064;2065
2060;2066;2063
2059;2066;2060
2064;2063;2066
2053;2067;2058
2053;2057;2067
1905;1901;1904
1905;1903;1901
1902;1906;1904
1906;1902;1759
1758;1767;1768
1769;1751;1760
1763;1762;1770
1771;1770;1762
1769;1772;1751
1772;1753;1751
1772;1773;1753
1773;1752;1753
1754;1752;1773
1754;1773;1756
1774;1756;1773
1774;1775;1756
1755;1775;1759
1775;1755;1756
1768;1776;1758
1758;1776;1757
1757;1776;1761
1777;1772;1769
1905;1904;1907
1906;1907;1904
1908;1906;1759
1908;1759;1775
1778;1771;1779
1778;1770;1771
1780;1781;1779
1778;1779;1781
1782;1781;1780
1782;1780;1783
1782;1784;1781
1761;1776;1785
1785;1760;1761
1785;1786;1760
1786;1769;1760
1769;1786;1777
1763;1770;1787
1763;1787;1767
1768;1767;1787
2068;2054;2062
2057;2054;2068
2057;2068;2067
2056;2069;2061
2055;2069;2056
2059;2061;2069
2055;2058;2069
2070;2069;2058
2070;2058;2067
2059;2069;2071
2059;2071;2066
2071;2069;2070
2065;2072;2073
2064;2072;2065
2074;2073;2072
2068;2062;1909
1909;2062;1903
1910;1909;1903
1905;1910;1903
1905;1907;1910
1911;1909;1910
1911;2075;1909
1909;2075;2068
2067;2068;2075
2073;2074;2076
2064;2066;2077
2064;2077;2072
2077;2066;2078
2078;2066;2071
2070;2079;2071
2070;2067;2079
2078;2071;2079
2067;2075;2079
2076;2080;2081
2074;2080;2076
1911;1910;1912
1912;1910;1907
1913;1912;1907
1914;1907;1906
1913;1907;1914
1914;1906;1908
1913;1915;1912
2074;2072;2082
2074;2082;2080
2082;2072;2083
2083;2072;2077
2078;2084;2077
2078;2079;2084
2077;2084;2083
2085;2081;2080
2081;2085;2086
1768;1787;1788
1768;1788;1776
1778;1781;1789
1778;1789;1770
1787;1770;1790
1790;1770;1789
1790;1788;1787
1777;1791;1772
1772;1791;1773
1774;1773;1791
1792;1774;1791
1774;1792;1775
1793;1775;1792
1793;1908;1775
1776;1788;1794
1785;1776;1794
1785;1794;1786
1786;1794;1795
1777;1786;1795
1777;1795;1791
1782;1783;1796
1782;1796;1784
1783;1797;1796
1790;1789;1798
1790;1798;1788
1916;1908;1793
1916;1914;1908
1798;1799;1788
1799;1794;1788
1789;1781;1800
1784;1800;1781
1800;1798;1789
1797;1801;1802
1796;1797;1802
1784;1803;1800
1802;1804;1796
1796;1804;1784
1803;1784;1804
1911;1917;2075
1911;1912;1917
1912;1915;1917
2079;2087;2084
2087;2079;2075
2075;1917;2087
2085;2080;2088
2088;2080;2089
2089;2080;2082
1917;1918;2087
1918;1917;1915
1913;1919;1915
1913;1914;1919
1914;1916;1919
1915;1920;1918
1915;1919;1920
2083;2090;2082
2083;2084;2090
2082;2090;2089
2084;2091;2090
2091;2084;2087
2091;2087;1918
2086;2092;2093
2085;2092;2086
2085;2088;2092
1805;1793;1792
1795;1806;1791
1791;1806;1792
1805;1792;1806
1805;1921;1793
1793;1921;1916
1799;1807;1794
1795;1794;1807
1795;1807;1806
1808;1801;1809
1808;1802;1801
1808;1810;1802
1802;1810;1804
1811;1812;1809
1808;1809;1812
1808;1812;1810
1799;1798;1813
1799;1813;1807
1800;1814;1798
1803;1814;1800
1814;1813;1798
1804;1810;1815
1803;1804;1815
1803;1815;1814
1922;1919;1916
1922;1916;1921
1920;1919;1923
1922;1923;1919
2094;2093;2092
2094;2092;2095
2093;2094;2096
2096;2097;2098
2094;2097;2096
2094;2095;2097
2099;2098;2097
2089;2100;2088
2089;2090;2100
2095;2092;2101
2101;2092;2088
2101;2088;2100
2098;2099;2102
1918;1924;2091
1918;1920;1924
1925;1924;1920
1920;1923;1925
2100;2090;2103
2103;2090;2091
2091;1924;2103
2101;2104;2095
2101;2100;2104
2105;2104;2100
2105;2100;2103
1816;1812;1811
1817;1816;1811
1816;1818;1812
1819;1820;1817
1816;1817;1820
1816;1820;1818
1821;1822;1819
1822;1820;1819
1823;1824;1825
1824;1826;1821
1823;1826;1824
1822;1821;1826
1806;1807;1827
1805;1806;1827
1805;1827;1921
1926;1921;1827
1922;1927;1923
1926;1927;1921
1922;1921;1927
1813;1828;1807
1828;1827;1807
1810;1829;1815
1830;1810;1812
1830;1812;1818
1830;1829;1810
1815;1829;1831
1815;1831;1814
1814;1831;1813
1813;1831;1828
1832;1831;1829
1822;1826;1833
1822;1833;1820
1928;1925;1923
1923;1927;1928
2106;2097;2095
2095;2104;2106
2102;2107;2108
2099;2107;2102
2099;2097;2109
2099;2109;2107
2106;2109;2097
2106;2110;2109
2106;2104;2110
2111;2108;2107
2108;2111;2112
2113;2107;2109
2109;2110;2113
2111;2107;2114
2114;2107;2113
2112;2115;2116
2111;2115;2112
2111;2114;2115
2116;2117;2118
2117;2116;2115
2119;2115;2114
2118;2120;2121
2117;2120;2118
2105;2103;1929
1929;2103;1924
1924;1925;1929
1929;1925;1930
1925;1928;1930
2104;2122;2110
2105;2122;2104
2105;1929;2122
1929;1930;2122
1818;1834;1830
1830;1834;1829
1832;1829;1834
1835;1818;1820
1835;1820;1833
1835;1834;1818
1931;1932;1825
1823;1825;1932
1823;1932;1933
1823;1933;1826
1833;1826;1934
1934;1826;1933
1828;1935;1827
1926;1827;1935
1927;1936;1928
1926;1936;1927
1926;1935;1936
1832;1836;1831
1831;1836;1828
1935;1828;1836
1832;1834;1937
1832;1937;1836
1934;1938;1833
1833;1938;1835
1835;1938;1834
1834;1938;1937
1939;1930;1928
1928;1936;1939
2113;2123;2114
2113;2110;2123
2119;2114;2123
2110;2124;2123
2124;2110;2122
2121;2125;2126
2125;2121;2120
2126;2127;2128
2125;2127;2126
2117;2115;2129
2117;2129;2120
2129;2115;2119
2130;2120;2129
2125;2120;2131
2125;2131;2127
2131;2120;2130
2119;2132;2129
2119;2123;2132
2129;2132;2130
1940;1939;1936
2124;2122;1941
1941;2122;1930
1930;1939;1941
2123;2133;2132
2124;2133;2123
2124;1941;2133
1942;1941;1939
1942;1939;1940
1933;1932;1943
1944;1945;1946
1947;1948;1931
1948;1932;1931
1945;1949;1947
1944;1949;1945
1948;1947;1949
1944;1950;1949
1948;1949;1951
1948;1951;1932
1943;1932;1951
1943;1952;1933
1934;1933;1952
1934;1952;1938
1836;1953;1935
1936;1935;1953
1953;1940;1936
1937;1954;1836
1954;1953;1836
1938;1952;1955
1955;1937;1938
1954;1937;1955
1951;1949;1956
1950;1956;1949
1957;1940;1953
1954;1955;1958
1954;1958;1953
1957;1953;1958
1955;1952;1959
1955;1959;1958
2128;2134;2135
2134;2128;2127
2134;2127;2136
2137;2136;2127
2137;2127;2131
2130;2138;2131
2130;2132;2138
2131;2138;2137
2133;1941;1960
1942;1960;1941
2135;2139;2140
2134;2139;2135
2134;2136;2139
2138;2132;2141
2141;2132;2133
2133;1960;2141
1942;1961;1960
1957;1961;1940
1942;1940;1961
2141;1960;1962
1960;1961;1962
2142;2138;2141
2142;2141;1962
1944;1946;1963
1944;1963;1950
1963;1964;1950
1963;1946;1965
1964;1966;1950
1950;1966;1956
1964;1967;1966
1965;1968;1963
1968;1964;1963
1969;1964;1968
1969;1967;1964
1965;1970;1968
1971;1968;1970
1969;1968;1971
1970;1972;1971
1951;1956;1973
1943;1951;1973
1943;1973;1952
1952;1973;1959
1956;1974;1973
1966;1974;1956
1975;1973;1974
1975;1959;1973
2143;2140;2139
2140;2143;2144
1969;1971;1976
1969;1976;1967
1972;1977;1978
1971;1972;1978
1978;1976;1971
1979;1967;1976
1975;1980;1959
1959;1980;1958
1957;1980;1961
1957;1958;1980
1974;1981;1975
1975;1981;1980
1979;1982;1967
1967;1982;1966
1966;1982;1974
1974;1982;1981
2137;2145;2136
2137;2138;2145
2142;2145;2138
2146;2139;2136
2136;2145;2146
2143;2139;2147
2147;2139;2146
1981;1983;1980
1980;1983;1961
1962;1961;1983
2142;2148;2145
2142;1962;2148
1962;1983;2148
2144;2149;2150
2143;2149;2144
2143;2147;2149
2146;2151;2147
2146;2145;2151
2145;2148;2151
2152;2149;2147
2152;2147;2151
2153;2149;2152
2154;2150;2149
2154;2149;2153
2150;2154;2155
1977;1984;1985
1978;1977;1985
1985;1986;1978
1976;1978;1986
1979;1976;1986
1987;1985;1984
1987;1984;1988
1979;1986;1989
1979;1989;1982
1982;1989;1990
1982;1990;1981
1981;1990;1983
1991;2148;1983
1990;1991;1983
2156;2151;2148
2156;2148;1991
2152;2157;2153
2152;2151;2157
2156;2157;2151
2153;2157;2158
2155;2159;2160
2154;2159;2155
2154;2153;2159
2158;2159;2153
2161;2159;2158
2162;2160;2159
2162;2159;2161
2160;2162;2163
1987;1992;1985
1985;1992;1986
1986;1992;1989
1993;1994;1988
1987;1988;1994
1987;1994;1992
1995;1989;1992
1996;1994;1993
1996;1993;1997
1995;1998;1989
1989;1998;1990
1991;1990;1998
2156;2164;2157
2156;1991;2164
2164;1991;1998
2158;2165;2161
2158;2157;2165
2166;2161;2165
2157;2164;2165
2163;2167;2168
2162;2167;2163
2162;2161;2167
2166;2167;2161
2169;2168;2167
2169;2167;2170
2170;2167;2166
1999;1992;1994
1995;1992;1999
1997;2000;2001
1996;1997;2001
1996;2001;2002
1996;2002;1994
2002;1999;1994
1999;2003;1995
1995;2003;1998
2003;2171;1998
2171;2165;2164
2164;1998;2171
2004;1999;2002
2004;2003;1999
2168;2169;2172
2169;2173;2172
2169;2170;2173
2174;2173;2170
2001;2005;2002
2004;2002;2005
2000;2006;2007
2001;2000;2007
2007;2005;2001
2004;2005;2175
2004;2175;2003
2166;2176;2170
2166;2165;2176
2170;2176;2174
2165;2171;2176
2175;2177;2003
2177;2176;2171
2171;2003;2177
2172;2173;2178
2179;2007;2006
2180;2178;2173
2179;2006;2181
2180;2173;2182
2174;2182;2173
2174;2183;2182
2174;2176;2183
2176;2177;2183
2179;2184;2007
2007;2184;2005
2005;2184;2175
2185;2175;2184
2175;2185;2177
2185;2183;2177
2180;2186;2178
2179;2181;2187
2179;2187;2184
2180;2188;2186
2180;2182;2188
2182;2189;2188
2189;2182;2183
2190;2187;2181
2191;2189;2183
2191;2183;2185
2192;2184;2187
2192;2185;2184
2192;2191;2185
2193;2187;2190
2186;2188;2194
2195;2194;2188
2193;2196;2187
2192;2187;2196
2192;2196;2191
2195;2188;2197
2188;2189;2197
2198;2197;2189
2189;2191;2198
2198;2191;2196
2193;2190;2199
2193;2199;2200
2193;2200;2196
2195;2201;2194
2195;2202;2201
2195;2197;2202
2200;2203;2196
2198;2196;2203
2204;2202;2197
2204;2198;2203
2204;2197;2198
2203;2200;2205
2199;2206;2200
2205;2200;2206
2201;2202;2207
2208;2207;2202
2208;2202;2209
2205;2209;2203
2204;2209;2202
2204;2203;2209
2210;2209;2205
2211;2205;2206
2210;2205;2211
2208;2212;2207
2208;2213;2212
2208;2209;2213
2210;2214;2209
2214;2213;2209
2210;2211;2215
2215;2214;2210
2212;2213;2216
2217;2216;2213
2214;2217;2213
2215;2218;2214
2217;2214;2218
2216;2217;2219
2218;2220;2217
2220;2219;2217
2219;2220;2221
% Data (solid.pmGp (N/m^2))
3333768.7445302666
4183642.6991357193
1.7530949614243794E7
3046791.8613084583
2660056.464452975
3005141.13163958
2582493.4105591765
2193361.9262605924
2053235.2898928327
1835296.6282866504
2358054.340956776
1740702.7219431496
1589508.0404714101
1900449.7887292323
1420686.0529581085
1510664.7682493469
1616792.0599369816
1361431.7273014744
1293696.7845012823
1565455.6254125393
1372655.8740454935
1193056.4977051492
1261289.0226461415
1157310.4447786626
1111668.8070818537
1042553.8110043154
1096538.5961438154
1023502.0306156036
984630.5220449069
1311184.8655354278
1149328.3240563588
1053506.8474418032
997291.6885568202
965950.1720131901
934060.5453242791
923788.0571136283
889380.9221171653
1117439.5437656033
1009149.3950107901
939484.4556908227
850335.946671457
874805.6895910532
814201.3315049194
827703.7684358015
796585.9228535894
781660.7568882046
766643.6055376196
752224.5976257563
970419.2834851559
890767.5689514147
835738.4766850912
784580.7728833325
749669.0693102741
725150.8259723177
736400.726798094
712083.1991203555
699347.7764103693
676611.2901922107
687822.8024506338
844204.3903437649
777291.1281315719
746234.8477677277
706381.7555392934
654654.9980014527
662421.9762576763
672241.0563656746
642564.7696781935
634210.1678811304
586284.1443132457
598140.8744642726
583105.3205430157
615387.4291440985
620882.5245278593
743832.3936220197
600231.3641482467
569670.4313995402
569269.5572610369
559309.9805796102
557453.737466997
697205.3000082036
666440.5664409896
635218.0456832569
577076.8282702388
601910.039545747
550174.6368293021
557981.9642122465
657256.238893487
537721.8974936928
546801.1651698854
536869.7150236275
546097.9779416102
536190.4663479036
530317.460913968
528355.6407576511
526821.8495527663
620648.340366699
598218.7786382437
555134.7009597926
570960.3676565235
534981.3349283489
574917.084113096
520315.74249431386
520470.1006006598
516260.25771742046
518533.61848976405
513222.5734033964
513853.7311193884
510724.31968039053
506079.69605141785
507420.7887898951
552300.7142593246
537610.772314573
512200.6186937592
504712.00935007754
497095.92336167366
499704.0089348932
502927.1330861072
495510.0332546633
502579.5676720124
497754.23477703606
498377.7157047901
497973.62712535576
487222.428077534
494172.3188336524
491047.97443015437
488485.43395609874
491375.5123906183
478929.8567852401
441777.88938134024
481809.7437354575
488645.8523368544
486912.0168111773
481629.9556720772
485865.609831297
477437.30745288957
478681.7173238168
482975.2790364753
486322.8412789235
488277.60541758285
479190.2202564072
478334.13878572005
458766.09184943355
437902.7673430651
388479.4144206151
479355.02252052014
485308.84488160413
472416.4066190911
471946.48966234864
477644.38498364773
485393.75354651635
486005.07231511595
475065.81174984766
466155.7206732842
468405.16234221734
458623.1190632182
467842.2594634617
464384.9857051349
426697.1082366177
387743.15250688576
340886.87577395
488705.6070339286
478622.5514549698
487158.00517557637
474559.0534278974
455627.21085188695
465638.6242990801
462019.3868274117
450151.04294892633
490613.81211756443
476085.9037220818
430907.35617648554
443727.9173861873
388194.42834640207
343771.45555544563
296156.864984812
481456.57542906713
493068.41520093154
464668.31691305875
459813.92061277543
429842.0057405702
446201.3597811003
429320.8904898963
485464.640872745
495987.3280287057
498906.5074518425
478893.5336503563
459271.9151951714
465839.02221096394
398229.00536118407
349525.2488527062
303382.74241018965
502303.55867754505
442331.92820026324
400273.0986985462
415695.44707776146
460492.36395756406
442077.11275329563
359136.1242779673
410491.26567923656
252610.3214439403
482984.01111085276
505846.7546051447
490425.32401466416
468427.6247976853
462030.5695059656
307134.4880184795
258355.5758575546
208411.55757108072
496973.1275563914
509544.6207271802
513213.675104305
488164.4097439008
470435.8892528012
517211.89281210327
493858.72313130135
503841.9496693763
520923.4666802557
373013.3912655179
466415.6580984085
443082.84056649863
441571.82571973186
415270.7846713605
319264.7734316932
264312.67971589323
211627.42079976108
162191.40216890842
476109.6496175325
468494.8659728473
480203.375570083
524661.8488072847
500447.80766359315
511131.5361644236
528275.1193938815
379374.371748328
329442.71549789474
445897.58944770537
413858.99947001424
400984.27877050766
272311.1484074455
215508.3408930359
161871.75544912412
113484.12317737118
446917.19645187043
474168.6822613445
484901.6249310885
531724.327184436
508413.3869545889
534841.6443766839
507034.1574001362
517437.76431854547
537881.7378366522
524071.6570363147
540379.0194675288
542712.1478868801
285787.4276759177
344214.8777743049
406962.86309790146
371753.3681426822
521012.3921869055
498121.18346831395
221802.05128315932
107696.02369195351
59647.16730437352
162523.84607525545
544380.9379320381
411515.624988306
448164.2807880004
477465.14388348046
511020.8314565142
482088.84443086386
545811.7945345358
516513.67335100257
523748.9329989261
233426.58566878227
308604.27050279843
368541.005107431
474666.62688089
493434.2656031677
475350.5452488562
164401.86225653213
46620.9051546031
-122.89870364722385
101747.21937518644
546695.3036042895
547124.2441801248
513933.8729808042
390856.42305142287
437743.2885374215
452750.5835011283
488777.37909531593
174349.5912038864
248277.33164841143
319082.63139568915
345000.76220488996
440523.6254839441
457599.0510401396
-24201.89462054207
-69308.63382181853
-96775.17544884876
98085.69795702914
34367.79942642105
523013.73032778583
547049.4277951986
514168.6006934362
546537.0478824158
492002.41455074615
479294.72718655237
397424.93634538836
446659.40575097624
113045.80292837594
187911.22228527928
269263.14959288767
330468.63372760726
480742.02095313836
392319.0982155807
322716.20286210545
-45850.25208302223
21050.776321085053
64350.9392070388
519092.8701904047
543925.6599508945
541886.582204366
512233.5069138225
545504.3439483524
521955.11065077037
491715.52651508735
449973.09643101954
508127.06585395813
539358.8883709084
514526.9718035042
536465.8615340212
410144.2680392184
127996.95038725465
200828.0869510592
267118.69275720976
286797.14866227645
486142.8301478736
476833.21046083013
447235.1072085938
346846.5480766492
-3332.025865354933
62072.64196931772
396554.4278475514
481579.9645355609
472738.49475394504
507719.6921336934
533100.428365115
529384.4295899087
502536.17951671703
525248.1473767707
495602.3792840239
501324.7483013071
520861.81236332253
516020.7525140901
487218.4580200781
140508.62100851443
217158.86740219762
277365.2499167146
442160.30228277965
399798.9651055473
338455.28823156
476227.15560030704
466655.87705448706
436848.6626272629
461180.7576709616
469172.8169707926
510987.2900206032
491058.1063658336
505803.4474278725
460633.45216382685
454125.00753509736
152123.28647494246
217604.8010635111
262105.2058720959
378016.9710846167
312123.00969949795
432120.99009738065
391498.4666457289
426142.0925106318
330281.80406061193
370305.558015891
-994564.2253949201
-1108494.2151702691
-3565685.9198493664
-1204355.8894259175
-1185331.7584143183
-1036631.1778843614
-1140120.0305699517
-972368.6510654859
-905571.7929374822
-775151.8185622575
-1019800.2577990824
-879238.4564858936
-907088.2925199302
-830530.5674170322
-779344.7774440101
-596659.25519831
-697545.5136919094
-781561.3229394307
-803166.0853878717
-751369.7507738855
-706919.3452731781
-766148.4426433855
-723257.7399862596
-680528.3460853603
-654674.5696237854
-707142.9581122543
-471255.2172495813
-557224.2463138438
-611316.6969360485
-670516.22811756
-633443.6110152663
-613394.6982129504
-668891.0815793906
-645805.4512682805
-619348.4364998117
-590150.434642255
-579412.8221782
-374548.96856173436
-444631.3937910227
-624588.4124110765
-500323.4883112718
-544293.3363715156
-292703.25531390967
-347503.44735424785
-596428.4287391328
-595838.8398480678
-563266.5461464358
-560482.6681096195
-550756.2974780686
-546050.3219903676
-527465.1484586621
-216972.05255379586
-260800.82912391677
-402884.8802502015
-536063.1186516222
-441396.9552623926
-476441.4249150829
-309435.54919791064
-528978.7852635838
-523106.433467171
-507267.89106166473
-489634.12238565995
-498557.7985235713
-178454.25980562324
-140540.6404048213
-222236.9899676318
-356043.73892346537
-456505.7557268119
-402081.9542004817
-269751.1791980804
-470318.5868089794
-465841.2640049785
-445839.9580685739
-417285.9895816959
-130571.97115667898
-186192.87421716037
-312903.1363406279
-369452.84865032946
-239434.35651199
-418896.05367454427
-410163.10006434395
-359001.92027045455
-79565.54052890613
-154395.2507347754
-279445.6085174414
-208789.43655054257
-359291.2277142019
-377697.52682580927
-311292.0459809886
-70643.37918191726
-128837.41854766372
2081.0182265363005
73497.85170364109
-246640.74730941965
-184762.87807938695
-307184.86291016155
500162.09806587454
480913.9618587627
478258.90181001637
-60350.089334752585
-130329.1682024838
13546.404566476835
91016.37004351907
-207960.4267638994
468090.26804035885
494661.7115187547
470371.2739632589
488624.6823816343
451111.0184644566
444841.8387859999
419477.9037837587
179110.68203342907
258352.67097416453
382342.3343727219
-135887.61391426434
-58761.727404742305
28348.802091283254
98548.56733001971
-176668.12990586227
435638.0048994655
441508.02532503515
482742.0750134189
457436.8373650347
476609.020361058
459226.11000053585
426400.09162868
432212.04418621236
446306.2879179235
470355.7848109556
409847.6452403947
367488.7023699743
165542.72110028737
213687.38257384347
102602.83132628085
295339.14953233633
325995.7127795217
-97332.83290254306
-26003.435065648562
45488.42388199396
257686.90883537394
448153.76924146834
464258.1771463557
420527.0377873394
415698.6964097928
401542.04326002445
392842.8686916442
346217.29616113444
302351.0372331711
141837.69704384773
186006.29686384415
73990.19679869541
-1748.1027991000167
344571.29826480214
232750.17649463122
445027.40119827795
423811.08179992187
451485.1638806306
424940.32012081024
457818.9923463489
435227.46871795366
437851.1393618252
411079.5775476774
383691.813782388
350645.7703756328
406625.9170015707
438726.174119581
375812.1928252439
396229.52105996053
425965.7425035446
411656.7658302475
432341.59958025493
281507.71943914954
167164.59388037835
117929.28665617842
40573.50871876671
301859.6557317306
331514.54479312466
214173.86054898883
399815.70449401275
411362.9261709514
419656.4493862924
399622.22979181196
365551.5168301998
337612.5265232143
385993.26742259494
388989.72282090556
413328.45551373315
223476.21898818668
169987.6634776906
272826.33017908636
303080.58218742005
-526758.4534742344
-505672.1348219696
-477616.05838390446
-487489.71364552464
-465769.337941998
-470655.28278534726
-439089.18596177624
-442768.3582665999
-456084.0602741481
-434695.80448528583
-443080.9008895466
-408043.2724367998
-409750.05938142055
-416216.88065373193
-432273.57059565996
-411653.11271007016
-422349.46027906187
-413845.568606408
-393113.8455904456
-405872.4176941532
-372912.8026545213
-387642.3969604467
-384522.92254144483
-395346.51072250825
-379608.95213476475
-398564.8387255775
-378457.8851091658
-391654.1664309828
-368754.3530724422
-366196.72875857394
-385153.3400891828
-372956.5908457227
-353450.0179085673
-367028.0842751844
-338613.6566036681
-363682.46940294106
-354064.3810617153
-351395.0275083241
-365430.63982877566
-378897.8814978239
-353859.5704955918
-328445.1373231239
-342797.89690736897
-338762.82530211844
-318508.4332799216
-342355.41927430546
-330728.5902171103
-286612.6371885473
-263272.1141867034
-326696.6014357701
-278337.64310118684
-307477.5559636072
-279384.23264919774
-342064.3605193025
-316125.1142142833
-319844.891365205
-296267.9360936023
-231740.3385682016
-227936.45021142776
-253921.97497943207
-305754.50415986095
-286700.0919807637
-256598.64116643072
-157792.6485510317
-276562.7406042792
-185443.8590795755
-207141.0091135553
-234539.14484901345
-236988.477302843
-75174.01703136197
-123818.88979425821
-132390.94276174408
-180858.89277145505
-193358.37531914763
-52338.56391076583
400125.4254820351
100940.73271626106
-60409.61000133323
20841.437253430977
-130650.20133732427
-164244.11256087426
-70679.15271078216
206519.52721144407
406929.8589939165
389269.6131425932
376716.32550176355
373856.63554869266
354762.49718142115
314665.0497581721
390731.2470281694
372195.0735922042
400866.5438081348
382362.61908220063
394438.7668293751
372518.1665216145
388432.93530919915
140182.22115950866
66785.00309490382
-5860.923130621272
-108393.8759833786
-47875.84943474703
263127.75743569346
143760.6844591186
203302.66416777953
358783.2401832117
344643.49988637294
359678.0508459281
352315.8438796146
317209.9869786097
264828.3731525548
371747.1467968932
382200.1291655046
347742.8837122119
70961.29311222197
2404.6804856775893
-57565.56158770836
101664.5790942387
145064.1388938248
195777.1525338893
297408.98260191485
327899.5013969145
333065.37814115995
243937.1781814897
358739.8934203724
376222.4025037223
370125.8464618665
316753.1262535222
364254.05103518086
347395.64809549245
338452.5921179783
347012.3287753785
358237.09779997333
358185.4826218482
334921.82026309206
39288.18005151428
85623.4683796002
140279.12845242047
196328.97767738067
284407.7720014215
233673.00997603266
287272.07233467815
310195.74872174923
325827.3324074114
327742.650470095
352478.59708640893
336710.9396329712
346525.29181917355
335902.81854954443
325774.2155607277
340958.5547521039
325359.4746093714
83742.41137286523
159803.89605684608
203880.8119343358
243719.12438340386
335154.36413721106
271017.86692081013
301811.6109757026
316775.9677149913
318346.8341980286
329583.681349187
315225.00042598596
307138.33526084345
305634.9090659187
295478.9696891932
269104.9690636146
190896.4667431745
226614.2044719914
323941.4619336755
314137.16312098166
291323.3959607712
282325.0284117122
-361370.6566224317
-355810.44146361394
-350270.5870861043
-331534.05248498905
-344949.80667987297
-331167.42669872975
-339617.1732926062
-321145.2764390123
-334220.90289045585
-320688.62582266796
-309046.5786808725
-299641.2184539516
-295872.2697978184
-329011.5251003255
-310914.83700395946
-323892.63148029643
-310244.955217777
-286892.33612984506
-290636.5380513647
-300502.3791605305
-318722.22432707314
-300927.35651628056
-313526.1554681759
-267664.99603260896
-308456.9974541488
-291164.6177031431
-303450.0253066356
-290777.80107339605
-280626.2545496595
-278059.0417075761
-259939.87795895388
-298372.13903348334
-281440.33829169127
-293381.99857827596
-281596.43159312074
-216569.3394645062
-271564.783939868
-267430.1386091985
-249815.66164811482
-221308.97608126057
-271549.98185324797
-288440.47971456096
-271714.8100544369
-283353.1676495829
-262453.629495837
-259184.783537051
-171847.9355503313
-242875.23411385666
-208321.69766722215
-118409.75557527282
-249774.4758158011
-251599.78637058844
-261960.9666385081
-278504.11973709107
-260815.44809994087
-252707.76818684067
-208301.77925404115
-234827.0819577205
-164899.7801882014
-118993.06244452666
-74078.3732074087
-225006.60676640674
-238403.32890423038
-238534.8578103971
-234231.6738171611
-187362.41066840105
-144540.98212811837
-21422.16703288768
-101564.35061107583
-43971.66056498084
-189335.73765473109
-213596.31620503627
-217711.7257832083
-210854.47222740715
-143410.16773694582
23693.48757523761
-30867.159303299344
-84937.2409120719
-173677.35836187293
-190298.91043570527
-125855.58432574275
58278.68471295893
103162.39404434642
5956.404404492735
-48262.878461202825
-90015.62358899845
-141360.59252439975
58738.02423311578
20189.088203084277
95003.64634747354
137834.8404924076
304614.47823360877
297878.13771538745
318477.6145698571
304241.36629863107
312920.14947760693
285510.392056478
272867.4817150107
248677.73408249984
250826.3345337946
287094.81510903296
307499.0977555101
294448.17766027234
293569.0978338657
302143.03641058534
285203.50047875196
296908.287846698
291524.3152872143
-35092.70402154477
-99610.13535535886
6525.055468891573
284757.46756753506
276369.5152958636
277099.99563527375
263605.6688037449
57159.19846769183
111228.46307443455
168750.0103783994
205368.91656808628
216667.83873930897
271038.7942107634
234513.4824563041
278573.777115436
286399.6318282751
281221.3564377082
270719.6210147813
-44969.2895306482
39955.90748286977
-1534.4480226254889
263483.02588542056
254830.63166202678
236816.3453222143
87271.32385035792
128362.63620742112
167271.4050875346
196985.98369012092
204904.5759975361
257732.85802103463
262476.8449231602
269246.7599130854
276111.8416249891
253049.4530889148
271027.62011284294
259061.9627103997
65935.27951831576
30244.81647200142
241523.52409655703
222666.83004779578
243402.54500444673
115520.99389756338
162785.07922074283
185703.4386638193
266075.5195588015
258481.18313394627
260993.15048531847
250016.8608587014
242810.17343445937
244770.23485462225
249591.36243383092
256210.66876514046
230506.44488205624
251261.41780955627
240901.55420723365
69339.1449809911
209297.03609609502
113257.76639512158
170819.45220838996
148955.69871199562
120739.41244487201
235611.7167419442
235170.20068777254
224997.42085471321
209063.49257157766
217117.0307544505
239589.2318787186
246554.36884582465
226252.93836300453
227268.92161869715
241639.04413056027
231678.03260682846
230413.5555863454
237050.9428589493
197279.09708489082
177111.45576820592
142828.25386952248
209096.02153043056
218155.66933688108
-273551.9605234809
-268706.268452949
-248994.49090334718
-263874.459208116
-246609.73052538224
-259060.9375065408
-254283.62155751046
-241805.0714833094
-236321.49319009788
-249621.21997359468
-232538.58501924752
-232209.37764330997
-244829.7530998342
-228253.5588671166
-240245.7874021381
-233320.4965293294
-235465.81641040347
-219553.6096813709
-231051.04203869318
-224157.7037640371
-217838.82969822222
-214432.76237555558
-223595.8039657472
-218447.84800823274
-209549.82421174194
-215557.0171377361
-226364.97033579551
-207092.69123105003
-207030.7408392178
-210158.74832445814
-221900.50786853302
-195547.0381728283
-200226.46134319998
-170649.94025975018
-206337.33965339442
-217436.0342253135
-191415.1815215757
-198526.31503395076
-191886.9295352325
-202923.09271082355
-213056.51498349253
-200055.13435232174
-208564.26061725718
-192946.8393218052
-169776.9932089506
-172531.74374307255
-145642.90931052645
-198432.46362089645
-204335.72058796618
-194201.6126390107
-189047.206391271
-174509.24381665
-151304.12296084082
-183693.6532239146
-185824.46039028186
-175667.10432788738
-135572.8643754864
-127372.26670096736
-172554.75499786326
-173357.0107487484
-142836.98773867678
-160707.15628908167
-93846.00728285627
-107983.1932518162
-152442.4179808702
-123541.84029533186
-133185.71922340573
-42628.49959813032
-70397.02292807803
-96133.80321540867
-3734.7288235058586
-66843.66538988333
-130031.40997930034
-101212.89371361723
-27914.671146543256
-64807.23725503524
17035.499481855175
-42670.4549215759
-114491.77208438504
-77099.92068597021
-5748.990274045095
-41589.39106464017
85392.72548101559
41713.13753696175
108253.90692246806
138226.1762888241
194961.51171533187
222905.1791311933
232301.45700314819
218356.88894287552
221892.0707902005
227714.34444090526
25476.672772690818
-50651.95563097075
-12399.905638579005
167158.58991909897
71852.51262070925
107012.64860520091
133456.13852603422
109053.77348839198
209215.0522487763
209145.20800029175
223160.01489158333
214375.983674588
181808.6128656347
201139.74638965665
213680.26513515058
218677.96781528337
200666.0739776424
214087.6869639017
206476.46631887136
205286.46441529953
199398.22983969818
196468.21758878604
209791.36325376338
205382.57864276823
16838.6007571935
45877.649778100786
-1816.259949101956
156776.35534087304
78638.00498717415
126391.35468140713
97351.29409200666
192124.0653826915
176848.80267890275
201872.23659844708
151868.3623123805
171768.91794037507
194538.88773749216
183608.25554003127
189812.89709838293
184196.71161012308
180281.99252789546
166347.8935516343
194440.89955539335
201076.5527471624
25539.115004522875
74026.12798275675
54402.65883590015
132459.85075959557
101631.20337749134
121554.79929942747
153247.06060096668
144852.97924315368
196734.33563777173
189655.58062792965
184044.01415412643
176678.91605563363
169423.40720623857
151580.24784791082
192508.22563159303
187898.27825760085
188353.5488398983
180745.04323870415
169314.23085813766
184185.7668173917
179332.079558107
169668.45794806708
172943.16386635308
180109.73740344713
71900.16281911811
96785.34087310245
104164.05425993948
126542.14290237174
161492.93477904826
141408.96437281414
156288.41388639016
162784.8583001886
162493.12429020394
176042.84025022297
171582.65903539272
165539.9419405229
172086.5718549237
-199928.7376140419
-187701.25201117777
-195737.26169200547
-179421.81706682016
-191444.37912934716
-179398.6706873289
-187334.71643194125
-172276.7335794577
-183228.86062162832
-179051.74582225402
-166011.5060598404
-175121.3510533787
-168630.37877468936
-171006.59161880263
-161876.2782833352
-157658.0544851619
-167149.33528520682
-154473.79801226401
-163255.55598045318
-163022.79260793346
-162343.17179174404
-157868.45479126822
-155851.1250137281
-159330.64436105944
-150157.40693232455
-146462.47639025646
-155631.0664540547
-143631.61816760604
-151727.52045466445
-155213.5593855441
-148159.80386733953
-144027.9544498884
-143605.8851207229
-145477.35465063795
-141687.3983197361
-145362.92909294306
-139764.44717445545
-133357.9853753008
-148143.91351817743
-139317.0406463317
-135565.9495680861
-137054.52105441527
-133996.2400718431
-133625.5522334789
-132419.68735208994
-129007.05523594285
-124816.98459070719
-117147.64441031759
-112887.41934707879
-126845.89899969821
-122885.26919088392
-122242.02457071068
-106751.93630683313
-119368.99165716367
-121047.56740648276
-102829.41743404238
-90770.73895241889
-97157.65057500295
-94673.94475434907
-84023.81323271478
-112300.70214956159
-108305.65632284725
-108963.16058726016
-102597.6255069599
-82522.39886936195
-70404.25254209779
-66708.24813055713
-30287.10798293971
-55872.179311949825
-93337.65516885833
-95536.66892405409
-72187.0876059912
-37459.9374339197
-6976.404002159369
-32486.392111775578
-52961.7188276967
-73701.76193501911
-85625.19350338147
13881.153658717161
42621.072881925444
-7567.317142490148
-13681.420065864051
-52583.05886091174
-30905.489144095962
-63918.941853254175
81538.64501807308
163939.17386640713
168063.44760569313
158042.15418726587
164205.2660863279
156397.84391217347
160306.67718453307
59046.32669779474
46070.76220159691
16350.82773522888
-6706.086231473887
-34236.339711604196
155919.68659879398
155734.06446704923
61210.284527357515
75761.72696431208
134287.3988056353
149848.24308596397
99766.08257915436
116703.05180946483
148483.97467125193
148885.5694284118
156547.70616647825
150796.46645288914
142049.12430408775
152723.67842645865
149238.95792469574
37392.20794089376
12829.369667116729
51525.9310671493
-2720.3198553311836
143611.73095502
67963.74258433213
91466.01739382464
112776.71602575328
129154.26958760055
135245.2336314864
141782.3591827782
138116.87244873622
136722.8130168155
145353.66801791478
137065.88040814348
130615.23680946822
141607.2081585863
149086.8369948538
143629.5298491187
135341.2498174027
134637.96257616536
142326.32673987723
130033.13904066167
134679.2443918772
24510.76609102861
47547.83557880154
4389.483202173006
127817.49676155516
69271.89591582632
93619.29647620293
107929.07063536343
128406.53585995753
129009.35505632874
128662.56410092014
131117.17715966594
121657.16603921057
122524.54299288851
117498.11860456757
118779.16295144262
124444.45650141861
117315.13441117885
26415.97455319751
43610.16652818952
60201.833157605666
107667.66471567171
82039.8549463708
101647.61842789377
98497.74763889425
117681.85200992542
115242.81651735849
121018.3474178982
117005.22023156933
124281.07694486837
127768.77556396548
123410.31305887968
121698.55968205197
115637.10325531312
116414.95631297643
112806.51886818845
106515.77155209736
81247.46774162004
91502.70983596102
92375.88211269867
110553.10567729404
107369.15800770503
-144349.4470960008
-140846.35765851793
-137267.83828460614
-130941.05023238012
-129843.39995429052
-133682.47316036874
-130283.25963704627
-122128.73836959267
-126752.15887876776
-123407.43726721995
-120665.74078696586
-116379.51465224179
-123449.57878892508
-115265.29098882126
-120042.76125565641
-112693.63957444456
-111537.90475067643
-109735.31646446369
-116793.12061145948
-109028.4565028038
-113486.86384169785
-100364.3041374203
-106157.15002086705
-107270.07416381704
-98960.13367029387
-100853.65119136909
-100566.85533043557
-103515.86907027892
-110358.77727402066
-102959.46588203039
-107149.18812983033
-98394.00148407523
-104124.55728779976
-94087.23656997278
-100967.41660139209
-96407.76043364673
-82992.0488756872
-94215.90844061966
-88682.91293115834
-93496.91997333207
-90940.40504175215
-72826.31771712619
-98015.24219651055
-92876.7965951513
-90148.37242480836
-95069.45751115882
-90080.70010955108
-89423.35452354881
-92172.9916863452
-84568.60128586677
-83322.89293081126
-74274.42564884099
-81931.3085356712
-84719.27847719636
-47237.102995301444
-56677.387461202365
-83242.7056392002
-82948.5125628826
-78068.30660974045
-77619.493975017
-67547.9701854554
-74770.32134546213
-21103.139717850525
-34844.11975153357
-46608.69273852721
-71835.24298739085
-70059.46819638267
-57645.64473203438
-12564.72729226966
-26536.37458437267
-39478.44211561642
-59040.32539146638
7317.659309272739
-42633.273020313965
-3355.6900189013004
-25816.590948956462
-48134.95346717228
44128.14686451397
22921.220513793003
8108.176077173331
-29886.48159886482
-10579.444158365057
-33194.203682932355
111270.22517470365
109048.0130602866
114412.17284106389
110776.9012828501
60376.50435932836
109607.46571337357
97668.63970429215
101949.66963260407
98909.42967745994
98436.88997339315
35494.55942337948
13470.581522359227
-2338.3611462091308
-16601.64576526509
103398.40000332893
108116.44614065748
104968.12161964137
104623.09477771589
103913.21339132416
104939.46778100089
58907.44624117435
76467.23502371267
85077.0741030906
98925.29522100033
94555.5896547323
95964.25728510832
101874.44954064
84840.44252803735
95636.52924909935
93520.63528019161
45039.788320280684
29596.545950421034
15436.12817087149
-1699.1697601007982
97863.52753730027
99031.58955961632
96535.60109154342
57906.79175171026
71012.0368961847
88837.80524098116
93032.83912719887
90176.14806387397
90830.21324000269
92198.74606054848
89067.87304331659
88838.24359703503
88291.64705523834
77279.76954897525
41304.7958225805
25459.5847092663
9870.380302701426
90804.81241496628
85842.4772183174
53585.961342207374
67481.33553683384
74092.28944583169
87339.42802173835
84887.00956160328
83322.10425381796
84579.97339528827
84749.00246331446
84590.58651499388
83383.23785150747
81834.87302609866
79534.2484586154
80128.03845767463
35942.06104117836
77428.58058485856
45906.01653256414
58517.88931405736
66371.29974406064
79174.22726218728
77980.84373650487
79291.68323538058
77607.0768422597
74424.85612414464
74514.23454617173
75603.50480400809
73842.90319284411
76519.37221388546
74568.30074434394
73983.54833139277
72943.43320463628
34522.93208978901
64850.623591706484
47730.0601217186
58433.8420021345
70920.37540741093
71396.2598071025
69677.0459374766
68939.2309594658
67936.9013201524
63888.144673140036
69534.06977235946
66481.69999914466
69716.44328124508
51713.9717928162
-89252.5168526199
-83394.21781914643
-86488.05959366461
-79602.89130500048
-83656.83314378408
-78171.513286775
-80967.98364495095
-73929.62606325424
-78280.2357878115
-72825.90552274267
-75649.20486202401
-72594.4991854639
-73178.32735980506
-73063.49742591415
-67957.63341599937
-70575.52776293269
-68939.18847137077
-67382.43947873752
-67510.588885985
-68009.15902416465
-63208.48246214772
-65621.0285151971
-64254.62546585839
-63884.81978563268
-62495.116109675575
-62597.218749105654
-58428.96123102864
-59715.738793710945
-63212.51876435763
-58669.07182831278
-60866.034529541495
-58309.921519408315
-58310.85203194632
-44922.29551273438
-54605.39696191146
-54086.78462453526
-50080.3079405754
-51938.645922602656
-55311.98185251805
-58585.85010341499
-54302.29296879051
-56359.175639738016
-51182.55380801338
-54264.361574157454
-54067.87391861801
-49866.50867801759
-46070.28853477254
-47142.77849280799
-50861.26784550319
-34950.28204168257
-42710.180504967975
-43205.159326186855
-46048.710435592184
-50180.322514487736
-50086.19294003985
-46337.31825355963
-47210.83812488524
-42373.09332131022
-42551.444609309765
-22895.403995482367
-40345.61166665671
-30143.76906400816
-39220.3254532306
-39909.56122732525
-43527.602752343104
-39173.66492941066
-36691.248010841555
-17698.644625800942
-29526.43108443913
-33565.21409876756
-31686.920717498822
-32760.793298453948
-26900.424431182746
-4698.504825870785
-19439.361814017433
-25934.19286304295
-21257.489687669462
-18240.792127953602
21748.025800658786
6464.208176091922
-8015.24944370653
-18289.133971375893
-7888.1097293459
-9892.377490847606
18579.530380144857
3619.833776668644
64133.34351603111
63360.05719990863
66472.1167484056
68218.22354523742
66219.94381296063
64972.549398269584
-12466.486128560524
-4948.928916810756
1213.098304056191
39766.859174358935
29214.583527938637
15031.308930103642
65027.24471732163
61831.71214810868
60627.14868160209
61736.98391947762
60411.201548220335
65025.596445276475
58900.931636773435
59465.41721184189
57667.70828763081
61009.3046793764
60885.35811315298
2952.008193471542
9575.711102815014
37808.58088895381
27102.37192436482
17987.00703148602
46251.96348731118
56715.67758573342
54810.64405700719
56789.16059028467
57589.74460425457
56335.408320257986
57224.4537683168
56118.448213637304
54687.11998346646
55049.677447239694
51845.98475807065
11607.705864981586
35164.16680026411
26012.68420346497
19174.279227333005
42508.06031683228
48039.4249968659
50023.89778412954
52572.80136169771
52276.544830006496
53356.99605287197
52897.6035889803
52502.3425336919
50832.27228180872
50109.968102717736
49361.13108775654
48646.627691190915
48730.66330812635
15520.316046696087
31967.636038051278
24110.953079210496
38468.489170867186
42167.09997556746
46080.630450216355
48750.20440328112
46224.71408060312
45857.53031009356
46778.15561490968
45905.911632416326
44835.406925135634
44579.92273501852
43467.05370681516
42952.20509246551
42326.32501618083
41067.261979132985
41132.69557662177
20989.220394296182
28945.497531549612
34103.74120548119
38198.52546369898
42469.56797158915
38872.617957969676
37633.22269647692
39338.07807740592
37614.67692754555
39433.88464009067
41547.47146388993
42890.3594039824
40255.130494359146
40510.99574388446
37273.237311866564
36294.217646494064
25255.18668080194
30677.379237620346
32471.99526723649
36142.64707258497
35934.22944236387
35545.88854305503
34307.99025758095
34278.44523697344
34025.02960483966
36928.46427618538
35456.03243106796
37233.46164982906
34054.71876237656
32062.344023171685
-47794.72331440013
-45728.19726809672
-42251.94517307524
-43839.98433455592
-41833.82485704496
-38601.35922313536
-40025.41514526773
-38907.188742035454
-39622.11079909996
-38135.19915492442
-35151.19869931444
-36394.275188726075
-36097.41690300576
-35777.67195820422
-32857.276190741475
-34616.52340725804
-35559.94251143974
-31856.260993904092
-32941.498802596245
-32339.92660043642
-32526.604149741248
-30678.633719304427
-29682.322043045053
-31286.32584376183
-29284.310231860756
-29550.4025286461
-28764.877171261498
-29724.26478791401
-26647.490374498455
-28112.622497601336
-25794.13580759624
-26653.09511279842
-27897.73006110732
-24944.671215408005
-26328.824645931498
-26639.21900630354
-25125.992834663448
-22328.228755227767
-20440.65205732629
-21022.965534406478
-18766.350590518527
-23751.241502819958
-21215.459774485644
-25126.51392401346
-22973.477389019525
-23865.409689817683
-23959.186265065102
-23624.088191466595
-20596.181525417727
-22594.38386132078
-19572.057686648208
-16408.185096958758
-18579.6219862649
-16772.199146650302
-19038.761651734167
-21075.484636316076
-21450.36679978852
-20186.56262129523
-13747.967193758273
-16094.61194516151
-13896.042629974234
-15789.271269856183
-17991.447515883094
-15396.911121789386
-5513.75052527381
-10166.831870779406
-10533.055369630434
3351.987028948986
-11733.608623614698
-9143.372206358685
-8552.733609773488
-12324.942693274437
-3769.431901809568
-6904.191158698627
4430.273940835386
8958.588084641913
-6389.6503151075085
-5268.190552271044
-132.12728290843356
10042.336135150861
7755.86911427912
-469.7595397615114
-1327.4772922046438
6124.114301843728
13907.794784251231
11193.069873940287
11521.915487572227
3709.1462429977173
707.6498674799716
9257.523044134316
16852.047452418607
14545.752929202587
7828.19129909281
4566.22480162795
32996.205321996575
32427.767148549636
32754.152025542808
33334.56076690393
11857.47976497868
29369.427385115152
21438.16655244717
27210.427115960414
16220.656245694501
9116.569077828468
14424.800435170764
31143.0581644759
30091.78078482642
6755.900900575929
30040.93303925034
31231.644942691124
28371.65755320698
28412.392408041655
29765.845311552326
31236.313755392723
31226.0153439725
29537.44711530543
28350.58668893764
26415.684644961868
26812.60249508986
27000.37163192348
24471.034503402338
19946.953175240553
15940.428033718334
11448.360165255359
28484.078450365665
23874.36201094212
25771.259831187905
25705.817319581387
24445.405667708208
24322.98061719293
23354.00807459265
23252.226724066004
22568.586157274793
28058.96579956248
25846.014870716852
27407.460585559686
25913.08257901652
24806.00543855838
25768.457909604855
19737.128330703617
14904.628002757892
10883.993993478774
24716.877959266934
21484.918441493195
22268.532745562625
22106.4971213958
23435.00171485924
22991.68522610045
22922.24143650589
21017.538749980533
21016.98389017668
21532.68540079991
21075.80554902898
13620.210181484697
17514.17970791156
19746.492987230875
20092.748089796492
19956.009962213382
19469.32013493508
18966.05509657954
18816.962443827208
20220.538616067475
20973.943693363537
19789.427387795342
18024.277323082642
18004.890406510367
17278.836513024133
17095.358231203103
16857.67176249694
16226.764850426736
16185.735256754493
14512.431343876855
15394.569862508773
14601.783592654867
15133.236522837686
14384.583173764793
16402.064726072032
17803.607553510094
17918.159270115597
17797.974418805443
16007.726035343247
15411.125093694303
16041.077056270995
16026.116130452912
14107.024116062643
-19738.496336767235
-17953.359050666106
-18444.057680381902
-17266.657883268344
-15698.385213532878
-16058.451411003038
-16410.034462248386
-14282.937307008988
-14961.896959921927
-13562.6063693318
-13824.128246667266
-14276.645853425274
-14705.7139366455
-12274.294935402297
-12800.969457557396
-11622.885224920827
-11786.30679580867
-12766.501568582496
-12366.830688263528
-10421.362176774966
-10760.533677734058
-9725.431374034933
-9821.928615892162
-12042.897502312771
-11033.233464403529
-10633.720767285331
-10470.177975976147
-9398.875319096242
-8948.573029398647
-8698.492243751307
-8882.12403167379
-8031.13737752511
-8002.439667944648
-7092.051042486365
-6448.529922350308
-6280.011263437591
-4943.673018087059
-7110.828523882966
-5627.84528960569
-8990.072396687294
-7858.4038638934535
-7561.168655176273
-7846.4824813798095
-7417.325873619387
-6037.93358760931
-5141.890438911288
-4791.984587530412
-6473.54882570675
-5235.0469806256415
-4138.422824379215
-5988.344953825103
-5290.16191008759
-6308.609907048216
-5196.7846259494045
-2670.5731055895217
-4299.019861814764
-3480.2141483264963
-2983.545630162858
-3651.6333103698626
-3758.4655438841482
522.0248223035034
-3270.288154207229
-2600.043848402423
-860.7980786595282
-1940.6621556536684
2581.0739959183693
-1576.3966417127383
778.4426344908992
-235.47479472089657
4002.93746859917
1848.2252219107406
7488.58002330892
-1764.8363698172186
-339.28847451395825
-869.630700303218
696.3913964143949
2616.181690864353
4634.951025869088
1581.6073063549786
7433.077677639459
-623.0655615435427
-260.4032778323588
4323.556319594394
2267.0661431596195
10372.12397099144
6850.841206306167
4732.215246507316
-24.086019293256072
2155.4615623808563
10572.449838109773
7781.1342816771385
4814.938912536257
-386.72644739483076
1701.3017735865487
13846.623917711133
13513.188749609664
13729.37567336249
14281.268130094124
12453.709410594363
8173.678739063362
13988.070085800422
14287.899830120137
4055.596828584445
6382.895072097325
1155.4508576791445
3577.9140844011517
12645.725367960533
11567.721565294287
12419.554614743722
11740.207418737404
13114.957924767905
12951.845933931914
12025.693154559614
10743.5789507021
12117.901383626115
12618.022946645628
10099.629278553513
12072.801602862823
12120.539206228985
10739.7234762796
7706.322414359771
9851.662443437119
10346.070096310299
1491.6146411084003
4862.3569608143835
1662.0464260951242
10919.40778632849
9843.008273074536
11089.386163603376
9347.666658562659
8737.08218182932
10181.608468137665
9380.496768225403
10451.795093744606
9530.453096824893
9832.017101682502
11002.266871999747
8808.753351035173
9110.29513214528
8582.451515207269
9218.051436611016
8777.892825700188
7813.423924674321
7528.058563788798
6952.795587167857
7360.542844879501
4247.186682289188
8617.706204144037
8039.530611064959
7605.863404078249
7643.449306211094
8012.432170386465
6117.510927112576
5200.9561245149025
2542.0850240903997
6526.147416654537
7415.058885224841
6709.634459937085
5087.965478587102
6428.312117938639
6812.086127015773
3576.9572714308483
5309.555617394278
6206.868851388107
5770.077461510696
5535.671062195076
3536.288502731614
4578.2175188679375
4611.3419910618395
5593.174584435367
5028.660609691676
-5431.21100291765
-4622.72716788587
-1477.3492116835405
-1835.380936820934
-720.2741922251424
-2261.6673043946657
-2229.9933470978863
-4245.440206353471
-3812.098861879817
-3563.0802372993794
-3021.790183286843
-2966.3137582452505
-273.13481830362633
265.5362038125853
-849.1902856114422
-45.7743039021589
-1416.5167122067144
-1190.7561484385326
-1128.9219667909053
-2162.33496953637
-3654.5473788214545
-2660.477256353383
-3185.5709987985088
-1827.096461010456
-1945.9597518091168
-2020.141993420603
-2937.4475476061543
-2657.5977129399566
-3243.521992555291
-3747.623824108312
-2629.6950315378513
-2405.2620552201233
-2956.5972870069177
-2613.5977008403092
-3837.9585937250636
-4531.893444187578
-3163.2493535503763
-4520.195796704267
-5265.879675160556
-4073.0796921161946
-3575.0905092192866
-4843.174817947256
-5920.1950987712335
-2732.870059274853
-2722.804331357159
-4236.853028888656
-3016.603755549124
-5562.088479961593
-6497.453941957146
-3513.9799714366304
-4769.090843984701
-6419.021455506797
-7475.158675876871
-7038.111425979126
-2517.724890488356
-7867.529757345973
-7026.030560294555
-8173.541116952953
-6425.573136556288
-3738.1687872270195
-2828.5892837455854
-5739.078704921741
-4723.394136905663
-5357.197381066355
-6913.210440030502
-8436.874893513279
-7434.097290395803
-2210.0280010014512
-8621.65381085918
-5774.091948295186
-5169.153964401226
-3915.606405836944
-7208.915797342515
-8743.94505694733
-6086.254720593938
-5500.390448730385
-4190.671403389001
-7652.992511954952
-8816.322216266826
-2284.588712170786
-6203.307534495433
-5674.245515583422
-4332.175852651368
-2275.1050389062834
-7295.8786002260895
-8831.548128123228
-7649.96475287949
-6250.084061572407
-8786.977665093427
-7225.339338784359
-8710.780872587042
-7506.544420234398
-4294.152613977007
-5677.918874265813
-8572.27919206695
-2461.7138234088075
-4284.316318467027
-2683.288992331111
-5612.3400600741015
-6965.237471303861
-8400.38385553976
-5963.605609474457
-4012.0067090570997
-7162.144712436226
-8184.962513047118
-5329.41298555405
-5703.469698340431
-6565.252252808861
-7933.697281152097
-6702.42412215235
-7651.828817250229
-4959.668556202956
-6062.589130350933
-7345.970553805245
-1506.847370915797
-3688.1592305072386
-1823.9082562158696
-6136.441684480781
-7012.834913767862
-5471.840474733727
-6660.477851831661
-5262.514034908664
-4524.668695023294
-4783.409782169317
-3325.817090987327
-784.57129927818
-5485.968069696583
-6290.19041121733
-4119.863078159441
-3986.617447838517
-2890.8072348006526
-4802.540785338469
-5908.274662220018
-870.0481083379618
-916.4619987976503
-4770.75812812791
-5521.2993053900545
-2303.0505418026287
-3357.423701405525
-3535.9004385799376
551.6015021998537
-4082.224923106075
-5125.768740907948
-1718.1308631399247
-2704.6762952891427
-2847.8499829982047
-4039.158831715102
-4729.668233810112
381.2875290463709
-1085.773042606124
-2054.5317092817995
-3358.772099234422
-4332.132626070194
-2186.7312426604326
-3290.7167444247266
-3945.0343962039983
1366.8330551918407
-531.0606702445002
-1406.531840507061
-2642.5021365312155
-3554.7345301240966
-2565.8029512456715
-1561.0854051579927
1592.6532789996602
-3177.990475007229
-1893.1492580036004
-748.6866407605089
3294.307733096681
11.403278841387541
1862.6946220175844
-2803.6023032786306
4630.700796996842
-1836.7128642843115
4979.484151796252
-768.5773832173485
633.5615435573314
3673.8307247758235
2257.67745736754
-2440.210801693173
3593.861750100422
-1201.46251726288
200.5736285988804
4353.852268350757
1461.5785426942778
2626.365807468437
3269.9417268041075
-2084.0188485637905
-1130.0173452010138
2236.9024105449457
-242.28701678935468
932.312207825818
3725.4844655256734
2593.8711897317553
-1731.807313139733
-570.0997799769553
1486.154795945147
436.8691518476582
1983.7070217631738
3091.6638994322834
-1383.388432165738
-511.61751307336107
659.563709719403
1643.7241357617345
2456.633980447819
-1034.7293728090258
-30.458571148987556
902.061956762252
1821.5214915202887
-684.4617625619467
278.71606005638
1191.9883197331371
-338.72329713879657
587.2987995512218
-0.1443689515448341
