% Model:              K-Totem.mph
% Version:            COMSOL 6.4.0.293
% Date:               Jun 1 2026, 19:49
% Dimension:          2
% Nodes:              3364
% Elements:           6075
% Expressions:        1
% Description:        Pressure
% Length unit:        m
% Coordinates
0.746035611992153;0.43018232726328565
0.7499999999999999;0.43018232726328565
0.7475613087770508;0.43364236719968297
0.7499999999999999;0.43359629761997576
0.01633252047768975;0.434238094916617
0.013683900789863607;0.43018232726328565
0.01866755096424003;0.43018232726328565
0.003964388007846829;0.43018232726328565
0.002086157389765297;0.4337431422292834
0;0.43018232726328565
0;0.43359629761997576
0.011555920085619658;0.4354102302377341
0.008719780811392675;0.43018232726328565
0.006644767564305786;0.4345902988732487
0;0.4372789296972877
0.7499999999999999;0.4372789296972877
0.7412802191886071;0.43018232726328565
0.7431129390981353;0.43426868020158743
0.7457389421083607;0.43683170416054273
0.7385609303884287;0.43415289100034693
0.736316099210136;0.43018232726328565
0.1133572926660502;0.43018232726328565
0.11122668300524023;0.43435277877827133
0.10837362205016547;0.43018232726328565
0.12332463389781971;0.43018232726328565
0.12117150231118289;0.4343509288267588
0.11834096328193497;0.43018232726328565
0.10338995143428072;0.43018232726328565
0.10126192424386181;0.43436298436739135
0.09840628081839599;0.43018232726328565
0.09342261020251125;0.43018232726328565
0.09129530652597169;0.4343650260995926
0.08843893958662646;0.43018232726328565
0.11631794733207236;0.435824396375797
0.1063933645998974;0.43582146809295685
0.7336892443977705;0.4339234331587512
0.7313324490357594;0.43018232726328565
0.03669650007134722;0.43367958029252596
0.033618562811894265;0.43018232726328565
0.03860223342777901;0.43018232726328565
0.04358590404366376;0.43018232726328565
0.04109406873572132;0.43478141743527454
0.03175134140005599;0.4357562419729714
0.02863489219600952;0.43018232726328565
0.02365122158012477;0.43018232726328565
0.021520409945183113;0.4359422649158537
0.026564762705193354;0.43434308933662086
0.0485695746595485;0.43018232726328565
0.053553245275433245;0.43018232726328565
0.050742563750201634;0.43453929929854185
0.046010301652866195;0.4355659538125045
0.08646482596763927;0.4358426323301454
0.08345526897074172;0.43018232726328565
0.06352058650720274;0.43018232726328565
0.06131608139457193;0.4344402129146581
0.058536915891318;0.43018232726328565
0.05626410354969891;0.4360168562891949
0.07348792773897224;0.43018232726328565
0.07138344007583937;0.43439489188097447
0.0685042571230875;0.43018232726328565
0.06651131883792052;0.43588772590598585
0.0045343816229665695;0.43869245788388006
0.7263487784198747;0.43018232726328565
0.728786924787125;0.43451060893800153
0.7361639527978845;0.4376575244450107
0.7243147733061104;0.4335143321322211
0.7213651078039901;0.43018232726328565
0.714531287233833;0.4338697130861067
0.7113977665722205;0.43018232726328565
0.7163814371881052;0.43018232726328565
0.7095244279283678;0.4353937319411101
0.7064140959563358;0.43018232726328565
0.6765120722610272;0.43018232726328565
0.6743794317993557;0.43437669639571314
0.6715284016451427;0.43018232726328565
0.6665447310292578;0.43018232726328565
0.664408929187016;0.4343817418344536
0.6615610604133733;0.43018232726328565
0.23296538744728423;0.43018232726328565
0.2305485068008393;0.43561935405779456
0.22798171683139945;0.43018232726328565
0.22119155130791504;0.43369937462363845
0.21801437559962994;0.43018232726328565
0.2229980462155147;0.43018232726328565
0.2130307049837452;0.43018232726328565
0.21104361073466466;0.43430084580423445
0.20804703436786043;0.43018232726328565
0.21642307288683127;0.43568644132770995
0.13329197512958918;0.43018232726328565
0.13114404878405697;0.4343393444105513
0.12830830451370445;0.43018232726328565
0.1264837802333831;0.4358579052684965
0.18634733943956946;0.43350545774775
0.18312868128843665;0.43018232726328565
0.18811235190432146;0.43018232726328565
0.18130873491019803;0.43546397336413345
0.1930960225202062;0.43018232726328565
0.19064715583454842;0.4346073065900237
0.078471598354857;0.43018232726328565
0.07653683388329056;0.4358460831305869
0.08136211438277546;0.4343688922633221
0.09640953784381186;0.43583535826908554
0.14137686182251646;0.4340661797287948
0.13827564574547394;0.43018232726328565
0.14325931636135875;0.43018232726328565
0.19807969313609095;0.43018232726328565
0.19582249643767985;0.4358847523988662
0.20069105546610724;0.4343381038402015
0.20306336375197567;0.43018232726328565
0.16574855069949623;0.43434770545641654
0.16319399882489768;0.43018232726328565
0.16817766944078244;0.43018232726328565
0.17814501067255192;0.43018232726328565
0.17603569568347927;0.4344574331960913
0.17316134005666717;0.43018232726328565
0.17095745008619093;0.4360845544435024
0.15143412488224048;0.4334836151357064
0.14824298697724345;0.43018232726328565
0.1532266575931282;0.43018232726328565
0.15821032820901296;0.43018232726328565
0.15570930045956222;0.43457288310710723
0.1607189288520458;0.4355354190285624
0.6964467547245662;0.43018232726328565
0.6943203606536711;0.4343739908037097
0.6914630841086815;0.43018232726328565
0.730930864787949;0.43860247341036507
0.7248596406420875;0.4381765264628785
0.7193739061774483;0.4351232123763541
0.5170346125527155;0.43018232726328565
0.5220182831686003;0.43018232726328565
0.5195144362811375;0.4347869642691879
0.5151237363424107;0.43368790862119716
0.5120509419368308;0.43018232726328565
0.5051701977768418;0.43393905577830716
0.5020836007050613;0.43018232726328565
0.5070672713209461;0.43018232726328565
0.5102398892988488;0.43533962078729915
0.5001016607916048;0.4358186736471368
0.4970999300891766;0.43018232726328565
0.23552742678470304;0.43429178037008165
0.237949058063169;0.43018232726328565
0.24791639929493847;0.43018232726328565
0.24576977841499414;0.4344097369125851
0.24293272867905374;0.43018232726328565
0.24074376646251738;0.4359795575885195
0.257883740526708;0.43018232726328565
0.25577933444269557;0.4343462059102523
0.25290006991082326;0.43018232726328565
0.2509558113236164;0.43582772426467276
0.4721815770097528;0.43018232726328565
0.4771652476256375;0.43018232726328565
0.4743985562832703;0.4345927204909063
0.4671979063938679;0.43018232726328565
0.46944250577467644;0.43572280109620953
0.4622142357779831;0.43018232726328565
0.4642306180543872;0.4356725787873566
0.45966377463807145;0.4341020907275064
0.45723056516209837;0.43018232726328565
0.44726322393032886;0.43018232726328565
0.4522468945462136;0.43018232726328565
0.449540332868756;0.43492457253648953
0.4452013005809573;0.43373134271175645
0.4422795533144441;0.43018232726328565
0.3974265177714811;0.43018232726328565
0.39528849246607545;0.43434960582318377
0.39244284715559635;0.43018232726328565
0.40739385900325065;0.43018232726328565
0.40524558266285504;0.43433427778223765
0.4024101883873659;0.43018232726328565
0.4403218398616224;0.43539260643130845
0.4372958826985594;0.43018232726328565
0.4351154386691065;0.4343960483220549
0.43231221208267456;0.43018232726328565
0.4302629610988721;0.43584364796665603
0.42732854146678984;0.43018232726328565
0.41736120023502027;0.43018232726328565
0.41519796703661926;0.43429550112274984
0.41237752961913543;0.43018232726328565
0.2828020936061317;0.43018232726328565
0.2808006569921008;0.435855918182261
0.27781842299024695;0.43018232726328565
0.2877857642220164;0.43018232726328565
0.2856777254913192;0.4343783707234795
0.2977531054537859;0.43018232726328565
0.29567684610430534;0.43436935066836235
0.2927694348379012;0.43018232726328565
0.2908511915389661;0.4358441030080016
0.33762247038086396;0.43018232726328565
0.33548931981337204;0.4343123519852273
0.3326387997649792;0.43018232726328565
0.34758981161263347;0.43018232726328565
0.3454521016700078;0.4343250923985115
0.34260614099674874;0.43018232726328565
0.3575571528444031;0.43018232726328565
0.3554198887867817;0.43431012867038254
0.35257348222851825;0.43018232726328565
0.350571847633877;0.4357681530045856
0.32765512914909434;0.43018232726328565
0.32555951968779584;0.43433423216258943
0.32267145853320967;0.43018232726328565
0.32074894672597587;0.43579808053276425
0.31768778791732494;0.43018232726328565
0.31559295862380726;0.4343524662437698
0.31270411730144015;0.43018232726328565
0.3027367760696707;0.43018232726328565
0.30081954893667934;0.4358295089288859
0.3077204466855555;0.43018232726328565
0.3056029507093868;0.43432139711259715
0.3306767423853633;0.43578673407719803
0.3107969054000683;0.4358295433847389
0.48713258885740707;0.43018232726328565
0.48482534397051397;0.43453415856691424
0.4821489182415223;0.43018232726328565
0.4795462469716809;0.4367065729647875
0.4949661926489174;0.43437747128980353
0.49211625947329185;0.43018232726328565
0.49006043954169026;0.4359288298029002
0.7043014736179789;0.4343759495234113
0.701430425340451;0.43018232726328565
0.6814957428769121;0.43018232726328565
0.6794926465221505;0.4358629845479938
0.669537731127558;0.4358474192119724
0.6565773897974884;0.43018232726328565
0.6544259682167526;0.43437530433876503
0.6515937191816038;0.43018232726328565
0.6595441469311127;0.43585705336699876
0.5917896717909866;0.43018232726328565
0.5896560812039945;0.434361631931277
0.5868060011751021;0.43018232726328565
0.5818223305592173;0.43018232726328565
0.579694866366293;0.43435925838489586
0.5768386599433325;0.43018232726328565
0.5847996334006615;0.4358304994939349
0.5419529656321392;0.43018232726328565
0.5398849762305339;0.43428923566702365
0.5369692950162545;0.43018232726328565
0.549559851593272;0.43391541321566407
0.546936636248024;0.43018232726328565
0.5519203068639087;0.43018232726328565
0.545039516059473;0.43565902369706444
0.5270019537844851;0.43018232726328565
0.5246230238569981;0.4358527971695532
0.5295982279729011;0.43431209602450854
0.5319856244003698;0.43018232726328565
0.5348332926109871;0.436017100419121
0.689484100185559;0.43584802300946696
0.6864794134927966;0.43018232726328565
0.6843535367643486;0.434385083863406
0.6994330987018025;0.4358555431159805
0.6495888215104598;0.4358412547907977
0.6466100485657189;0.43018232726328565
0.644421722806943;0.4343983708081093
0.6416263779498342;0.43018232726328565
0.6342295295255647;0.434278343841661
0.6316590367180647;0.43018232726328565
0.6366427073339495;0.43018232726328565
0.6197761918328664;0.4336819393005331
0.6167080248704105;0.43018232726328565
0.6216916954862952;0.43018232726328565
0.6266753661021801;0.43018232726328565
0.6241301707743877;0.43480132292531387
0.5967733424068714;0.43018232726328565
0.5947809048830766;0.4358181393371162
0.6017570130227562;0.43018232726328565
0.5996260588802397;0.43435094956518744
0.6149131652752965;0.43566332227983373
0.6117243542545258;0.43018232726328565
0.6096526107332573;0.4343321667734485
0.606740683638641;0.43018232726328565
0.604755586291939;0.43581332277144674
0.5748677558644405;0.4358319452148725
0.5718549893274477;0.43018232726328565
0.5697540987269407;0.4343707248483237
0.5668713187115629;0.43018232726328565
0.5648902537348198;0.43582438422799075
0.5618876480956783;0.43018232726328565
0.22549914692816314;0.4348598382219064
0.20617032201148386;0.4361220769359891
0.13626578327898145;0.4358698041432053
0.14638636324410415;0.4354469359296977
0.5158023456906625;0.4391239660427625
0.2728347523743622;0.43018232726328565
0.27080372762069105;0.4358405599931242
0.2678510817584774;0.43018232726328565
0.275672363568867;0.434374773123291
0.2628674111425927;0.43018232726328565
0.26088600890103614;0.43580993484305514
0.2657103061223795;0.43435478905933833
0.37749183530794206;0.43018232726328565
0.3753855252816917;0.4343274331431265
0.37250816469205733;0.43018232726328565
0.38247550592382684;0.43018232726328565
0.3804992988885414;0.435779299760258
0.3874591765397116;0.43018232726328565
0.38532970807526495;0.43432699668914054
0.3904359879640921;0.43579751444068227
0.40040902905896913;0.4358055539326127
0.4548647105156088;0.4350076745215187
0.4103295266737569;0.4357746987294144
0.4251804821287614;0.4343344257268776
0.422344870850905;0.43018232726328565
0.4202908090122825;0.4357442506823117
0.36502879566955243;0.43397028318974373
0.3625408234602878;0.43018232726328565
0.36752449407617255;0.43018232726328565
0.37057335803466124;0.4357556055819583
0.3605782674648067;0.435774555759861
0.34061252273658127;0.43577057798231567
0.6393907013088662;0.43595438191377833
0.5597780460690293;0.43438365153261044
0.5569039774797934;0.43018232726328565
0.554925799621308;0.43576044574691114
0.6291261034973272;0.4355258918926481
0.6208534143482567;0.4391273096808751
0.02726646178642111;0.43966261844399196
0.015821616243218786;0.4401870997186749
0.009526305890388049;0.43980724545296224
0;0.4418591292301792
0.7460506598775819;0.4398594776526219
0.7499999999999999;0.4418591292301792
0.7415189235473116;0.43914391167312455
0.11169118837801593;0.4397533748960292
0.12160738407394255;0.4397287487266922
0.10177726363964563;0.4397915996024336
0.09177477917018993;0.4398102887537012
0.09696446254361199;0.4417981376668978
0.11681531427306494;0.44226769451233583
0.10691441639111653;0.44229049767493717
0.0060809364687581455;0.4459823617140422
0;0.44750771781791476
0.03777698341559196;0.43916758632364106
0.04379852986560459;0.44097262301936624
0.05053835670563103;0.4405079211505005
0.012576591225012583;0.444989046330079
0.022422797390561033;0.4421202278658498
0.03242867244562104;0.44184050869311364
0.02820211938553918;0.4477125375689116
0.0818975214001667;0.4397981519878167
0.08704699446913201;0.4423239146046381
0.06174748218671978;0.4399318278515377
0.056839370349009176;0.4426374359940163
0.0720926761125561;0.4405631523106653
0.07711026208804699;0.44239744529982167
0.06705857969918663;0.44242796286051733
0.012226926007169436;0.4517701751823488
0.019458669127410937;0.44735826246095184
0.7499999999999999;0.44750771781791476
0.7442679546445439;0.4450422273774557
0.7361502295499185;0.44310131030568356
0.7453924668952349;0.45162797454684195
0.7150338961258997;0.4394881068261597
0.7100905116957861;0.442124858314468
0.7048346409708492;0.43982292385239397
0.6748874830386749;0.4398179473101843
0.6649107735841584;0.43978807941883064
0.23570680681894088;0.4407316304967548
0.22841457579091426;0.4403859834968187
0.22241272445733717;0.43922309718434255
0.21213656848782914;0.4399248405985366
0.2176601977942522;0.4420880783273711
0.13173129326943198;0.4399999497383316
0.1266607578451191;0.44220787115498106
0.16554144360963488;0.4407995253374212
0.17666575159450784;0.439978312184605
0.17169174220349515;0.4428170308994642
0.18732498596452107;0.43935724179557767
0.18228710073069335;0.4421174141601219
0.19311422758872812;0.4408258572065521
0.14193485670006156;0.4401527001672081
0.15242567997016868;0.4393318712599206
0.1472821657802018;0.4421196494006327
0.20065851021899053;0.4415734530594359
0.1582437507004799;0.441002578572365
0.11232007204283803;0.4480785916320551
0.1221240119325481;0.44797564663312156
0.10238263266954693;0.4480179049535774
0.0924271897589623;0.4480018748448355
0.7499999999999999;0.45379780304653106
0.743651655537367;0.4573840321275031
0.6848821048317418;0.43981802621909294
0.6900934122071207;0.44229577279765614
0.6800802706586132;0.4423545852057681
0.6949351712306353;0.4399563071910976
0.7267355386871428;0.44565929072613836
0.7204597869827897;0.4407178809104064
0.0046689886084284125;0.45166643276344937
0;0.4537978030465307
0.006054184323152561;0.4570001772084895
0.038200983235188384;0.44768951779114396
0.04689917015103564;0.44619670743503564
0.034719601189090246;0.4556909233631
0.053175092291171476;0.44853775577112126
0.10762630542254738;0.4567307434372974
0.0826293266748456;0.44812543847813296
0.06263449741228759;0.4483838041337075
0.07261076568600577;0.44834155706084433
0.05666776757825051;0.4545048487845668
0.04660937161602042;0.45617968032341893
0.5220978468049635;0.4407016579790636
0.49545246021760636;0.43977534180596434
0.5058658579283745;0.4399017734298471
0.5110436027152641;0.4416897237072395
0.5006078029678822;0.4422339585024492
0.24630018631484488;0.43987674818316297
0.2414578735415644;0.4425744527039961
0.2563222489166652;0.4397402488513937
0.2516080946115848;0.4423182674737203
0.26618096605002195;0.43973677350465973
0.2614767398748978;0.44221035714799123
0.23215454854879386;0.4455560814518125
0.48518521807528353;0.440119832418191
0.4732796170051353;0.4415395838392784
0.46601200434292395;0.4411498507300761
0.45892653318438437;0.4394671413122075
0.4513132437981216;0.4402828912579817
0.4457870929730482;0.4391453636942823
0.375913884009218;0.439674771564792
0.38579738144194137;0.4396828139459229
0.3810825092744356;0.44218394193464733
0.39096797579102677;0.44169434547394704
0.39578336298297556;0.4397109073790595
0.40568531019093257;0.4397264817225887
0.4008535619726277;0.44172275462047816
0.4408473642353179;0.4420571221249717
0.4355263630932589;0.43991550829203474
0.42564593840951515;0.43957149854459654
0.4302643627635776;0.4420013616247628
0.4156307696429012;0.43959390167545104
0.2761241945794958;0.43981364402005746
0.27131381931315907;0.44228138757290697
0.2813278535121277;0.44231590113300867
0.2862122002306075;0.4398764548750931
0.31619012067479285;0.4397327403313549
0.32611659733173165;0.4396976209752929
0.2963523761670431;0.4401459380664218
0.29156064761909545;0.4424530851378097
0.3359952769250148;0.4396672821213246
0.3411581079482526;0.4416400350436625
0.3459445883546841;0.4396202407292151
0.35590561267614607;0.43966838844561273
0.3511375741113028;0.44165936645937426
0.3214275266140143;0.44220184747559277
0.31152081875895044;0.4422706604910752
0.3016099286190256;0.4423525615153251
0.3062821140733524;0.4397811015823017
0.3312800869938001;0.4421583901208279
0.479967621352392;0.4431862999198419
0.49074487508099734;0.44233043544481
0.7370809271249691;0.45140862973323315
0.725403704143107;0.45568483972831886
0.7162671899227938;0.44779950770566374
0.67012788631246;0.44229196608670357
0.6548797152743752;0.43978190808256495
0.660067475341938;0.44231891888909614
0.5901594279319342;0.4397335221820236
0.5702685179748095;0.4397518191517005
0.5801670436913443;0.4397617954862749
0.585337624923835;0.44178061315052947
0.5753842732635761;0.441764332923447
0.5406298118338155;0.43940539969236414
0.5602750237590959;0.43973502278585397
0.565395337075688;0.4416979633081359
0.5503392978919023;0.43950419608236924
0.5458220253963982;0.44162414318213167
0.5295020463509419;0.44156544491925076
0.536703801825691;0.44234055674330547
0.6999284915264626;0.44228463178207095
0.7059448923308571;0.4484195402993665
0.6757069318119121;0.4481740324129515
0.6501212296003087;0.44228656097826186
0.6448926646998354;0.43983156280939767
0.6338452340166403;0.44096212017896147
0.6265195852585573;0.44048807227981623
0.5953701885919364;0.4422346663764933
0.60008821354579;0.43974642287665455
0.6157840767823155;0.44142267111371064
0.610239632277082;0.4397207099168356
0.6052296685353742;0.44223178509362326
0.6655058040130228;0.4481427914541987
0.23816176816365978;0.44829893309915647
0.2075508967541404;0.4430241628039439
0.22388024647561727;0.44739197547888565
0.21431018542555344;0.44781924981882093
0.19656808710541174;0.44703827631397114
0.20432864333248776;0.45039932905737917
0.1318060809569413;0.44826316255592324
0.13667137892783107;0.4425217648872317
0.1617443230729986;0.44617811143206504
0.1680866489724449;0.4488258351025518
0.177560387984587;0.44855699641152613
0.18783374230849165;0.44762432733114427
0.14220058781561337;0.4492340125317197
0.15313719872852788;0.44765569794760396
0.1274674507352219;0.45557979904064416
0.13439895866047885;0.45600478842089953
0.08802023128729922;0.4560684255241124
0.16108165090130133;0.454382674570074
0.6857886626526594;0.4481617078902662
0.6956102131455769;0.44810528240978453
0.525648037805752;0.446818809336487
0.5170545199627739;0.4475626753506491
0.4961698332088501;0.4480593464935647
0.506172563796367;0.44855539110292814
0.2472657935343776;0.4481507501567803
0.2571950698964879;0.44800014182756503
0.2668951944679681;0.4479236124115396
0.24172504964353786;0.4562895637105262
0.2322792717587923;0.45398825518741914
0.48589714580932286;0.4488726687469558
0.47564449410888565;0.4511417900290413
0.4669679168235968;0.4496897081849829
0.461172533853468;0.4453165569935507
0.45492212885124933;0.4447904286658924
0.4107991367602366;0.4419495326495555
0.42061473522177906;0.44161709350228373
0.4468276696748161;0.44786472106409914
0.36602779202411084;0.4395818319937162
0.3712001364293632;0.4420686428273284
0.3611809373662846;0.44169272113033214
0.35621953684705165;0.4475575915604825
0.34631238568791345;0.44736682884191586
0.37674247607907085;0.4479337063235559
0.38645950595340656;0.4478491180787089
0.39617751279832486;0.4474194607935246
0.40608988370321814;0.4479013007537757
0.4357995192627607;0.44925800861872794
0.4253035441120813;0.4476264392401867
0.4155546657783151;0.44782688038387836
0.27682674647002875;0.44821332411575165
0.2870499111775383;0.4484230525356171
0.3170535679259411;0.44794384386018454
0.33673390839492406;0.447862673787772
0.3269281711091172;0.4478692618195571
0.29736984513866027;0.44830186257561083
0.30734253201600364;0.4480829380611864
0.7135734769581571;0.4575098534750751
0.6400855035006725;0.4425554904240998
0.6554969369087501;0.4480247621217094
0.5554577470523583;0.44157855353548614
0.5908200843405276;0.44786656843284356
0.5705165328067762;0.4478496654142998
0.5806530983536926;0.44768389290369665
0.5424565596653879;0.4461529074309402
0.5605004161751502;0.44749227595781793
0.5508964933886299;0.4474693469818499
0.5342612669916814;0.44997874330105186
0.6917840013908655;0.4555693309885715
0.6457480094376724;0.44795331815496375
0.6370703897861792;0.44840210364537936
0.6301781103300428;0.44571958812337037
0.6214907837367387;0.4472183236797763
0.6007668740921741;0.4480296741160566
0.6108016675367121;0.4483669333931896
0.6511175858428353;0.4551044520318829
0.5962400273043499;0.45560184544666615
0.2114671295770611;0.4570531233310548
0.4904331981481851;0.45738684654496475
0.27144825570854475;0.4571000249403802
0.4567729597216437;0.4541361375914509
0.366553993219704;0.44790611323287743
0.3141916479339276;0.45462543976823366
0.32281956882535273;0.45579853589747993
0.3517139543585183;0.4555529281572217
0.3907471558097897;0.45591696347619165
0.42755692539213563;0.4561135239279391
0.4200457298809977;0.4551937368262074
0.2932421490712745;0.4573686466655219
0.5662597822367147;0.4550774959046087
0.5450838754841385;0.4562334276166382
0.629922533874156;0.4567840528527785
0.022530183781637812;0.45830622361657053
0.7499999999999999;0.4605068912679991
0.012029916684340084;0.4604407406615021
0;0.4605068912679991
0.007154661004347856;0.4649191058825801
0.015577729053440304;0.46676179628639264
0.016679739408147626;0.4752189355592661
0.026392635844877846;0.4714969135071562
0.04110922420281733;0.463372506069431
0.0330582154228693;0.464273839306075
0.7444401576345934;0.46392390739755146
0.7357231561553885;0.46268609794551974
0.11831616457673005;0.4600263686329868
0.09777356031410822;0.4586950076032173
0.07783638393101891;0.46006928744504744
0.10698681426421282;0.4692224886472327
0.7418712590440709;0.47084638723632977
0.7499999999999999;0.4676628936314654
0.7499999999999999;0.4752955805382892
0.7413838112243792;0.47945618327361483
0.007624371510018781;0.47165510891000717
0;0.4676628936314654
0;0.4752955805382895
0.007999462022428037;0.4793721086657047
0.01535404424084378;0.48302773223158446
0;0.48343670549286705
0.008855219900148288;0.48822537469699934
0;0.4921201372035572
0.06632784360159995;0.45963359198963977
0.05363243945215065;0.4678046392071084
0.039702495915803694;0.47419559217280666
0.026612225542547274;0.48168501357916554
0.0402333328488422;0.48566780848884217
0.0189383605489671;0.49115497844582423
0.021511638918501774;0.500990907086259
0.03179125860866504;0.4956511996484874
0.22202945349023787;0.45828797924284725
0.7326850888604495;0.4739844072183258
0.7232445538367075;0.4654515656541525
0.7333246553840351;0.48661387327686645
0.7013866830518322;0.45837203115167174
0.6824472000029129;0.45869453144643496
0.6717251648726686;0.4580701152146387
0.6607942254703041;0.458192111821657
0.19506127380736096;0.4581219936424942
0.20510138009916168;0.46004773663777654
0.1404984745740805;0.46070598199261686
0.1721633118740347;0.4587329944645607
0.1824779281363605;0.45899224761682694
0.1517063318012369;0.46011760886113523
0.1304194426045235;0.4657773178381761
0.11990873383663804;0.47192787418084853
0.21314587917762137;0.4671059640171044
0.08913888882142286;0.4702619238117997
0.07182866241149737;0.4750293172427649
0.10143026360661482;0.4814730269914251
0.1651979656594197;0.46781877499392116
0.1435156918232995;0.4720041844858867
0.11430689065092009;0.48382874220196004
0.7435530657566546;0.48735978500857696
0.7499999999999999;0.48343670549286744
0.7499999999999999;0.4921201372035572
0.7403751818107989;0.4957083387629239
0.7499999999999999;0.5013820004832804
0.7499999999999999;0.5112608265359639
0.7396334500108189;0.5060143064592635
0.0097481733999058;0.4964792836737143
0;0.5013820004832804
0.00996315444906927;0.5053217393150883
0;0.5112608265359639
0.010570850171282193;0.5175314816658104
0.01832736425127354;0.5106927423747665
0.0533874028511341;0.481552203195852
0.0665420852370365;0.48993054435054056
0.05000292289583328;0.4992984344811793
0.0333453313197338;0.5101182071187798
0.02273168048103919;0.5208318954345791
0.05103136130082874;0.5168002855861611
0.5243984501401132;0.4578005077180705
0.5122317825171061;0.4600845877639977
0.5005592020021705;0.460587648282295
0.2525007762654328;0.45858731811571696
0.26189444689744495;0.4591715493521047
0.25649261589844985;0.46912233972335726
0.2467580343275166;0.4651142815813251
0.2342980250904651;0.46700540267709695
0.2244281308060291;0.47164342073850235
0.48007988720866623;0.46016485648121747
0.466941539657672;0.45818170237345385
0.4434114940057125;0.45810843273529717
0.36106039788345423;0.45816204608868794
0.3430204853865729;0.4577501442161284
0.37091280485780737;0.4581770883195968
0.380305993901235;0.45807627499372394
0.40040212840057704;0.4597710245300761
0.4114798127512946;0.45869606439746924
0.4335181451765331;0.46087753357873545
0.28255041424962657;0.46059939085288654
0.3338118720801641;0.4580376063121121
0.3043441713025289;0.46025016361325255
0.7221953561733374;0.47817548331184445
0.7103444987381913;0.4691376331241699
0.7296177739090598;0.4991243068431449
0.7216540337013948;0.48913185988533014
0.5866435432836509;0.4589295875892424
0.5759872864624853;0.45767889471151846
0.5568214872572175;0.4582433741909185
0.5376247662715149;0.4630304229003153
0.6919021342261894;0.47006356685082934
0.6778270393499274;0.46776509437966657
0.7074673495971171;0.4833281453648928
0.6672965427957748;0.47065343630024514
0.6415504531908144;0.458254468606507
0.6176115289852998;0.4579475073945083
0.6056557604111339;0.4579835219882197
0.6511393740930954;0.4695293365912573
0.5969203198188716;0.46758317199759775
0.20004778050595198;0.4724647475742883
0.18857974352384388;0.46829705220038853
0.17737790090063776;0.47138766250379954
0.15488902507637056;0.4739485176613608
0.1320743839642015;0.482957323000277
0.2164783798177525;0.4834974670009944
0.08586154775047182;0.4919024712152587
0.10737716718309524;0.4975725805275777
0.16791378631895304;0.4851955004338035
0.14932252904306936;0.48701084567075525
0.1242022883518322;0.5006905326087535
0.7279541001604436;0.5142276986795763
0.7421542258912469;0.5158204540616959
0.7379843155017314;0.5257758558031793
0.7499999999999999;0.521797713254054
0.7499999999999999;0.5330364965540637
0.7370121780032544;0.538603383634722
0.011192058392291355;0.5275521157605625
0;0.521797713254054
0.020766446595333693;0.5328329433387411
0.012053138073184788;0.5403168146639077
0;0.5330364965540637
0.07299997207738046;0.5100849327093177
0.03866298606817943;0.530655563606951
0.06420922283951991;0.5354080560680758
0.49044517909499086;0.47100062812370747
0.530295899021828;0.4701895222278093
0.5193602439010805;0.47237210206656083
0.5051703727047774;0.4724613569534267
0.4954409154605343;0.4835007288805593
0.27049444954680585;0.46957864221502443
0.2604644159525337;0.48250207338993456
0.24541782785366603;0.4768474857424572
0.2327457018448611;0.48147651674512715
0.47760933627923363;0.473372598619743
0.46912358418046085;0.4673986478915855
0.45933797893744605;0.4677618945179888
0.44859167263598315;0.46507457599237645
0.4820878364193875;0.4853822107946023
0.43726328533616693;0.46998437905369017
0.3645487684749912;0.4680630062688802
0.3171731080958785;0.4662337730227666
0.3287338074767976;0.4646786340355256
0.3511409187310902;0.4670604643716644
0.3389228712567263;0.46851714244324494
0.3891825535107736;0.4693818772305897
0.37481779034657803;0.46938633649461026
0.40493604710165854;0.4701755709392096
0.42269498765748525;0.466873367469998
0.2943183825332616;0.46913926246965554
0.283306457477623;0.4740852286551166
0.3099737304850776;0.47595799155713925
0.2447448671861142;0.49464746767930196
0.7133048536173013;0.5008011659112586
0.6947920902332848;0.4914638997861135
0.7241658433521514;0.5291166121308837
0.7134653268545462;0.5175381867455576
0.5667399643326101;0.46863059190403394
0.5818992087328199;0.46967386564358427
0.5513139511741985;0.47102677424402495
0.5389149769851469;0.47471459949103134
0.6786928706102382;0.47975028823844407
0.6629548143871563;0.48384185242164623
0.5626650864168521;0.4812198708488475
0.6241598707623023;0.46789177804610266
0.6362928888507372;0.4721990300111815
0.6122524708423476;0.4703832637048946
0.6047693281653009;0.47952245242446795
0.5933907173628101;0.48192502077488825
0.5764180764586649;0.48265568320123
0.6457529645084593;0.4874969615444165
0.20328613569454407;0.4891990808966269
0.18733127449573808;0.4845358508094847
0.13821281809019;0.49962134229900484
0.22898326121710186;0.4946781405686002
0.21467919233881147;0.5038370810546153
0.19679826472853826;0.49957279748710537
0.18032548126399964;0.5054540941312857
0.11559656049786363;0.511748757554255
0.09789960345706328;0.5148265961292874
0.08709991262592477;0.5280797885721665
0.15732733538513757;0.5094090187916166
0.13408958785136382;0.5187073543105409
0.5297851982190869;0.4837724017823687
0.5113263510381734;0.49094201117586433
0.4924740244273279;0.5005425762408481
0.27564465186340475;0.4860209873012773
0.2634464207992229;0.49999176017126534
0.46496784910001593;0.48161386144911045
0.4477319428531023;0.47737989855479346
0.47057287534836406;0.5024534439590727
0.43148943715838567;0.48384851564116943
0.3570556263626014;0.47679914287641006
0.3664558810103366;0.4784611413962789
0.3273378620435653;0.47864747609014435
0.34553811431676373;0.4811197895914166
0.39450433687789593;0.4824347194178838
0.3778242541675034;0.4862137049829676
0.4107310906234452;0.4885403484223446
0.2946654184131647;0.4865553520940238
0.31601549046540167;0.49341648694925977
0.35947469604424004;0.4915171003407271
0.2821634280441959;0.5041376415094625
0.2518211522821111;0.5106350305496101
0.23457519379194072;0.5129373955708357
0.6791064833960025;0.49737888256850954
0.6972849244938492;0.5101591939824389
0.7033668724037255;0.531651609926413
0.54743963005675;0.48990472561171133
0.6616520992055398;0.5043695803802315
0.5679781928903359;0.49931124691694145
0.6227247086646379;0.4867243223431205
0.6039759061889737;0.4916531440926194
0.5886380870009527;0.500600216767431
0.6399246643661353;0.5089252823714068
0.22277287269194862;0.5274733022980018
0.197347744055938;0.5249707648825567
0.1742884864656814;0.5259370305179893
0.11258446769256017;0.5392064587220036
0.14948081566569993;0.5420461495627411
0.5305879137434293;0.504856638839379
0.5546792621326774;0.5145808068387476
0.5083364597134709;0.5158860156412206
0.4831274497338677;0.5234829133783148
0.2662696448807663;0.5192344927082886
0.4479863511027021;0.4999808172403067
0.45699267060545073;0.5251435513681242
0.41797191593425514;0.5041671991807374
0.33941080715962724;0.4945269141373045
0.36705322616431596;0.5012474063953419
0.39212391327651075;0.5073336158067985
0.3039685374106199;0.5098548654827606
0.3286022579460459;0.5112527902864998
0.34995219801016225;0.5069524433117365
0.2855773833076825;0.5245153032758152
0.2687260836688545;0.5363414390954236
0.24798717076805615;0.5332705812003813
0.6815392122069994;0.5196799349430223
0.6608498326759334;0.5274809333622367
0.5833116818519559;0.5215602572015593
0.634842219824954;0.5360215673541882
0.6116355208884043;0.5110881517781062
0.6058074509470137;0.539259967264546
0.5616054356220995;0.534875982181984
0.5323113900193465;0.5367432157577021
0.4311930148694826;0.5257602512835527
0.4096989205888795;0.5209139316964239
0.3667547615762461;0.5212775038402611
0.3883218041963734;0.5288229719869086
0.31146552094742685;0.531079751263318
0.33916601851217026;0.5286087700644106
0.7499999999999999;0.5450239338088598
0.7393965261325184;0.5501630509766882
0.7499999999999999;0.5578098933296707
0;0.5450239338088598
0;0.5578098933296707
0.013380781422538303;0.5516096331307386
0.026748454932249893;0.5437131526732276
0.7226402640216008;0.5477400598937342
0.08606123981946041;0.5452279261775638
0.734264976571166;0.5626201618467965
0.7499999999999999;0.5714475672869461
0.013567279428258775;0.5661916200284686
0;0.5714475672869461
0.014122215093708422;0.5783474197480477
0;0.5859936911549369
0.015159078940570314;0.5949138659509248
0;0.6015087797427074
0.02376685801286921;0.558160474102151
0.046527662103677266;0.5553556339389635
0.07260538313420702;0.5554293754431335
0.7499999999999999;0.5859936911549369
0.7335375809810853;0.5783247589713878
0.7050869688443764;0.5528513454631941
0.7180865075393316;0.5681238603393104
0.06605360428545298;0.5711838069861117
0.09478814392533652;0.5722223895133316
0.0692494480969464;0.589280542837981
0.7382141735081021;0.5932392049743885
0.7499999999999999;0.6015087797427078
0.7324277474457013;0.6085640099420111
0.7499999999999999;0.6180573789479398
0.016630165300384265;0.6096173695835522
0.030298870407821737;0.5716378921927033
0.04630730600498372;0.5819792673551787
0.05536877424624689;0.6044041746378906
0.03345869951296518;0.599998696785969
0.03534726065921263;0.6156712873056203
0.02659489736586551;0.5847598927041062
0.017413565244251313;0.6242748967040288
0;0.6180573789479398
0;0.6357083342808811
0.6911229699869842;0.5718043989162545
0.7161008745032676;0.5920503778886225
0.6840819612510278;0.5436938903140519
0.6621732802951327;0.5567203038210885
0.6877127191440106;0.5994056265278951
0.7499999999999999;0.6357083342808811
0.7313427266124966;0.6269336117287049
0.7124707956547012;0.6161217599008997
0.736247690657649;0.6444908681324735
0.7499999999999999;0.6545075883220512
0.03220593342904956;0.6322701383160334
0.01867145009079049;0.6449541878722471
0;0.6545075883220512
0.02007228072074017;0.6622390557750779
0;0.67418033751125
0.23202147583278335;0.5461678091662605
0.21326640907892516;0.5451456677890262
0.18725331607229523;0.5585521974764789
0.055999569503303315;0.6275443172924149
0;0.6941450234080657
0.019825036602093813;0.6844287145024167
0.03606779684203792;0.6721949711884047
0.04279581091172185;0.6518157375648738
0.08456378308587614;0.6076239957387649
0.1310831405670689;0.5724052107344305
0.16000463916353613;0.5758369802188977
0.11152067515352199;0.5958638179838961
0.021011360449017233;0.7037917755309384
0;0.7141098052880027
0.019390941015710015;0.7225758326998515
0;0.7340745871679404
0.6598712643035636;0.5825639799504138
0.630012004031403;0.5641784043214106
0.4987446014343598;0.5437482522810676
0.46837984144778133;0.5485978956656559
0.4446287284601093;0.5436031358127719
0.2856839992798751;0.5510156694936101
0.2566228593728801;0.5619723677436084
0.7499999999999999;0.6741803375112503
0.7297066084839883;0.6630038231992597
0.5808252043908918;0.544035080772382
0.659518120762585;0.612602803848022
0.6862738252158674;0.6250713784082312
0.7139022654227057;0.6432349430023874
0.7499999999999999;0.6941450234080657
0.72865773126848;0.6840639164995039
0.7334831063760604;0.7030729291677226
0.7499999999999999;0.7141098052880027
0.6642887519433507;0.6364424803279063
0.7062375133113228;0.6708492143362228
0.07456838515024947;0.6428592713738217
0.22136905237910237;0.5724056726610978
0.18314871268029168;0.5972106167649124
0.043496753821788595;0.6916513382502287
0.06557078925662936;0.6720945486491423
0.10501646865200272;0.6280419818645108
0.1431835313591591;0.6102500437828153
0.09222447725943668;0.6569104730408439
0.04135228177372609;0.7124466838900785
0.03302201791283712;0.7341176291069885
0.017199694586248235;0.7438592085121409
0;0.7540393690478775
0.013990380084173776;0.7609169374328725
0;0.7740041509278147
0.5934648074918104;0.568353299077035
0.5580391230624528;0.5636061848783589
0.6206378645872662;0.5971775019605479
0.5775166759834862;0.5969039752673244
0.5199468632991695;0.5687115847969806
0.5412181830088242;0.5909069030835616
0.4806883979355792;0.5720562565644352
0.446008658698583;0.5694598607640695
0.41232330162666286;0.5540197847052968
0.4285245367991068;0.5876120318803942
0.3678414502324476;0.5566080408931757
0.32177867948446887;0.5579165125535646
0.28941372550821426;0.5800433209453857
0.25472107589585624;0.5992444594861077
0.634119815589697;0.6324494021432312
0.6828699762067606;0.6535285210916799
0.733563366244296;0.7447799037556425
0.7499999999999999;0.7340745871679404
0.7499999999999999;0.7540393690478775
0.7262378816305726;0.7247905538793478
0.7071733779805555;0.7011034415494665
0.6529108190003847;0.6592143978155525
0.6781591001279291;0.6822587195261167
0.21439372136045595;0.6185598839118812
0.17403764954234757;0.633400293345945
0.06654420389728904;0.7032709062636521
0.10135796412531961;0.6857742491242476
0.1332148253014088;0.657319897461327
0.02131483749063965;0.7799779273321992
0;0.7939689328077518
0.03722941084839099;0.7575868482423995
0.06271745542891541;0.7352597615341536
0.01582693013943336;0.8021113099107773
0;0.813933714687689
0.7499999999999999;0.7740041509278147
0.7274912489420858;0.7661144243262139
0.7339011454051434;0.7853409765794396
0.7499999999999999;0.7939689328077518
0.5898411884344212;0.628088079350018
0.5456501803636357;0.623057034039074
0.5042904828189437;0.6083988429579603
0.46020141477761123;0.5985588360397465
0.42674925215207266;0.6197789914081647
0.3864204358659855;0.5971990804152978
0.3335403280979778;0.5902595037417706
0.29500311932098416;0.6161685479731915
0.2551345780630916;0.640033016627211
0.6102884684332545;0.6646487869330012
0.709230487842827;0.7475808288470289
0.6999438248525975;0.7273002088034588
0.6751696102678209;0.7130851183069987
0.6429930471882794;0.6925181662163263
0;0.8338984965676265
0.016598450006888508;0.8426985359888589
0;0.8538632784475637
0.022229817848256058;0.821730943928558
0.17170396336527857;0.67088157715651
0.21419598927252181;0.6612400206895735
0.10126063370678441;0.7215199790247734
0.13973034487957958;0.6993278767806148
0.06195683630300105;0.762968732917888
0.037875268201032916;0.7994207215697294
0.04486010434144732;0.7767929523815451
0.09314962274219522;0.7579842887361488
0.03905493284023515;0.8404343982399529
0.023128548096572242;0.8618219191173917
0;0.8738280603275008
0.7017418674698128;0.76844359498521
0.7103947007468836;0.7878211750795914
0.7499999999999999;0.813933714687689
0.7277311772688542;0.8058809803803921
0.7333190652842464;0.8249000825617705
0.7499999999999999;0.8338984965676265
0.5535089107994454;0.6702909266116123
0.5140382723134624;0.642335615806391
0.4719698390147662;0.6401102139821622
0.430744444588956;0.6545265527565605
0.3922893895215231;0.6514630971199951
0.3441637664433182;0.6330565402083572
0.29679606291896665;0.6653653404872127
0.2516213702849955;0.6927859904210456
0.5968400882769627;0.7057735096707178
0.6773216445728669;0.7498619504030124
0.6366960691834792;0.7301446422384281
0.017237203504197204;0.883106455934267
0;0.8937928422074382
0.047523571001465856;0.8199473868124143
0.19401396949486024;0.7117902848220095
0.14006738489952222;0.7469858887907974
0.07315022211303183;0.7955063144303143
0.11558816130063498;0.7847226774264447
0.03977579180645904;0.8814289644047439
0.07165472505393937;0.8370584873437703
0.04820053278623425;0.8599298005020076
0;0.9137576240873753
0.023814599047348433;0.903949747029948
0.015768959048845666;0.9253622594762468
0;0.9337224059673126
0.6794372311684224;0.7876443393240493
0.7029290311423589;0.8071343485650997
0.733822156869438;0.8653895049054052
0.7499999999999999;0.8538632784475637
0.7499999999999999;0.8738280603275008
0.7109156959279737;0.8268490453256302
0.7272960188548464;0.8458720132745775
0.7499999999999999;0.8937928422074384
0.7285087140734691;0.8864419071096492
0.7367654322817835;0.906503377451831
0.7499999999999999;0.9137576240873757
0.7334071223621947;0.9237699320926849
0.7499999999999999;0.9337224059673126
0.5449759282748169;0.7163450964213627
0.4947620175397418;0.6923264970281817
0.45090846932710366;0.6762117351037904
0.4205903356306709;0.678604754475677
0.393161362523002;0.6972366633397061
0.3428724646309135;0.6872281145134717
0.3053438173015343;0.7231563078706708
0.2496523530259433;0.7443924333083548
0.5868870692598264;0.744925109349674
0.6307174432050048;0.7746864542457979
0.6496490182653846;0.8110479076496078
0.1964937701362058;0.7683721188503339
0.15505509601690348;0.7982014401524413
0.11417442310406468;0.8181219783078206
0.049987435805306596;0.9010676195477865
0.10071935230668284;0.8574006527744421
0.07262350178628028;0.8767323875493125
0.04103270609440722;0.928665367345638
0.6797076047265826;0.8264119416104788
0.7092005210527833;0.8679957668024789
0.7018953608289736;0.8460747859400171
0.6488624916058084;0.8367692772887783
0.7018640879631293;0.8894172026457206
0.7137229105628196;0.9101448325709445
0.7090498358675152;0.9333182664205779
0.5023253651690359;0.7350321409706322
0.5303105939166511;0.7617384871233519
0.4393027168388472;0.724320188704685
0.3718766428198568;0.7478810662682458
0.48140941084509703;0.7766577527938879
0.30604655781390633;0.7747555133780124
0.2543897991714855;0.8023429274742533
0.3530296448161826;0.8061900261742572
0.6116715504053186;0.8221735481536543
0.5737967286743636;0.7898074478131761
0.20553570058414122;0.830310296798213
0.15257262359333265;0.859030340542478
0.07540643424677537;0.9158121703582611
0.11251801711118319;0.8948432011249252
0.6732730271402061;0.868018481223713
0.6322242322842123;0.8584500803865882
0.5978462999243221;0.8633548101107902
0.6765091611327446;0.9138230216980747
0.5237705952240639;0.7989772938787949
0.41780823499229947;0.8035121795663449
0.4886908685458617;0.8396897613959431
0.31381033963290583;0.8362593228427584
0.2615398293044064;0.865181993921674
0.3716014882345218;0.8566905882691556
0.5526662976110605;0.8381495416975476
0.5267208383137707;0.878801103285346
0.20839755591298686;0.9021142819541964
0.14667582121865172;0.9125750535277635
0.6291928737667521;0.9023979918663773
0.5706977989216169;0.8952587358358677
0.49205154299897735;0.8948142321059995
0.4335114517664922;0.8836386565413259
0.3194618398411879;0.892819045899662
0.2748556118530014;0.9261928418835914
0.373490773663332;0.9083252496535431
0.52730975251967;0.9263060582552938
0;0.9536871878472497
0.019690791449023793;0.9437593088314987
0.7499999999999999;0.9536871878472497
0.7297336550490509;0.9451068601287018
0.7349128560232642;0.9630505954510332
0.7499999999999999;0.9736519697271871
0;0.9736519697271871
0.01676099879765616;0.9647139163837064
0.03907494828027896;0.955398519493357
0.013179172445012594;0.9819798620515219
0;0.9936167516071241
0.7499999999999999;0.9936167516071241
0.7284881182196479;0.9825269116723727
0.7335949920792675;1.0227433170998996
0.7499999999999999;1.0135815334870615
0.7499999999999999;1.0335463153669986
0.7122039079731548;0.9624975616170074
0.0336055841339003;0.9791235925034683
0;1.0135815334870615
0.016530308602338808;1.0219392366641087
0;1.033546315366999
0.021122266520082946;1.0008203185902529
0.06589886643423304;0.9498606057726707
0.051642967434129466;0.9715004196074595
0.7284259000589608;1.0033430175157638
0.6898142071740191;0.947785635374377
0.7059111396349341;0.988648012640188
0.688642673390944;0.9703384260972179
0.7499999999999999;1.0734758791268728
0.7329843090835281;1.064072200490354
0.7499999999999999;1.0535110972469357
0.7262204854369064;1.0444210597239338
0.7069649676166042;1.0211514528695924
0.7499999999999999;1.0934406610068104
0.7269997893930681;1.0855531112969694
0.049775089833490424;0.995734290877151
0;1.0535110972469364
0.01660412704075295;1.0622619830698834
0;1.0734758791268735
0.022507661507988348;1.0416496901802745
0.03812476855102893;1.019777227913334
0.01620679480704275;1.102425078069536
0;1.113405442886748
0;1.0934406610068106
0.022454843632897348;1.0814744545562145
0.10894145349690833;0.9474398967729573
0.07849121782215863;0.9810691724959781
0.7333202498726645;1.1048418013925678
0.7499999999999999;1.1134054428867475
0.6551860384186133;0.9561568442263875
0.6716685611523718;0.9971328604717136
0.23021205728968788;0.9594118547946325
0.27842828700465133;0.9817146498911039
0.6707786452701286;1.0329533319929358
0.7103172207443826;1.0668362360109835
0.6994795917312564;1.0480582472315845
0.7499999999999999;1.1333702247666848
0.7278832688927325;1.125293026129475
0.7116717447645506;1.107187137464508
0.7031111983361249;1.0878322177903874
0.733699786875361;1.1445921874543905
0.7499999999999999;1.1533350066466221
0.07151168440682976;1.0207534524688797
0.039749510205093576;1.0601959848642242
0.04798690646456915;1.040395540897353
0;1.133370224766685
0.016790781770217807;1.1420831679311105
0;1.1533350066466221
0.022332891851956364;1.1214788509996667
0.038553475095846765;1.1001534562808657
0.04690458461974269;1.0796024056565972
0.1714495161790398;0.9657345384249151
0.1165537160098038;0.9984130211717464
0.5874707793804435;0.9544857897267451
0.627460442082593;1.0063722124835481
0.644020406362789;1.0554462437243182
0.2218029831421787;1.0067176529586628
0.4694134445433037;0.9420231223896836
0.41209345343430787;0.9550655876656576
0.3396057786742005;0.9599892557062983
0.2813340599547452;1.0351344855377396
0.3212599854434615;1.0107575479808486
0.6786727170082775;1.0711946418260654
0.7120119954671691;1.1468065366391547
0.7035318297094284;1.127047811971476
0.6803579244240282;1.1095421859935601
0.5242728959001894;0.975571800364267
0.5716529122001806;1.006646872106545
0.7499999999999999;1.1732997885265593
0.7278545420522052;1.1653853607405589
0.7337708511329096;1.184270558414877
0.7499999999999999;1.1932645704064966
0.1066578261577292;1.0384289265675488
0.07110820968538414;1.0598443158006918
0.015729936975838167;1.2225904079229428
0;1.2331941341663708
0;1.213229352286434
0;1.1732997885265595
0.016697560396006603;1.181976144795534
0;1.1932645704064966
0.02253681256338839;1.2014499425986693
0.022241706109429625;1.1614967893874344
0.0396262921937057;1.140459352872391
0.04746867175274928;1.1207922464466709
0.0718013959881886;1.1002018001697704
0.16173078694118426;1.0354531139279968
0.021987367748012625;1.2412606638554187
0;1.2531589160463081
0.7017516558280178;1.1673896041486902
0.7499999999999999;1.2331941341663708
0.7334875612023674;1.2245455673816905
0.7499999999999999;1.213229352286434
0.7275766708013212;1.2053196084388513
0.5910327597487679;1.061806704704684
0.6364143661528107;1.0920987513495448
0.22527156423708714;1.0588661488487783
0.2823012520613026;1.0799408269257817
0.4645039163024606;0.9999179418708091
0.3853507885130116;1.016340933424093
0.33299825652361653;1.055268870117471
0.6789240969245967;1.1492001355462185
0.6471529417783346;1.1295111612801931
0.524508151726846;1.0401806065869077
0.7499999999999999;1.2731236979262452
0.7333550370842644;1.2645932877305173
0.7499999999999999;1.2531589160463081
0.7106509828631623;1.1866871931489924
0.7274877417641118;1.2451225113220565
0.016618180613255158;1.2617134578716436
0;1.2731236979262452
0.12056808857894728;1.082130124898428
0.038074115506094915;1.2200518806383136
0.039539454286538794;1.1797592490291318
0.04774879278854146;1.1989904601279107
0.04743141010132686;1.1595611848564849
0.07042589284598806;1.1397554770558511
0.10512637321154109;1.1232441498155619
0.1832461212353943;1.0923358436708552
0.022423147053212376;1.2811137613311896
0;1.2930884798061826
0.03925224216704181;1.2596889556872735
0.046900153311317916;1.2398875364217616
0.6783309606797008;1.188214674950698
0.7107103989949611;1.2268170736194919
0.7022823366417937;1.2069081454129986
0.5335865570199817;1.0965358034225043
0.5958564590437996;1.1281141215132093
0.23942981263649155;1.1169661088138776
0.32605108129635674;1.1007623778554216
0.294289170999033;1.1249500061040756
0.45729038907702274;1.0795200692999354
0.3802959749804549;1.095796110833153
0.634408699573319;1.167399885259271
0.7499999999999999;1.3130532616861204
0.7333638352578026;1.3045149156880396
0.7499999999999999;1.2930884798061826
0.7102433148706414;1.266644694488945
0.7275420166203621;1.2851285656610352
0.7499999999999999;1.3330180435660572
0.7274587423477429;1.3249910071820459
0.7019110773300737;1.2472693569751199
0.0165664639153855;1.3016564210254642
0;1.3130532616861204
0.15030339329280543;1.1285127908615182
0.07122464230511867;1.2171407505409038
0.07149129930827064;1.177838749147952
0.11158976633131172;1.157789358137183
0.2073771456961306;1.1551389032456147
0;1.3330180435660572
0.016627725981219813;1.341514320643531
0;1.3529828254459946
0.02245625581500658;1.3209950658385
0.03894819223606546;1.2992591463775516
0.04738824480188843;1.2788221886167712
0.07101028786410297;1.2580462709574614
0.5923860890046267;1.180015734910514
0.6316831462674927;1.2087572697951174
0.6782525556926376;1.2289278597888176
0.4944083997071555;1.1407543913628917
0.5436937594313681;1.1568091219773722
0.2743712343817208;1.1761408455590248
0.343852162891262;1.1567428299908928
0.42693743796214917;1.160022472603052
0.6783402206939321;1.2681165440778046
0.7104620001635961;1.3067610359403012
0.7023184005663646;1.287277621115697
0.7499999999999999;1.3529828254459941
0.7332814936372711;1.3444513273740395
0.7499999999999999;1.3729476073259317
0.7274014428656278;1.3649924151102728
0.7499999999999999;1.392912389205869
0.7332353491475146;1.384384649614327
0.7022127526175893;1.327144034478203
0.7102874203479256;1.34675026333763
0.016250962604728095;1.3818521546200624
0;1.392912389205869
0;1.3729476073259317
0.022245130773728073;1.400953901068535
0.02247026079842026;1.3608851445692454
0;1.412877171085806
0.016770365425239343;1.4214297158973122
0;1.432841952965743
0.10168774915975805;1.2367655684312515
0.15471436825424265;1.180134943060851
0.113681078809878;1.197672056466181
0.21334338589346033;1.2101231849302887
0.03919112714981944;1.3392236140401539
0.047326077072633886;1.3189090466549782
0.07130525902424405;1.2979295110524525
0.1144143693982461;1.2733700421349239
0.5562197181985131;1.2034091926589363
0.5886464604288396;1.2312546238342708
0.6317056768542569;1.2505653395406637
0.4931673758774292;1.1988496380099196
0.27589580553655074;1.2440594283189483
0.3224745932319784;1.213564649354144
0.38066616250783364;1.2172357813692205
0.4379109065562378;1.2268552969572688
0.6443643224133113;1.2899284284720394
0.6779038097924143;1.309126082047329
0.7333065063613754;1.4643795352747127
0.7499999999999999;1.4528067348456806
0.7025521390804981;1.3676703221251734
0.7499999999999999;1.4328419529657432
0.7331752123565493;1.4243822363747636
0.7499999999999999;1.4128771710858061
0.7103225324249072;1.3867507943434132
0.7272735781656191;1.4049085500497118
0.7273705232518806;1.445152166663207
0.6787296899234994;1.3489193645871111
0.048276924027662094;1.3590031213840343
0.0387334772509703;1.3794510440576881
0;1.4528067348456806
0.016817198650405724;1.4613096394582137
0.022683214598868014;1.440789381403309
0.03962073995828534;1.4193376151284394
0.04744020247772718;1.3989995435319575
0.15154644154883154;1.2360454369058997
0.21126157361874967;1.2663705448083218
0.15960443624947998;1.2940867358349815
0.07193587701479079;1.338246167509885
0.1172368349654841;1.3173030864639355
0.270714338296297;1.2972455215002925
0.5370788393142426;1.2491873850421533
0.590392072004561;1.2901571852004832
0.4771802928816749;1.2658308451452278
0.33938072189391605;1.2791758835055624
0.41263665370836783;1.276054838707108
0.6327444130822064;1.3336809689062261
0.7110727652967754;1.466729055468294
0.6790397355138063;1.3885236297778683
0.7108490369746872;1.4267464451122949
0.7026605449172185;1.4471654670922254
0.7025818729767036;1.406934479930382
0.6500369520114233;1.3734078231938787
0.07133486859425539;1.377341766928363
0.07149298768119582;1.4174774085307158
0.03900828375064806;1.458582040384837
0.0479614918487981;1.4384949031971337
0.2155176586870922;1.3205150662135454
0.15871396697143858;1.344280639320178
0.1152504207438646;1.3600322519600392
0.10331128668007683;1.3969044463221842
0.3154633221379637;1.333848243323243
0.27325683274106494;1.3575108010778403
0.21480908241503235;1.3762923486890564
0.5271737642032416;1.3014788626315212
0.5696220957743809;1.3396957820204105
0.46030973996667973;1.324893085887852
0.380500435698326;1.342883391659105
0.6054849415283418;1.3795478502338954
0.6429290564177259;1.4078735706829915
0.6790415636912556;1.4692581107555773
0.678064839360188;1.4288210989728833
0.11262475448358915;1.4356700480911275
0.07096064705216065;1.4559961319071215
0.15043311511045193;1.3987593474625064
0.3256589135936322;1.3834705592987508
0.21338724616566812;1.4290203281944047
0.270969374658797;1.4055178075793973
0.5038938536396327;1.3664304667609737
0.5506016614056203;1.399616963247675
0.44550832897494097;1.3883714863892935
0.3810871310570469;1.4113619655909289
0.5984268969514641;1.424119452156275
0.6350102671521429;1.4496136826973542
0.5588905653622366;1.444493879407574
0.15634107791867877;1.4618146534137182
0.1062663076953478;1.470700729591887
0.3226685229088122;1.4366796717371133
0.27397111135219226;1.457403528782045
0.5020794713028695;1.4366336949269216
0.4319048652966113;1.45391536613307
0.3713177377308175;1.4626925878488009
0.7499999999999999;1.4727715167256177
0;1.4727715167256177
0.7499999999999999;1.4927362986055548
0.7278589800989277;1.4850953041064185
0.022695070774581404;1.4805219509237362
0;1.4927362986055548
0.01664857683464951;1.5012888211296513
0;1.512701080485492
0.733664179292541;1.504033120371709
0.7499999999999999;1.5127010804854923
0.7499999999999999;1.5326658623654295
0.7275000510237604;1.5247000448033825
0.7499999999999999;1.552630644245367
0.7333256561377738;1.544055287900279
0.7499999999999999;1.5725954261253041
0.7274216907644037;1.5645288988899448
0.7029957428642247;1.4869227278027952
0.7115705081304853;1.506252498166928
0.02283514856299541;1.5201588000134214
0;1.5326658623654295
0;1.5526306442453668
0.02264368302912886;1.5605910593583516
0;1.5725954261253037
0.0167740305112742;1.5411222344840116
0.04767458558520102;1.4776947427168219
0.03936837349659339;1.4983623497641245
0.7499999999999999;1.592560208005241
0.7334022257445179;1.583781243875925
0.7029391886410409;1.5265736637700815
0.7114605289249991;1.5462066125352896
0.7337777924508004;1.6233992661222096
0.7499999999999999;1.6125249898851786
0.7499999999999999;1.6324897717651157
0.7273489608837056;1.6044417426868756
0.7109133528746535;1.5861283190348199
0.7022369086876737;1.566523180928316
0.7499999999999999;1.6724193355249901
0.733251122003887;1.6639014974653916
0.7499999999999999;1.652454553645053
0.7273616182305402;1.6445000059085375
0.6792976559461471;1.508874273989098
0.6338234111443569;1.4902699903665044
0;1.6125249898851783
0.01670176445164161;1.6210621180308329
0;1.6324897717651157
0;1.592560208005241
0.022528024989436107;1.6005195686779907
0.016693172224861108;1.5811164063979595
0.03920224656142116;1.5386703493523641
0.04889407227682058;1.5175664762539407
0.03873701508815869;1.5789944850020707
0.047953971785411637;1.5583582654762997
0.07196389432104507;1.4958564538592078
0.022522835574648365;1.6404913651905901
0;1.652454553645053
0.01667932829063211;1.6610136371737683
0;1.6724193355249901
0.039081468123778156;1.6186930507262605
0.046974933091836604;1.5988129166837695
0.21407778791777632;1.4766200035590824
0.17255136615585498;1.50568299694865
0.2568726629506299;1.5039664876856005
0.6788806241447626;1.5488640324845044
0.6442299810418881;1.5287536722042234
0.7106590013498953;1.6265853127717436
0.7017133614253793;1.6070842495489086
0.6778847270669586;1.5889701272732875
0.7499999999999999;1.6923841174049277
0.7274164098325883;1.6844077460920737
0.7499999999999999;1.7123488992848652
0.7332678857295086;1.7037576954312061
0.7113936392366719;1.6661681210905621
0.7024744391629243;1.6468832107719487
0.591576346059539;1.4733629273363764
0.5930080260155693;1.527344646774754
0.5382755474749502;1.4903761952292502
0.07289511654600737;1.535498588231374
0.07180338328517881;1.57658145108139
0.02308480809708005;1.680238593770364
0;1.6923841174049277
0.01679964128445294;1.7016606845922468
0;1.7123488992848652
0.12358937802406954;1.510040707240809
0.047099667994305;1.6382773800337698
0.03894252908407049;1.658578367655896
0.11597756421096857;1.5599639927491706
0.16418622125277524;1.5460968810893945
0.07067623583811064;1.6167400256483213
0.21588234398040126;1.529011548640434
0.3235434807270359;1.5092240055752781
0.2692915795027598;1.548153123164497
0.023393855556426674;1.7206395918748933
0;1.7323136811648023
0.6313204909487594;1.5719941851077497
0.7499999999999999;1.7522784630447392
0.7331890920804663;1.7436285790353008
0.7499999999999999;1.7323136811648023
0.7273180199619163;1.7241545371999853
0.6782419441910652;1.628752398881756
0.6451369140188784;1.611277489604632
0.7025865102432212;1.6870701146076237
0.7104110717879951;1.7062829760007951
0.67906588421961;1.668910613501863
0.4811620202914834;1.5052766460246658
0.4052272340723326;1.5250829204669152
0.5782318249506594;1.5737047517956029
0.5340060962358951;1.5456418743604599
0.3535567713208064;1.5679864013939857
0.10388100314135527;1.5966077644727892
0.04732881698340549;1.6780007094407243
0.0390973120467169;1.699152884626256
0.2150944049377679;1.5766291924491358
0.0710638716220732;1.6562039168018816
0.15264392388718961;1.5967450093978806
0.11533780968508864;1.6346030411131205
0.016720604626579316;1.7423330939126327
0;1.7522784630447392
0.30777419616560664;1.5738222989613808
0.27077039719646534;1.6061109818420498
0.04920081683512051;1.717821152608333
0.013736086091614997;1.799562999645595
0;1.8121728086845517
0;1.7922080268046139
0.022240428142316946;1.7622073396931537
0;1.7722432449246768
0.04354007480218808;1.7428698743502435
0.018231541284009986;1.7824070690153864
0.5964812750108929;1.6150217144147097
0.7499999999999999;1.7722432449246766
0.7272153276026505;1.7640730864317886
0.7499999999999999;1.7922080268046139
0.7331567226062602;1.7835324759598148
0.7106917438340847;1.7457270777316005
0.7024499719396803;1.7262449543884046
0.6351327906793093;1.6534021985572378
0.6792182171078881;1.7080636174342785
0.6498218609753816;1.691996877165653
0.7499999999999999;1.8121728086845508
0.7272392113210087;1.8041896184363875
0.7331935164716415;1.8235684665358955
0.7499999999999999;1.8321375905644883
0.4684017393435044;1.5749160265046365
0.40346079742979574;1.6030450130606853
0.5335223796162591;1.614025572900316
0.3318446932238773;1.6258625423846753
0.0706472061184949;1.6949957816735703
0.21207957376310574;1.6306797269704472
0.11300957181384347;1.6757571777380356
0.1604913118850215;1.6563410302865529
0.02199018741537814;1.8196822570806668
0;1.8321375905644892
0.016930937713629357;1.8406538418107117
0;1.8521023724444259
0.273393191946424;1.6611669417967874
0.07373736743820578;1.7298751549823188
0.06390603006709716;1.7592058670091213
0.03670332551736002;1.7958191154956515
0.04343626027545294;1.7722870171861191
0.5774505576051123;1.6587290130523304
0.7021170719064999;1.7662084965072151
0.7106241268155777;1.7856393594757969
0.6784157863057149;1.7478749881651763
0.6068659933309773;1.695482702815215
0.6419446457890043;1.7270403394013212
0.7016146268248014;1.8065626839899442
0.7108227319117595;1.8262461379434194
0.7499999999999999;1.8521023724444259
0.7273078111242881;1.844107632069239
0.7332003960112022;1.8635104622146832
0.7499999999999999;1.8720671543243634
0.4639326052177016;1.6487893487328757
0.38952916042838986;1.6680791448849832
0.5250409186357232;1.6739586626982532
0.3274564238291162;1.6936129320754807
0.10007393395161847;1.713881869215266
0.21289490166523653;1.6856167824114379
0.2714108393485055;1.712875370887486
0.15271981314588534;1.716382808700649
0.039698757279254225;1.8383420379474833
0.04724925319255492;1.8168618809265356
0.02341268514844597;1.860953635475886
0;1.8720671543243634
0.016364000810844978;1.882754628563603
0;1.8920319362043005
0.10872246929320704;1.7585965411745264
0.07204052858142106;1.7933635867279047
0.04986482849051812;1.8582665069806867
0.021554868154089704;1.901412161356562
0;1.9119967180842379
0;1.9319614999641752
0.017134622784637347;1.9222476996302333
0.5518594820812256;1.712396045015069
0.6777735761640156;1.7885233280728174
0.6350903858282176;1.7674801802476474
0.595476945795439;1.7427697825433706
0.6782851617512743;1.8278657946986354
0.7018647862348136;1.8466732130832062
0.7099650426862765;1.866095318697211
0.7499999999999999;1.8920319362043003
0.727251817188425;1.8839875515442164
0.7337343520151788;1.9031308693184381
0.7499999999999999;1.9119967180842377
0.7499999999999999;1.9319614999641748
0.727291709583168;1.9240367220727403
0.7334779093051117;1.9430745944488945
0.43089968421185787;1.711852384387593
0.37424482172125373;1.739161656654915
0.48984485407056455;1.721130789796879
0.01320803183113741;1.9399288883951966
0.31316626691899296;1.7416301842532522
0.21624858426014168;1.7401388184148088
0.27583159864367923;1.7699206347153311
0.16900434752876506;1.7746461170736583
0.07251011801544609;1.8342126320496859
0.043184798763581854;1.884373322785612
0.12495023770666612;1.813974013113693
0.07463259308444999;1.8721551463704698
0.04212306335099794;1.9129098853367106
0.0628170476761622;1.8996300835969908
0.03590560978663877;1.9365955218522632
0.5418091984096249;1.7570398513691858
0.4994965747412539;1.7797215426880468
0.6313609727604651;1.8085869441971851
0.5890387941415381;1.7878414577762936
0.6431866666337868;1.8484318189435853
0.6778344482979906;1.8676280067842128
0.7017948317401448;1.886124854038108
0.7104498107980326;1.9061318651082255
0.7012860717104905;1.9266654262408234
0.3305361052470059;1.7857691821528416
0.43975232273905096;1.7723566685900862
0.38502394100052895;1.7993409775909452
0.28670729353113067;1.8229731191157506
0.222290929671141;1.7968371930307425
0.17758579724661994;1.8202072737345987
0.10544090287580841;1.8584305612762217
0.15778265603846756;1.869312363078793
0.10658994489231885;1.90244924166053
0.06997340535839777;1.933222170398252
0.5341515420966291;1.8128975730404904
0.4784128687253559;1.8228054553188988
0.5872495312420887;1.8471686721427762
0.6305244571495477;1.8913513707876768
0.6773724656551493;1.9083627085029367
0.6429891841574974;1.9317441235709836
0.3583871707412841;1.8473659025573146
0.4213394223087292;1.8361128089625227
0.3030082420070686;1.8805993996405685
0.22925121968141107;1.862157849605589
0.20198316816813347;1.9107160954462963
0.15837103577278203;1.931541133822616
0.4581820721248289;1.8673851274898223
0.5223803676376492;1.872509650905105
0.576011524472896;1.8993006699488282
0.5973464200911675;1.9350029321257742
0.3495934773915125;1.9006859112447505
0.40677379863151464;1.8965447366808774
0.3182731459544862;1.9231688437392227
0.26290767445230323;1.9267040600386744
0.47076504710203415;1.9187455283526154
0.7499999999999999;1.9519262818441114
0;1.9519262818441123
0.020860306057685556;1.9595113833556623
0;1.9718910637240499
0.7499999999999999;1.9718910637240494
0.7273106598157176;1.9638372469272305
0.7499999999999999;1.9918558456039865
0.7331810526634689;1.9833421857272162
0.7099152802560543;1.9459399650697207
0.7499999999999999;2.031785409363861
0.7332454478852732;2.0233398108455383
0.7499999999999999;2.0118206274839237
0.7273396598870379;2.004066827616984
0.7018062075103011;1.9664114243288997
0.7337788550502582;2.062796803017936
0.7499999999999999;2.051750191243798
0.7499999999999999;2.071714973123735
0.7275014664893346;2.0440922466689173
0.01598383153261368;1.9799145628523296
0;1.991855845603987
0.04604170150116898;1.957243408943532
0.038250870016107594;1.9781671071501115
0.7105773856665246;1.9857731172715103
0.6775077336743894;1.9487794997621877
0.7104427496853205;2.0257158115317067
0.7016355140368802;2.0061218495909614
0.6782259723868881;1.9892644262630177
0.7110905139336772;2.0658872118872953
0.7499999999999999;2.0916797550036725
0.7274640866716593;2.0837192214414935
0.7333357369687586;2.103140908195985
0.7499999999999999;2.1116445368836096
0.7023030283456463;2.0462019006325973
0;2.0118206274839245
0.01659867257987645;2.0201994553950327
0;2.0317854093638616
0.02195006712336447;1.9995034279910162
0.10890746220235221;1.9531526504179908
0.016168388532540684;2.0605816731612516
0;2.071714973123736
0;2.0517501912437988
0.07107856892314685;1.9747630417433286
0.04763821103903397;1.9974516196440546
0.022479489805123373;2.0395402205733575
0.02256334537749797;2.07964969607536
0;2.091679755003673
0.0166852081811573;2.1001846127559314
0;2.1116445368836105
0.6325927415019619;1.9732894846070983
0.6784923542869733;2.028577684723794
0.6468310733738328;2.0111532724224648
0.6788759769287838;2.0689108438466532
0.7024461446353403;2.0863274640859895
0.7111925468121918;2.105728783124477
0.7499999999999999;2.1316093187635463
0.7275438464674503;2.1237503345663655
0.733420488843093;2.1431223429436344
0.7499999999999999;2.1515741006434843
0.03883932412673447;2.0178375623240536
0.20752902408751445;1.9577083111785454
0.15525422287483384;1.9761133237633712
0.10733313724285044;1.9945466483206635
0.039010056315925794;2.0578068568367858
0.07101458481398694;2.014619022752676
0.04737209166086852;2.037343576873978
0.047388519824277796;2.07772588141589
0.03944583305780773;2.0976625993420086
0.01654038767073918;2.140471285532181
0;2.1515741006434848
0;2.1316093187635476
0.02261646492072795;2.119306601450698
0.538318608396313;1.9440395882833261
0.5814102134698661;1.9756491162801382
0.5974855766697188;2.0169973638665333
0.6356553583636504;2.053272372489952
0.6509666734646333;2.0920488801382837
0.6789897478273242;2.1081224121571576
0.7027191937034585;2.1261254658532307
0.7499999999999999;2.191503664403358
0.7333736306428827;2.1829487201141977
0.7499999999999999;2.171538882523421
0.711133588219311;2.1455602100065825
0.7276291629046646;2.163571855852818
0.36549653921078595;1.9483087779661277
0.4219477825830908;1.9502391702128936
0.30852665522493594;1.9669950328567574
0.25166947338826534;1.9858271084482766
0.19864946662060984;2.004664500764181
0.09992526683935041;2.0301454269874855
0.14546110943597138;2.0238829186775558
0.07128498459897575;2.05491797637017
0.07143550746883995;2.0952183018391026
0.0477558678423548;2.1172694531142184
0.016538220883117724;2.180410183687003
0;2.1915036644033594
0;2.1715388825234223
0.022578215897764525;2.159706378400192
0.03952493196026588;2.1381338038122433
0.02224690658837796;2.199630825208862
0;2.211468446283297
0.46728986387584526;1.9852818783152848
0.5338439732470127;2.015212064914092
0.7499999999999999;2.211468446283295
0.7274991998882606;2.2034449726497174
0.7499999999999999;2.2314332281632323
0.7333008332947905;2.2228899647566194
0.5772845681573159;2.060509386693229
0.6072713713665614;2.09652793330154
0.64317787865843;2.1262939219931525
0.6791487475892644;2.1472925872794035
0.7105244480725667;2.184975992077936
0.7025849258486526;2.165623977239706
0.7499999999999999;2.2713627919231074
0.7333254446461686;2.2629028523764836
0.7499999999999999;2.25139801004317
0.7274598886737443;2.2435209053030833
0.7017832794056563;2.204971798651769
0.7499999999999999;2.291327573803044
0.7274366635961955;2.2834753258794445
0.7333136340766516;2.3028271580274864
0.7499999999999999;2.3112923556829816
0.34346563133982694;1.9970054511170263
0.4016556454879555;2.0051035084044004
0.016747083437316436;2.2200982527053297
0;2.231433228163234
0.29813021777475746;2.018519131214556
0.23753191950330566;2.0406843339281235
0.17718930807997813;2.0611371062709694
0.11794813715507725;2.06952339697395
0.1066161930087037;2.11458214823349
0.07200987338048738;2.1356950648395947
0.03881303833282337;2.1784572063155014
0.0482041253779534;2.157730548424332
0;2.2513980100431716
0.016808380268452106;2.260006441315463
0;2.2713627919231083
0.02229743648178581;2.2394329298176374
0.03894471611651101;2.218305651818281
0.04754561571571632;2.1981080538183657
0.5261296932444172;2.0753355789058077
0.464366013612212;2.0508048227463256
0.7102363850460488;2.225024316780803
0.5513004349077705;2.111837975960947
0.5951231947693888;2.1418843668498435
0.6361414120093181;2.167119193937436
0.6788690830217009;2.1866418505033804
0.7102832875019323;2.2653172561247015
0.7020851847111066;2.245979449940835
0.6775034026779871;2.2260219636097647
0.7021631378657697;2.285653420822726
0.7499999999999999;2.3512219194428563
0.7332698280041239;2.3426998807974275
0.7499999999999999;2.331257137562919
0.7109940236248762;2.3050348996456167
0.7274094043128968;2.3233493960558147
0.7499999999999999;2.391151483202732
0.7332568971386163;2.382554862648483
0.7499999999999999;2.3711867013227934
0.7273574933252615;2.3631259690490127
0.351162063729822;2.0454544426171233
0.39577681575887685;2.0645203824529648
0.022300274901665557;2.279517728738196
0;2.291327573803046
0.0167703825780485;2.299970791566847
0;2.3112923556829834
0.28746517495619894;2.07641421495947
0.2228428415880295;2.097850321900138
0;2.33125713756292
0.01658596898816578;2.3398536292680756
0;2.3512219194428576
0.022312504098181737;2.319085405394885
0.15745249346864806;2.1147412000423227
0.11863620124191987;2.153866633902066
0.07168172820149953;2.175534700126783
0.038465751428699624;2.258074054998294
0.047155142379370046;2.2380528217976
0.07123617862471095;2.2163482943670862
0.49289727816422263;2.119471205929573
0.42209475906964383;2.11175455371645
0.5414770961241318;2.1539240867725944
0.5887966890883787;2.1864923564319847
0.6335914608452787;2.208113508782609
0.6779079669298317;2.2677349918284806
0.6443205243153313;2.245661608867952
0.6783126734165873;2.308499311959764
0.7103813260556728;2.345305128170529
0.7018321292217857;2.3258772276845727
0.7499999999999999;2.4111162650826685
0.7273582614451072;2.4030484747291396
0.7499999999999999;2.4310810469626056
0.7332517802705807;2.4224992886080416
0.7109019788950767;2.3848816707959513
0.7018402363388083;2.3658652169300973
0.3488028096841505;2.1133333411670785
0.3895969377440522;2.1594568624292005
0.039090209830198584;2.298078261189297
0.04694165465119574;2.277822348516376
0.20499678471121519;2.1484760886132497
0;2.371186701322795
0.016508730111009735;2.379921345006861
0;2.391151483202732
0.022540463730093496;2.3591354989972135
0.2684458707461213;2.151066853920202
0.03949168370761787;2.3373889470764317
0.04821751531358746;2.3169185282902474
0.1616735992356295;2.1747404337138176
0.1152338633305023;2.197157416023106
0.07049271405081912;2.2557680021011786
0.10339951981028772;2.234951857399653
0.49928161934914456;2.1739716585019195
0.44490805656306015;2.1655095794557777
0.5357543851482264;2.2114616921759285
0.5924153747692031;2.2433195131829926
0.6301202631697383;2.2901365991198106
0.6445566167588448;2.330232735009977
0.6777938068094012;2.348582328041338
0.7274749020904178;2.4430953189064066
0.7022838286970304;2.4053338658072807
0.7110061596987165;2.4247255192766413
0.6790144156605349;2.388274932053494
0.3315913415611529;2.189006109314621
0.39849167495748317;2.2106783070553475
0.07104401356082585;2.295535906279243
0.2187208667939436;2.19957529173754
0.02262486269047289;2.399194043943525
0;2.4111162650826694
0.016268069907658125;2.4201501770202425
0;2.431081046962606
0.03861367078217907;2.377448016312941
0.04794345913120478;2.356543784602538
0.27965668220786744;2.2226836130778924
0.07125539891339445;2.334540754953433
0.15337101377659113;2.2370931186675937
0.11210132297195509;2.2748802749291537
0.47049823512218447;2.2268950473249065
0.5287765465606551;2.2631910581940993
0.5767049555582046;2.2931755879925304
0.5945989337856251;2.334611518116017
0.6334152829069699;2.3730121285613075
0.7016821643718181;2.445184742035623
0.678714326668403;2.4276607548061895
0.6495865748441536;2.4124463805777703
0.34878225905723537;2.260408993417142
0.4155338093545054;2.2655886144302158
0.10388914727920984;2.3104260251082245
0.21654243390025008;2.2616600892657384
0.04707529880738272;2.397724812333018
0.03960095170537305;2.4180385239784354
0.022188462701168896;2.439169279871604
0.07239306218449887;2.3751177649320288
0.04741350058710059;2.4376031962256874
0.27789656833684007;2.2839173741330248
0.12010253235363588;2.3495922902534483
0.15585702719674668;2.303877362402467
0.3273980780375104;2.319759897980302
0.46393269428021694;2.3022948249133237
0.5313201575855113;2.335722485292088
0.5751122378380908;2.382416505633855
0.6062832333417775;2.4172938767154006
0.6421392546353851;2.4466351296392097
0.3921223587737194;2.3255353610759735
0.22117482971596616;2.3222908562721902
0.07123398935967597;2.4166897641668705
0.11339246934228896;2.397060874388785
0.10231908651767539;2.4350289201595112
0.27922104491645544;2.3452423672090443
0.17181508603520376;2.37229791171439
0.236212510128987;2.3728025642907244
0.33740133842099684;2.3697535785078205
0.46286168915964593;2.37216260202801
0.522636696699927;2.3973742036042784
0.5489651295729439;2.4375460784949876
0.39040976584471887;2.3905464810004187
0.426935526558386;2.4319509527521728
0.15243388903761024;2.434284852033964
0.34226698173503883;2.420262756822312
0.28280833785852555;2.4096682222572667
0.2142871720930974;2.4233402435243887
0.48460576458315746;2.445486613755369
0.7499999999999999;2.4710106107224803
0.7332805994589809;2.462430216136885
0.7499999999999999;2.4510458288425427
0;2.490975392602418
0.016731970412622654;2.499489097108115
0;2.5109401744823554
0.7499999999999999;2.5109401744823545
0.7332197499033671;2.502379709674754
0.7499999999999999;2.4909753926024174
0.7275881177666084;2.482710029107622
0.7100383985828871;2.4644449948688827
0;2.4510458288425427
0.01667459467198433;2.459621792216703
0;2.471010610722481
0.022539641010923327;2.4789718495712596
0;2.530904956362293
0.016762577567019335;2.539420012684653
0;2.5508697382422296
0.02240382091004108;2.5185303122839366
0.03920001259887706;2.4975202449060028
0.7499999999999999;2.5508697382422296
0.733390680129746;2.542314767672238
0.7499999999999999;2.530904956362292
0.7273641839433691;2.5229740401592933
0.7114637386039798;2.5045105981445843
0.7027998522894167;2.4848215525115886
0.6782879052239383;2.466532604372482
0.0470889537937793;2.4770148223397097
0.03880184904951547;2.4575628149170887
0.07048254863069912;2.4556089497628433
0.015956689700519642;2.5803117011785983
0;2.590799302002104
0;2.5708345201221667
0.022678426735354678;2.558822485578485
0.03902206492564386;2.5372737714980964
0.047584544204421854;2.5168388336234084
0.07126969566446206;2.495173270131403
0.7342382346668513;2.5828174056293607
0.7499999999999999;2.5708345201221663
0.7499999999999999;2.5907993020021034
0.7275381936923322;2.563352086191016
0.7108067135769311;2.5451340582218513
0.7020469889982544;2.5251222070714543
0.7499999999999999;2.6107640838820405
0.7288863578312623;2.6037893027923285
0.736302787158424;2.6234183933323045
0.7499999999999999;2.630728865761977
0.7499999999999999;2.6506936476419147
0.7321439049157934;2.640684960685231
0.67867845278435;2.5074444110509377
0.5948300599854996;2.4684542362053037
0.6341181961189275;2.4871981846263127
0.11463998124388888;2.4717171587043056
0.03849544596350048;2.5774911124801134
0.04770063477193098;2.5565614996469845
0.022365828727131453;2.59884627032267
0;2.6107640838820414
0.016833321419450424;2.619459512836012
0;2.630728865761979
0;2.6506936476419156
0.016746707646149803;2.6593274942025777
0;2.6706584295218523
0.0223496231883357;2.63884729637992
0.07119230506495473;2.534623052921869
0.11294129815177667;2.5122764420355215
0.7111657234282968;2.585707490030768
0.702327223410074;2.5658611435959653
0.6777216691412596;2.5474365894334774
0.7139496521039559;2.627359964048525
0.7041687027028668;2.606887395206419
0.7499999999999999;2.6706584295218523
0.7281939437440335;2.6607297949020983
0.7077453799884746;2.6512920420462183
0.733549147365758;2.680409910976451
0.7499999999999999;2.690623211401789
0.7499999999999999;2.7305527751616636
0.7332658003509068;2.7215436960157753
0.7499999999999999;2.7105879932817265
0.7265926690185311;2.7016466710344456
0.022596903691177617;2.678727981394613
0;2.690623211401791
0.6457438961950526;2.5285361319615745
0.5355439179418241;2.491824292344655
0.59388640528019;2.5285943972050156
0.37742543268222756;2.451717697294146
0.43128224987059866;2.4809100867685414
0.19400933369929593;2.46803819448886
0.15492941828185938;2.490981101920179
0.04802450465891201;2.5971803557741957
0.07201362113050695;2.57455075769073
0.039411697132342924;2.6176102081892134
0.0400353897751118;2.6571546690927885
0.04834697772398562;2.637177218666592
0.10716282225589152;2.5541965557081943
0.31768317354534303;2.4736006095292633
0.2450108979341446;2.4730534662702706
0.15556064310112164;2.5343389816426107
0.016442045681903304;2.699712847818353
0;2.7105879932817274
0.03913874992942741;2.6971967355253517
0.022624287135792814;2.718695867973663
0;2.730552775161665
0.016266454211684697;2.73947682815629
0;2.7505175570416025
0.677631434402633;2.5892731020519415
0.6342580980809592;2.567447219844569
0.6795479026916338;2.6311762925541475
0.7063744207714798;2.6792596500751027
0.6864899708643399;2.6648033819462444
0.709602818334395;2.723424368754077
0.7499999999999999;2.7505175570416016
0.7272836677690805;2.742573287538266
0.7499999999999999;2.7704823389215383
0.7332639498018655;2.76192333582988
0.7499999999999999;2.790447120801476
0.7278065356917655;2.782471679757426
0.7340396975493785;2.8013577278210615
0.7499999999999999;2.8104119026814125
0.699820495111989;2.70389913666245
0.048085737096462244;2.6767449118239277
0.4820578730424441;2.514117615636242
0.5858845975014514;2.584619924814296
0.5342440093650244;2.5528418316554573
0.37707131432753815;2.5038201612991386
0.42713300935315923;2.5425196918155297
0.20337175454684678;2.5078757286410585
0.33195484505630907;2.532158132041583
0.1002620457489203;2.589148473294202
0.07201710153170504;2.6143756460488525
0.07228252712607694;2.6547564600173184
0.1455854260255843;2.5825486809466334
0.2634927118903289;2.5275469121578746
0.20340275234954888;2.563269419056946
0.04846033838485891;2.716635552507817
0.03838604609786548;2.737268409751211
0.07187374351075795;2.695247855084102
0;2.810411902681414
0.016762323991688876;2.8191674976465766
0;2.830376684561352
0;2.7704823389215396
0.016827535005320044;2.7790013957367403
0;2.7904471208014767
0.022292406377530896;2.758398433598834
0.022751121505574106;2.7984996269676046
0.7338018970461777;2.841433298002542
0.7499999999999999;2.83037668456135
0.7499999999999999;2.8503414664412867
0.63095113612563;2.622008906816869
0.5776072774487966;2.6283871237528755
0.6520477611505608;2.664032775307729
0.6758267958136102;2.6904401908030415
0.6780692134372384;2.7273982971447968
0.7018362450518668;2.744705062008804
0.7106673814285704;2.764266039534636
0.7278682584964492;2.8224320556481803
0.7023105921437133;2.7847346914056987
0.7109382550052088;2.8040229473004192
0.4793642523770348;2.5818604397205123
0.53394920182712;2.6068102325334532
0.5492936098800381;2.652430903923041
0.3720159043267671;2.566688968514006
0.4251736163354826;2.6119471829995904
0.31032146833166097;2.5816104410523537
0.11843440004613683;2.629948813955939
0.10584187544320528;2.6747502456263765
0.1802773154441201;2.6187412422689325
0.2452369242531042;2.5979942825217153
0.048200038220966725;2.7564540879514734
0.039593655550222984;2.776902205887961
0.0716710349996689;2.734265348327429
0.11775274175885514;2.7117894879337157
0.0396630105616972;2.816744779525045
0.023158061478281464;2.8383777555465084
0;2.850341466441289
0.01684970389138638;2.859712736018382
0;2.870306248321226
0.047768933637250356;2.7969856179611186
0.7499999999999999;2.8703062483212247
0.7276575095509659;2.8622553319528645
0.7499999999999999;2.890271030201162
0.7333136946810787;2.881687609475903
0.7114955392187513;2.8435368582899603
0.5957447229145016;2.676100210682063
0.636045675139738;2.709308288783342
0.6439200031077336;2.7474782765355172
0.6780607832002703;2.767114635262539
0.7026966385264057;2.824239767993052
0.6789629180548984;2.8067945598043273
0.7499999999999999;2.9102358120810994
0.7274845515748972;2.9022285438001187
0.7499999999999999;2.930200593961036
0.733701811533502;2.921862399047464
0.4911658991793127;2.6543611504539477
0.5369850759439073;2.703784256654865
0.3572420182721043;2.62593966544493
0.41261112403125566;2.6710417060987677
0.29186679800880616;2.6402875822526064
0.15807376905157478;2.676098468391894
0.2288558951397892;2.654097831794541
0.07239634009608584;2.7748821388530485
0.1613458654775941;2.7295979267700767
0.1188099149121339;2.753721816513738
0.07124453325500625;2.814865528128503
0.047629229456131725;2.8363240236052336
0.039807057173682756;2.8574253516645527
0.023286651921821482;2.8791163898047016
0;2.890271030201163
0.016015755008785142;2.900414288084294
0;2.9102358120811003
0.702817692382701;2.8639467979699145
0.7118491002520461;2.8836546756375308
0.6793174672709433;2.8458901443458586
0.5918776133223314;2.7436397351847326
0.6306380098582473;2.7917109176308035
0.648892958697838;2.832248104702635
0.734868185473133;2.9617394598937077
0.7499999999999999;2.950165375840974
0.7279065735899826;2.9424419135999402
0.7030420566437185;2.9040798819785527
0.7114335228846445;2.9242863085139867
0.47442885073051205;2.717208299708287
0.5261034857859759;2.7602842604324307
0.4036002385358711;2.7336462027480053
0.3345353021775976;2.698539444832061
0.26931235384055846;2.687894792780373
0.21785228164819603;2.708930681022258
0.1999952581272686;2.7580868558637386
0.347581254598392;2.7620864739712276
0.11328091714100902;2.7965216552057073
0.161402236384943;2.784096399682769
0.1008557095043584;2.8339828430657157
0.07097382782928596;2.853078979800161
0.04994402235637514;2.8761943841842643
0;2.930200593961038
0.021629450917541863;2.9202218868482612
0.043155612096753;2.902006189609273
0;2.9501653758409754
0.01746890808871209;2.9406278875176737
0.01341292650278815;2.95774920566809
0.6789152952668214;2.8855343136823155
0.643492324231042;2.865630537814615
0.5711074743648339;2.8008505443420653
0.605874847580983;2.839210054092561
0.7023240901540522;2.9447577784061614
0.6786426635566295;2.926651715055818
0.45886251441106124;2.784190809938183
0.5047298250749377;2.8231975557482256
0.38751430790748165;2.807788137188202
0.275836149073204;2.7594399417202844
0.21679683964800237;2.8101660152499317
0.3304431404520339;2.806188490404571
0.15415888429544647;2.8339343993808503
0.11342206654685094;2.8719341194967236
0.07437000374335634;2.8902143612290025
0.04211900408847944;2.930598001044103
0.03585972526093301;2.9547269166301176
0.06373683210484365;2.916960526579169
0.6001151395795883;2.8871036048073817
0.6352426185892095;2.909025132685917
0.5506880403271498;2.860530238159979
0.5480120538470757;2.9072068497150587
0.6332339579340593;2.9510440520094168
0.4460605460513837;2.8541744784494663
0.49342653289976346;2.882668126000592
0.3434201832631389;2.8454036624944905
0.39365373384077434;2.87749469243015
0.21333400665303165;2.868315098583584
0.2818915746737357;2.8433373985155117
0.15554322449159977;2.8905916141970147
0.10629178551397232;2.919294418395785
0.06945142606874898;2.9514588612551647
0.1952493924318923;2.9185341576977155
0.5926447052467978;2.9352723566278485
0.5052438712776975;2.9330003840042944
0.5412389378335071;2.963801228419793
0.43784295254419187;2.9265095955402547
0.33013954983448857;2.8955842790617363
0.3801257924362351;2.92487689123592
0.3930911290312687;2.961956603571747
0.2643533533295293;2.920259906408239
0.1590993248728269;2.9465125131390995
0.33508881063296914;2.961532266565354
0.7499999999999999;2.9701301577209103
0;2.970130157720912
0.7364545862209315;3.0027380828366095
0.7499999999999999;2.990094939600848
0.7499999999999999;3.0100597214807854
0.729238421266071;2.982809447894039
0.7108240941156493;2.9643422532132147
0.7499999999999999;3.030024503360723
0.7327516378583945;3.0192126425506114
0.7338814017401707;3.059257704666911
0.7499999999999999;3.0499892852406605
0.7499999999999999;3.069954067120598
0.7285171151105224;3.0400023894108315
0.015621574559393597;2.998082484992623
0;3.0100597214807867
0;2.9900949396008496
0.020908373318699464;2.9772157972919606
0;3.030024503360724
0.016584741961919988;3.0383444866518534
0;3.0499892852406605
0.02199439798867949;3.017701450635596
0.7139240609102072;3.005742354603557
0.7027882138540371;2.984848605647286
0.6784862150548309;2.966550923016823
0.7070000319619927;3.0292514365167045
0.7499999999999999;3.0899188490005343
0.7266395457016278;3.080954189180322
0.7070901430028598;3.0579442011637994
0.037769578509487534;2.9958823270067354
0.046332199588228526;2.9748452670678174
0;3.069954067120599
0.01672758435609489;3.0784013584227856
0;3.089918849000536
0.02251269775238337;3.057398527104466
0.0386097318386066;3.035884645066428
0.047105977206671756;3.015383252012082
0.02264656410748107;3.0978273722776017
0;3.1098836308804727
0.016757223417898346;3.1183992089101213
0;3.12984841276041
0.7333309003703273;3.1009016272320418
0.7499999999999999;3.109883630880472
0.6791682610684281;3.0075032436754485
0.6483088317962812;2.989194768898333
0.6861964114771871;3.041756424423497
0.5951897153984742;2.9919600988301753
0.7499999999999999;3.1498131946403474
0.7332561232344342;3.1412725098929593
0.7499999999999999;3.12984841276041
0.727329219551518;3.1219096232530386
0.7101509002504891;3.1030772274940244
0.7007421717857136;3.0842233915966153
0.6746254314379664;3.0709586117699583
0.07132637587982263;2.992328364750496
0.11509592750490419;2.971111234476218
0.03826794415068258;3.0762992152803967
0.04736150816618034;3.0555766786366223
0.07136855217683852;3.033126545972004
0.02227984198455955;3.1377909710568637
0;3.1498131946403474
0.01673543640971429;3.1583260259431016
0;3.169777976520284
0.047689088614671894;3.095693878565314
0.038407707939196845;3.116428856906064
0.21273159598182145;2.966929158160626
0.02260665937648188;3.1777093229806983
0;3.1897427584002225
0.016401282499956028;3.198613302984157
0;3.209707540280159
0;3.229672322160096
0.016598385736996252;3.238376376234653
0;3.2496371040400343
0.022662002228279514;3.2177822733271992
0.4837310378065259;2.9776313978660607
0.5364635222301432;3.0071631041668567
0.7338806455227208;3.180921731926812
0.7499999999999999;3.169777976520284
0.7499999999999999;3.1897427584002216
0.7278182604760286;3.161949348336951
0.6390281340120776;3.0400425172875094
0.5792972547465592;3.036452212102819
0.7104741229974333;3.143557063268423
0.7019594556166613;3.1241423982599903
0.7499999999999999;3.229672322160095
0.7332598178089491;3.2210974422532708
0.7499999999999999;3.2097075402801587
0.7277619190366191;3.2016760708551386
0.6785974923341659;3.106750246388492
0.646485248841364;3.087693874915589
0.43090612726508026;2.989370223019721
0.37957266137704343;2.998786590404486
0.2707474895950042;2.994586483562858
0.16132413319629033;2.9958434390551005
0.11598795852094188;3.0137328803915895
0.07121279863486038;3.073426905064668
0.10295921345624658;3.052704728035787
0.048440790594840175;3.1356346229947984
0.0383368109497441;3.1563374915046074
0.07162562357054054;3.1134397473891355
0.21285849099687984;3.028687567326328
0.04834986950017571;3.1752779155873236
0.039608513275670186;3.196010747157399
0.022572072163740218;3.2578029848823764
0;3.2696018859199705
0.039126507634441594;3.236062338831302
0.04813870903325929;3.2159124897974563
0.016156165251797718;3.2785506983291244
0;3.2895666677999076
0;3.309531449679845
0.016705101700274633;3.3181025044390227
0;3.3294962315597827
0.022250483466085522;3.2974423368424075
0.4750780902876024;3.0261040409096194
0.5354694125173347;3.0646927143649663
0.7108701695815139;3.183178092459161
0.7015705189792502;3.163848361434284
0.5957849768570975;3.0852123283952824
0.6780371056926585;3.146432669748041
0.7499999999999999;3.269601885919971
0.733275483614938;3.261014755836994
0.7499999999999999;3.2496371040400343
0.7273777584622865;3.241610601404111
0.711262829013659;3.2229610174848977
0.7017417936805009;3.203633922683779
0.7499999999999999;3.2895666677999076
0.7274720748134479;3.2815515252829455
0.7499999999999999;3.309531449679845
0.7334235718663816;3.30105543968828
0.7367755357338452;3.3813119892129944
0.7499999999999999;3.369425795319658
0.7499999999999999;3.3893905771995945
0.6340425739475019;3.1245209886472427
0.40362623520106705;3.0508651215402747
0.33217692977519475;3.0353201885080248
0.2704590277431896;3.0602837991993024
0.15341811986485163;3.055883077371975
0.11127833988799415;3.092199430217991
0.07136231700329362;3.152784382993378
0.10051541098079107;3.129696623574076
0.21161228584052744;3.087390980199931
0.07299489600491155;3.1933314456722055
0.04755187713806826;3.2558543757350273
0.03894595801755676;3.276007303206174
0.07150174883396093;3.2340646560538158
0;3.3494610134397202
0.016695573847983883;3.3580634370298714
0;3.369425795319658
0.02257985088255061;3.337581984958703
0.03919872310736489;3.3158974568675417
0.047502018649408013;3.295453982308824
0.4764630334559754;3.0847208324135544
0.5361328831366632;3.111630890028356
0.6780723151823644;3.1860656164711756
0.5894552871819443;3.1350687104609563
0.630362609741679;3.1653985102692594
0.7499999999999999;3.3494610134397202
0.7339164512425174;3.341439102649859
0.7499999999999999;3.329496231559782
0.7281208356620998;3.3216265635107254
0.7106657542244498;3.263104325699925
0.7023272244591715;3.243489815252114
0.6786837009703541;3.225592809871811
0.7031167449759473;3.283225605767398
0.7111772590961515;3.3032171349486177
0.7499999999999999;3.409355359079532
0.7327438492468928;3.3980763109183116
0.7289911560456364;3.3618893406840513
0.716862816250008;3.3835753844750434
0.3683391103326185;3.0918069129292514
0.4245441091130772;3.1172792799200026
0.3118783929256169;3.1096177205551228
0.2589918899953866;3.112606853569744
0.022568420199464593;3.377520645746344
0;3.3893905771995945
0.01664224435834772;3.398098907470004
0;3.409355359079532
0.15558917558291863;3.1236741807417703
0.11757409757052448;3.1691093211495875
0.22356790147981495;3.1494386643263184
0.11285560275505256;3.215064041194123
0.07081196271163369;3.273695137693851
0.10323603310271152;3.251426288439898
0.038925596442303624;3.3559141495624365
0.0477837592475492;3.3352854204523457
0.07154166258979458;3.313507650090811
0.048289887711537846;3.375318694665801
0.022528288749572464;3.417288698088179
0;3.42932014095947
0.01642996033769594;3.4379991518225275
0;3.4492849228394062
0.48476665049400836;3.150266451455251
0.5476676820870683;3.158514085400788
0.6357615530101285;3.2066453156346766
0.588173071273738;3.1874935286923227
0.7499999999999999;3.429320140959469
0.7295479873759431;3.419347506362926
0.7335909294752989;3.438519823144045
0.7499999999999999;3.4492849228394062
0.7499999999999999;3.4692497047193434
0.7263123498720405;3.4600004349278604
0.710872797170016;3.3431059488042436
0.7033256927715561;3.3235192962668605
0.6786069877263504;3.2645310463442225
0.6457734278155293;3.2433716752014723
0.678613740942667;3.304383436320297
0.711159358934567;3.4070623208911046
0.7005685531472341;3.3673179568861227
0.6990799613198557;3.3904357790860677
0.43114770041004574;3.168927293545837
0.3700271729160468;3.1624549600504412
0.2875626257169482;3.169996036964434
0.02251497409996868;3.4571762362096514
0;3.4692497047193442
0.0385166212060068;3.395638173199969
0.17382189121293767;3.193514393787271
0.23833450686794988;3.2010134304427282
0.1530475958912408;3.248393912107755
0.11631974217975967;3.291139588066491
0.07146695142149899;3.353701212187584
0.10468939592406837;3.3314961930109335
0.07098916940423008;3.3924503078136117
0.04717776446726451;3.4156955688316897
0.03922249882085575;3.435607801800079
0.039164710882405994;3.4753844763999773
0.047696075919045386;3.454608541547622
0.46413105237200125;3.1952558755850466
0.5284804425467666;3.205842910869176
0.5909136208143518;3.2389855933177314
0.7092785216643046;3.43619914044198
0.7036784250421019;3.4612487791654
0.67985355533131;3.343560391395914
0.6311214596628735;3.283156246668732
0.6460171138000043;3.3269030069051313
0.6857699313029977;3.412209575533201
0.6734253578266204;3.3822125899583355
0.4136103857348213;3.2117906271120136
0.35287077999633326;3.223364244557586
0.2855574699810934;3.241859687620582
0.21477598661899022;3.2556579917462964
0.16399899691760939;3.290018328229542
0.14681094334942973;3.3283996737779935
0.11568364431122878;3.3693608365927004
0.10453549858761849;3.4092638982678714
0.07119417468298594;3.4328020550923886
0.07114562953270506;3.4725104289611997
0.4694330557896428;3.2457802119801675
0.5321833396115714;3.2663366248844174
0.581668938621447;3.290122572547027
0.6772349094205481;3.446157330184005
0.6380369951063956;3.3653131801945966
0.6018015238829781;3.329866301285376
0.6436681748351123;3.4142799314824517
0.40708445645925767;3.2665405196597193
0.3506414611439759;3.2855553924801697
0.2748113853669853;3.3018568492054254
0.20769121912839467;3.3307363846795264
0.1635365466984316;3.366987979619174
0.14828947599476977;3.4053615752867596
0.11599825026121091;3.44761697862475
0.46956188366461393;3.304894035118866
0.5408302724386247;3.335225140385484
0.6415545049638544;3.4649335889293695
0.5854509226526105;3.3933277865687645
0.6063636717491994;3.443824990177023
0.4059374188439603;3.339239746973264
0.3368982188330606;3.3450382519667885
0.37471699506788303;3.3868362715129763
0.26933572546526147;3.37003399606367
0.20830102786092008;3.4025901165028607
0.16527931475242147;3.442146463217038
0.5287569377611581;3.400509271551319
0.4731800413203096;3.3712883959912983
0.5562230714409627;3.450772961072719
0.42719906422972453;3.404853549346138
0.32800369890990044;3.409817059044695
0.3798246569203104;3.4265650739071694
0.27622938732816427;3.44210088634404
0.21122180346434152;3.4766714382491406
0.48520962797190853;3.445410304755817
0.4152049329783089;3.469275915968655
0.344972556577388;3.4769606985601014
0.01656648624191096;3.4778367153835807
0;3.4892144865992814
0.0224950202627457;3.4971002519701937
0;3.509179268479218
0.016641641442500486;3.5176310677872875
0;3.5291440503591565
0.7342493108888786;3.480947131170682
0.7499999999999999;3.4892144865992814
0.7499999999999999;3.509179268479218
0.7303889844668531;3.4981129756985885
0.7133175422706046;3.482967396647622
0.022474725409772106;3.5369812154857896
0;3.549108832239094
0.03861499528154519;3.515276938026643
0.04764992103834837;3.49463575517862
0.016717711872771178;3.557619288208204
0;3.5690736141190302
0.02263911575886524;3.577117731496699
0;3.5890383959989682
0.734790453278989;3.539013185841252
0.7499999999999999;3.5291440503591565
0.7499999999999999;3.549108832239094
0.7286223862382406;3.519544254203236
0.7499999999999999;3.56907361411903
0.7284143197633659;3.5583063144353138
0.7049647131168152;3.5066970698334208
0.6808974886887046;3.483475962672938
0.03839610217291425;3.55558555293443
0.04820093984162978;3.5344587375766183
0.07093176935407922;3.512302380988594
0.1055271584210111;3.4887569535952996
0.016744134051596592;3.597588333112215
0;3.609003177878905
0.022634679876691786;3.616971503653548
0;3.6289679597588416
0.016782355056212568;3.637513931805114
0;3.64893274163878
0.039390684655649016;3.5954000405165023
0.048498133665552785;3.5750057577829457
0.07208327837577999;3.552014556742808
0.7089888212756035;3.538742458512462
0.7343095220942818;3.5988496741205784
0.7499999999999999;3.5890383959989682
0.7499999999999999;3.609003177878906
0.7284620300613217;3.5799795332415467
0.7342763166853608;3.658310755086357
0.7499999999999999;3.64893274163878
0.7499999999999999;3.668897523518717
0.7288601940605994;3.639350638344667
0.7499999999999999;3.6289679597588425
0.7284422737805571;3.6182501457465097
0.7046372956385248;3.5685832993881346
0.7499999999999999;3.6888623053986533
0.727706942123517;3.6777139343554763
0.6752628600092553;3.550942805218188
0.6747840356255723;3.5199770495708433
0.6495066288839649;3.499504062805034
0.148253972235396;3.483205178939978
0.11823240118831248;3.526168372239279
0;3.668897523518717
0.016623982824297025;3.6775112804584014
0;3.6888623053986547
0.022439290985946884;3.6568045300258922
0.048088454294023274;3.614905993944645
0.03897085984557545;3.635655729092277
0.07235415474387662;3.592617446377216
0.10636901317384051;3.569431272534106
0.709133512720202;3.598658754906042
0.7091553813849966;3.657309672480477
0.7056529836019291;3.6289294922741533
0.6741246073855502;3.586263294307595
0.6485629638259002;3.571683923235975
0.7499999999999999;3.708827087278591
0.7292289434841576;3.698365484382829
0.7343294346620002;3.7173944969878776
0.7499999999999999;3.7287918691585284
0.7064100055416699;3.6863147373403553
0.6339917447321578;3.5363523374821337
0.6005859682605724;3.4938172263775766
0.7499999999999999;3.808650996678277
0.7332202603797239;3.80006309517851
0.7499999999999999;3.7886862147983402
0.7499999999999999;3.7687214329184036
0.7327410833538174;3.759482978732983
0.7499999999999999;3.7487566510384664
0.7268623514299006;3.7807229081480003
0.7262621677646321;3.739518982484985
0.02190923176398804;3.6968063869591203
0;3.708827087278591
0.01594423121636914;3.7171357060284747
0;3.728791869158528
0.16806987747134405;3.52061801957675
0.15190190597659697;3.564037835674406
0.022211892118891054;3.7368756152149887
0;3.748756651038466
0.03673271156394926;3.7144898798657713
0.0384096139299485;3.6753714534032547
0.04627934513666332;3.695349356247766
0.04758839903965789;3.655189718898524
0.07161534148417083;3.6329985249435883
0.11930893276366729;3.6090837150917805
0.6859455305911651;3.6706811491626823
0.6752087672403586;3.6134402374624908
0.6790494150451319;3.6428914373213623
0.6421975918102157;3.5981713660401526
0.6113090306044293;3.576925937244507
0.706182703996468;3.7147610730864704
0.6767645157446321;3.6957626138335002
0.5735504549687671;3.540714567467123
0.5325198793198689;3.4979229185638747
0.2762181156402431;3.5009475174660882
0.7499999999999999;3.848580560438152
0.7331476247989975;3.840046372530483
0.7499999999999999;3.828615778558215
0.7273599572095135;3.8208008098201542
0.7106434810881649;3.802318973958088
0.709977619952615;3.7614866286510864
0.7017480981773211;3.782948298262884
0.6994031451048737;3.7418891859907752
0.01589762558529091;3.758205664475466
0;3.7687214329184036
0.10704358688923238;3.6512520538793134
0.07151139280051332;3.6735847934477284
0.21436270122751308;3.5507784963917217
0.17598328674287722;3.59940541357014
0.04370583498777076;3.733520125204962
0.035719138978572096;3.755407366478498
0.06872108810045509;3.713667851081201
0.1613959000658019;3.653408829697243
0.6534636889662302;3.67007688346333
0.6416497909534171;3.6338758471451684
0.5694959587555881;3.588642408234464
0.5973212396602111;3.618370985109933
0.6734352120195185;3.7286042034472655
0.6357960128168664;3.7083317829214915
0.45773709161889553;3.5187148740024563
0.5161735285924128;3.5709875282301535
0.32383249844145967;3.535503597404583
0.3807073146346585;3.538229745411903
0.2744508487043465;3.572230744127279
0.733261044293429;3.8792956676845716
0.7499999999999999;3.86854534231809
0.7499999999999999;3.888510124198027
0.7272332178822412;3.8605981156271305
0.7499999999999999;3.9284396879579013
0.7331220828905355;3.9199529630368435
0.7499999999999999;3.908474906077964
0.7267432312002451;3.900537151650375
0.7102254781730268;3.842065658870503
0.7019155734686084;3.8222479279627315
0.678966359838437;3.8049787567394038
0.6780258902722138;3.766472318386543
0.02217856542573225;3.776263382451635
0;3.7886862147983402
0.01679238816296303;3.796957378480912
0;3.8086509966782782
0.045286768155211224;3.771298045569249
0.11642286412858119;3.6902689374018154
0.22669947674080643;3.6247991952949974
0.06221054355404634;3.749247260671785
0.10308801999226279;3.73944280509952
0.023576283896463723;3.81614790820972
0;3.828615778558215
0.017321461377767293;3.8378546601445738
0;3.848580560438152
0.15485504249983378;3.7111789283937835
0.20987079044317686;3.6860539982198577
0.20184677475465146;3.729561922834085
0.5987963587809643;3.667753859764087
0.54217205114578;3.6340622325645144
0.6349384538263073;3.749651955706666
0.5939356957345961;3.7233235100943296
0.4430043452066787;3.582582187862414
0.48201958257453853;3.6238136260540603
0.384692984538173;3.603915521816135
0.33635923456692485;3.5887051840327047
0.2937474322618536;3.622699945292105
0.7499999999999999;3.9683692517177764
0.7331660322227412;3.9599573064878157
0.7499999999999999;3.948404469837839
0.727274622626623;3.940563625290572
0.7272978945708657;3.9806022023521006
0.7113180703546471;3.881881959035532
0.7019939548133303;3.8621182439524
0.7104572399550736;3.922581681390363
0.7021754976924067;3.9031575682063613
0.6783007028168034;3.843591007913733
0.6485439899956932;3.825159521097042
0.6356173244160606;3.7883586818257102
0.01576695760996902;3.879269045040739
0;3.888510124198027
0;3.86854534231809
0.03863843176957808;3.794260549837838
0.07550494717614568;3.787775413787087
0.04959912481833923;3.8147502761590686
0.17567644031757598;3.7549959254040317
0.13010534281088304;3.7659141196821686
0.2757278578038517;3.6763069791659504
0.023942473693921537;3.857733768639994
0.041086552732662096;3.835343780554216
0.2455097423124112;3.7296449185751097
0.21092668869395412;3.7704902992160303
0.16868116227276816;3.7922783458360643
0.541348210939072;3.694531923891015
0.48700535556722546;3.6731636772639353
0.5923351553949582;3.770316474856887
0.5459710343299528;3.745679426171791
0.4185028617064573;3.6536136496982463
0.3430851880914605;3.657190504942657
0.7016425495774651;3.942751349983655
0.7097993229772797;3.9626252731880927
0.7019344670704947;3.9822362950777297
0.6776730705913637;3.8844995845949235
0.6787061050359977;3.924665704182725
0.6371234069974154;3.8630688762978433
0.5971437727709774;3.8260694820973384
0;3.9084749060779638
0.021268353945541336;3.898516525279468
0.044012230603507466;3.881470207914164
0.050620630277509966;3.8548473065018083
0;3.928439687957901
0.01754801344770884;3.9188333306916516
0.01352209845059345;3.93573341162852
0;3.948404469837839
0.1125134504571395;3.8136253055345204
0.07439641916783024;3.8314353483704684
0.3078304215251752;3.727981653044952
0.01597228593762546;3.9764465576258967
0;3.968369251717776
0.020886679578049773;3.955767260490033
0.26319719168965783;3.7889837101904833
0.2071585768255606;3.8205314638554437
0.15005118287785849;3.8452328930024993
0.10177017390376314;3.848421038580984
0.49004989005674743;3.7275967098835174
0.44585825138796353;3.7106728735044223
0.5418778585810887;3.799944997087045
0.5067864873824676;3.7749825527320713
0.3813248913294944;3.7258376763038075
0.6777606806628014;3.964052629072973
0.5421269631075142;3.854465452876891
0.631425101155804;3.9063122907994297
0.6429990890524143;3.945925019552547
0.5887545301803462;3.885425726347748
0.04286185801729213;3.90851090579719
0.07524730935452086;3.8664458056900357
0.06558005069516051;3.896191554905781
0.036327884150299763;3.9328488046833443
0.3310358164233587;3.7814493772297073
0.0384958777607481;3.9753171466750423
0.04702073495925587;3.9552222510981707
0.29642576423694383;3.832103704370809
0.24380133713185598;3.8538666743839824
0.18129035610958308;3.8827644751864927
0.11439869302848574;3.8955992320728643
0.44676680357534054;3.7772386425707896
0.49101823849327825;3.825694436038807
0.3824570757935276;3.800210311354967
0.4978992668457301;3.8767593877499555
0.5347436913293662;3.9122552249548717
0.5894812515508898;3.9461440786490587
0.07355376156797723;3.9291535916629687
0.10387749158182412;3.947559708031724
0.3432806319811084;3.8458718480453324
0.07060489333657903;3.9718506681386283
0.2955714745840724;3.8839589842087214
0.22848182122503888;3.9186353375579084
0.1582214738161452;3.945738818957517
0.42536502877269416;3.863808361739613
0.47343881071133337;3.93531958759669
0.5289608739846323;3.9730415573649474
0.3434993803149005;3.9189277994463425
0.2809097783502943;3.951589388587132
0.21693495830689685;3.9807035139784377
0.39952932183392786;3.9643603213897953
0.7499999999999999;3.9883340335977135
0.7499999999999999;4.008298815477651
0.7332420643766173;3.9998193040748973
0.7499999999999999;4.048228379237525
0.7332786671691655;4.039702587355423
0.7499999999999999;4.028263597357587
0.7274431531767773;4.020588917239698
0.7105879407676653;4.002114830418029
0.733577021003399;4.079291271550865
0.7499999999999999;4.068193161117462
0.7499999999999999;4.0881579429974
0.7274201589884574;4.060208606415813
0.7106840618507183;4.041952549138452
0.7018037961562903;4.0225526937093194
0;3.988334033597713
0.6780343254102508;4.004629253967832
0.7499999999999999;4.128087506757274
0.7333517787540994;4.119466659524161
0.7499999999999999;4.108122724877337
0.7274659080080016;4.10007648477313
0.7106217375328451;4.081911838022499
0.7024292711075284;4.062328255096698
0.7499999999999999;4.168017070517148
0.7333986293954603;4.159428966233801
0.7499999999999999;4.148052288637212
0.7278800918175725;4.13984458948954
0.678592153688343;4.044084788189554
0;4.008298815477651
0.016607072055623704;4.016642674468743
0;4.028263597357587
0.021634662920675965;3.9960106523606065
0.7367326623797152;4.23943653835422
0.7499999999999999;4.22791141615696
0.7499999999999999;4.247876198036897
0.6322521386118023;3.9872984192995524
0.644958295520861;4.026643306000121
0.7105898197192237;4.121576676973814
0.7026462890980633;4.102187306901551
0.6785256708701861;4.083589669842079
0.735366214938615;4.198932641243873
0.7499999999999999;4.187981852397085
0.7499999999999999;4.207946634277023
0.7281585049357324;4.1795126222301375
0.7102356823542063;4.1611061382798455
0.7027256055411005;4.141547162523048
0.6355673886968944;4.064990579362588
0.022531008481584288;4.036008525028006
0;4.048228379237525
0.03868310989512513;4.01454038718588
0.047030226102354265;3.994169630728557
0.016183118196696017;4.057042020244542
0;4.068193161117462
0;4.088157942997399
0.016710492707197107;4.096643983630687
0;4.108122724877337
0.022625698702549865;4.075981150853532
0.0392725266236941;4.05412784659104
0.7290894830394835;4.220484029450723
0.7499999999999999;4.267840979916834
0.7332196657255035;4.257016567177256
0.718435084058565;4.2420334454410025
0.7499999999999999;4.287805761796772
0.7293973355094832;4.277824663579068
0.7338491284909665;4.2964321077156296
0.7499999999999999;4.307770543676709
0.7344056147447722;4.339788376310629
0.7499999999999999;4.327735325556647
0.7499999999999999;4.347700107436584
0.7263253577747681;4.318698999312147
0.7499999999999999;4.36766488931652
0.7310173896769475;4.356635429004934
0.7339613244268548;4.4569406745821425
0.7499999999999999;4.44752401683627
0.7499999999999999;4.467488798716207
0.7499999999999999;4.387629671196458
0.7286376514382032;4.377994592174165
0.7345630556708931;4.397529243541929
0.7499999999999999;4.4075944530763955
0.7286715599617458;4.438119989374482
0.7499999999999999;4.427559234956333
0.5771565478614348;3.995234808005053
0.5991117906678479;4.029576452442949
0.5880413552137692;4.0692027067618906
0.679206147189466;4.123108068580235
0.6444444828521039;4.101682790817976
0.7092945315752327;4.201935552103731
0.7021226991458975;4.181801727527684
0.6787640174624873;4.1619496079636855
0.6039914260778457;4.098775564256265
0.11750769279282217;3.9877620223462475
0;4.128087506757275
0.016687233480545405;4.13653087574909
0;4.148052288637212
0.07128849782278106;4.011793963197397
0.047797586588714185;4.033635554808228
0.07106682169155598;4.051339788680426
0.02256242068866808;4.116026050255334
0.03903420474938079;4.093963914102575
0.048326585139598026;4.073368696358665
0.1579335680864652;4.0073892617048035
0.10870426707975406;4.031430285952042
0.7281826341642047;4.4173783547374335
0.6999411767242099;4.226174118525035
0.7111968046363566;4.266129966224588
0.6987994138445689;4.249977759329771
0.709334920873125;4.294559671108722
0.7141302067435211;4.341689650238684
0.7033117611188155;4.319647941417501
0.7048265787192289;4.365282543329994
0.7096590568812531;4.45649329101619
0.7087783989398642;4.397123305925503
0.7051141432528335;4.4271919886313436
0.5645024163182024;4.092971837612965
0.5394807121847783;4.045818707520038
0.46991712571966654;4.001844320974229
0.41696512469630764;4.0319899129672105
0.6318976152550336;4.141765821059759
0.6771841570475621;4.201791096752717
0.6419030478747032;4.181155163402293
0.568885986397638;4.135045173556343
0.3245232182620191;3.985484745831818
0;4.168017070517148
0.016746246828695462;4.1764842160265765
0;4.187981852397086
0.02260014386108683;4.155837294002714
0.04774435335746636;4.113384213216433
0.039326252162759735;4.134040295181194
0.016494387833182474;4.216788869683459
0;4.22791141615696
0;4.207946634277023
0.022859105521663915;4.195751727172818
0.07137121279360414;4.090697903229728
0.10093316328832234;4.066406769836037
0.2618305723114531;4.014302230182621
0.19864731109419922;4.042628159532551
0.1453843270190505;4.06110447199647
0.67262298695245;4.241685648897707
0.6847072250455634;4.273487252177557
0.6766535640304898;4.303655469747862
0.6808670339393592;4.342280590324823
0.6759154119246535;4.378392734842001
0.6861184437744179;4.4687480145217515
0.6801754415118932;4.441901175550073
0.6754274936897172;4.411289769586053
0.35711303467214284;4.032461588711016
0.3921145460407999;4.075234598648052
0.5211857049540833;4.1075717727939525
0.4605894074506842;4.076768096772682
0.5939197021994206;4.179599630506727
0.6291907669721747;4.222517374890344
0.5354954326633765;4.1672967801988285
0.30065361935210005;4.0499692684377155
0.03977475164567594;4.173792171991072
0.04845803024996909;4.153307737876242
0.07188916487273658;4.130807586936468
0.0484849269800497;4.193404307474079
0.02325594625943986;4.2360073768658975
0;4.247876198036898
0.017215371865610417;4.257207853481594
0;4.267840979916835
0.039150173939423126;4.214404889251418
0.1162492117646311;4.104474164936047
0.2394540799992082;4.078696815737121
0.17512235108257887;4.098295913263858
0.6440012809879246;4.27721830495658
0.6502354473801176;4.3172634750876515
0.6332116680297856;4.354637309147183
0.6354415411082571;4.394103798692421
0.6553724107823189;4.466817139920255
0.6422577297228793;4.430176857122673
0.3462790993665565;4.097660904810867
0.40346609757269114;4.138530824542699
0.47458424399002785;4.152036341931271
0.5698486751985284;4.216319205562075
0.5962618753278669;4.257694432003391
0.5050284731878442;4.21065977423685
0.28388070547627575;4.120000257936529
0.07259108715677917;4.170854094224829
0.10678688864177714;4.147956242731578
0.07227547196385802;4.211406693286637
0.04785001292182126;4.234110636435727
0.040155612145848875;4.255248700060919
0;4.287805761796772
0.02353728377731812;4.277839385621483
0.01584735333640363;4.298946224320553
0;4.307770543676709
0;4.327735325556646
0.02073237081858453;4.31787307141094
0;4.347700107436584
0.017288476845439677;4.3387492186301975
0.013406198131492514;4.355571110442414
0;4.36766488931652
0.15213684837555314;4.144942191287568
0.21469737948427045;4.143520098392666
0.5966509404163738;4.309924572325275
0.5917986411451114;4.36928220936938
0.5983359718270079;4.418777371741758
0.6046857757297104;4.464102672934462
0.3313674628110755;4.160795297812374
0.37634879324514275;4.197984714245337
0.4341731979201033;4.207069328041639
0.5390815910853156;4.274643858432043
0.4748250312884301;4.256534594182322
0.27285635307300315;4.184566675230311
0.12007026837856295;4.189535378131007
0.1712292040420262;4.18539760972733
0.1066090582587669;4.232770443105126
0.07196935348650402;4.251443190747572
0.05022884480038954;4.274676273356469
0;4.387629671196459
0.01601810907704502;4.3955786875463865
0;4.4075944530763955
0.03408527157307567;4.352951655456819
0.04212801385057743;4.301172521638478
0.03897011809260613;4.3302243029544645
0.02105043492351115;4.37507668966058
0.21536339861208165;4.211748287417667
0.5390648687578142;4.3392178092080655
0.5441485567649831;4.396291595921303
0.555154257578306;4.446947550663868
0.3267872873265908;4.233559294298874
0.385421019338804;4.2406878868971445
0.42690924881304954;4.274735299834105
0.478151926689243;4.311834267132041
0.26325612574798424;4.252011174875895
0.1560691644203471;4.235343895701434
0.11632316487184258;4.271385613137098
0.0752196512563692;4.289684913510181
0.06523738298970418;4.32442197083183
0.05130319338578673;4.346251040600601
0;4.427559234956334
0.016600538136139584;4.436112989389905
0;4.44752401683627
0.022683430979577653;4.415308109820202
0.03964844645839656;4.393250486566231
0.05028118148854596;4.369671896557406
0.21464692175328196;4.2703526325646095
0.4836087590675448;4.3743328029825435
0.49933154506317357;4.429662875995767
0.3004787961536163;4.2875206372758266
0.3615267106618007;4.298961049192339
0.42282435911537064;4.350372280755875
0.25726407302833876;4.312868681207001
0.16035271721338062;4.296644877070456
0.20562521044774562;4.31831565907388
0.11246628112597744;4.323447112321951
0.07771276029136585;4.354994576364083
0.047702378607526075;4.41368452534158
0.038189617485481296;4.4340269152068235
0.022399192957707273;4.4554302471991045
0;4.467488798716208
0.07218485608896136;4.394055334388801
0.47413087037944873;4.467424842853096
0.22407747229021205;4.350914909412503
0.4372222025826153;4.424273578472439
0.38451839189901654;4.403508079808724
0.31434666833654895;4.347654507731427
0.36042446606378475;4.364206734118616
0.27226948890343444;4.372449092287686
0.1719344230030425;4.357340019565345
0.11618098339763014;4.375543928918603
0.10356470030719794;4.413167991262524
0.07095660323602918;4.433058093731496
0.04717749285892191;4.453918706008247
0.217935118791151;4.393633033311545
0.38054119573724693;4.460229112306052
0.3202972364501109;4.416554067309778
0.26054023307940616;4.4177652965564365
0.15752831210468599;4.413706630277402
0.11487485163622654;4.453352601707513
0.07068512243055726;4.472422410564828
0.2186791422152884;4.443523431403338
0.2742489244795766;4.4607373748337364
0.16738086298895488;4.466354153651123
0.7381577008673511;4.810570123770131
0.7499999999999999;4.806169442362614
0.7499999999999999;4.8249708468045265
0.7309355471680632;4.8249708468045265
0.7369920432532809;4.795201868508336
0.7499999999999999;4.786856350154285
0.7112874153403874;4.8249708468045265
0.7186748993041672;4.806472419531693
0.7001940597832521;4.80918854743683
0.6915058332060077;4.8249708468045265
0.7499999999999999;4.766960525199726
0.7331485533927946;4.775482260517908
0.7213081788306352;4.785060566773265
0.6717242186306321;4.8249708468045265
0.6794509473773965;4.802976430697761
0.7369240721062434;4.719516313200833
0.7499999999999999;4.7070661812754535
0.7499999999999999;4.727030963155389
0.735592370568516;4.6778567431856
0.7499999999999999;4.667136617515579
0.7499999999999999;4.687101399395515
0.7294405476207523;4.6993338658003445
0.7499999999999999;4.647171835635642
0.7334261826773567;4.638477062137616
0.7499999999999999;4.627207053755705
0.7499999999999999;4.607242271875766
0.7332370883304418;4.598688112591397
0.7499999999999999;4.587277489995831
0.7499999999999999;4.567312708115892
0.7327472164582545;4.5580748593539875
0.7499999999999999;4.547347926235954
0.726886698228599;4.579347414492951
0.7259162535725143;4.538048630478755
0.7499999999999999;4.527383144356019
0.7499999999999999;4.507418362476081
0.7331247525149578;4.516027285571372
0.7499999999999999;4.487453580596144
0.7280260645651047;4.47596908752484
0.7285640236115003;4.497135832508355
0.7278391139299485;4.659470051369153
0.7332214312597888;4.736204624895471
0.7499999999999999;4.746995745035328
0.7316984618118204;4.756390855970417
0.7012065797960051;4.787758403872163
0.7146436630651253;4.767908112260666
0.6519426040552565;4.8249708468045265
0.6600867014177141;4.808702866271062
0.6123793749045057;4.8249708468045265
0.6202232336961311;4.809123410287206
0.6321609894798811;4.8249708468045265
0.6396492415176658;4.802966338673081
0.6579594186331338;4.787163077562256
0.6772681778130967;4.7786253453288925
0.7148692619792711;4.722617098210063
0.7118842864437891;4.681569869757015
0.704914112247031;4.703131866137391
0.7112034774493439;4.640811333459273
0.7273527571930565;4.619227535981819
0.7107985143012295;4.600808289693637
0.702032819830249;4.6209248853881855
0.7099673250462653;4.560067154739608
0.7020284018543441;4.581586441212188
0.6994464053456079;4.540344318341431
0.70683501835213;4.514086198346049
0.7066136458455123;4.484523183139045
0.7025422347328987;4.661235741572176
0.7093297266948583;4.745124473779282
0.6897780650244845;4.7585819236784666
0.5803179097613244;4.81161530304975
0.5925977603291301;4.8249708468045265
0.5728161457537544;4.8249708468045265
0.5996562311857182;4.80439375414405
0.6179510063303234;4.787529216526032
0.6380911743078748;4.778768935760491
0.6556149467368946;4.75574886550313
0.6831859156458805;4.725370001908835
0.6775104397845618;4.68472538032819
0.6783103128539474;4.642466439927388
0.6792130805563101;4.603666513087422
0.6776872889142802;4.565000285283183
0.6735999848592726;4.526162352516487
0.676674559894458;4.493919755592139
0.553034531178379;4.8249708468045265
0.563471265423852;4.807570461877892
0.5332529166030033;4.8249708468045265
0.5431642808141683;4.803322068367894
0.513471302027628;4.8249708468045265
0.5243647280775345;4.808336537708712
0.4936896874522524;4.8249708468045265
0.5019184361250937;4.8020837081527095
0.5773326094972181;4.789005154383418
0.5971461187062067;4.778377652936004
0.6147084953782411;4.753792926811408
0.6489578737281401;4.625909124911535
0.6332163540037494;4.708340061168061
0.6415097102669934;4.659717291724006
0.6394107190566481;4.502487675319147
0.633923820279325;4.58607082795682
0.6361306282857425;4.544084454628714
0.48184184838485206;4.8099521433838275
0.47390807287687686;4.8249708468045265
0.5541339012003533;4.782818017181133
0.4541264583015013;4.8249708468045265
0.4650160377764485;4.806204453995685
0.5254136719969751;4.782972727649372
0.4793724183318178;4.78850846903965
0.5008779173158436;4.77599457882725
0.5742268832228326;4.755950148149333
0.5893903900166462;4.7115279230979805
0.6135257172208071;4.628220825493662
0.600194735630853;4.666300599573766
0.5926444759222382;4.595485250775445
0.5977443849613627;4.513559388139925
0.5948175779092892;4.55628802582739
0.5643122830145023;4.487504293876103
0.42535312510302214;4.809403017133608
0.4343448437261257;4.8249708468045265
0.4145632291507502;4.8249708468045265
0.44406921150330975;4.804458783604632
0.5409058696891147;4.762109394386256
0.4563288978334951;4.779383210173378
0.5143638739798445;4.750979547659152
0.4813384356689366;4.755150389363194
0.5431803207700521;4.719142462906994
0.5649681812307499;4.677729068856052
0.5639341337711898;4.632973794917523
0.5454324474425034;4.574915464011077
0.5492797378333901;4.524564756209549
0.5183964763668987;4.482866833331013
0.39478161457537464;4.8249708468045265
0.4054937853116021;4.802526101265384
0.4265315142152304;4.78524736837024
0.4449064248100954;4.755910023642653
0.49574142179005104;4.711605001970916
0.462269939343341;4.7279752781672215
0.5123794376073981;4.664412523041858
0.5174889785210746;4.612518954562877
0.5003043488945513;4.579857691902562
0.5049647338523506;4.5367895210864875
0.47661571629819066;4.502627580966063
0.3749999999999991;4.8249708468045265
0.38406294812018016;4.803407040332618
0.36518566302307903;4.809310400217291
0.35521838542462353;4.8249708468045265
0.4129213399287604;4.750849334392758
0.335436770849248;4.8249708468045265
0.3458582765344657;4.803619294796611
0.30610539507557194;4.809800284345659
0.31565515627387253;4.8249708468045265
0.29587354169849694;4.8249708468045265
0.3243254617564583;4.8047899371049185
0.3966546142898241;4.780134142662122
0.4339726536079702;4.728161051627194
0.0163995541477304;4.476114327308298
0;4.487453580596145
0.038164714378319795;4.473999541289139
0.02221908054297334;4.495203219191895
0;4.507418362476082
0.01673676891746956;4.515925182354077
0;4.527383144356018
0.4488361343897605;4.684715497922625
0.47009014171314534;4.618472155750494
0.44408589673889065;4.553692621599611
0.4300515356908811;4.490268358519225
0.36538256230141486;4.7843407239797955
0.38080123610512606;4.746851763159758
0.40439247227937947;4.7114882986569135
0.02275871987510812;4.535293374803695
0;4.547347926235957
0.016793584115667066;4.555947106091601
0;4.567312708115892
0.337821288947492;4.782635328048784
0.30672603668754655;4.7872686725037505
0.2878899064621944;4.803887483995027
0.2760919271231214;4.8249708468045265
0.047994548562849355;4.49316954352933
0.038520709925319425;4.513750090419323
0.39183531425562534;4.672251860363174
0.4217207943884089;4.620900008587451
0.38871240062976786;4.581626986775578
0.38565981422076934;4.52355621815052
0.33087800924937805;4.498678567835549
0.3491385494459021;4.75179645248881
0.36297544906488177;4.716553721627146
0.04716352534707117;4.5331640492009
0.038528784290870186;4.55413217803785
0.022258071585566443;4.575391724874694
0;4.587277489995831
0.016648353500355286;4.5958643359430695
0;4.6072422718757675
0.3218619677745363;4.764618430076908
0.2988607743102121;4.762367606484382
0.2805220822591181;4.781590761240687
0.24765286375851794;4.809336440431986
0.2563103125477459;4.8249708468045265
0.23652869797237033;4.8249708468045265
0.2672003235032925;4.804116384884785
0.3444454939760943;4.685256720275664
0.10164402204147985;4.491524936682426
0.13257206716665962;4.492886006889227
0.07098049077141545;4.510909721186597
0.3513812600474744;4.633288743449787
0.3437964546504557;4.56537113629392
0.22357801178318096;4.499359848768379
0.2968685130920713;4.546915312195704
0.27378775541974243;4.512965613585111
0.31317708187590365;4.728853932534948
0.07206396218142959;4.551314980941013
0.047288960331116466;4.574015063144135
0.03817507335759372;4.594098173336963
0.21674708339699483;4.8249708468045265
0.22551035949973153;4.801066497210344
0.022239659056339386;4.614854483348207
0;4.627207053755705
0.016638891219105164;4.635731493293774
0.2741875670563269;4.746617709848852
0.2504096942920058;4.780487539943915
0.3035674663023171;4.669168612525058
0.11509013999213139;4.530598065173703
0.16609077395623603;4.520099031694125
0.2916029610205838;4.607573425810744
0.1997157926314442;4.551137990946517
0.24831233106939662;4.557701052345814
0.0991894438287609;4.572428200091188
0.2666938460361616;4.707889550903458
0.20544422815140878;4.808873408743037
0.2242390788230398;4.775644031357344
0.19696546882161928;4.8249708468045265
0;4.647171835635642
0.07034392051923109;4.591571253217896
0.04678380495561178;4.613428069868302
0.022143464162707797;4.654201023932343
0.20332282793527032;4.786429653363761
0.038542083467404106;4.6335770493645825
0.2408997500225738;4.744523328648389
0.24889604897472753;4.662916766688957
0.15176601364573752;4.577400857099585
0.2126373958918004;4.611235192630385
0.10750111913320645;4.610716644717428
0.2190822083787377;4.709958359028198
0.19561769042070423;4.671522990587584
0.18472149778517588;4.80401715092617
0.19895428631922837;4.753181326202174
0.18100299156297875;4.7798150193192175
0.17718385424624372;4.8249708468045265
0.1651337944160083;4.811828873973091
0;4.667136617515579
0.016581391477111993;4.675502725870241
0.06958228371298568;4.630670180291497
0.047020205925766535;4.652212323944774
0.03775054749003338;4.672870122532344
0.14769885449354045;4.641965365811272
0.0991246894608871;4.645311587574216
0.17869152097719626;4.7171014441889625
0.15451292203722167;4.68966728030082
0.16186323664093374;4.789603876208801
0.15925321495400852;4.7584539012850495
0.1475670119838013;4.807894099051461
0.15740223967086817;4.8249708468045265
0;4.687101399395515
0.023123079330870832;4.694845829705495
0.06934501953133766;4.668590372835408
0.047831853569692884;4.6915588059631315
0.11248498413803272;4.684564690281089
0.1321559248668689;4.725952928354201
0.1374950970765512;4.782922362453291
0.12835187508898688;4.761852037166646
0.1263819926591455;4.803744037718537
0.1376206250954926;4.8249708468045265
0;4.707066181275453
0.01754430254847972;4.716142991032109
0.0415125967432276;4.7146287214591345
0.06970101642556586;4.70305830771063
0.09194875997173772;4.726275803542754
0.1061607298605717;4.751327681014863
0.1045924346803806;4.782761470129157
0.10649391752089617;4.810455145040965
0.11783901052011704;4.8249708468045265
0;4.727030963155389
0.024758863046079962;4.7368240714095124
0.057064210933493946;4.734210676049707
0.07677421068012316;4.760609600929262
0.07787702733503782;4.789598957055159
0.08855443994222575;4.80504746565371
0.09805739594474151;4.8249708468045265
0;4.746995745035327
0.016492426545824095;4.758147805733673
0.04106804113462422;4.761703950283019
0.05748565439104897;4.783774628605277
0.06682942056740028;4.805225677212224
0.07827578136936594;4.8249708468045265
0.020179544247697367;4.777034639033225
0;4.7669605251997265
0.036877123304946184;4.787761436965478
0.04830385107089494;4.805304722263246
0.05849416679399045;4.8249708468045265
0.014823928553312942;4.797003658119255
0;4.786856350154282
0.028272195000952675;4.809418259896829
0.03871258465961287;4.8249708468045265
0.012724975201454915;4.811950999533099
0;4.8061694423626005
0.019064452831936748;4.8249708468045265
0;4.8249708468045265
% Elements (triangles)
1;2;3
4;3;2
5;6;7
8;9;10
11;10;9
6;12;13
5;12;6
13;14;8
14;13;12
9;8;14
11;9;15
4;16;3
17;1;18
3;18;1
19;3;16
19;18;3
20;21;17
18;20;17
22;23;24
25;26;27
28;29;30
31;32;33
27;34;22
26;34;27
23;22;34
24;35;28
23;35;24
29;28;35
36;37;21
21;20;36
38;39;40
40;41;42
38;40;42
39;43;44
38;43;39
45;46;7
5;7;46
44;47;45
47;44;43
47;46;45
47;43;315
47;315;46
48;49;50
41;48;51
50;51;48
42;41;51
33;52;53
32;52;33
54;55;56
56;57;49
55;57;56
50;49;57
58;59;60
60;61;54
59;61;60
55;54;61
5;46;316
5;316;12
15;9;62
14;62;9
12;317;14
317;12;316
62;14;317
15;62;318
63;37;64
36;64;37
19;16;319
320;319;16
18;321;20
319;321;19
19;321;18
65;36;20
65;20;321
66;67;63
66;63;64
68;69;70
69;71;72
68;71;69
73;74;75
76;77;78
79;80;81
82;83;84
85;86;87
83;88;85
82;88;83
86;85;88
89;90;91
91;92;25
90;92;91
26;25;92
93;94;95
93;96;94
97;98;95
93;95;98
99;100;58
59;58;100
53;101;99
101;53;52
101;100;99
30;102;31
29;102;30
32;31;102
103;104;105
106;107;97
98;97;107
108;106;109
108;107;106
110;111;112
94;96;113
114;113;96
113;114;115
115;116;112
114;116;115
110;112;116
117;118;119
119;120;121
117;119;121
111;122;120
110;122;111
121;120;122
23;34;322
23;322;35
26;92;323
26;323;34
29;35;324
29;324;102
32;102;325
32;325;52
326;325;102
326;102;324
322;34;327
327;34;323
324;35;328
328;35;322
123;124;125
64;36;126
65;126;36
66;64;127
64;126;127
67;128;70
66;128;67
68;70;128
66;127;128
318;62;329
317;329;62
330;318;329
42;331;38
38;331;43
51;332;42
331;42;332
50;57;333
50;333;51
51;333;332
334;329;317
334;317;316
335;316;46
335;46;315
315;43;336
336;43;331
336;337;315
335;315;337
101;52;338
101;338;100
338;52;339
339;52;325
55;61;340
55;340;57
341;333;57
341;57;340
59;100;342
59;342;61
342;100;343
343;100;338
340;61;344
344;61;342
334;345;329
335;346;316
334;346;345
335;337;346
334;316;346
346;571;345
346;337;571
129;130;131
132;133;129
132;129;131
134;135;136
133;137;136
132;137;133
134;136;137
135;138;139
134;138;135
140;79;141
140;80;79
142;143;144
144;145;141
143;145;144
140;141;145
146;147;148
148;149;142
147;149;148
143;142;149
150;151;152
153;150;154
152;154;150
155;153;156
154;156;153
157;158;155
157;155;156
159;160;161
162;163;159
162;159;161
164;165;166
167;168;169
163;170;171
162;170;163
171;172;173
172;171;170
173;174;175
172;174;173
176;177;178
179;180;181
182;183;179
183;180;179
184;185;186
186;187;182
185;187;186
183;182;187
188;189;190
191;192;193
194;195;196
196;197;191
195;197;196
192;191;197
198;199;200
200;201;202
199;201;200
202;203;204
203;202;201
205;206;184
185;184;206
207;208;205
208;206;205
190;209;198
189;209;190
199;198;209
204;210;207
203;210;204
208;207;210
211;212;213
151;213;214
212;214;213
152;151;214
139;215;216
215;139;138
216;217;211
215;217;216
212;211;217
72;218;219
218;72;71
220;221;73
74;73;221
347;348;320
319;320;348
319;348;321
321;348;349
65;321;349
65;349;126
347;350;348
68;128;351
68;351;71
75;222;76
74;222;75
77;76;222
223;224;225
78;226;223
77;226;78
224;223;226
227;228;229
230;231;232
229;233;230
228;233;229
231;230;233
234;235;236
237;238;239
238;240;234
237;240;238
235;234;240
241;242;130
131;130;242
243;241;244
243;242;241
236;245;244
235;245;236
243;244;245
125;246;247
124;246;125
247;248;220
248;247;246
248;221;220
219;249;123
218;249;219
124;123;249
352;71;351
218;71;353
218;353;249
353;71;352
74;221;354
74;354;222
225;250;251
224;250;225
251;252;253
252;251;250
254;255;256
257;258;259
259;260;261
257;259;261
262;263;227
228;227;263
264;265;262
265;263;262
258;266;267
257;266;258
267;268;269
268;267;266
269;270;264
268;270;269
265;264;270
77;222;355
77;355;226
232;271;272
231;271;232
272;273;274
273;272;271
274;275;276
273;275;274
81;277;84
277;81;80
82;84;277
140;145;356
140;356;80
87;278;109
86;278;87
108;109;278
80;357;277
80;356;357
277;358;82
82;358;88
358;277;357
86;88;359
86;359;278
359;88;360
360;88;358
104;279;89
103;279;104
90;89;279
90;279;361
90;361;92
323;92;362
362;92;361
118;280;105
117;280;118
103;105;280
110;116;363
110;363;122
114;96;364
114;364;116
365;363;116
365;116;364
98;366;93
93;366;96
364;96;367
367;96;366
107;368;98
366;98;368
103;280;369
103;369;279
121;370;117
117;370;280
369;280;371
371;280;370
108;278;372
108;372;107
107;372;368
122;373;121
122;363;373
370;121;373
327;374;322
328;322;374
362;375;323
327;323;375
327;375;374
328;376;324
328;374;376
324;376;326
326;377;325
326;376;377
339;325;377
350;347;378
350;378;379
572;379;378
248;246;380
248;380;221
380;246;381
354;221;382
382;221;380
124;249;383
124;383;246
381;246;383
127;126;384
126;349;384
385;351;128
385;128;127
127;384;385
386;330;329
386;329;345
386;387;330
386;388;387
386;345;388
388;345;573
573;345;571
387;388;574
388;575;574
573;575;388
331;332;389
336;331;389
336;389;337
390;332;333
332;390;389
389;391;337
337;391;571
341;392;333
390;333;392
374;393;376
339;394;338
339;377;394
343;338;394
344;395;340
341;340;395
341;395;392
343;396;342
343;394;396
342;396;344
344;396;395
397;392;395
390;392;398
392;397;398
390;398;389
391;389;398
573;576;575
573;571;576
577;576;578
576;571;578
579;391;398
580;578;571
580;571;391
580;391;579
242;399;131
132;131;281
132;281;137
131;399;281
215;138;400
215;400;217
134;137;401
134;401;138
401;137;402
402;137;281
400;138;403
403;138;401
282;283;284
181;285;282
285;181;180
285;283;282
286;287;146
147;146;287
284;288;286
288;284;283
288;287;286
143;149;404
143;404;145
405;356;145
405;145;404
147;287;406
147;406;149
404;149;407
407;149;406
288;283;408
288;408;287
406;287;409
409;287;408
410;357;356
289;290;291
292;293;289
290;289;293
294;295;292
295;293;292
166;296;294
165;296;166
295;294;296
169;297;164
168;297;169
165;164;297
212;217;411
212;411;214
158;298;160
157;298;158
161;160;298
152;214;412
154;152;412
156;154;413
154;412;413
157;156;414
157;414;298
156;413;414
178;299;167
177;299;178
168;167;299
175;300;301
300;175;174
301;302;176
300;302;301
177;176;302
161;298;415
298;414;415
162;161;416
162;416;170
415;416;161
303;304;305
291;306;305
290;306;291
303;305;306
304;307;194
303;307;304
195;194;307
290;293;417
290;417;306
295;296;418
295;418;293
417;293;419
419;293;418
420;418;296
165;297;421
165;421;296
420;296;421
168;299;422
168;422;297
423;421;297
423;297;422
416;424;170
172;170;425
172;425;174
425;170;424
300;174;426
300;426;302
426;174;427
427;174;425
177;302;428
177;428;299
285;180;429
285;429;283
408;283;430
430;283;429
429;180;431
183;187;432
183;432;180
431;180;432
203;201;433
203;433;210
199;209;434
199;434;201
185;206;435
185;435;187
432;187;436
436;187;435
193;308;188
192;308;193
189;188;308
189;308;437
189;437;209
438;437;308
192;197;439
192;439;308
438;308;439
195;307;440
195;440;197
441;439;197
441;197;440
433;201;442
442;201;434
443;210;433
435;206;444
208;210;445
208;445;206
445;210;443
444;206;445
434;209;446
446;209;437
447;412;214
447;214;411
411;217;448
448;217;400
581;379;572
350;379;449
350;449;348
349;348;449
349;449;384
581;582;379
379;582;449
449;582;450
384;449;450
385;451;351
385;384;451
352;351;451
384;450;451
253;309;256
252;309;253
254;256;309
355;222;452
452;222;354
224;226;453
224;453;250
453;226;454
454;226;355
276;310;311
310;276;275
311;312;239
310;312;311
237;239;312
228;263;455
228;455;233
273;271;456
273;456;275
231;233;457
231;457;271
458;457;233
458;233;455
459;456;271
459;271;457
235;240;460
235;460;245
310;275;461
310;461;312
462;461;275
462;275;456
237;312;463
237;463;240
460;240;464
464;240;463
243;245;465
243;465;242
399;242;465
466;465;245
466;245;460
383;249;467
467;249;353
352;468;353
352;451;468
467;353;468
382;469;354
452;354;469
470;250;453
252;250;471
252;471;309
471;250;470
260;255;313
254;313;255
261;260;313
254;309;472
254;472;313
313;473;261
313;472;473
261;314;257
257;314;266
314;261;473
455;263;474
265;270;475
265;475;263
474;263;475
476;266;314
268;266;477
268;477;270
476;477;266
475;270;478
478;270;477
452;479;355
452;469;479
454;355;479
405;480;356
410;356;480
481;372;278
481;278;359
358;357;482
357;410;482
360;358;482
360;483;359
360;482;483
359;483;481
484;368;372
481;485;372
481;483;485
484;372;485
362;361;486
362;486;375
361;279;487
487;279;369
487;486;361
488;373;363
365;489;363
488;363;489
367;490;364
365;364;490
365;490;489
366;368;491
368;484;491
367;366;491
367;491;490
371;492;369
487;369;492
487;492;486
370;373;493
373;488;493
371;370;493
371;493;492
494;375;486
495;486;492
495;494;486
375;583;374
494;583;375
393;374;583
376;584;377
393;584;376
496;394;377
496;377;584
396;394;585
496;585;394
488;489;497
488;497;493
393;583;586
393;586;584
581;587;582
581;572;588
581;588;587
588;589;587
587;589;590
381;498;380
382;380;498
382;498;469
467;499;383
467;468;499
381;383;499
381;499;498
575;576;591
576;577;591
592;574;575
575;591;592
593;592;591
591;594;593
594;591;577
595;594;577
596;593;594
594;597;596
595;597;594
598;596;597
395;396;599
585;599;396
397;395;599
397;599;600
398;397;600
579;398;600
580;601;578
579;601;580
579;600;601
595;577;602
578;602;577
578;601;602
603;602;601
595;604;597
595;602;604
605;604;606
604;602;606
603;606;602
500;399;465
399;501;281
399;500;501
402;281;501
403;502;400
448;400;502
402;503;401
402;501;503
403;401;503
403;503;502
407;504;404
405;404;504
405;504;480
409;505;406
407;406;505
407;505;504
430;506;408
409;408;506
409;506;505
480;504;507
480;508;410
480;507;508
410;508;482
482;607;483
482;508;607
448;509;411
448;502;509
447;411;509
447;510;412
447;509;510
510;511;412
413;412;511
512;414;413
512;413;511
512;513;414
513;415;414
422;299;514
514;299;428
515;428;302
515;302;426
416;415;516
513;516;415
424;416;516
303;306;517
303;517;307
517;306;518
518;306;417
519;440;307
519;307;517
519;520;440
441;440;520
441;521;439
441;520;521
438;439;521
419;522;417
518;417;522
420;523;418
419;418;523
419;523;522
423;524;421
421;524;420
420;524;523
514;525;422
423;422;525
423;525;524
424;526;425
424;516;526
427;425;526
427;527;426
427;526;527
515;426;527
515;528;428
515;527;528
514;428;528
514;528;525
431;529;429
430;429;529
430;529;506
436;530;432
431;432;530
431;530;529
442;531;433
443;433;531
438;532;437
438;521;532
446;437;532
446;533;434
446;532;533
442;434;533
442;533;531
444;534;435
435;534;436
436;534;530
443;535;445
443;531;535
444;445;535
444;535;534
587;590;608
587;608;582
608;609;582
450;582;609
450;609;536
536;451;450
451;536;468
590;610;608
537;472;309
537;309;471
454;538;453
454;479;538
470;453;538
539;463;312
539;312;461
474;540;455
455;540;458
459;541;456
462;456;541
458;542;457
458;540;542
459;457;542
459;542;541
464;543;460
466;460;543
462;544;461
462;541;544
461;544;539
539;545;463
539;544;545
464;463;545
464;545;543
466;546;465
466;543;546
500;465;546
468;611;499
468;536;611
547;498;499
547;499;611
498;612;469
547;612;498
469;613;479
613;469;612
470;548;471
470;538;548
537;471;548
537;549;472
537;548;549
550;472;549
550;473;472
314;473;551
473;550;551
314;551;476
478;552;475
474;475;552
474;552;540
476;553;477
476;551;553
478;477;553
478;553;552
479;614;538
614;479;613
554;548;538
554;538;614
555;540;552
556;485;483
556;483;607
484;485;615
484;615;491
616;615;485
616;485;556
495;492;617
489;490;618
489;618;497
490;491;619
619;491;615
618;490;619
493;620;492
497;620;493
617;492;620
495;621;494
494;621;583
495;617;621
622;586;583
622;583;621
556;607;623
556;623;616
496;584;624
496;624;585
584;586;624
585;625;599
585;624;625
599;625;600
626;624;586
618;627;497
497;627;620
617;620;628
617;628;621
622;629;586
626;586;629
630;610;590
631;590;589
630;590;631
630;631;632
630;632;633
630;633;610
632;634;633
634;635;636
633;634;636
597;637;598
597;604;637
604;605;637
598;637;638
639;638;637
639;637;605
638;639;640
639;641;640
642;641;639
642;639;605
603;601;643
600;643;601
643;600;625
644;643;625
603;645;606
603;643;645
643;644;645
605;646;642
606;646;605
606;645;646
642;647;641
642;646;647
648;646;645
509;502;557
500;546;649
500;649;501
503;501;650
649;650;501
502;503;651
650;651;503
557;502;651
505;652;504
507;504;652
505;506;653
652;505;653
506;529;558
558;653;506
652;653;654
655;507;652
655;652;654
507;656;508
508;656;607
655;656;507
623;607;657
657;607;656
510;509;658
557;658;509
511;510;659
510;658;659
513;512;559
659;559;511
512;511;559
513;559;516
516;660;526
516;559;660
518;560;517
518;522;560
519;517;560
519;560;520
561;535;531
562;531;533
561;531;562
563;521;520
560;661;520
563;520;661
521;662;532
563;662;521
523;524;564
560;522;663
663;661;560
522;523;664
564;664;523
664;663;522
524;525;665
564;524;665
527;526;565
528;666;525
666;665;525
660;667;526
565;526;667
566;528;527
565;566;527
566;666;528
534;567;530
530;668;529
567;668;530
558;529;668
532;669;533
669;532;662
562;533;669
535;670;534
561;670;535
567;534;670
608;610;671
608;671;609
536;609;672
609;671;672
536;672;611
633;636;673
633;673;610
674;610;673
674;671;610
568;544;541
540;675;542
555;675;540
542;676;541
676;542;675
568;541;676
543;545;569
543;569;546
544;677;545
568;677;544
569;545;677
546;678;649
569;678;546
611;672;679
547;611;679
547;679;612
612;680;613
680;612;679
674;681;671
672;671;681
672;681;679
613;682;614
680;682;613
549;548;683
554;683;548
549;570;550
549;683;570
550;570;551
551;684;553
684;551;570
553;685;552
553;684;685
555;552;685
554;614;686
554;686;683
614;682;686
555;685;687
555;687;675
616;688;615
616;623;688
689;615;688
689;619;615
619;690;618
689;690;619
627;618;690
691;628;620
691;620;627
628;692;621
622;621;692
622;692;629
657;693;623
623;693;688
644;625;694
626;694;624
624;694;625
629;695;626
626;695;694
690;696;627
691;627;696
691;697;628
691;696;697
628;697;692
692;698;629
695;629;698
636;699;673
700;636;635
636;700;699
700;701;699
700;635;702
700;702;701
702;703;701
701;703;704
703;839;704
840;704;839
839;841;840
641;647;705
706;640;641
641;705;706
707;705;647
707;708;705
709;706;705
705;708;709
842;709;708
843;842;844
708;844;842
648;645;710
644;710;645
644;694;710
707;647;711
647;646;711
648;711;646
708;845;844
707;845;708
845;707;711
648;712;711
648;710;712
557;651;713
557;713;658
714;649;678
714;715;649
650;649;715
651;650;716
715;716;650
651;716;713
717;713;716
558;668;718
558;718;653
653;718;654
654;718;719
655;654;720
655;720;656
654;719;720
657;656;721
657;721;693
721;656;720
722;658;713
723;659;658
723;658;722
659;724;559
723;724;659
725;559;724
725;660;559
717;726;713
722;713;726
667;660;727
725;727;660
661;663;728
562;729;561
561;729;670
730;562;669
730;729;562
563;661;731
563;731;662
661;728;731
662;732;669
732;662;731
730;669;732
564;665;733
564;733;664
663;664;734
734;664;733
728;663;734
665;666;735
665;735;733
565;736;566
566;736;666
667;727;736
565;667;736
666;736;735
567;670;737
567;737;668
738;718;668
738;668;737
670;739;737
729;739;670
720;740;721
720;719;740
673;699;741
674;673;741
674;741;681
681;741;742
681;742;679
701;704;743
701;743;699
699;743;744
744;741;699
568;676;745
568;745;677
675;746;676
675;687;746
676;746;745
677;747;569
677;745;747
678;569;747
714;678;748
748;678;747
749;679;742
680;749;682
680;679;749
682;749;750
682;750;686
751;747;745
684;570;752
683;753;570
683;686;753
752;570;753
684;754;685
752;754;684
685;754;687
755;687;754
755;756;687
687;756;746
746;757;745
746;756;757
751;745;757
753;686;758
750;758;686
840;846;704
704;846;743
759;688;693
689;688;760
759;760;688
689;760;690
690;760;696
697;761;692
761;698;692
721;762;693
762;721;740
759;693;763
762;763;693
759;764;760
764;759;763
764;765;760
760;765;696
766;695;698
710;694;767
695;767;694
766;767;695
768;712;710
768;710;767
697;696;769
761;697;769
765;769;696
761;770;698
766;698;770
761;769;770
847;712;768
840;841;848
840;848;846
841;849;848
844;850;843
851;843;850
850;852;851
851;852;853
852;854;853
855;853;854
856;850;844
856;844;845
856;845;857
845;711;857
711;712;857
858;857;712
858;712;847
748;771;714
714;771;715
771;772;715
716;715;772
717;716;772
717;773;726
717;772;773
738;774;718
719;718;774
719;774;775
775;740;719
723;722;776
723;776;724
722;726;776
725;724;777
724;776;777
725;777;727
726;773;778
726;778;776
727;779;736
727;777;779
780;731;728
728;734;781
781;780;728
730;732;782
730;782;729
729;782;739
780;783;731
732;731;783
732;783;782
733;735;784
784;785;733
734;733;785
781;734;785
779;786;736
735;736;786
784;735;786
737;739;787
738;737;787
738;787;774
739;788;787
739;782;788
781;789;780
780;789;783
781;785;789
774;787;790
775;774;790
791;740;775
762;792;763
791;792;740
762;740;792
849;859;860
860;848;849
793;749;742
749;793;750
744;794;741
794;742;741
742;794;793
743;846;795
744;743;795
744;795;794
861;795;846
748;796;771
748;747;796
751;796;747
797;750;793
750;797;758
757;798;751
751;798;796
752;799;754
755;754;799
752;753;799
753;758;799
755;799;800
755;800;756
798;757;801
800;801;756
756;801;757
802;758;797
758;802;799
848;860;862
848;862;846
861;846;862
792;803;763
764;763;804
764;804;765
803;804;763
805;765;804
765;805;769
863;857;858
847;768;806
766;770;806
768;767;806
766;806;767
770;807;806
770;769;807
805;807;769
863;864;865
858;847;864
858;864;863
847;806;864
866;860;859
866;859;867
866;867;868
867;869;868
854;870;855
852;850;871
856;871;850
856;857;871
871;857;872
863;872;857
863;865;872
865;873;872
854;874;870
874;875;870
874;873;875
874;872;873
876;854;852
876;852;871
876;874;854
871;872;876
876;872;874
870;875;877
855;870;878
877;878;870
878;877;879
861;862;880
771;796;808
771;808;772
796;809;808
798;809;796
808;810;772
773;772;810
778;773;811
773;810;811
791;775;812
775;790;812
777;813;779
777;776;813
778;813;776
811;814;778
778;814;813
786;779;815
779;813;815
783;789;816
783;816;782
782;816;788
817;789;785
784;818;785
815;818;786
784;786;818
785;818;817
788;819;787
790;787;819
788;820;819
820;788;816
817;821;789
821;816;789
816;821;820
790;819;822
822;812;790
812;822;823
791;824;792
792;824;803
823;824;812
791;812;824
866;868;881
866;881;860
860;881;862
862;881;880
794;795;825
794;825;793
793;825;797
826;797;825
797;826;802
795;861;882
861;880;882
882;825;795
825;882;826
801;827;798
798;827;809
828;802;826
802;828;829
801;829;827
799;802;829
800;799;829
800;829;801
882;880;883
882;883;826
826;883;828
884;880;881
885;886;869
868;869;886
868;886;887
868;887;881
881;887;884
888;885;889
888;886;885
890;877;875
877;891;879
890;891;877
879;891;892
891;893;892
892;893;894
895;803;824
803;896;804
896;803;895
805;897;807
896;897;804
804;897;805
875;898;890
873;898;875
899;894;900
900;894;893
901;900;893
893;891;902
890;902;891
901;893;902
890;898;902
873;903;898
865;903;873
865;864;903
864;806;904
807;904;806
905;904;807
905;807;897
906;903;864
906;864;904
900;907;899
899;907;908
909;908;907
908;909;910
830;829;828
830;827;829
831;809;827
884;911;880
883;880;911
883;911;912
912;828;883
828;912;830
809;832;808
831;832;809
810;808;832
810;832;913
811;810;913
814;811;914
811;913;914
815;813;833
814;833;813
915;814;914
915;833;814
834;818;815
834;815;833
817;818;835
817;835;821
818;834;836
836;835;818
819;820;837
819;837;822
820;838;837
821;835;838
820;821;838
822;837;916
823;822;916
895;824;917
823;916;917
823;917;824
889;918;919
888;889;919
920;827;830
920;831;827
921;911;884
922;884;887
922;921;884
888;919;923
888;923;886
886;923;887
887;923;922
918;924;925
919;918;925
926;924;927
926;925;924
928;921;922
919;925;929
919;929;923
898;930;902
898;903;930
895;917;931
896;931;897
895;931;896
905;897;932
897;931;932
900;933;907
901;933;900
901;902;934
933;901;934
934;902;930
935;930;903
903;906;935
906;936;935
906;904;936
905;936;904
905;932;936
930;937;934
937;930;935
907;938;909
938;907;933
939;909;938
940;910;909
939;940;909
910;940;941
942;941;940
942;943;941
830;912;944
920;830;944
920;944;945
831;920;945
831;945;832
921;946;911
912;911;946
912;946;944
944;946;947
944;947;945
832;945;948
948;913;832
949;945;947
949;948;945
913;948;950
914;913;950
915;914;951
914;950;951
834;833;952
834;952;836
915;952;833
915;951;952
951;953;952
836;954;835
835;954;838
836;952;954
837;838;955
838;954;955
837;955;916
916;956;917
916;955;956
917;957;931
917;956;957
928;958;921
958;946;921
929;959;923
959;922;923
928;922;959
960;961;962
961;963;927
960;963;961
926;927;963
926;963;964
926;964;925
925;964;929
928;959;965
928;965;958
929;964;966
959;929;966
959;966;965
932;931;967
957;967;931
968;936;932
932;967;968
933;969;938
933;934;969
937;970;934
934;970;969
935;971;937
937;971;970
935;936;971
968;971;936
943;972;973
942;972;943
942;940;974
942;974;972
939;974;940
939;938;975
939;975;974
938;969;975
976;977;973
976;973;972
978;979;962
960;962;979
980;979;978
980;978;981
946;958;982
947;946;982
947;982;983
949;947;983
949;984;948
949;983;984
948;984;950
950;984;985
985;951;950
951;985;953
953;985;986
954;952;987
953;987;952
953;986;987
955;988;956
955;954;988
954;987;988
956;989;957
956;988;989
957;990;967
957;989;990
958;965;991
991;982;958
960;979;992
960;992;963
993;964;963
993;963;992
993;994;964
994;966;964
966;994;995
965;966;995
965;995;991
996;997;998
977;999;996
976;999;977
997;996;999
1000;971;968
1000;968;1001
967;1001;968
967;990;1001
969;1002;975
970;1002;969
1003;970;971
970;1003;1002
971;1000;1003
1004;974;975
976;972;1005
976;1005;999
1006;1005;972
1006;972;974
1006;974;1004
1007;975;1002
1004;975;1007
997;999;1008
997;1009;998
997;1008;1009
998;1009;1010
1011;992;979
980;1012;979
1011;979;1012
1013;1014;981
980;981;1014
980;1014;1012
1015;1014;1013
1015;1013;1016
982;991;1017
983;982;1017
983;1017;1018
1018;984;983
1018;1019;984
985;984;1019
985;1019;986
1020;986;1019
1020;1021;986
986;1021;987
988;1022;989
1021;1022;987
988;987;1022
990;989;1023
989;1022;1023
1001;990;1024
1023;1024;990
991;995;1025
1025;1017;991
1011;1026;992
993;992;1026
993;1026;994
994;1026;1027
995;994;1027
1027;1025;995
1028;1010;1009
1010;1028;1029
1008;999;1030
1030;999;1005
1000;1031;1003
1000;1001;1031
1001;1024;1031
1002;1032;1007
1002;1003;1032
1003;1031;1032
1006;1033;1005
1006;1004;1033
1030;1005;1033
1004;1007;1033
1034;1007;1032
1007;1034;1033
1028;1009;1035
1030;1036;1008
1030;1033;1036
1037;1035;1009
1037;1009;1008
1037;1008;1036
1038;1029;1039
1028;1039;1029
1028;1035;1039
1040;1038;1039
1040;1041;1038
1116;1041;1117
1040;1117;1041
1011;1012;1042
1011;1042;1026
1043;1012;1014
1043;1042;1012
1044;1045;1046
1015;1047;1014
1043;1014;1047
1045;1048;1016
1044;1048;1045
1015;1016;1048
1015;1048;1047
1049;1050;1046
1044;1046;1050
1051;1049;1052
1051;1050;1049
1053;1052;1054
1051;1052;1053
1055;1017;1025
1055;1056;1017
1018;1017;1056
1018;1056;1019
1057;1019;1056
1057;1020;1019
1020;1057;1058
1020;1058;1021
1058;1059;1021
1060;1023;1022
1022;1021;1060
1059;1060;1021
1023;1061;1024
1060;1061;1023
1024;1062;1031
1062;1024;1061
1025;1027;1063
1063;1055;1025
1118;1119;1054
1053;1054;1119
1120;1118;1121
1120;1119;1118
1042;1064;1026
1027;1026;1064
1027;1064;1063
1065;1064;1042
1122;1116;1123
1123;1116;1117
1066;1032;1031
1066;1031;1062
1034;1032;1067
1067;1032;1066
1036;1033;1068
1034;1068;1033
1034;1067;1068
1069;1039;1035
1070;1036;1068
1037;1071;1035
1037;1036;1071
1035;1071;1069
1070;1071;1036
1040;1039;1072
1040;1072;1117
1069;1072;1039
1117;1124;1123
1117;1072;1124
1125;1126;1122
1125;1122;1123
1043;1047;1073
1043;1073;1042
1065;1042;1073
1044;1050;1074
1044;1074;1048
1047;1048;1075
1075;1048;1074
1075;1073;1047
1076;1065;1073
1074;1050;1077
1051;1053;1078
1051;1078;1050
1077;1050;1078
1119;1079;1053
1078;1053;1079
1121;1127;1128
1120;1121;1128
1080;1056;1055
1055;1063;1081
1080;1055;1081
1080;1082;1056
1057;1056;1082
1058;1057;1082
1058;1082;1059
1060;1083;1061
1059;1083;1060
1059;1082;1083
1080;1081;1084
1080;1084;1082
1061;1085;1062
1061;1083;1085
1062;1086;1066
1086;1062;1085
1087;1085;1083
1129;1130;1131
1065;1076;1088
1065;1088;1064
1063;1064;1089
1088;1089;1064
1089;1081;1063
1120;1128;1132
1120;1132;1119
1119;1132;1079
1125;1123;1133
1123;1124;1133
1134;1135;1136
1126;1137;1134
1125;1137;1126
1135;1134;1137
1125;1133;1137
1067;1066;1090
1090;1066;1086
1070;1068;1091
1068;1067;1091
1090;1091;1067
1069;1092;1072
1069;1071;1092
1092;1071;1093
1070;1093;1071
1070;1091;1093
1138;1072;1092
1124;1072;1138
1139;1133;1124
1139;1124;1138
1127;1130;1140
1129;1140;1130
1140;1128;1127
1077;1094;1074
1074;1094;1075
1075;1094;1073
1076;1073;1094
1076;1094;1095
1076;1095;1088
1095;1096;1088
1078;1079;1097
1077;1078;1097
1077;1097;1094
1141;1079;1132
1141;1097;1079
1128;1140;1142
1128;1142;1132
1143;1132;1142
1143;1141;1132
1098;1081;1089
1098;1084;1081
1084;1099;1082
1083;1082;1099
1087;1083;1099
1098;1100;1084
1084;1100;1099
1085;1101;1086
1087;1101;1085
1086;1102;1090
1102;1086;1101
1087;1103;1101
1087;1099;1103
1144;1145;1146
1146;1147;1131
1145;1147;1146
1129;1131;1147
1129;1147;1148
1129;1148;1140
1140;1148;1142
1149;1150;1144
1145;1144;1150
1096;1104;1088
1089;1088;1104
1098;1089;1104
1098;1104;1100
1105;1100;1104
1133;1151;1137
1133;1139;1151
1152;1153;1154
1136;1155;1152
1135;1155;1136
1153;1152;1155
1135;1137;1156
1135;1156;1155
1156;1137;1151
1157;1158;1159
1154;1160;1159
1153;1160;1154
1157;1159;1160
1091;1090;1106
1102;1106;1090
1107;1091;1106
1093;1091;1107
1138;1092;1161
1092;1093;1161
1107;1161;1093
1139;1162;1151
1138;1161;1162
1139;1138;1162
1097;1108;1094
1095;1094;1108
1095;1108;1096
1096;1108;1109
1096;1109;1104
1105;1104;1109
1163;1150;1149
1164;1163;1149
1141;1143;1165
1141;1165;1097
1097;1165;1108
1142;1148;1166
1143;1142;1166
1143;1166;1165
1105;1110;1100
1110;1111;1100
1100;1111;1099
1103;1099;1111
1101;1112;1102
1101;1103;1112
1102;1113;1106
1167;1106;1113
1113;1102;1112
1114;1103;1111
1114;1112;1103
1168;1167;1113
1169;1166;1148
1145;1150;1170
1145;1170;1147
1171;1148;1147
1171;1147;1170
1171;1169;1148
1172;1173;1164
1163;1164;1173
1163;1173;1174
1163;1174;1150
1175;1170;1150
1175;1150;1174
1105;1109;1115
1110;1105;1115
1176;1173;1172
1176;1172;1177
1151;1178;1156
1151;1162;1178
1153;1155;1179
1153;1179;1160
1179;1155;1180
1180;1155;1156
1180;1156;1178
1181;1182;1183
1158;1184;1181
1157;1184;1158
1182;1181;1184
1157;1160;1185
1157;1185;1184
1186;1185;1160
1186;1160;1179
1107;1187;1161
1107;1106;1187
1167;1187;1106
1162;1188;1178
1162;1161;1188
1188;1161;1187
1108;1165;1189
1109;1108;1189
1109;1189;1115
1166;1169;1190
1166;1190;1165
1190;1189;1165
1169;1191;1190
1167;1192;1187
1167;1168;1192
1110;1115;1193
1110;1193;1111
1193;1194;1111
1114;1111;1194
1112;1195;1113
1114;1195;1112
1114;1194;1195
1168;1113;1195
1168;1196;1192
1197;1196;1168
1197;1168;1195
1175;1198;1170
1171;1170;1198
1171;1198;1169
1191;1169;1198
1176;1199;1173
1174;1173;1200
1200;1173;1199
1200;1201;1174
1174;1201;1175
1175;1201;1198
1115;1189;1202
1115;1202;1193
1203;1189;1190
1203;1202;1189
1204;1205;1177
1176;1177;1205
1176;1205;1199
1206;1204;1207
1206;1205;1204
1208;1178;1188
1180;1209;1179
1180;1178;1209
1186;1179;1209
1178;1208;1209
1210;1211;1212
1213;1214;1215
1215;1216;1212
1214;1216;1215
1210;1212;1216
1183;1217;1213
1182;1217;1183
1214;1213;1217
1182;1184;1218
1182;1218;1217
1219;1218;1184
1219;1184;1185
1186;1220;1185
1186;1209;1220
1219;1185;1220
1208;1188;1221
1188;1187;1221
1192;1221;1187
1211;1222;1223
1210;1222;1211
1199;1205;1224
1225;1226;1227
1227;1228;1207
1226;1228;1227
1206;1207;1228
1191;1229;1190
1203;1190;1229
1198;1201;1230
1191;1198;1230
1191;1230;1229
1192;1231;1221
1231;1192;1196
1232;1231;1196
1193;1202;1233
1193;1233;1194
1194;1233;1234
1234;1195;1194
1197;1195;1234
1196;1235;1232
1197;1235;1196
1197;1234;1235
1224;1236;1199
1200;1199;1236
1200;1236;1201
1237;1201;1236
1237;1230;1201
1203;1238;1202
1202;1238;1233
1203;1229;1238
1239;1240;1241
1206;1228;1242
1206;1242;1205
1224;1205;1242
1241;1243;1225
1240;1243;1241
1226;1225;1243
1223;1244;1245
1244;1223;1222
1220;1209;1246
1208;1246;1209
1208;1221;1246
1210;1216;1247
1210;1247;1222
1214;1217;1248
1214;1248;1216
1247;1216;1249
1249;1216;1248
1248;1217;1250
1250;1217;1218
1219;1251;1218
1219;1220;1251
1250;1218;1251
1251;1220;1252
1252;1220;1246
1221;1253;1246
1253;1221;1231
1245;1254;1255
1244;1254;1245
1244;1222;1256
1244;1256;1254
1257;1256;1222
1257;1222;1247
1224;1242;1258
1224;1258;1236
1226;1243;1259
1226;1259;1228
1242;1228;1260
1260;1228;1259
1260;1258;1242
1261;1238;1229
1237;1262;1230
1230;1262;1229
1229;1262;1261
1231;1263;1253
1263;1231;1232
1264;1232;1235
1265;1263;1232
1265;1232;1264
1238;1266;1233
1238;1261;1266
1233;1266;1234
1267;1234;1266
1235;1234;1267
1264;1235;1267
1236;1258;1268
1237;1236;1268
1237;1268;1262
1269;1270;1271
1240;1272;1243
1271;1273;1239
1270;1273;1271
1240;1239;1273
1240;1273;1272
1274;1275;1269
1270;1269;1275
1259;1243;1276
1276;1243;1272
1255;1277;1278
1277;1255;1254
1252;1246;1279
1279;1246;1253
1249;1280;1247
1247;1280;1257
1250;1281;1248
1250;1251;1281
1249;1248;1281
1249;1281;1280
1281;1251;1282
1252;1282;1251
1252;1279;1282
1279;1253;1283
1263;1283;1253
1284;1285;1286
1278;1287;1284
1277;1287;1278
1285;1284;1287
1277;1254;1288
1277;1288;1287
1288;1254;1289
1289;1254;1256
1257;1290;1256
1257;1280;1290
1289;1256;1290
1291;1262;1268
1268;1258;1292
1268;1292;1291
1276;1293;1259
1259;1293;1260
1260;1293;1258
1293;1292;1258
1294;1266;1261
1291;1295;1262
1295;1261;1262
1294;1261;1295
1265;1296;1263
1263;1296;1283
1264;1297;1265
1265;1297;1296
1264;1267;1297
1294;1298;1266
1267;1266;1298
1267;1298;1297
1276;1272;1299
1276;1299;1293
1270;1275;1300
1270;1300;1273
1301;1272;1273
1301;1273;1300
1301;1299;1272
1302;1303;1274
1303;1275;1274
1304;1305;1302
1303;1302;1305
1306;1307;1304
1307;1305;1304
1300;1275;1308
1303;1305;1309
1303;1309;1275
1308;1275;1309
1310;1311;1312
1310;1313;1311
1286;1314;1312
1285;1314;1286
1310;1312;1314
1311;1313;1315
1315;1316;1317
1316;1315;1313
1318;1290;1280
1282;1279;1319
1319;1279;1283
1281;1320;1280
1282;1320;1281
1318;1280;1320
1320;1282;1319
1283;1321;1319
1321;1283;1296
1285;1287;1322
1285;1322;1314
1322;1287;1323
1323;1287;1288
1289;1324;1288
1289;1290;1324
1323;1288;1324
1290;1325;1324
1318;1325;1290
1326;1295;1291
1292;1327;1291
1326;1291;1327
1299;1328;1293
1292;1293;1328
1328;1327;1292
1326;1329;1295
1294;1295;1329
1294;1329;1298
1296;1330;1321
1331;1330;1296
1331;1296;1297
1331;1297;1332
1332;1297;1298
1333;1298;1329
1333;1332;1298
1334;1328;1299
1308;1335;1300
1300;1335;1301
1301;1335;1299
1334;1299;1335
1410;1336;1337
1338;1309;1305
1339;1340;1341
1307;1342;1305
1338;1305;1342
1341;1343;1306
1340;1343;1341
1307;1306;1343
1307;1343;1342
1337;1344;1339
1336;1344;1337
1340;1339;1344
1338;1345;1309
1309;1345;1308
1308;1345;1335
1346;1314;1322
1310;1314;1347
1310;1347;1313
1347;1314;1346
1348;1349;1411
1317;1350;1348
1316;1350;1317
1349;1348;1350
1316;1313;1351
1316;1351;1350
1352;1351;1313
1352;1313;1347
1318;1320;1353
1318;1353;1325
1320;1319;1353
1319;1321;1353
1354;1353;1321
1354;1321;1330
1325;1353;1355
1355;1353;1354
1323;1356;1322
1323;1324;1356
1346;1322;1356
1324;1357;1356
1325;1357;1324
1357;1325;1355
1358;1354;1330
1326;1327;1359
1326;1359;1329
1334;1360;1328
1328;1360;1327
1327;1360;1359
1359;1361;1329
1333;1329;1361
1358;1330;1362
1331;1362;1330
1331;1332;1362
1333;1361;1363
1333;1363;1332
1363;1362;1332
1345;1364;1335
1334;1335;1364
1334;1364;1360
1412;1413;1410
1336;1410;1413
1336;1413;1365
1336;1365;1344
1342;1366;1338
1338;1366;1345
1340;1344;1367
1340;1367;1343
1367;1344;1368
1368;1344;1365
1369;1342;1343
1369;1343;1367
1369;1366;1342
1370;1345;1366
1370;1364;1345
1346;1371;1347
1346;1356;1371
1352;1347;1371
1411;1414;1415
1349;1414;1411
1415;1416;1417
1416;1415;1414
1352;1372;1351
1352;1371;1372
1349;1350;1373
1349;1373;1414
1373;1350;1374
1374;1350;1351
1374;1351;1372
1354;1375;1355
1375;1354;1358
1357;1355;1376
1376;1355;1375
1371;1356;1377
1377;1356;1357
1377;1357;1376
1378;1372;1371
1378;1371;1377
1379;1358;1362
1358;1380;1375
1379;1380;1358
1375;1381;1376
1381;1375;1380
1418;1412;1419
1418;1413;1412
1420;1421;1419
1418;1419;1421
1422;1423;1420
1423;1421;1420
1424;1425;1422
1423;1422;1425
1382;1359;1360
1382;1361;1359
1360;1364;1383
1383;1382;1360
1361;1382;1384
1361;1384;1363
1363;1384;1385
1379;1362;1385
1363;1385;1362
1365;1413;1426
1418;1421;1427
1418;1427;1413
1426;1413;1427
1370;1386;1364
1386;1383;1364
1370;1366;1387
1370;1387;1386
1426;1388;1365
1365;1388;1368
1368;1389;1367
1368;1388;1389
1367;1389;1369
1369;1389;1366
1389;1387;1366
1417;1428;1429
1416;1428;1417
1430;1431;1432
1429;1433;1430
1433;1429;1428
1433;1431;1430
1434;1414;1373
1416;1414;1435
1416;1435;1428
1435;1414;1434
1378;1390;1372
1374;1391;1373
1374;1372;1391
1434;1373;1391
1372;1390;1391
1378;1377;1392
1378;1392;1390
1377;1376;1392
1376;1381;1392
1379;1393;1380
1379;1385;1393
1381;1394;1392
1394;1381;1395
1380;1395;1381
1380;1393;1395
1436;1437;1424
1437;1425;1424
1427;1421;1438
1423;1425;1439
1423;1439;1421
1438;1421;1439
1440;1441;1442
1441;1443;1436
1440;1443;1441
1437;1436;1443
1437;1443;1444
1437;1444;1425
1439;1425;1445
1445;1425;1444
1446;1447;1448
1448;1449;1442
1447;1449;1448
1440;1442;1449
1382;1383;1396
1396;1384;1382
1386;1397;1383
1397;1396;1383
1396;1398;1384
1398;1385;1384
1399;1385;1398
1393;1385;1399
1438;1450;1427
1426;1427;1450
1426;1450;1388
1386;1387;1400
1400;1397;1386
1389;1388;1401
1387;1389;1401
1401;1400;1387
1450;1451;1388
1401;1388;1451
1402;1397;1400
1452;1453;1454
1455;1456;1452
1453;1452;1456
1432;1457;1455
1457;1432;1431
1457;1456;1455
1433;1428;1458
1433;1458;1431
1458;1428;1459
1459;1428;1435
1457;1431;1460
1457;1460;1456
1460;1431;1461
1461;1431;1458
1434;1462;1435
1434;1391;1462
1459;1435;1462
1390;1392;1403
1403;1392;1394
1391;1404;1462
1404;1391;1390
1404;1390;1403
1454;1463;1464
1453;1463;1454
1464;1465;1466
1465;1464;1463
1453;1456;1467
1453;1467;1463
1468;1467;1456
1468;1456;1460
1469;1403;1394
1470;1403;1469
1393;1405;1395
1393;1399;1405
1395;1406;1394
1406;1395;1405
1469;1394;1406
1471;1469;1406
1445;1472;1439
1439;1472;1438
1438;1472;1450
1472;1473;1450
1473;1451;1450
1440;1449;1474
1440;1474;1443
1444;1443;1475
1475;1443;1474
1475;1476;1444
1445;1444;1476
1445;1476;1472
1477;1478;1446
1447;1446;1478
1479;1480;1477
1480;1478;1477
1447;1478;1481
1447;1481;1449
1474;1449;1482
1482;1449;1481
1402;1407;1397
1397;1407;1396
1396;1407;1398
1408;1398;1407
1408;1399;1398
1409;1405;1399
1409;1399;1408
1451;1483;1401
1401;1483;1400
1402;1400;1483
1473;1484;1451
1483;1451;1484
1483;1484;1485
1402;1483;1485
1402;1485;1407
1459;1486;1458
1459;1462;1486
1461;1458;1486
1461;1487;1460
1461;1486;1487
1460;1487;1468
1466;1488;1489
1465;1488;1466
1490;1491;1489
1490;1489;1488
1462;1492;1486
1404;1492;1462
1404;1403;1492
1470;1492;1403
1493;1463;1467
1465;1463;1494
1465;1494;1488
1494;1463;1493
1487;1486;1495
1495;1486;1492
1495;1492;1496
1470;1496;1492
1468;1497;1467
1468;1487;1497
1467;1497;1493
1470;1498;1496
1470;1469;1498
1471;1498;1469
1406;1405;1499
1471;1406;1499
1409;1499;1405
1471;1500;1498
1500;1471;1499
1491;1501;1502
1490;1501;1491
1476;1503;1472
1473;1472;1503
1473;1503;1484
1504;1505;1506
1506;1507;1479
1505;1507;1506
1480;1479;1507
1482;1508;1474
1475;1474;1508
1475;1508;1476
1509;1476;1508
1509;1503;1476
1481;1478;1510
1480;1507;1511
1480;1511;1478
1510;1478;1511
1510;1512;1481
1482;1481;1512
1482;1512;1508
1485;1513;1407
1513;1408;1407
1408;1513;1514
1409;1514;1499
1409;1408;1514
1515;1484;1503
1515;1516;1484
1516;1485;1484
1485;1516;1513
1517;1499;1514
1518;1497;1487
1518;1487;1495
1519;1488;1494
1490;1488;1520
1490;1520;1501
1519;1520;1488
1498;1521;1496
1498;1500;1521
1493;1522;1494
1493;1497;1522
1494;1522;1519
1518;1495;1523
1495;1496;1523
1496;1521;1523
1497;1524;1522
1518;1524;1497
1518;1523;1524
1525;1526;1502
1525;1502;1501
1527;1500;1499
1517;1527;1499
1500;1528;1521
1527;1528;1500
1529;1501;1520
1530;1531;1532
1526;1533;1534
1525;1533;1526
1525;1501;1535
1525;1535;1533
1529;1535;1501
1532;1534;1536
1536;1534;1533
1530;1532;1536
1509;1537;1503
1515;1503;1537
1538;1539;1504
1505;1504;1539
1540;1541;1538
1541;1539;1538
1505;1539;1542
1505;1542;1507
1511;1507;1543
1543;1507;1542
1512;1544;1508
1509;1508;1544
1509;1544;1537
1543;1545;1511
1511;1545;1510
1510;1545;1512
1546;1512;1545
1546;1544;1512
1547;1548;1540
1541;1540;1548
1549;1548;1547
1550;1549;1547
1513;1516;1551
1513;1551;1514
1552;1514;1551
1517;1514;1552
1515;1537;1553
1515;1553;1516
1516;1553;1551
1527;1554;1528
1517;1552;1554
1527;1517;1554
1519;1555;1520
1519;1522;1555
1529;1520;1555
1521;1556;1523
1521;1528;1556
1522;1557;1555
1557;1522;1524
1524;1558;1557
1524;1523;1558
1558;1523;1556
1531;1559;1560
1530;1559;1531
1560;1561;1562
1561;1560;1559
1528;1563;1556
1528;1554;1563
1529;1564;1535
1529;1555;1564
1565;1535;1564
1536;1566;1530
1530;1566;1559
1533;1567;1536
1533;1535;1567
1566;1536;1567
1565;1567;1535
1537;1544;1568
1568;1553;1537
1542;1539;1569
1541;1548;1570
1541;1570;1539
1569;1539;1570
1569;1571;1542
1543;1542;1571
1543;1571;1545
1546;1572;1544
1572;1568;1544
1545;1571;1573
1546;1545;1573
1546;1573;1572
1570;1548;1574
1549;1575;1548
1574;1548;1575
1576;1577;1550
1549;1550;1577
1549;1577;1575
1578;1577;1576
1579;1578;1576
1551;1553;1580
1551;1580;1552
1552;1580;1581
1581;1554;1552
1582;1553;1568
1582;1580;1553
1583;1563;1554
1583;1554;1581
1584;1564;1555
1584;1555;1557
1556;1585;1558
1585;1556;1563
1586;1585;1563
1586;1563;1583
1584;1557;1587
1557;1558;1587
1558;1585;1587
1561;1559;1588
1589;1588;1559
1589;1559;1566
1562;1590;1591
1561;1590;1562
1561;1588;1590
1592;1593;1591
1592;1591;1590
1565;1564;1594
1564;1584;1594
1584;1587;1594
1566;1567;1595
1565;1595;1567
1589;1566;1595
1565;1594;1595
1596;1590;1588
1593;1597;1598
1592;1597;1593
1599;1598;1600
1600;1598;1597
1572;1601;1568
1582;1568;1601
1574;1602;1570
1570;1602;1569
1569;1602;1571
1571;1602;1603
1573;1571;1603
1603;1604;1573
1572;1573;1604
1604;1601;1572
1574;1575;1605
1574;1605;1602
1575;1577;1606
1606;1605;1575
1578;1607;1577
1606;1577;1607
1608;1609;1579
1578;1579;1609
1578;1609;1607
1610;1608;1611
1610;1609;1608
1612;1613;1611
1610;1611;1613
1614;1612;1670
1614;1613;1612
1615;1581;1580
1583;1581;1616
1615;1616;1581
1582;1601;1617
1582;1617;1580
1615;1580;1617
1618;1599;1600
1618;1671;1599
1619;1586;1583
1619;1583;1616
1585;1620;1587
1620;1585;1586
1586;1621;1620
1619;1621;1586
1587;1622;1594
1622;1587;1620
1589;1623;1588
1589;1595;1623
1596;1588;1623
1592;1590;1624
1592;1624;1597
1596;1624;1590
1623;1595;1625
1595;1594;1625
1625;1594;1622
1596;1626;1624
1596;1623;1626
1597;1627;1600
1597;1624;1627
1628;1624;1626
1628;1627;1624
1618;1600;1629
1629;1600;1627
1671;1672;1673
1618;1672;1671
1618;1629;1672
1601;1604;1630
1601;1630;1617
1631;1617;1630
1602;1605;1632
1603;1602;1632
1632;1633;1603
1604;1603;1633
1604;1633;1630
1634;1632;1605
1674;1675;1670
1614;1670;1675
1676;1677;1674
1677;1675;1674
1606;1607;1635
1606;1635;1605
1635;1634;1605
1607;1609;1636
1636;1635;1607
1610;1613;1637
1610;1637;1609
1636;1609;1637
1637;1613;1638
1614;1675;1678
1614;1678;1613
1638;1613;1678
1679;1680;1681
1681;1682;1676
1680;1682;1681
1677;1676;1682
1678;1675;1683
1684;1685;1686
1685;1687;1679
1684;1687;1685
1680;1679;1687
1619;1639;1621
1619;1616;1639
1631;1640;1617
1615;1617;1640
1615;1640;1616
1641;1639;1616
1641;1616;1640
1688;1673;1672
1688;1689;1673
1621;1639;1642
1643;1622;1620
1621;1642;1643
1643;1620;1621
1644;1625;1622
1644;1622;1643
1626;1623;1645
1645;1623;1625
1645;1625;1646
1644;1646;1625
1628;1626;1647
1645;1647;1626
1645;1646;1647
1629;1627;1648
1628;1648;1627
1628;1647;1648
1690;1672;1629
1690;1629;1648
1688;1672;1691
1690;1691;1672
1630;1633;1649
1631;1630;1649
1631;1649;1650
1631;1650;1640
1634;1651;1632
1632;1651;1633
1633;1651;1649
1634;1635;1652
1634;1652;1651
1677;1682;1692
1677;1692;1675
1683;1675;1692
1638;1653;1637
1636;1637;1653
1636;1653;1635
1653;1652;1635
1683;1693;1678
1638;1678;1693
1638;1693;1653
1693;1654;1653
1654;1652;1653
1680;1687;1694
1680;1694;1682
1692;1682;1695
1695;1682;1694
1695;1696;1692
1692;1696;1683
1683;1696;1693
1684;1697;1687
1698;1699;1686
1684;1686;1699
1684;1699;1697
1700;1699;1698
1701;1700;1698
1694;1687;1702
1702;1687;1697
1639;1655;1642
1641;1655;1639
1650;1656;1640
1641;1640;1656
1641;1656;1655
1703;1704;1705
1689;1706;1703
1688;1706;1689
1704;1703;1706
1688;1691;1706
1657;1642;1655
1643;1658;1644
1644;1658;1646
1643;1642;1658
1642;1657;1658
1659;1646;1658
1647;1646;1660
1659;1660;1646
1648;1647;1707
1707;1647;1660
1708;1709;1710
1690;1711;1691
1690;1648;1711
1711;1648;1707
1712;1706;1691
1712;1691;1711
1705;1713;1710
1704;1713;1705
1708;1710;1713
1709;1714;1715
1708;1714;1709
1716;1715;1714
1715;1716;1717
1661;1656;1650
1649;1651;1662
1649;1662;1650
1661;1650;1662
1663;1651;1652
1663;1662;1651
1654;1664;1652
1664;1663;1652
1696;1718;1693
1654;1693;1718
1654;1718;1664
1702;1719;1694
1694;1719;1695
1695;1719;1696
1720;1696;1719
1720;1718;1696
1697;1721;1702
1702;1721;1719
1697;1699;1722
1722;1721;1697
1700;1723;1699
1722;1699;1723
1724;1725;1701
1700;1701;1725
1700;1725;1723
1726;1725;1724
1727;1726;1724
1665;1657;1655
1661;1666;1656
1665;1655;1666
1656;1666;1655
1704;1706;1728
1704;1728;1713
1728;1706;1712
1667;1657;1665
1668;1658;1657
1659;1658;1668
1667;1668;1657
1659;1729;1660
1659;1668;1729
1730;1707;1660
1730;1660;1729
1731;1711;1707
1731;1707;1730
1708;1713;1732
1708;1732;1714
1712;1733;1728
1712;1711;1733
1711;1731;1733
1732;1713;1734
1734;1713;1728
1728;1733;1734
1735;1714;1732
1716;1714;1736
1736;1714;1735
1737;1738;1739
1717;1740;1739
1716;1740;1717
1737;1739;1740
1716;1736;1740
1661;1662;1669
1661;1669;1666
1663;1664;1741
1663;1741;1662
1669;1662;1741
1742;1664;1718
1742;1741;1664
1720;1743;1718
1742;1718;1743
1721;1744;1719
1720;1719;1744
1720;1744;1743
1745;1744;1721
1722;1723;1746
1722;1746;1721
1745;1721;1746
1723;1725;1747
1747;1746;1723
1748;1749;1750
1726;1751;1725
1747;1725;1751
1750;1752;1727
1749;1752;1750
1726;1727;1752
1726;1752;1751
1665;1666;1753
1665;1753;1667
1754;1666;1669
1754;1753;1666
1667;1755;1668
1667;1753;1755
1756;1729;1668
1756;1668;1755
1757;1730;1729
1729;1756;1757
1758;1733;1731
1758;1731;1759
1759;1731;1730
1730;1757;1759
1734;1760;1732
1734;1733;1760
1732;1760;1735
1758;1760;1733
1735;1761;1736
1735;1760;1761
1762;1740;1736
1736;1761;1762
1763;1764;1765
1738;1766;1765
1737;1766;1738
1763;1765;1766
1737;1740;1767
1737;1767;1766
1762;1767;1740
1764;1768;1769
1763;1768;1764
1669;1741;1770
1754;1669;1770
1742;1743;1771
1742;1771;1741
1771;1770;1741
1772;1773;1748
1749;1748;1773
1774;1775;1772
1775;1773;1772
1743;1744;1776
1776;1771;1743
1745;1777;1744
1777;1776;1744
1745;1746;1778
1745;1778;1777
1747;1751;1779
1747;1779;1746
1746;1779;1778
1749;1773;1780
1749;1780;1752
1751;1752;1781
1781;1752;1780
1781;1779;1751
1782;1783;1784
1784;1785;1774
1783;1785;1784
1775;1774;1785
1780;1773;1786
1787;1788;1782
1783;1782;1788
1789;1788;1787
1790;1789;1787
1791;1755;1753
1754;1770;1792
1754;1792;1753
1791;1753;1792
1769;1793;1794
1793;1769;1768
1795;1756;1755
1791;1795;1755
1757;1756;1796
1756;1795;1796
1759;1757;1797
1757;1796;1797
1760;1798;1761
1758;1798;1760
1758;1759;1798
1759;1797;1798
1799;1761;1798
1762;1800;1767
1762;1761;1800
1761;1799;1800
1763;1766;1801
1763;1801;1768
1801;1766;1802
1802;1766;1767
1802;1767;1800
1803;1804;1805
1794;1806;1803
1793;1806;1794
1804;1803;1806
1793;1768;1807
1793;1807;1806
1807;1768;1808
1808;1768;1801
1809;1771;1776
1809;1810;1771
1770;1771;1810
1770;1810;1792
1775;1785;1811
1775;1811;1773
1786;1773;1811
1776;1777;1812
1809;1776;1812
1777;1778;1813
1813;1812;1777
1778;1779;1814
1814;1813;1778
1786;1815;1780
1781;1780;1815
1781;1815;1779
1815;1814;1779
1783;1788;1816
1783;1816;1785
1811;1785;1817
1817;1785;1816
1817;1818;1811
1786;1811;1818
1786;1818;1815
1816;1788;1819
1820;1821;1822
1789;1823;1788
1819;1788;1823
1822;1824;1790
1821;1824;1822
1789;1790;1824
1789;1824;1823
1825;1826;1827
1827;1828;1820
1826;1828;1827
1821;1820;1828
1791;1829;1795
1791;1792;1829
1830;1792;1810
1830;1829;1792
1805;1831;1832
1804;1831;1805
1832;1833;1834
1833;1832;1831
1835;1796;1795
1795;1829;1835
1836;1797;1796
1796;1835;1836
1837;1838;1839
1834;1840;1837
1833;1840;1834
1838;1837;1840
1799;1798;1841
1797;1841;1798
1797;1836;1841
1799;1842;1800
1799;1841;1842
1802;1843;1801
1802;1800;1843
1801;1843;1808
1800;1842;1843
1804;1806;1844
1804;1844;1831
1844;1806;1845
1845;1806;1807
1808;1846;1807
1808;1843;1846
1807;1846;1845
1809;1812;1847
1809;1847;1810
1848;1810;1847
1830;1810;1848
1812;1813;1849
1812;1849;1847
1813;1814;1850
1813;1850;1849
1818;1851;1815
1814;1815;1851
1851;1850;1814
1819;1852;1816
1816;1852;1817
1817;1852;1818
1853;1818;1852
1853;1851;1818
1823;1854;1819
1819;1854;1852
1821;1828;1855
1821;1855;1824
1823;1824;1856
1856;1824;1855
1856;1854;1823
1857;1858;1825
1826;1825;1858
1859;1860;1857
1860;1858;1857
1826;1858;1861
1826;1861;1828
1855;1828;1862
1862;1828;1861
1829;1863;1835
1830;1863;1829
1830;1848;1863
1864;1863;1848
1833;1831;1865
1833;1865;1840
1866;1865;1831
1866;1831;1844
1867;1841;1836
1868;1869;1870
1839;1871;1868
1838;1871;1839
1869;1868;1871
1867;1836;1872
1836;1835;1872
1835;1863;1872
1838;1840;1873
1838;1873;1871
1873;1840;1874
1874;1840;1865
1842;1841;1875
1867;1875;1841
1846;1843;1876
1876;1843;1842
1842;1875;1876
1845;1877;1844
1845;1846;1877
1844;1877;1866
1878;1877;1846
1878;1846;1876
1879;1847;1849
1879;1880;1847
1880;1848;1847
1864;1848;1880
1849;1850;1881
1879;1849;1881
1853;1882;1851
1851;1882;1850
1850;1882;1881
1854;1883;1852
1853;1852;1883
1853;1883;1882
1884;1883;1854
1862;1885;1855
1855;1885;1856
1856;1885;1854
1885;1884;1854
1949;1950;1951
1951;1886;1859
1950;1886;1951
1860;1859;1886
1861;1858;1887
1860;1886;1888
1860;1888;1858
1887;1858;1888
1887;1889;1861
1862;1861;1889
1862;1889;1885
1890;1872;1863
1864;1890;1863
1864;1880;1891
1864;1891;1890
1866;1892;1865
1866;1877;1892
1874;1865;1892
1867;1893;1875
1867;1872;1893
1870;1894;1895
1869;1894;1870
1896;1895;1894
1896;1897;1895
1869;1871;1898
1869;1898;1894
1898;1871;1899
1899;1871;1873
1900;1872;1890
1893;1872;1900
1874;1901;1873
1874;1892;1901
1873;1901;1899
1878;1876;1902
1876;1875;1902
1875;1893;1902
1877;1903;1892
1878;1903;1877
1878;1902;1903
1952;1953;1954
1955;1956;1957
1957;1958;1949
1956;1958;1957
1950;1949;1958
1879;1881;1904
1879;1904;1880
1880;1904;1891
1881;1882;1905
1881;1905;1904
1906;1882;1883
1906;1905;1882
1884;1907;1883
1906;1883;1907
1889;1908;1885
1884;1885;1908
1884;1908;1907
1950;1958;1959
1950;1959;1886
1888;1886;1909
1909;1886;1959
1909;1910;1888
1888;1910;1887
1887;1910;1889
1911;1889;1910
1911;1908;1889
1890;1912;1900
1891;1912;1890
1913;1891;1904
1913;1912;1891
1892;1914;1901
1914;1892;1903
1915;1902;1893
1893;1900;1915
1916;1894;1898
1896;1894;1917
1916;1917;1894
1897;1918;1960
1896;1918;1897
1896;1917;1918
1960;1961;1962
1961;1960;1918
1962;1963;1952
1961;1963;1962
1953;1952;1963
1899;1919;1898
1899;1901;1919
1898;1919;1916
1920;1918;1917
1964;1965;1966
1954;1967;1964
1953;1967;1954
1965;1964;1967
1921;1915;1900
1921;1900;1912
1901;1922;1919
1914;1922;1901
1914;1903;1923
1914;1923;1922
1903;1902;1923
1902;1915;1923
1924;1921;1912
1953;1963;1968
1953;1968;1967
1969;1970;1971
1971;1972;1955
1970;1972;1971
1956;1955;1972
1956;1972;1973
1956;1973;1958
1974;1959;1958
1974;1958;1973
1904;1905;1925
1913;1904;1925
1906;1907;1926
1906;1926;1905
1926;1925;1905
1907;1908;1927
1907;1927;1926
1911;1928;1908
1928;1927;1908
1974;1975;1959
1909;1959;1975
1909;1975;1910
1910;1975;1929
1911;1910;1929
1911;1929;1928
1913;1925;1930
1913;1930;1912
1924;1912;1930
1931;1923;1915
1915;1921;1931
1916;1932;1917
1916;1919;1932
1917;1932;1920
1976;1968;1963
1961;1918;1977
1961;1977;1963
1977;1918;1920
1976;1963;1977
1919;1933;1932
1933;1919;1922
1920;1978;1977
1920;1932;1978
1976;1977;1978
1934;1978;1932
1934;1932;1933
1979;1980;1981
1966;1982;1981
1965;1982;1966
1979;1981;1982
1965;1967;1983
1965;1983;1982
1983;1967;1984
1984;1967;1968
1935;1931;1921
1924;1935;1921
1922;1936;1933
1922;1923;1936
1923;1931;1936
1937;1936;1931
1937;1931;1935
1924;1938;1935
1924;1930;1938
1976;1985;1968
1976;1978;1985
1984;1968;1985
1986;1987;1988
1987;1989;1969
1986;1989;1987
1970;1969;1989
1970;1989;1990
1970;1990;1972
1973;1972;1991
1991;1972;1990
1992;1993;1988
1986;1988;1993
1994;1992;1995
1994;1993;1992
1995;1996;1997
1994;1995;1997
1991;1998;1973
1973;1998;1974
1974;1998;1975
1925;1926;1939
1925;1939;1930
1940;1926;1927
1940;1939;1926
1928;1941;1927
1940;1927;1941
1929;1999;1928
1999;1941;1928
1975;1998;2000
1929;1975;2000
2000;1999;1929
1942;1930;1939
1942;1938;1930
1943;1942;1939
1934;1933;1944
1933;1936;1944
1978;2001;1985
1934;2001;1978
1934;1944;2001
1979;1982;2002
2002;1982;2003
2003;1982;1983
1980;2004;2005
1979;2004;1980
1979;2002;2004
2005;2006;2007
2006;2005;2004
2008;2009;2010
2007;2011;2008
2006;2011;2007
2009;2008;2011
1984;2012;1983
1984;1985;2012
2003;1983;2012
1945;1938;1942
1937;1935;1946
1935;1938;1946
1945;1946;1938
1944;1936;1947
1937;1947;1936
1937;1946;1947
1985;2013;2012
2013;1985;2001
1986;1993;2014
1986;2014;1989
1990;1989;2015
2015;1989;2014
2015;2016;1990
1991;1990;2016
1991;2016;1998
1997;2017;1994
1994;2017;1993
2018;2014;1993
2018;1993;2017
2019;2020;1996
1997;1996;2020
2020;2021;1997
2017;1997;2021
2022;2019;2023
2022;2020;2019
2024;2025;2026
2026;2027;2023
2025;2027;2026
2022;2023;2027
2010;2028;2029
2009;2028;2010
2030;1998;2016
2030;2000;1998
1940;1941;1948
1940;1948;1939
1943;1939;1948
1941;1999;2031
1941;2031;1948
2030;2032;2000
2000;2032;1999
1999;2032;2031
1945;1942;2033
1943;2033;1942
1943;1948;2034
1943;2034;2033
2035;1944;1947
2001;2036;2013
2001;1944;2036
2035;2036;1944
2037;2004;2002
2003;2038;2002
2003;2012;2038
2037;2002;2038
2006;2004;2039
2006;2039;2011
2039;2004;2037
2009;2011;2040
2009;2040;2028
2040;2011;2041
2041;2011;2039
2038;2012;2042
2042;2012;2013
1945;2043;1946
1945;2033;2043
2035;1947;2044
1947;1946;2044
2043;2044;1946
2013;2045;2042
2036;2045;2013
2046;2029;2028
2046;2047;2029
2046;2028;2048
2047;2049;2050
2046;2049;2047
2046;2048;2049
2051;2050;2049
2051;2052;2050
2018;2053;2014
2014;2053;2015
2015;2053;2016
2016;2053;2054
2030;2016;2054
2030;2054;2032
2017;2021;2055
2018;2017;2055
2018;2055;2053
2022;2027;2056
2022;2056;2020
2021;2020;2056
2057;2021;2056
2057;2055;2021
2025;2058;2027
2059;2060;2024
2025;2024;2060
2025;2060;2058
2061;2062;2059
2062;2060;2059
2063;2064;2061
2062;2061;2064
2065;2063;2066
2065;2064;2063
2067;2056;2027
2067;2027;2058
2048;2028;2068
2068;2028;2040
2069;1948;2031
2034;1948;2069
2054;2070;2032
2070;2071;2032
2071;2031;2032
2031;2071;2069
2033;2072;2043
2072;2033;2034
2034;2069;2073
2034;2073;2072
2036;2074;2045
2035;2074;2036
2035;2044;2074
2075;2043;2072
2076;2038;2042
2037;2077;2039
2037;2038;2077
2039;2077;2041
2076;2077;2038
2041;2078;2040
2041;2077;2078
2040;2078;2068
2076;2042;2079
2079;2042;2045
2044;2080;2074
2044;2043;2080
2075;2080;2043
2045;2081;2079
2074;2081;2045
2074;2080;2081
2082;2049;2048
2051;2049;2083
2083;2049;2082
2068;2084;2048
2068;2078;2084
2082;2048;2084
2085;2086;2087
2088;2089;2090
2052;2091;2088
2051;2091;2052
2089;2088;2091
2051;2083;2091
2090;2092;2085
2089;2092;2090
2086;2085;2092
2093;2094;2095
2055;2096;2053
2054;2053;2096
2054;2096;2070
2097;2070;2096
2057;2098;2055
2098;2096;2055
2067;2099;2056
2057;2056;2099
2057;2099;2098
2058;2100;2067
2067;2100;2099
2101;2058;2060
2101;2100;2058
2062;2064;2102
2062;2102;2060
2101;2060;2102
2094;2103;2066
2093;2103;2094
2065;2066;2103
2102;2064;2104
2065;2103;2105
2065;2105;2064
2104;2064;2105
2071;2106;2069
2073;2069;2106
2097;2107;2070
2107;2071;2070
2107;2106;2071
2108;2107;2097
2075;2072;2109
2109;2072;2073
2106;2110;2073
2073;2110;2109
2075;2111;2080
2075;2109;2111
2077;2112;2078
2076;2112;2077
2076;2079;2112
2113;2084;2078
2113;2078;2112
2079;2114;2112
2114;2079;2081
2081;2115;2114
2081;2080;2115
2111;2115;2080
2116;2091;2083
2089;2091;2117
2089;2117;2092
2117;2091;2116
2082;2118;2083
2082;2084;2118
2116;2083;2118
2084;2119;2118
2113;2119;2084
2086;2092;2120
2087;2121;2122
2086;2121;2087
2086;2120;2121
2123;2124;2122
2123;2122;2121
2120;2092;2125
2125;2092;2117
2126;2127;2095
2093;2095;2127
2128;2129;2126
2129;2127;2126
2093;2127;2130
2093;2130;2103
2098;2131;2096
2097;2096;2131
2097;2131;2108
2099;2100;2132
2099;2132;2098
2132;2131;2098
2133;2132;2100
2104;2134;2102
2101;2102;2134
2101;2134;2100
2133;2100;2134
2105;2103;2135
2135;2103;2130
2135;2136;2105
2105;2136;2104
2104;2136;2134
2137;2138;2128
2129;2128;2138
2139;2140;2137
2140;2138;2137
2108;2141;2107
2107;2141;2106
2106;2141;2110
2108;2131;2142
2108;2142;2141
2109;2143;2111
2143;2109;2110
2110;2141;2144
2110;2144;2143
2145;2115;2111
2111;2143;2145
2113;2112;2146
2113;2146;2119
2146;2112;2114
2114;2147;2146
2147;2114;2115
2115;2145;2147
2116;2148;2117
2116;2118;2148
2117;2148;2125
2149;2119;2146
2118;2150;2148
2150;2118;2119
2119;2149;2150
2125;2151;2120
2125;2148;2151
2152;2121;2120
2120;2151;2152
2123;2121;2153
2152;2153;2121
2124;2154;2155
2123;2154;2124
2123;2153;2154
2156;2157;2155
2156;2155;2154
2130;2127;2158
2129;2138;2159
2129;2159;2127
2158;2127;2159
2158;2160;2130
2135;2130;2160
2135;2160;2136
2133;2161;2132
2132;2161;2131
2131;2161;2142
2136;2162;2134
2133;2134;2162
2133;2162;2161
2160;2163;2136
2163;2162;2136
2164;2165;2231
2165;2166;2139
2164;2166;2165
2140;2139;2166
2159;2138;2167
2140;2166;2168
2140;2168;2138
2167;2138;2168
2169;2141;2142
2169;2144;2141
2142;2161;2170
2142;2170;2169
2171;2144;2169
2145;2143;2172
2171;2172;2144
2143;2144;2172
2173;2147;2145
2173;2145;2172
2174;2146;2147
2149;2146;2174
2173;2174;2147
2175;2149;2174
2176;2172;2171
2151;2148;2177
2177;2148;2150
2177;2150;2178
2150;2149;2178
2175;2178;2149
2179;2151;2177
2152;2180;2153
2152;2151;2180
2179;2180;2151
2181;2154;2153
2181;2153;2180
2182;2157;2183
2156;2183;2157
2156;2154;2184
2156;2184;2183
2181;2184;2154
2185;2182;2186
2186;2182;2183
2187;2232;2185
2187;2185;2186
2167;2188;2159
2158;2159;2188
2158;2188;2160
2188;2189;2160
2163;2160;2189
2190;2161;2162
2190;2170;2161
2163;2189;2191
2163;2191;2162
2191;2190;2162
2233;2234;2235
2234;2236;2231
2233;2236;2234
2164;2231;2236
2164;2236;2237
2164;2237;2166
2168;2166;2192
2192;2166;2237
2235;2238;2239
2233;2235;2239
2192;2193;2168
2168;2193;2167
2167;2193;2188
2240;2241;2242
2238;2241;2243
2240;2243;2241
2239;2238;2243
2169;2170;2194
2169;2194;2171
2170;2190;2195
2195;2194;2170
2194;2196;2171
2176;2171;2196
2173;2197;2174
2175;2174;2197
2173;2172;2197
2176;2197;2172
2175;2198;2178
2175;2197;2198
2176;2199;2197
2199;2176;2196
2179;2177;2200
2178;2200;2177
2178;2198;2200
2244;2245;2246
2232;2247;2246
2187;2247;2232
2244;2246;2247
2179;2201;2180
2179;2200;2201
2181;2202;2184
2181;2180;2202
2202;2180;2201
2183;2203;2186
2183;2184;2203
2187;2186;2204
2187;2204;2247
2204;2186;2203
2205;2184;2202
2205;2203;2184
2248;2249;2250
2245;2251;2248
2244;2251;2245
2249;2248;2251
2191;2189;2206
2193;2207;2188
2189;2188;2207
2207;2206;2189
2206;2208;2191
2191;2208;2190
2208;2195;2190
2209;2208;2206
2233;2239;2252
2233;2252;2236
2237;2236;2253
2253;2236;2252
2253;2254;2237
2192;2237;2254
2192;2254;2193
2243;2255;2239
2252;2239;2255
2254;2210;2193
2207;2193;2210
2256;2257;2242
2240;2242;2257
2240;2257;2258
2240;2258;2243
2243;2258;2255
2195;2211;2194
2211;2196;2194
2209;2212;2208
2195;2208;2212
2212;2211;2195
2199;2196;2213
2214;2196;2211
2213;2196;2214
2198;2215;2200
2215;2198;2216
2198;2197;2216
2199;2216;2197
2199;2213;2216
2201;2200;2217
2217;2200;2215
2244;2247;2259
2244;2259;2251
2259;2247;2260
2260;2247;2204
2205;2202;2218
2202;2201;2218
2201;2217;2218
2204;2203;2219
2203;2205;2219
2260;2204;2219
2205;2218;2219
2261;2262;2263
2250;2264;2261
2249;2264;2250
2262;2261;2264
2249;2251;2265
2249;2265;2264
2265;2251;2266
2266;2251;2259
2263;2267;2268
2262;2267;2263
2268;2269;2270
2269;2268;2267
2220;2217;2215
2210;2221;2207
2206;2207;2221
2221;2209;2206
2222;2212;2209
2209;2221;2223
2222;2209;2223
2271;2256;2272
2271;2257;2256
2252;2255;2273
2253;2252;2273
2253;2273;2254
2274;2254;2273
2274;2210;2254
2275;2255;2258
2275;2273;2255
2274;2276;2210
2210;2276;2221
2221;2276;2223
2277;2278;2279
2279;2280;2272
2278;2280;2279
2271;2272;2280
2271;2280;2281
2271;2281;2257
2282;2258;2257
2282;2257;2281
2282;2283;2258
2275;2258;2283
2222;2224;2212
2212;2224;2211
2214;2211;2224
2213;2225;2216
2213;2214;2225
2226;2225;2214
2226;2214;2224
2227;2226;2224
2215;2216;2228
2220;2215;2228
2225;2228;2216
2217;2229;2218
2220;2229;2217
2260;2284;2259
2260;2219;2284
2266;2259;2284
2284;2219;2285
2219;2218;2285
2285;2218;2229
2262;2264;2286
2262;2286;2267
2286;2264;2287
2287;2264;2265
2266;2288;2265
2266;2284;2288
2287;2265;2288
2270;2289;2290
2269;2289;2270
2290;2291;2292
2291;2290;2289
2293;2267;2286
2269;2267;2294
2269;2294;2289
2294;2267;2293
2220;2295;2229
2220;2228;2295
2292;2296;2297
2291;2296;2292
2298;2299;2297
2298;2297;2296
2300;2301;2302
2299;2303;2300
2298;2303;2299
2301;2300;2303
2222;2223;2304
2222;2304;2224
2305;2223;2276
2223;2305;2304
2306;2307;2308
2307;2309;2277
2306;2309;2307
2278;2277;2309
2283;2310;2275
2275;2310;2273
2273;2310;2274
2274;2310;2276
2311;2276;2310
2311;2305;2276
2278;2309;2312
2278;2312;2280
2313;2281;2280
2313;2280;2312
2314;2315;2316
2316;2317;2308
2315;2317;2316
2306;2308;2317
2313;2318;2281
2282;2281;2318
2282;2318;2283
2283;2318;2319
2283;2319;2310
2320;2224;2304
2227;2224;2320
2225;2230;2228
2226;2230;2225
2227;2230;2226
2227;2321;2230
2227;2320;2321
2295;2228;2322
2322;2228;2230
2229;2323;2285
2229;2295;2323
2288;2284;2324
2285;2324;2284
2324;2285;2323
2287;2325;2286
2287;2288;2325
2293;2286;2325
2326;2325;2288
2326;2288;2324
2327;2289;2294
2291;2289;2328
2291;2328;2296
2328;2289;2327
2293;2329;2294
2293;2325;2329
2327;2294;2329
2323;2295;2330
2295;2322;2330
2331;2296;2328
2298;2296;2332
2298;2332;2303
2332;2296;2331
2302;2333;2334
2301;2333;2302
2301;2303;2335
2301;2335;2333
2335;2303;2336
2336;2303;2332
2337;2334;2333
2337;2338;2334
2339;2340;2341
2338;2342;2339
2337;2342;2338
2340;2339;2342
2304;2305;2343
2304;2343;2320
2311;2344;2305
2305;2344;2343
2306;2317;2345
2306;2345;2309
2312;2309;2346
2346;2309;2345
2319;2347;2310
2311;2310;2347
2311;2347;2344
2346;2348;2312
2312;2348;2313
2313;2348;2318
2349;2350;2351
2351;2352;2314
2350;2352;2351
2315;2314;2352
2315;2352;2353
2315;2353;2317
2345;2317;2354
2354;2317;2353
2355;2356;2349
2350;2349;2356
2357;2358;2355
2358;2356;2355
2359;2360;2361
2318;2348;2362
2319;2318;2362
2319;2362;2347
2320;2343;2363
2321;2320;2363
2322;2230;2364
2321;2364;2230
2321;2363;2364
2365;2330;2322
2365;2322;2364
2326;2324;2366
2324;2323;2366
2323;2330;2366
2325;2367;2329
2326;2367;2325
2326;2366;2367
2327;2368;2328
2327;2329;2368
2331;2328;2368
2369;2368;2329
2369;2329;2367
2330;2370;2366
2370;2330;2365
2331;2371;2332
2331;2368;2371
2332;2371;2336
2372;2333;2335
2337;2333;2373
2337;2373;2342
2373;2333;2372
2336;2374;2335
2336;2371;2374
2372;2335;2374
2375;2376;2377
2341;2378;2375
2340;2378;2341
2376;2375;2378
2340;2342;2379
2340;2379;2378
2379;2342;2380
2380;2342;2373
2381;2343;2344
2343;2381;2363
2344;2347;2382
2344;2382;2381
2354;2383;2345
2346;2345;2383
2346;2383;2348
2384;2347;2362
2384;2382;2347
2348;2383;2385
2362;2348;2385
2362;2385;2384
2386;2387;2388
2388;2389;2357
2387;2389;2388
2358;2357;2389
2350;2356;2390
2350;2390;2352
2353;2352;2391
2391;2352;2390
2391;2392;2353
2354;2353;2392
2354;2392;2383
2393;2390;2356
2358;2389;2394
2358;2394;2356
2393;2356;2394
2361;2395;2396
2359;2361;2396
2360;2397;2386
2359;2397;2360
2387;2386;2397
2359;2396;2398
2359;2398;2397
2399;2364;2363
2400;2363;2381
2399;2363;2400
2365;2364;2401
2399;2401;2364
2402;2370;2365
2402;2365;2401
2377;2403;2404
2376;2403;2377
2404;2405;2406
2405;2404;2403
2367;2407;2369
2367;2366;2407
2370;2407;2366
2368;2408;2371
2369;2408;2368
2369;2407;2408
2370;2409;2407
2402;2409;2370
2371;2410;2374
2410;2371;2408
2372;2411;2373
2372;2374;2411
2380;2373;2411
2412;2411;2374
2412;2374;2410
2376;2378;2413
2376;2413;2403
2413;2378;2414
2414;2378;2379
2380;2415;2379
2380;2411;2415
2414;2379;2415
2416;2403;2413
2406;2417;2418
2405;2417;2406
2419;2420;2418
2419;2418;2417
2382;2421;2381
2381;2421;2400
2422;2382;2384
2422;2421;2382
2392;2423;2383
2423;2385;2383
2385;2423;2424
2385;2424;2384
2422;2384;2424
2425;2426;2395
2396;2395;2426
2427;2425;2428
2427;2426;2425
2429;2430;2428
2427;2428;2430
2387;2397;2431
2387;2431;2389
2432;2394;2389
2432;2389;2431
2393;2433;2390
2391;2390;2433
2391;2433;2392
2392;2433;2434
2434;2423;2392
2432;2435;2394
2393;2394;2435
2393;2435;2433
2426;2436;2396
2396;2436;2398
2431;2397;2437
2398;2437;2397
2438;2398;2436
2398;2438;2437
2439;2400;2421
2439;2440;2400
2399;2400;2440
2399;2440;2401
2402;2441;2409
2402;2401;2441
2401;2440;2441
2420;2442;2443
2419;2442;2420
2443;2512;2513
2512;2443;2442
2405;2403;2444
2405;2444;2417
2444;2403;2416
2408;2445;2410
2408;2407;2445
2445;2407;2409
2446;2445;2409
2446;2409;2441
2412;2410;2447
2447;2410;2445
2411;2448;2415
2412;2448;2411
2412;2447;2448
2414;2449;2413
2414;2415;2449
2416;2413;2449
2450;2449;2415
2450;2415;2448
2416;2451;2444
2416;2449;2451
2452;2417;2444
2444;2451;2452
2419;2417;2453
2419;2453;2442
2452;2453;2417
2513;2514;2515
2512;2514;2513
2516;2515;2514
2512;2442;2454
2512;2454;2514
2454;2442;2455
2455;2442;2453
2515;2516;2517
2518;2429;2519
2518;2430;2429
2456;2439;2421
2422;2424;2457
2422;2457;2421
2456;2421;2457
2434;2458;2423
2424;2423;2458
2424;2458;2457
2519;2520;2521
2518;2519;2521
2427;2430;2459
2427;2459;2426
2426;2459;2436
2460;2459;2430
2518;2521;2522
2518;2522;2430
2460;2430;2522
2431;2437;2461
2432;2431;2461
2432;2461;2435
2433;2435;2462
2434;2433;2462
2434;2462;2458
2461;2463;2435
2463;2462;2435
2436;2459;2464
2438;2436;2464
2437;2465;2461
2438;2465;2437
2438;2464;2465
2439;2456;2466
2439;2466;2440
2467;2440;2466
2440;2467;2441
2446;2441;2468
2468;2441;2467
2517;2523;2524
2516;2523;2517
2447;2445;2469
2446;2469;2445
2446;2468;2469
2470;2448;2447
2470;2447;2469
2450;2448;2471
2470;2471;2448
2449;2472;2451
2450;2472;2449
2450;2471;2472
2473;2451;2472
2452;2474;2453
2452;2451;2474
2455;2453;2474
2451;2473;2474
2516;2514;2525
2516;2525;2523
2525;2514;2526
2526;2514;2454
2455;2475;2454
2455;2474;2475
2454;2475;2526
2524;2527;2528
2527;2524;2523
2528;2529;2530
2527;2529;2528
2531;2532;2533
2532;2534;2520
2531;2534;2532
2521;2520;2534
2533;2535;2536
2531;2533;2536
2456;2457;2476
2456;2476;2466
2477;2457;2458
2477;2476;2457
2478;2458;2462
2478;2477;2458
2521;2534;2537
2522;2521;2537
2460;2479;2459
2459;2479;2464
2522;2537;2538
2460;2522;2538
2460;2538;2479
2465;2480;2461
2463;2461;2480
2463;2480;2481
2463;2481;2462
2478;2462;2481
2464;2479;2482
2464;2482;2465
2465;2482;2480
2466;2476;2483
2466;2483;2467
2467;2484;2468
2484;2467;2483
2468;2485;2469
2485;2468;2484
2527;2523;2539
2527;2539;2529
2539;2523;2540
2540;2523;2525
2470;2486;2471
2470;2469;2486
2486;2469;2485
2487;2472;2471
2487;2471;2486
2473;2472;2488
2487;2488;2472
2474;2489;2475
2473;2489;2474
2473;2488;2489
2526;2541;2525
2526;2475;2541
2540;2525;2541
2475;2542;2541
2542;2475;2489
2530;2543;2544
2543;2530;2529
2544;2545;2546
2543;2545;2544
2546;2547;2548
2547;2546;2545
2543;2529;2549
2543;2549;2545
2549;2529;2550
2550;2529;2539
2540;2551;2539
2540;2541;2551
2550;2539;2551
2531;2536;2552
2531;2552;2534
2534;2552;2537
2553;2554;2555
2554;2556;2535
2553;2556;2554
2536;2535;2556
2557;2558;2559
2558;2560;2561
2557;2560;2558
2555;2561;2562
2560;2562;2561
2553;2555;2562
2536;2556;2563
2536;2563;2552
2559;2564;2565
2557;2559;2565
2476;2477;2490
2476;2490;2483
2478;2481;2491
2478;2491;2477
2477;2491;2490
2563;2566;2552
2566;2567;2552
2537;2552;2567
2537;2567;2538
2479;2538;2492
2479;2492;2482
2568;2538;2567
2568;2492;2538
2480;2482;2493
2480;2493;2481
2481;2493;2491
2494;2482;2492
2494;2493;2482
2495;2483;2490
2483;2495;2484
2496;2485;2484
2496;2484;2495
2497;2496;2495
2485;2498;2486
2498;2485;2496
2487;2499;2488
2487;2486;2499
2499;2486;2498
2500;2489;2488
2500;2488;2499
2542;2489;2569
2569;2489;2500
2541;2570;2551
2542;2570;2541
2542;2569;2570
2571;2572;2573
2548;2574;2571
2547;2574;2548
2572;2571;2574
2575;2545;2549
2547;2545;2576
2547;2576;2574
2576;2545;2575
2550;2577;2549
2550;2551;2577
2575;2549;2577
2551;2578;2577
2578;2551;2570
2553;2562;2579
2553;2579;2556
2556;2579;2563
2557;2565;2580
2557;2580;2560
2562;2560;2581
2560;2580;2581
2562;2581;2579
2563;2579;2582
2563;2582;2566
2583;2566;2582
2564;2584;2585
2585;2565;2564
2586;2584;2587
2586;2585;2584
2565;2585;2588
2565;2588;2580
2501;2491;2493
2501;2502;2491
2502;2490;2491
2490;2502;2495
2566;2589;2567
2583;2589;2566
2568;2567;2589
2568;2589;2590
2568;2590;2492
2492;2590;2494
2494;2590;2503
2494;2503;2493
2501;2493;2503
2504;2495;2502
2497;2495;2504
2505;2498;2496
2497;2505;2496
2506;2497;2504
2497;2506;2505
2498;2507;2499
2505;2507;2498
2591;2592;2593
2594;2595;2596
2593;2597;2594
2592;2597;2593
2595;2594;2597
2596;2598;2587
2595;2598;2596
2586;2587;2598
2573;2599;2600
2572;2599;2573
2601;2602;2600
2601;2600;2599
2500;2508;2569
2500;2499;2508
2508;2499;2507
2603;2570;2569
2603;2569;2508
2578;2570;2604
2603;2604;2570
2602;2605;2606
2601;2605;2602
2601;2599;2607
2601;2607;2605
2572;2574;2608
2572;2608;2599
2607;2599;2609
2609;2599;2608
2608;2574;2610
2610;2574;2576
2575;2611;2576
2575;2577;2611
2610;2576;2611
2577;2612;2611
2578;2612;2577
2578;2604;2612
2613;2580;2588
2581;2614;2579
2614;2582;2579
2613;2615;2580
2581;2580;2615
2615;2614;2581
2582;2614;2616
2583;2582;2616
2616;2617;2583
2583;2617;2589
2586;2598;2618
2586;2618;2585
2585;2618;2588
2588;2618;2619
2613;2588;2619
2501;2503;2509
2501;2509;2502
2504;2502;2509
2590;2589;2620
2617;2620;2589
2620;2621;2590
2503;2590;2621
2621;2509;2503
2504;2509;2510
2506;2504;2510
2505;2511;2507
2506;2510;2511
2506;2511;2505
2622;2508;2507
2622;2507;2511
2623;2624;2625
2625;2626;2591
2624;2626;2625
2592;2591;2626
2592;2626;2627
2592;2627;2597
2595;2597;2628
2595;2628;2598
2629;2628;2597
2629;2597;2627
2630;2618;2598
2630;2598;2628
2631;2632;2606
2631;2606;2605
2633;2611;2612
2610;2634;2608
2610;2611;2634
2608;2634;2609
2611;2633;2634
2603;2635;2604
2603;2508;2635
2508;2622;2635
2604;2636;2612
2636;2604;2635
2637;2605;2607
2631;2605;2638
2605;2637;2638
2609;2639;2607
2609;2634;2639
2637;2607;2639
2633;2612;2640
2636;2640;2612
2613;2641;2615
2613;2619;2641
2641;2642;2615
2616;2614;2642
2615;2642;2614
2643;2620;2617
2642;2644;2616
2617;2616;2644
2643;2617;2644
2630;2645;2618
2619;2618;2645
2645;2646;2619
2641;2619;2646
2621;2647;2509
2510;2509;2647
2620;2648;2621
2643;2648;2620
2621;2648;2647
2649;2622;2511
2510;2647;2650
2511;2510;2650
2649;2511;2650
2651;2635;2622
2649;2651;2622
2652;2653;2654
2653;2655;2623
2652;2655;2653
2624;2623;2655
2656;2657;2658
2658;2659;2654
2657;2659;2658
2652;2654;2659
2624;2655;2660
2624;2660;2626
2627;2626;2661
2661;2626;2660
2661;2662;2627
2629;2627;2662
2629;2663;2628
2629;2662;2663
2628;2663;2630
2630;2663;2645
2632;2664;2665
2631;2664;2632
2631;2638;2664
2665;2666;2667
2666;2665;2664
2668;2664;2638
2634;2669;2639
2633;2669;2634
2633;2640;2669
2636;2670;2640
2636;2635;2670
2651;2670;2635
2637;2671;2638
2637;2639;2671
2638;2671;2668
2671;2639;2672
2672;2639;2669
2667;2673;2674
2666;2673;2667
2674;2675;2676
2675;2674;2673
2669;2677;2672
2677;2669;2640
2678;2640;2670
2640;2678;2677
2679;2677;2678
2641;2646;2680
2642;2641;2680
2644;2642;2680
2644;2680;2681
2643;2644;2681
2643;2681;2648
2645;2663;2682
2646;2645;2682
2646;2682;2683
2646;2683;2680
2684;2647;2648
2684;2650;2647
2685;2648;2681
2685;2684;2648
2686;2650;2684
2686;2687;2650
2649;2687;2651
2649;2650;2687
2688;2670;2651
2688;2651;2687
2689;2690;2691
2691;2692;2656
2690;2692;2691
2657;2656;2692
2787;2693;2689
2690;2689;2693
2788;2789;2787
2789;2693;2787
2652;2659;2694
2652;2694;2655
2660;2655;2695
2695;2655;2694
2657;2692;2696
2657;2696;2659
2694;2659;2697
2697;2659;2696
2695;2698;2660
2661;2660;2698
2661;2698;2662
2699;2662;2698
2662;2700;2663
2699;2700;2662
2682;2663;2700
2790;2791;2792
2792;2793;2788
2791;2793;2792
2789;2788;2793
2701;2702;2703
2666;2664;2704
2666;2704;2673
2668;2704;2664
2668;2705;2704
2668;2671;2705
2671;2672;2705
2706;2673;2704
2706;2704;2705
2707;2677;2679
2672;2708;2705
2672;2677;2708
2707;2708;2677
2678;2670;2709
2688;2709;2670
2676;2710;2703
2675;2710;2676
2701;2703;2710
2675;2673;2711
2675;2711;2710
2711;2673;2706
2712;2678;2709
2679;2678;2712
2707;2679;2713
2679;2712;2713
2714;2708;2707
2707;2713;2714
2683;2715;2680
2715;2681;2680
2715;2716;2681
2685;2681;2716
2700;2717;2682
2717;2683;2682
2717;2718;2683
2718;2715;2683
2685;2716;2719
2685;2719;2684
2686;2684;2719
2688;2720;2709
2688;2687;2720
2686;2720;2687
2686;2719;2720
2696;2692;2721
2690;2693;2722
2690;2722;2692
2721;2692;2722
2722;2693;2723
2789;2793;2794
2789;2794;2693
2723;2693;2794
2697;2724;2694
2695;2694;2724
2695;2724;2698
2721;2725;2696
2696;2725;2697
2697;2725;2724
2698;2724;2726
2699;2698;2726
2699;2726;2727
2699;2727;2700
2700;2727;2717
2795;2796;2797
2796;2798;2790
2795;2798;2796
2791;2790;2798
2791;2798;2799
2791;2799;2793
2794;2793;2800
2800;2793;2799
2728;2702;2729
2701;2729;2702
2701;2710;2730
2701;2730;2729
2731;2730;2710
2731;2710;2711
2732;2728;2733
2733;2728;2729
2734;2735;2732
2734;2732;2733
2736;2705;2708
2708;2714;2736
2706;2737;2711
2706;2705;2737
2731;2711;2737
2737;2705;2736
2709;2738;2712
2709;2720;2738
2739;2801;2740
2735;2741;2740
2734;2741;2735
2739;2740;2741
2713;2712;2742
2712;2738;2742
2714;2713;2743
2713;2742;2743
2744;2736;2714
2714;2743;2744
2745;2737;2736
2745;2736;2744
2718;2746;2715
2716;2715;2746
2746;2747;2716
2747;2719;2716
2717;2727;2748
2718;2717;2748
2749;2746;2718
2749;2718;2748
2750;2738;2720
2747;2750;2719
2720;2719;2750
2723;2751;2722
2721;2722;2751
2721;2751;2725
2800;2802;2794
2794;2802;2723
2723;2802;2751
2748;2727;2752
2725;2753;2724
2726;2724;2753
2751;2754;2725
2754;2753;2725
2753;2755;2726
2726;2755;2727
2755;2752;2727
2803;2804;2805
2805;2806;2797
2804;2806;2805
2795;2797;2806
2795;2806;2807
2795;2807;2798
2799;2798;2808
2808;2798;2807
2809;2810;2811
2811;2812;2803
2810;2812;2811
2804;2803;2812
2808;2813;2799
2800;2799;2813
2800;2813;2802
2729;2756;2733
2756;2729;2730
2731;2757;2730
2731;2737;2757
2745;2757;2737
2758;2730;2757
2758;2756;2730
2734;2733;2759
2734;2759;2741
2759;2733;2756
2738;2750;2760
2760;2742;2738
2814;2815;2816
2801;2817;2814
2739;2817;2801
2815;2814;2817
2739;2741;2761
2739;2761;2817
2762;2761;2741
2762;2741;2759
2763;2742;2760
2743;2742;2764
2763;2764;2742
2744;2743;2765
2743;2764;2765
2757;2766;2758
2757;2745;2766
2745;2744;2766
2744;2765;2766
2818;2819;2820
2749;2767;2746
2746;2767;2747
2747;2767;2750
2748;2752;2768
2749;2748;2768
2749;2768;2767
2769;2760;2750
2769;2750;2767
2802;2821;2751
2754;2751;2821
2813;2822;2802
2822;2821;2802
2770;2768;2752
2752;2755;2771
2770;2752;2771
2754;2821;2772
2754;2772;2753
2753;2772;2755
2755;2772;2771
2804;2812;2823
2804;2823;2806
2807;2806;2824
2824;2806;2823
2824;2825;2807
2808;2807;2825
2808;2825;2813
2826;2827;2828
2827;2829;2809
2826;2829;2827
2810;2809;2829
2810;2829;2830
2810;2830;2812
2823;2812;2831
2831;2812;2830
2825;2832;2813
2822;2813;2832
3061;3062;3063
3061;3063;3064
3065;3066;3062
3061;3065;3062
2756;2773;2759
2758;2773;2756
2762;2759;2773
2758;2766;2773
2773;2766;2774
2763;2760;2775
2769;2775;2760
2816;2833;2834
2815;2833;2816
2815;2817;2835
2815;2835;2833
2762;2776;2761
2762;2773;2776
2774;2776;2773
2835;2817;2836
2836;2817;2761
2761;2776;2836
2837;2838;2834
2837;2834;2833
2839;2840;2841
2838;2842;2839
2837;2842;2838
2840;2839;2842
2837;2833;2843
2837;2843;2842
2763;2777;2764
2763;2775;2777
2778;2765;2764
2764;2777;2778
2774;2766;2779
2779;2766;2765
2765;2778;2779
2819;2844;2828
2818;2844;2819
2826;2828;2844
2820;2845;2846
2818;2820;2846
2818;2846;2847
2818;2847;2844
2848;2849;2845
2846;2845;2849
2850;2848;2851
2850;2849;2848
2852;2853;2854
2853;2855;2851
2852;2855;2853
2850;2851;2855
2854;2856;2857
2852;2854;2857
2858;2859;2860
2861;2862;2856
2857;2856;2862
2863;2861;2864
2863;2862;2861
2859;2865;2866
2858;2865;2859
2770;2780;2768
2768;2780;2767
2769;2780;2775
2769;2767;2780
2867;2772;2821
2822;2832;2868
2822;2868;2821
2868;2867;2821
2869;2868;2832
2770;2771;2781
2770;2781;2780
2867;2782;2772
2771;2772;2782
2771;2782;2781
2831;2870;2823
2824;2823;2870
2824;2870;2825
2825;2870;2871
2871;2832;2825
2826;2844;2872
2826;2872;2829
2830;2829;2873
2873;2829;2872
2873;2874;2830
2831;2830;2874
2831;2874;2870
2871;2875;2832
2875;2869;2832
3067;3068;3064
3061;3064;3068
3061;3068;3065
3069;3067;3070
3069;3068;3067
3071;3066;3072
3065;3072;3066
3073;3072;3065
3065;3068;3073
2774;2876;2776
2774;2779;2876
2777;2775;2783
2775;2780;2783
2877;2878;2879
2836;2880;2835
2836;2776;2880
2776;2876;2880
2843;2833;2881
2881;2833;2835
2881;2835;2880
2881;2882;2843
2881;2880;2882
2841;2883;2877
2840;2883;2841
2878;2877;2883
2840;2842;2884
2840;2884;2883
2884;2842;2885
2885;2842;2843
2885;2843;2882
2784;2778;2777
2777;2783;2784
2785;2779;2778
2778;2784;2785
2876;2779;2886
2886;2779;2785
2880;2887;2882
2887;2880;2876
2876;2886;2887
3074;3075;3070
3069;3070;3075
3076;3077;3078
3079;3080;3081
3077;3082;3081
3076;3082;3077
3079;3081;3082
3083;3084;3085
3086;3087;3088
3089;3090;3091
3088;3092;3089
3087;3092;3088
3090;3089;3092
3091;3093;3094
3090;3093;3091
3095;3094;3096
3096;3094;3093
2860;3097;3098
2858;2860;3098
2864;2866;2888
2865;2888;2866
2863;2864;2888
3097;3095;3099
3096;3099;3095
3099;3098;3097
2872;2844;2889
2847;2889;2844
2849;2890;2846
2846;2890;2847
2891;2847;2890
2891;2889;2847
2850;2855;2892
2850;2892;2849
2849;2892;2890
2852;2857;2893
2852;2893;2855
2894;2892;2855
2894;2855;2893
2862;2895;2857
2893;2857;2895
2858;3098;2896
2858;2896;2865
2863;2888;2897
2863;2897;2862
2862;2897;2895
2888;2865;2898
2865;2896;2898
2888;2898;2897
2781;2786;2780
2783;2780;2786
2869;2875;2899
2869;2900;2868
2899;2900;2869
2868;2900;2867
2867;2900;2782
2782;2900;2901
2901;2781;2782
2781;2901;2786
2902;2786;2901
2870;2874;2903
2871;2870;2903
2871;2903;2875
2872;2889;2904
2873;2872;2904
2873;2904;2874
2904;2905;2874
2905;2903;2874
2875;2903;2906
2899;2875;2906
3080;3100;3083
3079;3100;3080
3084;3083;3100
3101;3078;3102
3076;3078;3101
3102;3071;3103
3072;3103;3071
3101;3102;3103
3069;3075;3104
3069;3104;3068
3073;3068;3104
3072;3105;3103
3073;3105;3072
3073;3104;3105
3106;3107;3074
3107;3075;3074
2907;2784;2783
2783;2786;2907
2908;2909;2910
2879;2911;2908
2878;2911;2879
2909;2908;2911
2912;2883;2884
2878;2883;2913
2878;2913;2911
2913;2883;2912
2914;2915;2916
2910;2917;2916
2909;2917;2910
2914;2916;2917
2885;2918;2884
2885;2882;2918
2884;2918;2912
2919;2918;2882
2919;2882;2887
2920;2785;2784
2784;2907;2920
2921;2886;2785
2785;2920;2921
2919;2887;2922
2887;2886;2922
2886;2921;2922
3108;3109;3110
3110;3111;3106
3109;3111;3110
3107;3106;3111
3107;3111;3112
3107;3112;3075
3113;3104;3075
3113;3075;3112
3076;3101;3114
3076;3114;3082
3079;3082;3115
3079;3115;3100
3116;3115;3082
3116;3082;3114
3084;3100;3117
3085;3118;3086
3084;3118;3085
3087;3086;3118
3084;3117;3118
3087;3118;3119
3087;3119;3092
3119;3118;3120
3120;3118;3117
3090;3092;3121
3090;3121;3093
3122;3121;3092
3122;3092;3119
3123;3093;3121
3096;3093;3124
3096;3124;3099
3123;3124;3093
3098;3099;3125
3099;3124;3125
3098;3125;2896
2889;2923;2904
2891;2923;2889
2890;2892;2924
2891;2890;2924
2891;2924;2923
2894;2925;2892
2924;2892;2925
2895;2926;2893
2894;2893;2926
2894;2926;2925
2895;2897;2927
2895;2927;2926
2928;2896;3125
2928;2929;2896
2898;2896;2929
2898;2930;2897
2929;2930;2898
2930;2927;2897
2907;2786;2931
2902;2931;2786
2932;2931;2902
2899;2906;2933
2899;2933;2900
2933;2934;2900
2901;2900;2934
2902;2901;2934
2902;2934;2932
2905;2935;2903
2935;2906;2903
2923;2936;2904
2905;2904;2936
2905;2936;2935
2906;2935;2937
2906;2937;2933
3117;3100;3126
3126;3100;3115
3103;3127;3101
3105;3127;3103
3114;3101;3127
3113;3128;3104
3127;3105;3128
3105;3104;3128
2938;2920;2907
2931;2938;2907
2909;2911;2939
2909;2939;2917
2939;2911;2940
2940;2911;2913
2912;2941;2913
2912;2918;2941
2940;2913;2941
2942;2917;2939
2915;2943;2944
2914;2943;2915
2944;2945;2946
2945;2944;2943
2914;2917;2947
2914;2947;2943
2947;2917;2942
2918;2948;2941
2919;2948;2918
2919;2922;2948
2949;2921;2920
2938;2949;2920
2922;2950;2948
2922;2921;2950
2921;2949;2950
3129;3130;3131
3130;3132;3108
3129;3132;3130
3109;3108;3132
3109;3132;3133
3109;3133;3111
3112;3111;3134
3134;3111;3133
3134;3135;3112
3113;3112;3135
3113;3135;3128
3114;3127;3136
3127;3128;3136
3116;3114;3136
3128;3135;3136
3116;3137;3115
3116;3136;3137
3126;3115;3137
3126;3138;3117
3126;3137;3138
3120;3117;3138
3120;3139;3119
3120;3138;3139
3119;3139;3122
3122;3140;3121
3122;3139;3140
3121;3140;3123
3123;3141;3124
3123;3140;3141
3141;3142;3124
3125;3124;3142
2928;3125;3142
2924;2925;2951
2924;2951;2923
2923;2951;2936
2925;2926;2952
2952;2951;2925
2927;2953;2926
2952;2926;2953
2927;2930;2954
2954;2953;2927
2928;2955;2929
2928;3142;2955
2955;2956;2929
2956;2954;2930
2930;2929;2956
2938;2931;2957
2932;2957;2931
2932;2934;2958
2932;2958;2957
2937;2959;2933
2933;2959;2934
2959;2958;2934
2935;2936;2960
2935;2960;2937
2961;2936;2951
2961;2960;2936
2937;2960;2962
2937;2962;2959
3131;3143;3144
3129;3131;3144
2949;2938;2963
2957;2963;2938
2940;2964;2939
2940;2941;2964
2939;2964;2942
2941;2965;2964
2965;2941;2948
2942;2966;2947
2942;2964;2966
2967;2943;2947
2947;2966;2967
2945;2943;2968
2967;2968;2943
2969;2946;2970
2945;2970;2946
2945;2968;2970
2971;2972;2969
2971;2969;2970
2973;2972;2974
2971;2974;2972
2975;2973;2976
2976;2973;2974
2977;2978;2975
2977;2975;2976
2965;2948;2979
2979;2948;2950
2950;2980;2979
2950;2949;2980
2949;2963;2980
3143;3145;3146
3144;3143;3146
3145;3147;3148
3148;3146;3145
3149;3150;3147
3148;3147;3150
3129;3144;3151
3129;3151;3132
3133;3132;3152
3152;3132;3151
3152;3153;3133
3133;3153;3134
3134;3153;3135
3154;3139;3138
3153;3155;3135
3137;3136;3155
3135;3155;3136
3138;3137;3156
3156;3137;3155
3154;3138;3156
3142;3141;3157
3142;3157;2955
3140;3139;3158
3154;3158;3139
3141;3140;3159
3141;3159;3157
3159;3140;3158
2952;2981;2951
2961;2951;2981
2952;2953;2981
2953;2954;2982
2953;2982;2981
2954;2956;2983
2983;2982;2954
2955;3157;2984
2956;2955;2984
2983;2956;2984
2985;2963;2957
2957;2958;2985
2986;2985;2958
2959;2962;2987
2959;2987;2958
2986;2958;2987
2961;2988;2960
2960;2988;2962
2961;2981;2988
2989;2962;2988
2989;2987;2962
3160;3149;3161
3160;3150;3149
3146;3162;3144
3151;3144;3162
3161;3163;3164
3160;3161;3164
2990;2980;2963
2985;2990;2963
2964;2991;2966
2965;2991;2964
2965;2979;2991
2992;2991;2979
2992;2979;2980
2993;2966;2991
2967;2994;2968
2967;2966;2994
2994;2966;2993
2995;2970;2968
2995;2968;2994
2996;2997;2998
2977;2976;2999
2971;2970;3000
2971;3000;2974
2995;3000;2970
2974;3001;2976
2974;3000;3001
2999;2976;3001
2978;3002;2996
2977;3002;2978
2997;2996;3002
2977;2999;3002
2992;2980;3003
3003;2980;2990
3148;3150;3165
3148;3165;3146
3146;3165;3162
3160;3164;3166
3160;3166;3150
3167;3165;3150
3167;3150;3166
3151;3162;3168
3152;3151;3168
3152;3168;3153
3168;3169;3153
3155;3153;3169
3154;3156;3170
3154;3170;3158
3169;3171;3155
3156;3155;3171
3171;3170;3156
3172;3158;3170
3157;3159;3173
3173;2984;3157
3159;3158;3174
3172;3174;3158
3174;3173;3159
3175;2984;3173
2982;3004;2981
3004;2988;2981
2982;2983;3005
3005;3004;2982
2983;2984;3006
3175;3006;2984
3006;3005;2983
2990;2985;3007
2986;3007;2985
2986;2987;3008
3008;3007;2986
2989;3009;2987
3008;2987;3009
3004;3010;2988
2989;2988;3010
2989;3010;3009
3176;3177;3178
3177;3179;3163
3176;3179;3177
3164;3163;3179
3180;3162;3165
3162;3180;3168
3179;3181;3164
3166;3164;3181
3003;2990;3011
3011;2990;3007
2993;2991;3012
2992;3012;2991
2992;3003;3012
2993;3013;2994
2993;3012;3013
2995;3014;3000
2995;2994;3014
3014;2994;3013
3000;3014;3015
3001;3000;3015
3016;2999;3001
3016;3001;3015
3017;3018;3019
2998;3020;3017
2997;3020;2998
3018;3017;3020
2997;3002;3021
2997;3021;3020
3021;3002;3022
2999;3022;3002
2999;3016;3022
3003;3023;3012
3023;3003;3011
3167;3182;3165
3180;3165;3182
3166;3181;3183
3167;3166;3183
3167;3183;3182
3182;3184;3180
3180;3184;3168
3169;3168;3184
3185;3169;3184
3185;3171;3169
3185;3186;3171
3171;3186;3170
3172;3170;3186
3172;3187;3174
3172;3186;3187
3173;3174;3188
3187;3188;3174
3175;3173;3188
3175;3188;3189
3175;3189;3006
3024;3010;3004
3005;3024;3004
3005;3006;3025
3189;3025;3006
3025;3024;3005
3026;3011;3007
3008;3009;3027
3008;3027;3007
3026;3007;3027
3024;3028;3010
3010;3028;3009
3009;3028;3027
3023;3011;3029
3026;3029;3011
3178;3190;3191
3176;3178;3191
3176;3191;3192
3176;3192;3179
3179;3192;3181
3181;3192;3193
3181;3193;3183
3013;3012;3030
3030;3012;3023
3031;3030;3023
3031;3023;3029
3015;3014;3032
3014;3013;3032
3013;3030;3032
3016;3033;3022
3033;3015;3032
3016;3015;3033
3034;3020;3021
3018;3020;3035
3035;3020;3034
3019;3036;3037
3018;3036;3019
3018;3035;3036
3021;3022;3038
3022;3033;3038
3034;3021;3038
3182;3194;3184
3182;3183;3194
3195;3183;3193
3195;3194;3183
3194;3196;3184
3185;3184;3196
3185;3196;3186
3197;3186;3196
3197;3187;3186
3198;3187;3197
3198;3199;3187
3188;3187;3199
3188;3199;3189
3039;3025;3189
3200;3039;3189
3200;3189;3199
3040;3031;3029
3025;3041;3024
3024;3041;3028
3039;3041;3025
3042;3028;3041
3026;3043;3029
3026;3027;3043
3044;3027;3028
3044;3043;3027
3044;3028;3042
3040;3029;3045
3045;3029;3043
3201;3202;3190
3202;3191;3190
3203;3201;3204
3203;3202;3201
3193;3192;3205
3204;3206;3207
3203;3204;3207
3208;3209;3210
3209;3211;3206
3208;3211;3209
3211;3207;3206
3191;3202;3212
3191;3212;3192
3212;3205;3192
3213;3193;3205
3213;3195;3193
3030;3046;3032
3031;3046;3030
3031;3040;3046
3033;3047;3038
3033;3032;3047
3047;3032;3046
3048;3038;3047
3214;3215;3037
3214;3037;3036
3034;3049;3035
3034;3038;3049
3048;3049;3038
3050;3036;3035
3050;3035;3049
3214;3036;3216
3216;3036;3050
3215;3217;3218
3214;3217;3215
3214;3216;3217
3218;3219;3220
3219;3218;3217
3195;3213;3221
3195;3221;3194
3194;3221;3196
3196;3221;3222
3197;3196;3222
3197;3222;3198
3198;3222;3223
3200;3199;3223
3198;3223;3199
3039;3224;3041
3200;3224;3039
3200;3223;3224
3040;3051;3046
3040;3045;3051
3224;3052;3041
3042;3041;3052
3045;3043;3053
3044;3053;3043
3042;3052;3053
3042;3053;3044
3054;3051;3045
3054;3045;3053
3203;3207;3225
3203;3225;3202
3202;3225;3212
3212;3225;3226
3205;3212;3226
3213;3205;3227
3205;3226;3227
3213;3227;3221
3220;3228;3229
3219;3228;3220
3230;3229;3228
3229;3230;3231
3207;3211;3232
3207;3232;3225
3208;3233;3211
3211;3233;3232
3208;3210;3234
3208;3234;3233
3210;3235;3234
3048;3047;3055
3055;3047;3046
3046;3051;3055
3048;3056;3049
3048;3055;3056
3050;3057;3216
3050;3049;3057
3057;3049;3056
3236;3217;3216
3236;3216;3057
3219;3217;3237
3219;3237;3228
3237;3217;3236
3227;3238;3221
3238;3239;3221
3239;3222;3221
3222;3239;3223
3240;3223;3239
3240;3241;3223
3224;3223;3241
3224;3241;3052
3051;3058;3055
3054;3058;3051
3242;3052;3241
3052;3242;3053
3054;3059;3058
3054;3053;3059
3059;3053;3242
3232;3243;3225
3243;3226;3225
3226;3243;3244
3244;3227;3226
3227;3244;3238
3245;3228;3237
3230;3228;3246
3245;3246;3228
3231;3247;3248
3230;3247;3231
3230;3246;3247
3249;3248;3247
3248;3249;3250
3251;3232;3233
3251;3243;3232
3252;3251;3233
3234;3253;3233
3252;3233;3253
3254;3255;3256
3235;3255;3257
3254;3257;3255
3257;3234;3235
3234;3257;3253
3258;3238;3244
3259;3057;3056
3060;3056;3055
3060;3055;3058
3259;3056;3260
3260;3056;3060
3236;3261;3237
3236;3057;3261
3237;3261;3245
3259;3261;3057
3258;3262;3238
3238;3262;3239
3240;3239;3262
3240;3262;3263
3240;3263;3241
3241;3263;3242
3058;3264;3060
3058;3059;3264
3265;3242;3263
3266;3264;3059
3266;3059;3242
3266;3242;3265
3252;3267;3251
3251;3267;3243
3243;3267;3244
3244;3267;3258
3245;3268;3246
3245;3261;3268
3269;3247;3246
3269;3246;3268
3249;3247;3270
3270;3247;3269
3271;3272;3256
3254;3256;3272
3250;3273;3274
3249;3273;3250
3249;3270;3273
3275;3274;3273
3252;3253;3276
3252;3276;3267
3254;3272;3277
3254;3277;3257
3257;3277;3253
3253;3277;3276
3258;3267;3278
3258;3278;3262
3268;3261;3279
3259;3279;3261
3259;3260;3279
3260;3280;3279
3260;3060;3280
3280;3060;3264
3278;3281;3262
3281;3263;3262
3265;3263;3281
3282;3280;3264
3282;3264;3283
3265;3281;3283
3266;3283;3264
3265;3283;3266
3284;3268;3279
3276;3285;3267
3285;3278;3267
3286;3272;3271
3287;3277;3272
3286;3271;3288
3274;3275;3289
3269;3290;3270
3269;3268;3290
3284;3290;3268
3291;3273;3270
3291;3270;3290
3275;3292;3289
3286;3293;3272
3287;3272;3293
3275;3273;3294
3275;3294;3292
3291;3294;3273
3287;3295;3277
3295;3276;3277
3276;3295;3285
3278;3296;3281
3285;3296;3278
3284;3279;3297
3280;3297;3279
3282;3297;3280
3296;3298;3281
3283;3281;3298
3282;3283;3298
3282;3298;3297
3284;3299;3290
3284;3297;3299
3295;3300;3285
3285;3300;3296
3301;3296;3300
3301;3298;3296
3286;3288;3302
3286;3302;3293
3293;3303;3287
3287;3303;3295
3295;3303;3300
3304;3293;3302
3304;3303;3293
3305;3302;3288
3306;3302;3305
3289;3292;3307
3308;3307;3292
3291;3309;3294
3291;3290;3309
3290;3299;3309
3310;3292;3294
3294;3309;3310
3308;3292;3311
3311;3292;3310
3299;3297;3312
3301;3312;3298
3297;3298;3312
3313;3309;3299
3313;3299;3312
3314;3300;3303
3300;3314;3301
3315;3301;3314
3315;3312;3301
3306;3316;3302
3304;3302;3316
3304;3316;3317
3304;3317;3303
3303;3317;3314
3306;3318;3316
3306;3305;3319
3306;3319;3318
3307;3308;3320
3308;3321;3320
3308;3311;3321
3310;3322;3311
3310;3309;3322
3313;3322;3309
3323;3321;3311
3323;3311;3322
3313;3324;3322
3313;3312;3324
3315;3324;3312
3317;3325;3314
3315;3325;3324
3315;3314;3325
3316;3318;3326
3316;3326;3317
3327;3317;3326
3327;3325;3317
3328;3326;3318
3318;3319;3329
3318;3329;3328
3320;3321;3330
3331;3330;3321
3331;3321;3332
3323;3332;3321
3323;3333;3332
3323;3322;3333
3322;3324;3333
3334;3333;3324
3325;3334;3324
3335;3334;3325
3327;3335;3325
3328;3336;3326
3327;3326;3336
3335;3327;3336
3337;3336;3328
3338;3328;3329
3337;3328;3338
3330;3331;3339
3331;3340;3339
3331;3332;3340
3332;3341;3340
3332;3333;3341
3333;3334;3341
3341;3334;3342
3335;3342;3334
3335;3336;3342
3343;3342;3336
3344;3336;3337
3344;3343;3336
3337;3338;3345
3337;3345;3344
3339;3340;3346
3347;3346;3340
3347;3340;3348
3348;3340;3341
3341;3342;3348
3343;3349;3342
3349;3348;3342
3343;3344;3350
3343;3350;3349
3345;3351;3344
3344;3351;3350
3347;3348;3352
3347;3353;3346
3347;3352;3353
3352;3348;3354
3354;3348;3349
3350;3355;3349
3354;3349;3355
3356;3350;3351
3350;3356;3355
3352;3354;3357
3358;3353;3352
3357;3358;3352
3355;3359;3354
3359;3357;3354
3360;3355;3356
3359;3355;3360
3361;3357;3359
3357;3362;3358
3361;3362;3357
3359;3360;3363
3361;3359;3363
3361;3364;3362
3361;3363;3364
% Data (solid.pmGp (N/m^2))
1.2605530817740554E7
1.543940307559208E7
3319812.0154567664
2636813.1640785
3099399.050535825
1.4574376320710024E7
1.1637223306837229E7
1.435475321906136E7
2751271.0382617186
1.9005168728540283E7
2649591.086701217
3024201.5310590514
1.4316128251607113E7
2823035.0706766234
2615898.87555974
2545204.2634197045
1.1207468102791792E7
3146881.5010351315
3048563.0836724453
3549243.4180469974
1.0719762614856584E7
1.1900897843115175E7
4118949.8667022726
1.0684807851117132E7
1.2203987464220846E7
3148903.070770399
1.209878932731692E7
1.0860304318651373E7
2888680.967927275
1.2366301257844051E7
1.1547913936751993E7
3677013.3571860567
1.180791079368177E7
3015459.139780077
2900711.6108798864
3453373.9751066887
1.1111348611924378E7
3850986.3915201547
1.2031841749628806E7
1.215135997778055E7
1.1896452802048877E7
3350807.181496419
2919964.8356858036
1.398485633382871E7
1.4111201162853802E7
2427555.15755609
3702544.2883233144
1.1526856324853895E7
1.1451959691485992E7
3284702.764395693
1887255.6470883458
2521186.9883720716
1.234044552737352E7
1.144933513158234E7
3269113.7663008524
1.1519072668278193E7
2503534.1098177284
1.147491811367525E7
3266414.7742501204
1.156908170268356E7
2359545.059538488
2824475.8361790776
1.026235262512104E7
2751733.8840367696
2816760.600219845
3529725.4880315876
1.0275870263652615E7
2705654.8523919997
1.0106098026826229E7
1.0308677720638102E7
2234466.2649727315
9961547.436090171
9978228.575755494
2746661.329980684
1.0061903188250005E7
8939377.481899446
3392149.181799899
8892172.583147943
1.2396520692107322E7
2236975.8231197274
1.1305556163361853E7
3562395.4676950946
1.2082733225101555E7
1.1912161863183843E7
1.1990554099086827E7
2883807.0306010162
1.1430032716065267E7
2415799.503837734
1.183044937545027E7
3168084.0357465907
1.1779008981349176E7
2360487.948402605
5295491.935219912
1.416785248240455E7
1.4358825018198201E7
2164085.784608897
1.190334089297019E7
3271340.3738320726
1.1858569806275038E7
2936548.0354027417
2959753.3916569864
2368551.8591484493
4550232.161028855
1.1361377490751302E7
1.194936059042974E7
1.3822872325450823E7
2121429.7082246663
3670060.816100642
1.3159237249407565E7
2923427.0740345544
1.1667705527252257E7
1.1163418821863713E7
1.1265860510644997E7
3530071.5686862185
1.077584591135366E7
2671400.385962233
3846314.7994594947
1.2390492692580655E7
1.3051913703113725E7
1.1988797153520351E7
2503829.9989623926
2736171.667327765
1.0386217234630374E7
2772259.298441289
9107306.479896652
2793896.3043228243
2691757.3157618414
2147770.240436155
1.1011343106907034E7
1.101323409978629E7
3024465.049532429
3724005.1454450763
1.0539578809057336E7
3422726.000173056
1.0252075974790322E7
1.0753609627770849E7
2577759.421521124
2679879.137930902
1.0961665062879335E7
3249147.5992652457
1.2576946870557966E7
1.1698696969130293E7
3295936.1053188764
1.2011071505282337E7
2040990.311022337
1.2526956186631992E7
2865931.805235649
1.1642964831350064E7
2641399.5535832047
1.0062190384168109E7
1.0596090006993001E7
3247100.798857662
9843360.481803333
2938741.75702808
1.0721278840074385E7
2866473.0881196447
3276580.3026442816
1.1125303442726934E7
1.1947790546527326E7
1.14527709597969E7
2881648.09075332
3380174.165319489
1.1501393209886014E7
1.1577324081918864E7
3035478.094051731
1.2619498233798457E7
1.0146016213157712E7
3653505.812240567
1.0452236535339797E7
2325803.698901798
1.14739639136153E7
2519943.0945682433
1.2017767528998837E7
2132241.9606637564
1.1492894892497683E7
1.0662809658680039E7
3285397.9836654766
1.0249625788114132E7
1.1046582046937406E7
2798618.019042939
1.1422872918274378E7
1.2575915982057778E7
3073064.5605213335
1.166191970981926E7
3762502.314728948
1.157379941381683E7
2230931.8388795946
1.1426230449072385E7
3535153.242092141
1.185408413198336E7
1.0638146422698883E7
3526690.557612299
1.13195924603801E7
1.17711112054371E7
3178955.221645944
1.0784821902506908E7
2671992.719106834
1.2131444517788365E7
3222157.464034337
1.1508217315561568E7
2270138.7969914875
1.2769382333885446E7
2654356.7462197593
1.1548831720990412E7
1.1513516476354748E7
2273228.6371023315
1.0465282681621656E7
3765399.776833164
2425393.3667680556
2703238.9633658226
1.0308516318766098E7
2769602.264119892
9948430.051263047
2275703.965244261
3619032.489765956
1.0900967341652608E7
2133140.223464091
2455195.597793519
1.0209086445635986E7
1.0332211482827365E7
2271491.748782391
2239788.021085166
9623576.381235396
2657168.5875558844
1.0072568706259998E7
2588011.9774345756
1.0312236318890957E7
3075825.7755636787
1.002272692222643E7
9946476.147216663
3088772.161144856
1.051339862780206E7
2542966.027707492
1.0909349481901852E7
3217890.014422613
1.038518577465213E7
3863873.5605280525
9880709.49118357
9654188.652618466
2376855.2398411073
1.0837703592008004E7
2256605.5635058377
3178214.9038423533
1.090062865877629E7
2407116.460665155
2374480.458880357
1.0306197689592252E7
2819053.383430681
2005183.067764258
2033084.963190749
1.0111379145241352E7
2961853.2811095463
1.0243582388655687E7
3240597.086170167
1.0365794378044493E7
9718907.194450693
3162970.0177553752
1.0484255097999291E7
1.0903191663144447E7
1.0366947785947545E7
2334660.861926717
1.0948741338305129E7
2332699.983413406
1.0241248666433437E7
3131143.407666645
2780270.014195455
9836152.375826271
3679302.930477419
9945838.88016319
2399165.9971725745
2426662.398794779
1.0583334017685018E7
3084117.530585097
1.0045317199238887E7
2248009.962505379
1.1270972169701053E7
3323729.2203966323
2554063.6225579684
2434638.5704239467
2673318.6538856113
2739725.7973400056
1.27013578780621E7
1852840.9192056118
1.2414317695807086E7
3489509.6505241245
1.1179899112043792E7
2582896.4109780425
3334199.7630309067
1.1460134785090992E7
2680111.371255708
1.1663821526897468E7
1.1199755789301613E7
2713259.239455446
1.1000356266931204E7
3425596.9381795796
2217527.1870953743
2372652.3825937742
2223564.8266611365
3000347.3819298684
3486170.039316638
1.2049593693423888E7
2699496.8503053165
3777076.7941639894
1.0999667688951552E7
1.1142718128120124E7
2378270.6959299915
2495073.683574364
2055993.215314598
2022577.055265281
2997088.5267571756
1.0853538826707179E7
2402990.8947253525
2172998.248337509
2614777.1198051143
2788742.4071148927
2774897.2226084135
2823134.000523947
2172538.328673115
2535222.4342285604
2110023.299844105
2727843.9030892192
2808573.6648208722
2803425.395850297
2686156.2181708436
2807040.3735037236
2603398.6460777805
2580508.215512096
2554498.8704254027
2109908.640556362
1825881.0023540538
2812141.737473445
2729183.1171031906
2658985.7289457913
2303293.344547567
2551789.2227315186
2618111.0472902055
2231466.0740312063
2801459.3604430184
2544838.4177892925
2779557.914362645
2469312.496234792
2614416.9356385204
2536129.2299509514
2494802.591940745
1897380.2119631728
2185477.447997012
1754229.4059725183
2091822.5488426327
2352852.5751298615
1719866.3092426416
2572203.6954402123
2367021.9065095736
2622370.3904816457
2340312.858524965
2325284.1723876884
2677635.4318035007
2757177.993437514
2833626.594577588
2790123.762459113
2553980.1175140617
2766102.428952009
2527229.368131378
2553597.9887141814
2766060.9273860017
2493221.104498291
2769581.309730049
2589932.702543326
2741255.400863234
2695873.1008720663
2765635.182034409
2586353.9086283264
2560742.356018242
2657275.3005726496
2256469.8050954803
2262438.6141624893
2200436.9127675546
2262969.5536668566
1530916.7231902843
1558774.8625393424
2442528.843300195
2385301.189190737
2357585.6837410675
2546803.487263029
2219897.554473807
2470263.1018882208
1774062.0081599716
1584294.090855999
1608517.895555161
2261786.08692317
2314047.1549964035
1877569.7899481233
2227240.066887946
1924270.839050787
2236185.5732991933
2196370.432301557
2227513.7978459033
1969303.787821167
1870294.6883907686
2553775.855523154
2605874.297343043
2526759.434229202
2429884.807067013
2475895.4218580895
2740964.4040062465
2601102.1775757866
2746292.7660768065
2546977.399164083
2801936.8378645866
2572609.638231343
2425369.1841399902
2590668.7337909373
2510987.710806313
2616401.84373955
2774536.357385247
2703174.1812540586
2786687.840569308
2774352.670810581
2638260.2094940804
2566726.13611614
2569500.9907762585
2773705.504893526
2651081.9215172627
2587359.6856179135
2473363.371799372
2674576.784527712
2646343.3930017
2513061.696698875
2692573.4538960853
2728287.0238773543
2500576.0162388133
2503277.442955726
2679302.3081612964
2704957.694979844
2803579.856907085
2679538.671383724
2514427.145457237
2669496.2484847126
2640105.887056314
2627904.684518147
2747666.2747027176
2583303.9091939246
2590336.0972965015
2578122.907278569
2511640.629616313
2753739.6658248636
2454385.878418541
2387758.704983241
2392995.484980545
1856355.5863994304
1776867.8065590898
2110115.962886944
2296895.3045289665
2465952.4233784648
2302954.509679746
2619764.2326240134
2617546.3153583747
2537968.1476722253
2448626.0666961456
2456525.8798668194
2682738.0449762475
2624501.3009412573
2522524.9666119628
2483622.3991862745
2377925.3979574786
2466351.5268251733
2418925.27881428
2335175.439778221
2093798.3816517114
2045879.9946884778
2340526.6125650797
2553749.2616307526
2437102.3479314456
2553521.4933269103
2432419.2222202457
2637085.040200764
2413608.3697599596
2637179.273299345
2435007.1899564504
2087001.3693993199
2247816.9231258165
2548072.13138782
2272472.127859107
2274127.569025675
2317939.7264270685
2156492.826475515
2273135.817772277
2513004.121587063
2353334.096378145
2243595.888653292
2244184.366175628
2257456.29658215
2206391.5357314385
2258768.934834351
1958904.7578327514
1957138.8460544287
1947450.765492723
2023082.4654302124
2075030.8121986294
2103978.8926844117
2231209.629062609
2171884.130220818
2141679.9126288956
2138289.8349605426
2242309.2267050957
2272631.3197326786
2231594.9383028676
1959866.37575774
2026787.1722705986
2100607.757887232
2015915.1508281024
2111921.8064674046
2345037.4489680296
2387276.054804471
2537579.5159932696
2604604.3722078823
2187915.2107560053
2787310.1673356434
2489455.48503007
2632414.525098183
2279071.059092386
2266357.8698990783
2215110.9878891245
2236776.6840236313
2251828.6780215087
2216386.0594008653
2145897.1171167153
2204980.5976967136
2223064.4256905266
2214713.054223574
2240310.6232609516
2226606.4868088337
2252019.1402149177
2251919.2061024834
2217419.587125315
2216960.135850037
1752973.90841554
2339506.130185883
2090258.1509280172
2462529.9385247566
2145111.99538154
2129853.9633051394
2146439.688033434
2230142.95070586
2156342.3804062423
2146375.9542920818
2084314.5631244138
1848386.986334284
2098560.5334169245
2092391.8663454421
2213995.50137932
2133815.4509071545
2114249.955169023
2084107.3705322524
1864450.8068029098
1862017.3655393315
1937581.9333626642
1857496.9487854547
1922370.9680544361
1955004.694298004
2200982.4171944917
1991971.6213373423
1962344.510656167
1936896.7460391433
1936198.936925503
1902077.5767744079
1956714.2791496266
1891340.2674250063
1886969.9748124531
1879227.1844279345
1809285.915506208
1725509.5557749702
1382078.1033826885
1586388.617556619
1416042.784806761
1423733.0357102144
1466073.044692576
1317182.523343968
1439970.9528944825
1659168.0159009944
1627186.059235455
1394045.063205532
1511571.0803144146
1839490.635904118
1846786.9324039745
1814557.6336905465
1627930.164009999
1301008.9405931837
1264548.391276046
1167476.7111932414
1192413.7300851953
1309761.8142345503
1292078.550775198
1191112.7920396633
1208905.8022574896
1209168.031957724
1111346.777235578
1121716.9554191323
1040611.4268606444
1808824.3076201186
1593654.0047697143
1440016.4564360152
1276311.198697113
1280656.595886089
1140991.8328474162
1064941.052341626
1140726.890838406
1894287.9365529162
1316418.2455976475
1525526.2150233027
1162340.060586303
1739510.5592174989
1748994.8346520287
1751925.0883369849
1774043.803780147
1895196.2045239003
1854984.2151217111
1814463.3700043317
1885538.8662496656
1884067.0008194686
1830006.723050762
1700800.4039698031
1585359.9769587447
1703663.362755826
1594637.7473532152
1492044.412192641
1419994.2615590857
1678257.7988032883
1585691.515411855
1404592.0350364617
1103553.9591512405
1093453.065340805
1026130.3602121766
1053775.2379265204
973035.6610433249
923121.3181581046
990050.0210210268
1056953.8151838814
983743.7526511076
1001260.2845207766
933427.990784355
935971.4858190179
992302.9440243428
1361425.976003097
1286878.4766146946
1156742.741296341
1034325.8849044485
949526.7629067842
1028784.0789591176
1835066.0739308845
1774605.1250110304
1771024.1695494698
1891356.060199298
1872938.2814005446
1674058.8117632766
1737656.6573843558
1692220.5941544885
1617569.7891415409
1806263.9846749443
1842418.28386268
1871720.580543762
1879099.149243479
1906132.0433641912
1874262.3645775616
1871688.3167037182
1811525.0359742183
1854962.5055117288
1801986.487648277
1820001.7385328165
1874463.2701771215
1817566.832294304
1308294.0993050649
1488363.0906016845
1069674.496360187
1183376.4272308457
1788302.6484915642
1820856.9366359187
1797813.7508949768
1724890.395165988
1509533.7725425446
1567400.5865494306
1290425.0514685556
1521927.2363730595
1768150.1420869946
1795874.8296133683
1799048.6446426567
1549112.3057998333
1610136.1743001954
1589728.9223940235
1678246.5007843315
1603920.9907732147
1560258.0743413256
1423313.317977301
1453875.704492167
1282244.4432197644
1255804.85734684
1417811.0127332644
1392182.1641083614
1244553.524980136
980112.6386381929
931501.8403504335
901701.340940448
882024.9140533657
844198.9128976408
857021.5562184338
893679.0359722376
889191.0938532837
889536.2919757391
848736.6164826046
848546.9899228303
1100363.4304746874
930301.096817894
945493.0909000834
1591782.0577839497
1595232.1713265958
1560156.7636305664
1564223.8088773482
1430764.9779937104
1657640.9771155384
1467920.2406270306
1538146.0082284892
1476879.2353660027
1564493.6383904165
1668317.35540993
1647996.2123707037
1710851.7675484817
1412015.9949140933
1613134.2259543457
1665375.6751967054
1706119.2893215308
1734781.856135744
1693854.4339037028
1658313.7969464732
1634511.4711669912
1640059.7132419369
1619669.5880292999
1676422.7388539542
1656589.5557337732
1576856.0165218334
1552179.8195915723
1342931.5866162174
1106831.3744300078
1229369.7237749856
918041.3143270868
995168.8868780792
1603506.728582572
1580271.2069824971
1563708.1069305774
1518247.5450409383
1381717.025767793
1352835.239405966
1434235.54349067
1595850.3308529393
1520153.9255809898
1555019.5490500687
1445712.6543341712
1410229.3294831421
1410200.9856638766
1324411.035419537
1380600.5784048089
1430552.8400960371
1251824.5378820493
1328928.9955392573
1250219.1763156482
1280168.2667507366
1223645.5433073347
1141234.0362557352
1101752.4224310725
1010213.1487833908
1187034.0020515618
1105766.5414441181
1415575.479393308
1345891.270031235
1261149.3642594276
1428833.2293835392
1290307.8507071922
1454067.6217786537
1504609.7040221256
1258130.513850629
1438240.2059512958
1532189.458521429
1508876.7448340303
1508019.1691287777
1482483.7014934218
1452631.5230367251
1411990.2668820969
1385298.475293381
1422041.5923329336
1350091.40486312
1372520.6246408538
1260437.4925068768
1207953.1873723366
1188810.1961187085
1195445.075449173
1073413.879854337
943045.7140891714
1344815.1934882046
1159901.8011819792
1251134.0012189192
1344181.1455817807
1304717.545716979
1236213.3516385157
1143200.9721575603
1093079.2408981493
1100276.7888748576
1084944.863700324
973249.7519754962
986331.3789966434
1223081.4021810605
1151550.9481915312
1156631.3881657158
1112960.9634570123
1152694.2235164219
1274148.652646391
1111560.2662552297
1250524.8517702827
1337290.0421717858
1273514.5708706866
1227975.7946290434
1218505.3801061774
1207963.019097905
1242034.2745406507
1123810.2729824844
1057132.7635175025
1070919.3812486879
1038524.5313290098
1016661.50004043
1102957.9097297604
991080.3516735717
1149441.3620562449
1003329.823769832
1042201.4743875716
1036314.4446934192
1104707.174264951
1145927.9210025072
1140137.5108190773
1095858.3257292493
1087408.8263503744
1099751.5251270763
810149.9376137411
817847.291743154
779330.8814495752
813278.8861962459
781175.6434705238
816277.9937596418
860455.42728701
852970.5155764754
927555.3717573356
793548.3113988714
750864.9338938181
778809.6724675215
751354.3556219195
751865.4808381904
724232.8132821057
720614.7129154239
699385.6071054442
809659.1511715192
842854.9610852117
868883.2595575139
725156.4268181805
759233.5680701472
859412.750731362
799289.3865399199
812060.9535260061
831998.3181323481
768186.9023195023
725953.5325317367
701065.280982863
706602.6867618422
678893.5618930701
696520.5572736219
780871.7869316889
767787.1248087242
725791.9028599603
722476.57963304
696115.0394074755
747955.0859954858
675398.3479662816
675072.5447764507
653502.8278286416
818627.8060607953
748356.9555696847
919274.9609259298
889573.51023898
755196.9063619444
658381.2885249665
680406.4385592599
707807.6220206888
656370.5856330856
638435.6820402999
669210.7111734054
648509.27754847
632331.9923608814
629548.9028011485
613815.9390469351
1004458.7586320083
1004690.6643749162
934241.4624121075
684648.3966397239
597463.1541428987
607379.7920476232
621906.8837635545
646628.1684487958
733657.2450208137
853220.0282343108
860200.1629930886
779978.6713337834
591162.0428655177
582130.5962008735
576075.925236937
569104.5765345575
812343.1313068891
885008.5512720946
1014118.0749497038
998312.2261771853
1022520.3089988877
989226.0265203728
944283.0412479017
620752.4870693161
639116.2095185911
987142.590421246
744394.6700359546
707714.0961220596
668325.045818357
604677.5662811729
619045.0321006415
602090.3167430267
590646.2587228006
699187.586001628
638714.0231016361
667485.1921844663
895855.1398286282
807064.6537767345
603450.4588065197
626838.7776882146
703249.1534200143
757536.6195805179
652395.0507938011
584624.4325384364
567791.4992495913
561795.4503575024
557074.7841048929
552083.1945417335
545915.8909450962
890668.0584410881
920214.4228432338
797997.8802445062
815940.5986803849
911462.089541701
843143.1837497621
912549.940099298
924031.1431242358
983160.00622789
868531.0107430376
972604.635326798
968462.1708837439
886252.6757582232
822110.7699929058
716790.8326461661
666016.8881655834
573227.2480291509
577933.3505687491
566425.7167561012
587108.2272150412
608836.1391134012
668587.535277553
633883.3217144691
763264.3739464405
718000.0828921637
593940.3569409489
617511.0745185901
665234.2064084619
540826.5160470515
536202.1090981541
552072.938224977
566730.0647911809
529923.3853290904
527983.2036930163
556149.2605300354
561223.6172782263
551113.2201585918
546779.9419187824
741087.0973783726
762100.4748695395
804817.2640334176
837605.4940707352
788498.7182149888
839735.9137581575
858135.1695876258
787170.0604956964
729244.1953719398
672496.5082685871
573545.1305881529
588148.6683676827
603288.1309342165
629581.2978480839
519779.8070197771
513854.4810262456
513143.51717490866
521223.0202894426
652602.5684474378
679442.3496334482
580785.9190793934
611385.9606968252
547425.739089914
529160.6089897682
540333.1314075289
551168.9012267581
511701.3882413812
506552.0589816762
506923.4641421744
560889.6601742941
550260.6083883807
538757.129756309
541643.0464069394
533864.1360805668
531320.2234102464
677979.3934735751
731860.4839142938
740588.3669234815
715469.5038260759
722600.2266843239
755102.5939760354
689376.6002530433
639885.3076870797
623441.0820495115
573478.7464674263
592734.4207466415
501161.91288639663
501913.6798120911
518612.17764789733
606173.0409191918
562715.3588214164
528351.7508944334
533533.5388448107
498145.1530694468
509228.16506701324
503330.624743136
497236.6499039451
495024.01421716175
491984.18201123306
493775.99387787655
550326.9203502418
540834.0789846532
520180.27398991666
524941.7947521718
519126.1038908216
532386.5301709529
526099.6216071288
514274.8134227052
514119.17103188543
509954.15438565786
509862.1028728496
506470.84178203996
506435.92347559164
618849.8044514874
652384.9240262163
678348.4627890149
676766.7586761318
648191.7628931227
659357.2563902611
608413.438037055
581408.3896249126
584639.3584975746
558467.5745711114
538417.1566335429
552303.3616993432
527112.3135633682
515044.7615012529
491656.3803641377
499135.23996534746
495386.8816080634
487279.95761157334
531153.7956397514
517860.298894172
524775.8150216278
525539.3416307901
511129.80597231037
507389.2847187987
502590.9906553713
601371.762712813
575409.7066864714
613553.5824425495
587449.8146855223
563002.9248942913
559277.4906899704
532761.7742085367
539112.1649661514
531821.676224503
551772.3001810344
512662.6708200711
497107.39521840645
485133.96644546697
487059.76928909915
515176.99922978116
516171.53385925235
512754.35071587435
503158.4193735671
546355.9560631405
542492.3384756783
522604.0955088584
517435.0398738729
499597.2140774625
510332.65898722986
523957.3807364089
507042.8334804182
483788.93568206776
480912.9081243269
502173.3466177987
502200.1360141321
499172.0120190859
501555.05288572784
492739.0924818505
481092.7126447475
490198.19998980826
491890.4766548826
490503.64894019184
488162.91918213136
503597.8811984556
502695.39215377235
500723.8034627723
501267.73820450506
488239.7053288309
486024.7871622024
483413.3915291447
485016.45087598066
486511.513251295
499736.7780245358
498229.6183392674
496642.7458207255
498688.10918513703
498184.75374502625
498525.70005587116
481522.9691900409
485459.7076558767
482135.54206598795
484967.15167412604
482179.3750715504
480150.1279141277
479665.05100654456
496816.4770856812
498068.9912253531
495325.8345908031
495498.1486754259
498803.5348845916
496828.4967526905
498244.19567587384
495617.98255991377
493979.10203483776
499787.10057666013
497470.60022976453
478143.6111340733
485025.88431299914
482454.1913553254
485782.4005498295
481075.01876821864
478842.68490174366
485035.342633386
488391.5042815676
486789.47112136293
482614.9454784086
476075.37587712106
475267.9355348766
499234.7266013507
501438.56546708965
494102.73394842696
491537.1577981212
473092.6247769816
471937.41811935726
490630.3725028132
494852.0939486677
493243.17735714733
503004.25424927374
500634.7711117333
497741.93831056147
495629.26093307696
503610.3319012074
505522.07437440054
474433.2094308518
479033.8136585278
477249.0066809923
490428.36819958984
489279.2066973091
492934.96711410535
486123.42483080365
481756.14683331345
479126.71726776444
471211.86112828396
470778.5843226703
489310.51562511874
487341.284030155
488708.9367317697
468404.6901397393
487014.9352135118
481447.02944996936
477682.07091266953
469844.95780615177
471435.540436137
492118.4439291786
502295.71276042605
499315.7525135394
495673.7177653172
483957.8102599697
483842.0456349401
508149.48136035615
505751.1433624224
508735.65903714544
511126.96844511456
471172.44454366434
475160.7542585089
502383.15800824965
505781.348650695
502143.39827309473
495622.8254753845
495189.2999116102
498802.3298820885
497942.6183989118
491284.1456616971
486541.88359420514
483085.7106209855
478202.9344427938
468371.8206876389
505570.9389711758
509380.8676026338
504590.2420632186
517484.2118755945
515459.52526328916
513939.0722574887
511986.74365491135
485521.21840375656
490971.0513132098
470007.41461970005
473117.620955283
478576.18680530734
474321.46480825223
472858.80490013264
500583.2768832006
495940.7290941406
481205.37635579024
524479.3009189103
522885.7859285376
520798.5757445159
508097.74258414307
519049.2299567026
509953.06916765246
513330.96758759
472767.3441284369
500142.71936147404
492415.95839696884
495329.1424410374
488434.7097929573
483316.04172160523
478378.6342928911
472253.6731230463
513556.1297668515
517007.35229036125
508142.2367060664
503360.3164781501
506791.934073608
515245.2392524805
511313.54265513003
485198.08810248197
492847.01987166767
475752.44087824953
476514.70545745164
479227.897954018
479851.6665370368
478607.25027106795
501028.6127852954
531381.3851425812
530014.9788556357
527926.8934989341
522759.32311704365
526529.9603478572
534791.6063855632
534064.0560681986
518936.51277962624
518130.25383232144
520926.6619376805
477259.2522196132
497336.08172135986
489598.6110637006
483446.7484635056
482060.82651666604
524656.0275122473
526020.9138590416
528363.0022540618
521623.01883001026
516600.6901421666
511876.1282316266
506140.94829887024
501837.61586071755
508625.16547343304
514727.74598973396
490579.4054941385
495462.34209007537
488511.97866812913
486778.4832054875
491070.23606609245
522652.80367389985
530771.9518950953
526801.7716318078
538194.781214233
537178.5517265474
541151.9616808756
540939.1243845843
543947.8553007939
543869.6720412957
534771.9801069007
538190.8084818698
533301.8735932087
534900.570081717
531968.0309441847
536383.1653473424
529412.6350224946
538114.1308371368
539570.2838327747
540416.4201666899
500430.01793732576
486916.03603980347
491410.9403203135
494330.05566094164
524937.3348702388
520497.8493903087
515309.4627479625
508824.69499302143
505326.6428336509
512285.9969093338
518003.71033020277
501845.9603470955
504855.5141658304
499071.43820555403
502235.5295879729
507163.5086814811
527084.9237615272
531163.6327328152
552601.0200972583
550542.9972480416
542163.8681469657
548811.4641880981
548995.4403668651
546506.4293889785
544891.3193752619
546798.8664235645
551576.2249703786
539241.7449021294
528723.7492614758
532648.613839188
542803.0982245725
544239.799307521
542029.169131624
539304.4258809506
536078.0006693879
499611.71198183065
508291.99598339753
514439.61874123506
524293.4254057644
519557.5566675701
518967.13564508455
515139.4816048276
526450.544417178
518340.1091849384
517002.90005566727
518988.5111097707
536545.3749002327
554249.6548522976
546285.6872760237
550400.9472133878
553059.9570441614
548146.2220123906
544379.4062751876
532218.6499019028
539456.5036628741
544344.1338836305
542137.5704954355
522830.8595036054
526538.1659207899
529205.0556029071
536567.8894275187
530457.1712057893
534343.7771049546
535917.5426806005
528510.5793937392
538049.0854096931
532997.8893671442
535311.5792795102
545960.5684007682
550074.9835583904
556423.6019961397
552342.4933792304
543291.2150240493
544802.7778195727
538385.05643132
542538.8844139673
546317.9372349906
544969.9389922284
543561.9376462465
550302.6795913256
547450.431805511
550694.05122619
554048.3298841321
556282.436812126
557285.7874972194
548699.2806080001
547535.8563823075
552973.9103107651
553972.5503694442
556698.3301435586
558720.1509937387
558275.9394506488
552007.4278182295
544659.4678482314
552912.8678218324
554659.8253649403
546036.5388650788
545950.1979967129
547183.5271102708
546872.6187099802
554573.0482897686
553349.7560543552
553419.1841287846
555398.8161740279
552968.1229276835
554725.6919129624
551948.23359886
554542.8735373052
556156.4478827866
556351.1122723169
548176.0442701103
547389.8472100183
547200.0939286925
548337.3278082343
546712.4809769966
548411.2383507232
546477.8435235625
547782.8585535347
550540.1379687071
552904.0011637637
557258.0008754265
556396.7100023817
548879.5703537103
548536.5786789162
546171.6159388705
551523.5600368538
554441.5347217972
556320.1004075378
540001.893933385
542934.7956534398
543281.1775266044
546454.232552178
558616.7015808262
559991.9640009465
544084.4108797427
544347.5919437449
542116.6920072559
545717.1552999032
546405.4877703482
547325.8679031167
549252.8189159159
549009.2042910403
548475.8187929465
549462.869375317
548673.7480142143
542523.4387974963
539657.3289782089
539483.7058392502
536604.0330230294
545745.7890970403
547633.7290142678
553328.756685141
553814.9463563992
557704.330200966
558535.6539412087
560700.6273760784
550291.0520483298
553219.2010789348
556570.0844478904
536244.1146168686
539687.773339208
532193.2057153144
535326.9111513244
544179.8996358314
547971.5173596388
560152.6461239401
562549.0670195796
562553.8835400558
550464.1880972247
549955.1079968772
536701.3961924289
533322.2088160386
532598.6997310938
529493.0996880053
551892.1838883864
543991.3128393452
540873.8247082123
552377.5004644013
555036.7678845007
547299.9487461179
557125.7376131845
561340.7888372806
560269.6714879309
529101.3588211553
525422.5047886514
560398.2520484393
523070.56361504435
526381.8757014587
527750.9229491195
531427.1448021054
552386.5371860627
556448.4142574233
540910.3243488915
536467.8376766618
545887.9126398767
563974.9592494313
564366.6413777211
562471.4132026404
564221.1456481287
562889.0367767186
550561.35448986
538310.6032533015
534083.9600600178
557056.758878159
542741.216875447
553168.20446126
547681.6419015208
524106.5086786909
520935.1359935386
561116.9314595138
557856.0150040623
530849.6674145249
509753.8577283945
505937.3734880458
511055.62283964845
519776.2153744252
516192.62778683874
525171.5849160404
514580.9643112491
558011.9148671239
517948.5602075246
521602.7699882134
512748.6140176857
516153.81311593205
527280.8366431488
532527.54696023
551114.8604586067
538102.6632420156
543268.5835998254
507059.88345058146
510679.7489658613
504913.5084599197
501573.6855961547
564216.6617170834
561806.9545562001
560086.7128717677
557835.3767006717
536318.7009190617
552696.3111119567
541745.0259489993
546915.3171793927
504714.8578507878
500344.16256275075
498610.854039385
494588.1717870496
550918.0202726583
529437.9453629939
522297.6190678917
511742.81262617424
518105.3203345191
552407.4362661181
522580.0505979682
516828.856721502
528622.0294262834
544617.7719995374
535593.4565815586
511373.58775963186
505144.60283828876
495487.49614269304
499102.200622729
492778.86094470305
489553.43183985166
556587.099392654
552840.2585364155
551206.8312851002
546969.0809768939
534091.0521528993
544511.0732561742
541070.8714853461
535766.5572215978
500003.00809171126
506306.5089000473
492853.29313124524
488723.0232599578
486166.1114263137
482852.21071642236
524209.355605235
513715.8297287238
494392.7323485708
480435.1825153542
476597.6955332815
470535.03717184876
473847.26268339786
542521.056774788
517729.761430777
525546.2706508053
533665.7387129586
506143.8697528602
499440.248002497
493075.3733846184
483405.0370550936
486832.24510626553
480546.5398905429
477031.9350904897
470775.9165984552
474035.30548391456
467739.8657433217
544168.4316672997
537395.6969344736
541808.5473895703
468253.48241471575
535773.1767016144
532719.8439744272
527065.9321752402
522249.7715541781
502257.8254261566
486338.2716766916
509773.6154032951
490873.2075629066
477397.4748595967
482054.44846089435
469779.91539152473
531373.6406397065
525560.6703680722
513931.2380673589
521561.5141471307
501164.8449392252
493885.5058264571
487039.8189128997
480343.4888511472
473948.48115963314
523757.1932735426
528287.5053077405
520288.329617689
511857.5461319683
517889.12360186735
509859.95752547495
496026.930067079
494033.19611713744
482207.6104507251
471473.95699725725
515360.4861848161
512826.10094419884
503219.09465531755
487662.54105986207
480694.5017819864
473845.50548358157
505210.6853588302
509062.6275590135
493371.1240568584
497988.480786679
481556.29681574705
473801.2746170105
498617.40218373045
496163.7343696317
486288.5392826138
473744.29861278745
487023.4285368843
488765.6869395916
479108.19685649115
477250.88676011696
481053.48536238424
464361.4453430983
464244.23307741265
462230.70269179123
457815.99929636973
457966.4400145553
461121.89821717807
451512.39672911307
454676.4451105272
467478.41013308597
438526.54582493677
441652.79728231207
445091.96577093983
447989.16024968197
460895.48719141464
428769.3000104163
432241.1216553224
425696.18352064287
434842.54851155606
455561.86893217155
451481.08198151103
463386.2805400997
456453.89074943354
454304.84851729247
467354.1485090583
441133.6393353986
447775.43751513027
453789.11158130976
428032.74157560774
419406.1812630687
422083.63023770007
415851.22777166945
412955.0555704702
434554.8704379538
445123.76105815015
442617.6359809233
438719.4217332052
449328.59973088786
465735.0094483411
429614.95572130254
425936.401610665
432379.08040960034
458038.5749744272
450249.1248505047
436441.35647307866
423493.49958555074
419677.3978925762
416979.49428412074
413196.1087545667
460024.49089814484
440716.1836519908
446975.6459888302
427342.3415532148
421404.7539846858
415127.36069148063
406767.1793686634
409203.6388410694
403038.36326778855
400424.49415422714
443627.20005459693
465888.274403588
458858.8420964572
452027.41787144943
430603.29063147836
445005.87329437677
437371.11697196105
424249.81733355334
417658.5878576739
404227.72210781625
400704.42710451275
407114.7601179353
410899.8507496074
471705.44589815155
460138.6018794004
445718.94623925094
432958.15210866614
419977.6250523854
414494.8583682533
408596.3319961453
387924.9871646389
390590.0130058751
394217.58141803084
402348.6064374706
396627.2737129819
470830.8710897808
470284.01273819234
463944.00884901005
457017.0186644921
449777.8094911939
440163.51844163175
442787.45247884886
431765.4919573244
418660.0767592308
411641.7927617016
391787.1372060034
388401.4492805056
394448.7661503081
398160.4083789258
404884.86553458514
385650.50455026556
382164.49507335044
457939.37374044163
446999.0894072188
381954.8912439295
384251.04820821795
375826.58672031225
378431.3410780654
431090.0332999591
418796.3974756098
408792.2564837718
401879.3856213401
389985.637452136
396002.8585227546
363842.16773855715
366263.2767085861
369830.56193027896
372023.23282539734
383728.87312129355
357963.2953487931
360086.23624230403
354426.38173877145
352112.72825759044
453712.51216487057
451115.07931554277
379651.7718022609
376232.32248094626
445998.5689973044
437949.3100745766
430614.796898339
427270.39843994984
412451.92501974956
405659.4776223854
392174.12371222867
398661.87888464547
370078.36269030004
367293.3816517144
364258.9025219998
373584.2007450381
379968.83862753253
386066.59031561017
426362.57239620184
435097.48979218304
377595.9084152985
414114.18793356296
403905.50131954235
395616.9193155146
389446.7953263186
365366.4962332474
371202.60748817044
377179.08730964776
359302.58179617656
340542.7727406567
342958.9684735964
346318.17220592155
353576.7678769729
348341.6747571878
329203.97216780816
331522.8317072763
334943.9631265249
336928.1588691036
437058.5875279017
430598.6591580838
361624.87205438426
358185.17223056714
355441.510753062
352465.0416995553
426143.7514736545
418630.30255483865
346501.8445921472
343879.88930917863
340925.7910340196
349945.33713150205
412701.5510182097
399878.40435497666
393049.8291997971
367800.80211905413
373854.90611146606
380379.7903016179
411774.5779598189
414509.9445683987
400167.2053860831
389515.97650275007
382651.3826940849
364491.0251027787
371050.980396158
352394.5933699667
341889.34314252104
347438.08336780604
323767.5206543905
325581.2579998563
318076.7337321523
320303.06763020053
330614.5916432746
335924.6695233941
413893.83901689795
398620.7561733286
355900.6955815349
361861.10370428534
401730.81767772033
335159.8195367893
332499.5944567531
329509.071189115
338359.0674193699
401220.30157354556
344377.80740278657
350319.69028162386
393326.9904195838
386225.558767783
368324.93666448956
374538.96014070924
393816.3951082627
396584.22286093066
381656.93048950954
371788.53610486205
357627.72291432176
345728.15629055817
340688.3040439262
314625.11768381565
324770.9492447147
319508.25845886115
329362.76138304296
388940.2855955723
381900.82178445434
356410.32875587686
385447.94930508354
327058.76278474217
323886.88697359926
321167.7510646753
318455.59310455964
332979.5992022371
338808.25305418775
378287.6764785543
345001.86702192255
373754.06703146733
362362.7433710252
376883.6752401399
365607.5940181592
356637.817038595
344313.3863192606
333377.43398644944
313763.106334465
318363.6518060831
322403.4436270905
366474.38891984225
364823.281350411
351853.71390306886
366190.8995068613
327185.01347093715
321534.525437074
315957.1998702
333295.17154436227
316097.23676839593
359168.4945768542
340283.932269067
353543.34421392105
348436.24120716896
353678.73268507264
343806.2634742904
330318.6733727279
320752.4131879866
312866.32592285576
346723.2571077018
347799.26706211636
321628.4407605835
326704.06260230165
316304.15593157837
340975.50267683924
333484.49883642915
333077.55361834203
333826.0398612922
333110.3036431539
325859.12009522005
314735.63129491924
327772.2260443662
316135.6983487487
315993.7903753567
319406.1118260138
322520.5836834296
318732.38944226055
312381.4823161993
307305.5284558917
309444.217198924
312826.47821617924
302104.7134087984
299598.15133747587
296933.9281858687
296608.09852640476
298691.2614161769
302023.8645458285
303880.6449935989
308626.6595348612
312895.6383512874
310362.0101770075
307571.9940611582
305094.862436762
291488.7848941903
289093.7314833241
286338.5603505146
294554.72211627814
299931.52043975797
286145.54743480816
288247.56836805836
291387.9844293001
293186.01075997105
297931.95780088013
303007.80527659564
307719.9988564364
305365.934517716
310713.3907404431
310891.79890557594
278581.5022113488
276079.4092941465
281179.9795676344
284027.9401948385
289413.86456748727
294695.06968046236
300235.82261539105
277834.05150662886
281096.5440780129
275914.23798068066
282608.39450350153
287213.6496775872
292373.26680218516
270963.9910346058
272373.74191999936
267520.00788387965
265859.76331965695
260967.91985277878
263257.72027081734
296787.67227712896
306552.42814435466
301774.41027242615
306135.274733007
279029.8536770323
284305.2882430476
273768.1334260404
271020.9675774654
268596.98986613844
265970.78364692227
261101.89958121695
258695.61425998303
256060.33410491887
263757.4698762343
289745.1285246849
295255.9229879986
276765.39839608484
281759.34678354056
286278.60940228956
266301.3438356262
271308.48467842676
255987.97583466757
258157.3572783186
260270.50379464249
253496.70857490302
251244.89803186897
241721.387494277
243589.18819186982
246299.8518306655
248208.95890807195
253854.09243955644
251331.33248462414
290899.0227347176
299902.5831554046
290517.86201411433
310678.3163824111
302550.75554622035
306515.84706032684
300707.1384391868
273875.1632086026
279406.33167560806
268833.2500714743
258965.79062046378
263769.4526071869
284303.51588047016
304604.7546252639
305103.40019801876
289067.600804807
248856.39866733685
246419.08267387157
249243.3963336948
244353.68687304063
241754.14446165797
239376.7344326119
236909.6821665424
275535.36459975777
280715.24945383513
264976.7366130069
253447.6561124968
256762.19781107493
242839.29125290507
236838.15454807619
238511.41015044384
232339.01433901032
234021.49036899846
227592.00368499375
229246.60725316338
224928.55104827782
223143.9287948316
247387.21734152496
254119.8346147992
293748.7501546059
275927.1183973017
283859.63824003126
296347.0213291613
286193.8970320762
295880.46917225147
289002.05527098494
275344.84240942815
269291.8592574332
259175.73562667897
276659.67740155937
290315.56022332463
281131.4618487554
244480.16952956034
239633.723789799
249353.01689463874
223157.77910189432
220960.10850817486
218575.35586750382
232400.28816269492
230208.12891620683
227713.77445800998
234823.63623893083
225623.76992140865
215942.09134113454
218545.06619230087
214137.5434066986
266782.9496380152
264749.69782822765
256557.05433820016
250363.84395696557
241549.6989949957
237699.8679889012
233220.31557346904
220121.25655821426
228406.90620145365
224088.536441525
276193.39561060857
269990.2697571903
258601.76554657108
279922.94668646454
268323.11169789283
276075.2852278354
264900.7072275453
253927.57366025745
267198.50162969314
272116.92524747155
235034.77402838608
230374.69906374207
240005.1606890361
244941.14972858655
221242.14469005112
216568.11341617274
214215.6024868593
211880.15815153415
209681.98983434946
225626.1173950277
209625.33303413983
211192.72717265686
205352.1196784003
206937.54221487098
215195.88626175318
253126.4613985543
245427.70397000844
236481.75218826448
232188.89187858082
219413.4130046661
223097.88356200623
200937.286356949
202453.00570760234
196746.51513228394
198349.1498461485
257862.87047375078
245975.87277873603
264690.9151801761
253582.90071716727
261297.4538769557
253125.26168261893
258191.11486837012
230458.31457458416
240271.28323053443
234929.96919518022
221338.76720658955
216724.3821378486
212098.14841103522
207513.6548239228
205293.8872734425
202928.04656860218
201064.9493608741
210539.95392469637
206312.58926115648
214290.98596223185
236914.81413583335
226056.77757949775
217014.1208784894
189808.9027636652
192436.35051239035
193842.01581417015
201767.72575566114
197530.22928204702
242555.09177042227
232583.5433189041
238444.12912810012
246943.93053651488
249665.77006994598
244831.56242185028
233274.97376412252
231827.4897345581
225054.60545365835
227511.00807678772
216714.96836013845
212708.19427471972
207863.75738633724
196707.1343383017
198639.4001478661
202300.1753607067
192481.86732028102
194315.55464649145
190744.62499392484
205559.36180289855
209564.0718642557
223442.94761603084
215130.01986293274
193059.1621606061
196647.1684556445
226733.21646846613
218123.3752804869
221237.27202170528
232547.4080234427
221143.53109224106
221632.28977562152
216176.79624704525
208107.9563727465
204551.7638542103
196154.13288245525
191129.79968944073
198841.5459600588
204433.26362383773
200035.14387656833
209919.2813125885
199717.78167989707
190974.6606845779
210897.30153516008
204735.30951200073
212845.40182010882
205699.17290660017
208145.74314590913
213385.44930589144
203689.7547161658
197921.2829237629
191386.3343768528
197363.25513418895
193989.05869126017
193925.4166409779
187668.3851371347
195114.3222179585
201788.69769764345
195377.44555050647
187573.10465294347
196610.69276418388
191666.3346611398
187681.61864034287
188330.99499428077
188306.32310981178
181413.2059993216
184106.02407328985
180083.48119797287
185423.05450768562
189029.4643254833
176041.39167833317
177978.34544607325
169987.9267112234
172014.11367384726
168000.47380026497
173762.2888876989
182343.4535147994
180103.7607699437
184136.76750746393
186618.63034158602
176005.09053421867
174118.74711254047
172061.6455867701
178284.10139565667
180531.37125231593
184674.62857277744
188213.1927260314
175676.2021557362
164194.86366962214
165604.99697044792
169924.74646062212
182538.78266912245
186797.24962746253
168033.11131505185
166228.34749854176
164209.06351362437
170304.53471583672
174400.01069250042
178481.621987449
162390.5391693154
160280.15200386904
158464.9524897029
156537.68770646505
161875.99765604347
160297.99501466085
179778.0202637689
183168.32859677146
172931.19475240548
182199.46911754584
152678.75058888952
154101.52051532187
156513.12215507738
157751.5908615564
161150.73832041887
164734.25960372514
167049.42972471114
182906.9558524797
186861.9962840941
166400.581724253
170387.49291118106
174587.70617152224
154764.90427637598
152728.86290561626
150937.41813434078
149024.75703900677
162534.3614782683
158627.47972750117
186970.45995537715
147344.8399033942
145316.67366807163
143496.08438697434
141786.87329119217
138098.76228496773
136425.50164608084
134676.32108941415
140009.46996173885
184516.82084458382
178614.42103438478
146799.34434623813
149077.97780077762
145379.8750784235
150199.5271547623
172793.1059604483
172995.14207864972
153426.08995878603
157034.2566167921
138144.2300248313
139448.0982084659
141731.1190440744
142916.03288070677
160104.14796115743
163504.84451362336
182012.95831132354
179966.24291254338
180961.96914838417
181339.69321552105
178118.13015591842
166621.51793239787
170379.0697905773
154846.6314231047
151087.83664671445
158834.24200861846
174368.77848446945
147466.18126517232
143750.12681981822
132929.76222897196
131080.47944999032
136553.77241769616
140064.85221717795
129403.34550593335
127748.9291086014
124267.40376782743
122701.90998146383
121010.92718613042
126122.25090649395
174600.07379506106
167171.5895354261
146109.65460059256
149564.8132920703
163521.7744686654
152539.21865505172
131131.30712653868
132418.66656794306
134620.8650452359
135787.8972913236
138907.37455095522
142297.7417357495
127739.77021916855
128802.56031254087
124333.83994985314
125560.0384888683
112309.78360935941
114483.98955608193
111179.01459442037
156257.84591524294
169421.74904093487
172551.17154195698
167715.3718666817
169255.93142342585
162563.38314856114
151413.53220415473
155349.12163881617
162710.37129611496
143866.02075636727
133011.74630034188
129596.61832469574
136571.64897590998
117670.96441323582
116071.51248769808
114440.60245315144
119397.05150152791
122789.51646244239
126154.69308309276
162902.55489315122
157865.91280262204
145190.7920067057
153843.95136542968
148584.34737260474
117634.97159286262
118811.61424627174
120981.66261899409
122020.85247554087
131792.1219237118
135134.49015209527
138078.88053023917
128271.83534128293
124936.50677529474
108114.4683721367
109670.85699483308
115427.60986863935
111767.00189906669
161321.76348425006
156533.28492522257
158037.9963555634
157588.61629929734
112848.74314917612
111214.80189878998
109668.19567117165
108128.20279397148
156123.25088627762
147956.69746743518
150784.58241240433
139557.99703930985
129658.57347085711
133199.13995185102
116179.98726684025
119468.04504079318
122861.58109035798
112939.43218211879
106610.25642694833
104950.23659321456
103453.83269185045
101950.8102435665
150402.74939762507
149158.66342908735
141068.28350824714
144206.20499231157
104933.50068707555
106282.7209696212
103350.47574589562
101951.76012549466
98860.95689006562
100007.934663751
118275.01801306136
121449.15685464295
131194.46784641492
134596.72181168705
124378.98873684627
107988.2260314194
114204.08733719746
110466.03958650128
146748.8049448099
147898.79979401457
146658.65347111347
100436.7013794433
98895.36790766467
109794.64763302263
142923.15790202993
141151.63677467706
133270.9368235866
126175.13182254533
116193.0489259325
119535.20845842708
109940.95162059958
106563.0991342139
103567.64872644506
97533.69122128871
100579.16792602174
142060.6578573843
140406.6631669255
134821.91973195877
103450.61513544132
99567.7261678745
117886.03651505537
127544.87094404537
120307.74889334578
106887.77743893571
111524.63245866359
138990.54376986134
136871.68365051478
133691.59339831138
131580.1500594422
125984.25072136584
119615.5854231526
113215.48085451042
106894.73939634184
103638.57620845157
97605.41350409524
132971.62850593333
129701.74518819258
125962.92626198006
101575.35660916845
113861.91027467923
119387.59300234204
106138.4051774346
129254.93000648324
125960.25637629046
123355.3627457543
118825.86436112723
113182.97559579877
107130.64816555959
100962.53874729884
122854.24737794127
118071.75003157326
98395.83590496362
108919.6348038261
101278.71330704661
116960.40104742894
115966.2864479116
109280.05389940328
112122.7012424664
107105.83365043449
101361.0835084792
107467.73331356581
111813.52592261376
99853.75987394627
106420.81573691517
105637.62652267616
102994.24396704746
100758.80100354947
95848.68694298505
100300.35374699366
96462.60201794631
95300.07251563559
97433.8478418211
95948.15046544482
94531.2450714891
93008.172212668
91618.4555624339
90152.15032203916
97022.01515974305
95974.19746646516
92993.11983885067
94381.70204967317
96442.17295810046
88779.22030538638
87340.51435064072
91691.75744012049
94599.82505076611
85947.91093403123
84551.59954719167
83194.8340477359
81836.15323813393
88602.8271882138
90165.76484506775
87355.04378958355
91263.50632909633
84513.91459115894
85774.66164647967
92870.74757673097
96027.31423092984
85987.6225957349
88818.14027538567
91742.83594440468
94871.85165132718
80477.02446004612
79128.84202216762
77818.06280181387
76528.03916320561
75190.20256787782
73901.60501964182
80514.68004585337
83186.55748967113
86103.92574669929
88326.43176705763
80336.71749303615
81842.17697091558
79128.69784632015
82796.52013892881
72559.47163550707
73923.25694515744
71415.14148434778
74926.88727367656
76523.41382220443
77634.8625326034
84102.66473841215
68893.54727752441
70009.8000891398
86233.31162515197
90636.94928045051
93331.98544977765
95324.52925617209
89301.12699061228
71434.84357168157
70156.02975019313
68879.64101691931
72667.77518243028
77811.77058171928
75187.40736770806
80515.56353685509
83351.25496717433
80044.48203861435
72386.31473047446
76013.94401741668
81338.95518778682
83080.16125315512
66491.97453918669
67506.4873783045
65259.32957959628
64100.79090631273
68716.29659262694
87869.55293259393
93731.00248559928
55052.33050772472
55735.03733736182
57189.715231368806
59470.874310914485
60327.64681023621
61728.60429321827
57808.066914540024
62532.24565327428
67652.7497919055
66498.44169878236
65281.85868955606
64068.0103289958
89643.48093175684
83676.36134649783
62880.413290847566
61766.14589331771
65359.43811084628
70140.45295222534
67575.93185428294
72572.4500793107
75171.33342335714
77821.95521688458
70425.85345619099
77723.61758729957
73917.16749398575
79379.28177044599
81999.31923330277
65226.25139722723
67222.26287512635
86737.60794051476
92611.82009648078
91963.17040002525
50809.302910551756
51472.881276844906
52860.53853469078
53444.27252126874
55249.155289844726
59800.421936288556
57295.28016926183
61946.6963703962
60433.983227846926
59456.70637865275
72461.30266714314
69989.67010864083
85100.91486246676
78680.53700632308
63017.86514092374
60562.53805658419
65077.591440084034
71667.05560277945
70166.6017447049
74688.88354072483
80093.3684546061
76296.17705232337
63218.04021105743
65266.348411507846
89284.36766799226
82155.84116103152
86774.36969074645
86352.7159844158
81829.76969152181
47479.04491136717
48736.165105057065
46796.320171193795
49269.4391415307
42950.22827604006
43534.5242838337
44818.5033893397
45305.29586088865
50985.042742221885
52978.615633463
54593.87212735461
58874.067372542566
58330.40551266142
57228.9684212103
56108.674181936265
55008.3930925369
58624.38766700949
67479.93475343083
75024.7665164388
60937.74581130905
61664.78732283145
53929.01660303902
52865.547133172244
51645.265350808324
50809.55969239951
64568.958747438715
67275.02155656702
62030.78555471897
69936.59021827
73902.68561614476
60393.31782825445
63103.25974371866
80344.19488527733
74966.02027347885
77371.11552003169
79453.15271511702
75042.08377508866
39334.053483210744
39861.445711150285
41093.9246961948
41519.047985089455
37963.94402455924
46948.89485358903
48843.43590076258
42997.046218038675
44741.88491542356
50480.907641056874
52106.428586625094
55977.075247620494
47479.69149735423
46753.25310693279
48752.19853602569
56133.76714444842
56442.93594207836
53783.76496000659
59281.292492397755
58365.57340931998
68143.60771220608
49552.2790491456
51662.42536254496
61791.03935473471
57296.596037227544
55093.14441687652
66231.87326578228
68561.41729632717
57615.834572527216
60091.17487129654
70882.8855830627
70458.71065116781
41052.612371109855
39346.87844124491
37543.38881102372
46297.73493633023
42457.9462798345
48065.673595748354
51514.18471122998
44809.648079580686
45524.88933289877
46932.60155900172
49534.20296038637
42954.340655219916
43621.40778119993
42108.87892556713
41074.55007715377
53223.609305074606
51711.40273122171
61774.99000293206
38430.3602220218
39333.45393479909
40167.05012384857
54944.44892736112
51773.43298884732
49542.32147890113
49619.13131175155
61944.96723008008
63878.75097853937
53955.525682280015
56616.924422721146
61969.49276113246
38871.06972616444
48159.21955652349
43709.936371343036
40155.686710535156
45425.84583830909
44300.15558490114
48111.198963928626
45248.67217138228
42094.70724890221
55586.28353833203
38248.67830318846
39932.360015425984
50203.04081731069
48061.66751754432
45518.0041449478
44783.89982297412
56097.60486722035
50954.22480112727
53506.38899065292
45717.81544701736
42466.84126321451
39662.22638349677
41989.188289663885
40011.2687788615
48587.12618554255
38194.26890488485
44891.279038177665
41796.379900016844
39696.39979715644
46780.715017364935
40045.62692639925
36909.71415105697
41402.804090810976
38599.09016280114
36253.351595491244
37265.16466507373
37575.00503236296
35933.709165388835
36433.51308512778
32729.158728990413
33194.07424778071
34290.8554357244
34640.829739097775
35962.87205114682
30192.849796172057
31210.72920846134
29748.888876630197
31530.423245209644
32749.123362894217
34187.413409291956
37579.74252955306
35402.26697521929
26989.35199359396
27363.340428946143
28333.743006461722
28637.44441625159
29723.68166086152
31103.091608776827
24439.350415331737
24763.152269264614
25667.877594307516
25940.55879508492
32238.077179007953
35926.064714025495
35009.86470217655
34293.43940004529
36681.75765356486
20236.48738051273
20990.400757339394
19946.37969672334
36419.31407306101
33297.028764601004
26981.167059163603
28221.713805461262
29271.457190575176
22430.898684900407
23221.97009838444
22091.915911123448
23486.617081571163
24419.10345278568
25596.0106476265
30249.58648399184
33402.82386922884
32740.71038414484
34930.87037832765
36554.63072649601
31864.21145754189
31193.871629164827
29761.50549243507
28914.5735519862
28323.82625726592
30357.86189112892
31814.241780122335
21166.77341673646
18941.895559625693
19312.148679718997
19932.028259353214
17988.502557060907
18265.168004958705
17436.19085648466
17072.92152458153
15575.919620697847
16211.890849323201
15376.44504452699
16387.353752594787
14582.153173767578
14874.368860659226
11348.758159956164
11733.122931785147
11080.721282980414
13834.076521004163
14039.152547383366
13365.677573048577
13106.827639436326
11938.759329554994
12407.550040483235
35324.113849155765
32701.92607650452
29577.48966627947
26552.764475828473
27680.56469202912
21993.368551605527
23114.708993389017
24068.1613138068
27592.258015278105
36359.6326842761
26986.307318753145
26241.008327487525
25668.675876366586
34806.235077232486
33319.216427196705
31692.760809091717
27521.22239486745
28888.932176655388
30262.233110672496
34378.9235130315
32867.39570609209
12624.526979327988
20579.252571499772
18656.157263900146
19327.612711794925
17323.472676299963
15346.005846341466
16182.362030850283
14356.531609641548
11256.06568532676
13224.454909628685
12179.840915108733
27739.728334846353
31037.198521684826
34263.61486394672
31749.91448724256
24941.945771528997
21718.189613189996
22598.478045683394
24946.213293102508
35528.934817602094
24442.504874684037
23740.151301935308
23228.32682218417
24927.970956360157
27457.354681068322
26143.36000660862
21411.944056753942
20988.400842602237
22077.071614553206
22524.35327777675
28779.781563591987
30248.739377839305
33271.43952344565
31325.193990989384
30279.80597362836
19558.729345935913
18101.623102702582
16673.952329528358
15105.179009305795
13714.220453817577
10792.251153203808
11601.977703021686
12572.98232364776
31690.926391217854
28468.700360910025
26530.025938023446
28421.371918425826
22367.10966474195
20225.180058194324
22798.25909840834
30410.633082951
23656.763335443142
24829.555323950248
26042.62946343646
22417.799726444635
20321.439181907892
19948.077619167623
19298.696803835668
18941.817243114787
21319.024366688605
27385.079307368116
28488.181721652883
27435.658039128015
17625.379228578753
15931.50688456837
14378.928685535211
12988.399019863014
10748.72269980493
11830.575748906695
26906.533816026684
24209.400119783637
23481.507569338613
20216.922047009495
18276.53156885383
20237.42097694565
25468.136032848433
23518.469015158324
24621.28732823814
21185.68364605087
20189.743554601057
19189.759903212624
17981.070654554715
18232.18597179029
17330.716037123035
17078.26844187889
16203.46820559974
16455.20256259248
15384.987937005346
15605.911316391162
14958.887722466785
14586.570156071548
24458.195354369072
24234.26248992953
15978.633206947505
13656.51609193512
12034.026948245593
10693.337541844578
22866.545799624833
20798.775534302804
20282.986708142376
17222.67617770583
17921.702956846213
21595.200763594683
22025.815681384935
21952.32182838933
19782.925566052272
19101.709819854812
18157.526728610686
13830.632110766965
13438.218239941943
13105.456380997775
14919.451148425449
17010.49838604825
15794.193967515772
14148.766123315567
20289.552044044594
14590.401403788099
12620.435511479418
11088.36199671374
18909.670522021926
18566.12696556581
17008.59265284045
15520.574081402765
18136.502741562475
19364.529775779927
17843.061925512044
17265.489192541598
15849.35412118453
15070.617852067464
12405.097697495215
12026.693785057885
11735.768719541578
12696.790259618505
13374.36616255974
14174.598457017806
17427.61865528466
13231.06757535501
11520.03109474201
16478.023239985472
15925.551759311425
13999.781426668085
15489.17834645402
16467.460470800397
15471.888366880003
15602.691658990827
14552.813897783597
12625.382379613735
11988.27367607478
11368.502663334106
11082.694213728173
13171.982248093938
10391.081947908751
14123.350598968862
11599.682384035055
12199.253753659792
14083.805449570302
13498.797318448309
13301.857942630473
14030.92856283038
13607.27068733519
12382.83554459162
11872.296803719011
11315.516936771974
12691.946122668314
10545.592088195595
11824.929307465132
11859.706686767158
12195.776581408276
11090.214099326433
10658.21829224746
11142.452247739195
10586.264647970484
10581.41738743643
450.4099031792468
587.7516761400163
-0.5848427814939967
-3.925481647930404
934.5542385936793
1193.0110643424039
-2.1369643040945037
583.4882023689536
508.0804080146835
11.548373751196566
1822.9145329317532
1560.3131176493898
1260.594244276505
34.840195305240854
724.4017729397162
3342.334333904074
3729.153418144591
3095.0660386877676
4655.560631123701
4983.413515292264
4357.879271426432
3983.839182224378
5597.028774638989
5863.12312713079
6211.641923039893
6813.124162263936
7057.95059763678
7417.0899780324135
8011.364585113525
8260.362310469633
8617.991704589536
7623.809581702783
8837.9303638075
9213.880384882983
9827.260736741322
9516.985327957003
10448.329309012082
10721.15935392642
10070.922502448333
5222.604835026235
2812.618039751092
2459.0415945591035
2168.9861680656627
1187.2029705655307
1808.9034032274913
64.83967835704503
566.4673429299817
134.02864885074584
612.9564745966247
98.09256916429733
775.6174892216659
1248.2037600542587
1497.5140977046535
3250.870443991129
4540.899312423878
3869.5929788175185
5787.039323467295
6444.032597940226
6976.542285307815
6375.658960018552
8163.810664781883
7528.060456917394
8717.394154612379
9500.62214213911
10382.055842229887
5167.150056480867
2538.0444840120413
2122.574884420818
599.3570404873326
169.28888207261195
203.85226030475644
791.1691506944669
1287.649909011568
1536.038853518915
2240.3238593538395
3180.386462503408
4449.08085898331
5729.26592378707
6863.333852265257
7972.195634140617
9071.743809069414
10004.838657083279
236.02806961938185
747.5491423154463
265.69106422805686
903.5602411573605
292.32370008404376
775.6352417308138
315.2636515575835
986.791168692699
1295.6649115171267
1598.0780991207441
2342.7361448492006
6204.649027685393
3739.1102862994626
5210.989493629063
9673.909779977012
7328.304355933811
8504.097730027222
771.5363133777724
334.9861772494557
1511.8901633244102
350.91056673362556
895.3024902012393
1536.6344361333358
1409.1122132621483
1767.1030087270913
2313.0714141458507
3664.6328446499588
6125.205934700713
5017.272252999289
7039.883973821243
9277.111958465868
8115.373094957252
9947.809603100104
823.2522993102353
363.40655193856537
372.2787614559708
959.985148903855
2155.006634446948
1693.8777782926036
2509.4727475802038
2403.319681340673
3458.676553464823
4686.134169491687
5980.715210234945
7569.999953678566
8917.562646400618
10019.548318555506
377.4953206800638
1031.433382348652
1533.2257941109183
2396.462454157529
3702.8143384878745
3221.882270981114
5078.839800991176
6536.50057367958
7414.982414129356
8548.482749065455
9438.858014566023
379.3157602101696
1008.5929647081774
835.9476133378424
377.49788365641217
2554.4252664522746
372.37122095056185
999.7548996311317
802.9187996543421
363.367794757554
351.04983964406364
958.63638635675
1691.1417403813532
3224.29092170246
10738.608099470355
10447.947000819515
10724.161359176507
10126.35261331725
9828.034277480352
9520.031391871311
9217.608029491797
4497.602738971464
6362.837184527271
8083.977377522427
9736.376262899379
1568.2358015189518
2676.6205970399974
3717.6350571426915
8924.036195073026
8610.492682269467
8323.825080846029
8016.632215028137
1614.3564301401902
1466.7330648283646
965.7553840502459
334.9628687306829
10106.338523779737
9521.626803478483
4856.082395970355
6287.723936116988
7337.182953679931
8856.607038903361
9515.801373475422
2528.665749674176
3569.6974312638336
8932.980959251825
8339.398099184018
7741.7231592096705
7415.587358888087
7143.830235489755
6813.991103390385
2143.510068755217
2201.978526028167
1621.685318681012
770.3890146686202
315.4052983359937
292.2179742924608
943.2583615034769
4481.141451804237
10006.61361479689
9895.156893004601
9520.72696282035
5945.948790930299
7765.663990071905
9585.482590122614
8263.502904431953
9166.926407800769
3202.9174609575384
8365.981339302769
7746.0556087014875
7172.915915705595
265.8387238752012
993.7097295791599
6572.994757992678
6208.8433974079935
5948.531942836739
2662.770854874639
1633.8517960117213
4944.116274685483
8868.537308958992
9089.865895003237
6651.145195809414
8218.746911471306
8006.5822063549385
7731.766987916868
3813.5552432556087
734.0135024461035
1757.3972113182488
236.12266416739317
5599.431938185633
7214.178869397374
6600.000440147848
5384.779059242753
1410.1604075105981
6005.878974143149
2708.9153362377724
5125.061729665066
7533.80652116025
6576.950566839252
6639.443464714822
3737.5484056460755
4871.143608023161
852.9771047221801
2416.913547247185
1586.447279817575
203.57719595771178
585.5964028625792
4984.100849732155
4728.359339189105
6078.101737460448
5439.206965317992
4809.907987786802
5729.691455536517
5638.883026223421
3504.9069491008195
4323.813766578436
1262.7254792498159
2220.368454497521
678.8583547772863
169.40205444830056
4358.3729145311
4124.61735968408
4943.211755580443
4232.337751150422
4465.242210421017
3202.6384601890213
1437.7205814804356
2083.135626865477
774.8457942549362
133.56435759673113
3729.0742509870884
3451.673622896001
3506.1584570509517
3880.534504067431
3166.0992507293845
2390.1488565440986
1401.864700680455
534.9706561983945
98.31693553010989
3094.207900419313
2794.9049884186315
2893.288920218511
2071.355563010398
1155.5888310154255
680.0296775231146
64.46681131961465
2458.0458870078587
2112.7676966554327
2009.6513342646447
1320.7612199999617
649.1232190769132
34.75491888468654
1512.0883571024967
1822.9806112532315
1179.3619921583866
630.2329399032078
11.57862156275163
878.3198084014653
1193.0954318442684
489.10891317477746
-2.104457221042025
407.1513905465586
587.6379263383479
-3.725797443862597
-0.4077551204237242
