% Model:              K-Totem.mph
% Version:            COMSOL 6.4.0.293
% Date:               Jun 1 2026, 19:49
% Dimension:          2
% Nodes:              2212
% Elements:           3966
% Expressions:        1
% Description:        Pressure
% Length unit:        m
% Coordinates
-0.7519581729509982;0.002796560796824878
-0.75;0
-0.75;0.0035710982749162044
-0.7518446897888355;0.005882910548975617
-0.7540704439342949;0.005813196391319224
-0.75;0.007612183641974551
-0.7531623388562764;0.008968545233159916
-0.7566975384601475;0.009565076201938753
-0.75;0.012765347546550027
-0.7545069926086762;0.014298552158715951
-0.7599374357727142;0.014192129090929685
-0.75;0.019732060131639043
-0.7635452804424882;0.01934466526470283
-0.7567823247588936;0.021518098549470212
-0.7673934553557226;0.02484042859663356
-0.7601474996091205;0.027488332224019307
-0.7652233538230845;0.03125928289829318
-0.7714979696898793;0.0307022825616038
-0.75;0.02914313552988539
-0.7585657785848764;0.03654843906315276
-0.7675357656478299;0.037913913189133897
-0.7758758990456786;0.036954613644746365
-0.7727638310198396;0.0441283354272961
-0.7805454564850142;0.043623432794101184
-0.75;0.04172523407052374
-0.7617887673741212;0.04926915173904016
-0.7742388625901521;0.052384630303401826
-0.7855260683009292;0.05073648363135664
-0.7814412766152382;0.05882019485295968
-0.7908384548348835;0.05832335787086704
-0.7847983922009129;0.06823038491658401
-0.7965047166775137;0.06641561842709809
-0.7909491727852075;0.076656080326662
-0.8025484266115104;0.07504693072266301
-0.75;0.05788665775470511
-0.8089947278856515;0.08425320303818698
-0.7971177415061556;0.08582634619226065
-0.8043375725386078;0.09340957350662812
-0.8158704394272394;0.09407273677123917
-0.7680304418014042;0.0673162431961302
-0.7864870732666894;0.08619139184897862
-0.7811582463627611;0.0774407574035183
-0.8072981060247736;0.10722190001738012
-0.8232041645245146;0.10454638165090786
-0.8145425269282769;0.11815697885397845
-0.8310264129530462;0.11571771015235673
-0.75;0.07818622817152597
-0.7894055274205258;0.09949287674560423
-0.7699971900365862;0.0911283204533244
-0.7956204954960266;0.11276970798305244
-0.8003681826110534;0.12293623744565663
-0.8097683033421877;0.1299354167049406
-0.8393697268439694;0.12763319725530223
-0.8239381603061505;0.1320979899307211
-0.8482688160658137;0.14034241378929954
-0.8311143968357502;0.14318184513206106
-0.8577607026245525;0.15389823265838457
-0.8411123002090481;0.1558722725572119
-0.75;0.10346483557827141
-0.7805550445060291;0.1202817608569438
-0.7980063333102825;0.13595517583988495
-0.811758174426009;0.14865845268187772
-0.8266702990234263;0.15654733112080904
-0.8678848746826124;0.16835704880301708
-0.8496274773656735;0.17193780247625734
-0.8325446326065464;0.16805594053482756
-0.75;0.13501134808059037
-0.8786676838216049;0.1837564961819498
-0.8578246694043904;0.1873035400922408
-0.8688870756773216;0.20242660566208556
-0.8899515091947735;0.19987146889706672
-0.8787606924384117;0.2159137279743361
-0.9014027825843368;0.2162255821630308
-0.7832813396003933;0.15425920922780567
-0.8128472287835457;0.1709225823403586
-0.8323819850210964;0.1895739075712476
-0.8920110994969416;0.23269836675487354
-0.9128541110275571;0.23257977405376495
-0.9046604296006644;0.24597986070500327
-0.9243054394707777;0.24893396594449962
-0.75;0.17463900155143494
-0.8512798736431815;0.20365638582237117
-0.8583969172191247;0.22141521229840436
-0.873364213374987;0.23197642751668643
-0.935756767913998;0.265288157835234
-0.9260445587014846;0.28285133182924044
-0.9472080963572183;0.2816423497259684
-0.9084228648021687;0.26682239842723027
-0.7938341854368736;0.19757620765248124
-0.8316857729191147;0.2185489899296689
-0.8507895404627589;0.24308652633388692
-0.8801027266444699;0.2561874286107853
-0.75;0.22456320395860557
-0.9701107532436588;0.3143507335074372
-0.9586594248004385;0.2979965416167028
-0.950462137912155;0.31645903811017057
-0.9578405130241491;0.3345118791342144
-0.9321390444446669;0.3032332687092716
-0.903255928870494;0.295208175879413
-0.8824281260732914;0.28144901124816624
-0.9321765740361632;0.32999307885536333
-0.8049758700590339;0.25238024415149457
-0.8483260811195774;0.27564228190633083
-0.75;0.28691582966690804
-0.9412520097132114;0.348636766031833
-0.9578045939954382;0.35772325974577207
-0.9741852792508254;0.34754457806441735
-0.9815620816868794;0.33070492539817165
-0.9930134101300997;0.34705911728890604
-1.0159160670165404;0.3797675010703751
-1.0032687083529956;0.40017368171962586
-1.0273673954597609;0.3961216929611095
-1.038818723902981;0.4124758848518436
-1.0183463085518052;0.41498965251092446
-1.0318594385757296;0.4267383532669991
-1.0502700523462012;0.428830076742578
-0.9011151734127337;0.3227488669783653
-0.8710133084673429;0.3087047794987461
-0.9168781788528659;0.3529317739396939
-0.9372019849126093;0.36781863567539475
-0.8126687676600557;0.31897734728230454
-0.75;0.3578832225473918
-0.9794149333598731;0.36556436401536707
-1.00446473857332;0.36341330917964043
-0.9585643185355002;0.3745508605176072
-0.9971480567275575;0.3804383924497034
-1.0373897083597656;0.44727381516317466
-1.0617213807894217;0.4451842686333127
-0.9761526930468045;0.394703829357244
-0.9446761206208566;0.3954028970233555
-0.9912224078068249;0.4219912790542317
-1.011397388208287;0.43754068630994414
-0.8672562430581096;0.35910318458330664
-0.909447428019916;0.3858694157828591
-0.81149716550466;0.39076584090230276
-0.75;0.4302856721697523
-1.073172709232642;0.46153846052404685
-1.0600081362574023;0.4804678916149119
-1.0846240376758625;0.47789265241478124
-1.0761205143230004;0.49413681182707153
-1.0534104821082533;0.46102087615045273
-1.0960753661190827;0.49424684430551563
-1.099171958064864;0.5271097313359859
-1.118978023005523;0.5269552280869841
-1.107526694562303;0.51060103619625
-1.0824234694356012;0.5133630274534909
-1.0151853504011035;0.4598702335294692
-1.0346982298102134;0.47168406560954823
-0.957756349047141;0.4243399614954862
-0.9234187297908514;0.41752599328052004
-0.9823057942306876;0.45557406202052286
-0.8741113603975399;0.4252435650359645
-0.812282550019958;0.4636982020359769
-0.75;0.5027018606989047
-1.0397231004435337;0.49354384390083644
-1.0569781045789064;0.505497726268101
-1.1050698533550962;0.546276838112411
-1.1304293514487436;0.5433094199777189
-1.079907748504207;0.5372982674305503
-1.061678362866047;0.5259529418317356
-1.0058097097037946;0.48971891304789933
-1.0313226822800114;0.522515345797788
-0.923563888368606;0.4642904100970945
-0.9688100911081143;0.49455178463456617
-0.8701883926462811;0.49509280072266176
-0.8099032696294011;0.5370182698545851
-0.75;0.5751180492280569
-1.1216347845129162;0.5598399645495712
-1.1418806798919638;0.5596636118684533
-1.1275361624415887;0.5788318090394424
-1.1533320083351843;0.5760178037591877
-1.1021985231237275;0.5702022508893317
-1.0839401708762086;0.5578346386527616
-1.0529264034517074;0.5535284353033634
-0.9891396509585914;0.5294513314626047
-1.0190484994344606;0.5526546921830787
-0.9325291531304415;0.5309916278008295
-0.8714069826625576;0.571477649352866
-0.8124799795161329;0.6113261434926331
-1.1444544792327476;0.5926913693977417
-1.1647833367784048;0.592371995649922
-1.1057811100364388;0.5920705831989004
-1.1506762167826625;0.6118589280698308
-1.176234665221625;0.6087261875406564
-1.1245563386535051;0.6042157163866433
-1.1690205228880821;0.6256205517015787
-1.1876859936648454;0.6250803794313908
-1.074161286044113;0.5885905983549102
-1.173728350720852;0.6446475837909408
-1.1991373221080657;0.6414345713221254
-1.0300577002564735;0.5915098438536635
-0.9796730847454875;0.5769433441243391
-0.9302604316575176;0.6061805152644327
-0.8714612642165528;0.6442716890325559
-1.0970080732907983;0.6221795808889503
-1.1473716908631066;0.6368908238235853
-1.1295433502668382;0.6253410325460423
-1.0509649394131357;0.6349627345569793
-0.9972437757941831;0.6458176898862037
-0.75;0.6475342377572092
-1.1904612473113982;0.6588180806197257
-1.210588650551286;0.6577887632128596
-0.8124799795161325;0.6837423320217851
-0.75;0.7199504262863615
-1.1967285243005914;0.6790552664398244
-1.2220399789945062;0.6741429551035942
-1.2150713269386308;0.692335600500488
-1.1708526964741874;0.6699375898673927
-1.1519687880828537;0.6572343571164371
-1.1209903662827474;0.6533132716087312
-1.2334913074377265;0.6904971469943284
-1.2449426358809468;0.7068513388850629
-1.2221631680529166;0.71061677043986
-1.2342538312540947;0.7247903693963829
-1.2563939643241677;0.7232055307757976
-1.087030498509407;0.6560066009572766
-0.9354510723097146;0.6821495023847727
-0.8124799795161329;0.7561585205509379
-0.75;0.7923666148155138
-0.874959959032266;0.7199504262863612
-1.2136598198490192;0.7294401566030938
-1.142378404777402;0.6850707197508091
-1.1020486043854665;0.6887370434649457
-1.1951793312405556;0.7087185481449195
-1.174433681308703;0.6920261456746951
-1.1623261031667522;0.7166568825758532
-1.1910792537540644;0.7363659912034594
-1.248200811686149;0.7394914106490996
-1.2678452927673878;0.7395597226665318
-1.2611431814823213;0.7523387995045939
-1.279296621210608;0.755913914557266
-1.2293967586198;0.7409305831904233
-1.2125788129808779;0.7529730866809051
-1.1295711546451594;0.7225499159944938
-1.0493148022088326;0.6930712544435943
-0.9932089113102731;0.7192131158316484
-0.8124799795161325;0.8285747090800899
-0.75;0.8647828033446657
-0.9324532908520535;0.7559913427893272
-0.8749599590322654;0.7923666148155134
-1.0908962898674777;0.7235553693640736
-1.2381110001631632;0.7629057257558717
-1.1894990229353375;0.7663401572111357
-1.158186467130281;0.7472252835149655
-1.215081420214345;0.7726057596152592
-1.2646875467280405;0.773446826268851
-1.2907479496538283;0.7722681064480005
-1.2813679279920287;0.7882273866534244
-1.3021992780970488;0.7886222983387351
-1.1134656073313443;0.7612305064242884
-1.052979370930031;0.7581975591883755
-0.9936820414358073;0.7956573884331745
-0.8124799795161329;0.9009908976092417
-0.75;0.9371989918738182
-0.8749599590322654;0.864782803344665
-0.9374399385483975;0.8285747090800889
-1.1606505160729057;0.7940293633258845
-1.2871362928076846;0.8077898099107327
-1.313650606540269;0.8049764902294694
-1.2603715851131356;0.7994013427087638
-1.2343453355668124;0.7899966670974248
-1.203105292205848;0.7944685683465221
-1.3251019349834894;0.8213306821202038
-1.3109315357387363;0.8419565715111164
-1.3365532634267097;0.8376848740109384
-1.328581944942149;0.8555772578676878
-1.30452809038198;0.8222120572675912
-1.34800459186993;0.8540390659016726
-1.1002416612505788;0.8135592329628306
-1.052912609228751;0.8337707395015361
-0.8101599967543982;0.9718045296042684
-0.75;1.0095355039364906
-0.8022046428732235;1.0422732887709112
-0.75;1.0797838343302855
-0.7973069718091081;1.1048920050508593
-0.9978196456022621;0.8684912959096257
-0.8769693819808217;0.9379130483421386
-0.9375185037124983;0.9031927496815578
-1.1927085864337241;0.8201752996774386
-1.1615221074656223;0.8476841789450974
-1.2849037656533646;0.8329223943410042
-1.2645168482506355;0.820581092041198
-1.2326954941562178;0.8164285564447952
-1.2113777241186148;0.8523534895538588
-1.2878327725189325;0.8552354453376894
-1.3072629960821935;0.8715122638854678
-1.364414732895399;0.900466158718953
-1.3823585771995912;0.9031016415738758
-1.370907248756371;0.8867474496831415
-1.335511597130712;0.8748381209769387
-1.3515053152159946;0.8886927953835835
-1.3594559203131502;0.870393257792407
-1.1101816506151934;0.8804122383922574
-1.0633835015689812;0.9116711701562787
-0.8714758598409488;1.0085088850815525
-0.8665928793500827;1.0772780069649415
-0.999565673412803;0.946098621393489
-0.9414685819564111;0.9782979645177233
-1.0628495421208761;0.9795537283711512
-1.1616432461724144;0.8990012854938245
-1.1964648975983867;0.8823132421656481
-1.25521590437427;0.848142671082852
-1.235877834574257;0.8849727119491653
-1.2760455225574576;0.8785941586340382
-1.3010241602336223;0.8937958923155961
-1.3260749597044637;0.8946179581485131
-1.2726812366110405;0.9135928487364309
-1.3438467543671373;0.9111066863003231
-1.3695463658847342;0.9210036675621794
-1.3938099056428117;0.9194558334646102
-1.3469078865051336;0.9338252508365269
-1.3854372831671025;0.9349288827798018
-1.405261234086032;0.9358100253553446
-1.391622721177928;0.9548088285424933
-1.3661187765027805;0.9459805659483691
-1.416712562529252;0.9521642172460789
-1.4080935339742253;0.9686952283820314
-1.4281638909724725;0.9685184091368136
-1.1317113049635197;0.9474746783358735
-0.931400015897098;1.0466276583704288
-0.915452226226981;1.1109032670477244
-1.0078319978332404;1.029445089709279
-1.1180724506606472;1.0166441480863178
-1.0717606445721122;1.039187311685805
-1.207694787686316;0.9402498542570686
-1.1758669466287228;1.0018465526515907
-1.3889584684230272;0.9791973674574179
-1.3698391409809143;0.9672339077086642
-1.3138345786738443;0.9278994952967518
-1.414348884699348;0.9878945541981364
-1.4396152194156928;0.9848726010275478
-1.431296447164978;1.0012440997568102
-1.2790425550408284;0.9632783343661441
-1.4116306796889388;1.0119156413415022
-1.3935016397630238;1.000493518008286
-1.3365041979105308;0.9622181663591444
-1.451066547858913;1.0012267929182823
-1.4372716954453093;1.0204473695068434
-1.4625178763021334;1.0175809848090167
-1.4537693012681003;1.0339914410471436
-1.473969204745354;1.0339351766997513
-0.9784792134145399;1.0922142600151528
-1.1566491184335652;1.0566699260677863
-1.0467369035756333;1.0885282370226332
-1.10412393855364;1.0742976008735
-1.1994563691659301;1.0538491492851996
-1.4152556484354832;1.0327552335173917
-1.2452691305195172;1.0144180415491655
-1.3603374003922815;0.9964266942248643
-1.31421503157555;1.003667907101348
-1.384697170323318;1.0287214581022088
-1.4595030382769334;1.0525365831154676
-1.4854205331885746;1.050289368590486
-1.4770128085603367;1.0668738724802544
-1.4968718616317949;1.0666435604812203
-1.4342565906652975;1.0444709713564908
-1.188007273164507;1.1014038903855563
-1.1453310024326027;1.1054476912557496
-1.2420579181951907;1.0796202817380853
-1.438452767571528;1.065265350865787
-1.4571986057801891;1.077468025642036
-1.482514369277091;1.0863742278647797
-1.406374726803505;1.0607586693646849
-1.3032516700226784;1.0574800881995725
-1.3568437192998073;1.06831008673866
-1.3459508102014337;1.0294025034662797
-1.508323190075015;1.0829977523719545
-1.4998846779351491;1.100126348780252
-1.5197745185182354;1.099351944262689
-1.505185970409573;1.1192072359055307
-1.5312258469614557;1.1157061361534235
-1.5223468688344766;1.1333889360276814
-1.542677175404676;1.1320603280441575
-1.4804348465242867;1.1106049856569193
-1.429043137265583;1.0947471975493839
-1.3289273523033218;1.1110166615716404
-1.2168020985564119;1.135315552386613
-1.2728007459301607;1.1149806143509606
-1.4619688201158063;1.098512251503766
-1.3781847410341939;1.104172130770769
-1.4838163197348628;1.1320700697464938
-1.452813751064733;1.1272430928770674
-0.75;1.3017422981964761
-0.75;1.3075850967158236
-0.7549194969423499;1.3036752285915791
-0.7530246561352963;1.3119047533465276
-0.7572103634068965;1.3076257191581533
-0.756376244501363;1.3166913175909458
-0.7602670149166468;1.3115875558792311
-0.7627518335522689;1.3169414524340466
-0.7600880373409722;1.321992307136273
-0.7566818331726162;1.2977859047887415
-0.75;1.2938840186772187
-0.7597590648525069;1.3026509986270673
-0.7639230480951549;1.305566101651131
-0.7641987468253655;1.3278630086927052
-0.7676344728563796;1.321111766015002
-0.7692384251355049;1.3118594580831198
-0.7595693963502504;1.2887909195331682
-0.75;1.2832824226262984
-0.7654949035327421;1.2973190921414648
-0.7717430243751408;1.3037149327149924
-0.7687512456299219;1.3343646507861284
-0.7743045147798939;1.3264924426340057
-0.777455070990449;1.3350478346352774
-0.7737930140750463;1.341565042341488
-0.7782106354689252;1.3185326395009938
-0.779376635322527;1.3495392798964807
-0.7841786607047151;1.3404772065454282
-0.7891107332715923;1.3487643124996291
-0.7855603437920161;1.358370530821456
-0.7801333638469805;1.308172702424243
-0.7637367187784747;1.2764810855447897
-0.75;1.2689797327710661
-0.7734490002204231;1.2861766315099523
-0.7777204498801719;1.2957229824875145
-0.7869389204847276;1.3283564823440892
-0.7871382423950011;1.3159396372587415
-0.7984530616157804;1.3549241112138768
-0.7983735093985922;1.3395115997084828
-0.794051422326866;1.3023373451997609
-0.7690824675878252;1.2597696636339215
-0.75;1.2496838701377921
-0.7823288162226129;1.27255190112452
-0.7880490823940057;1.2868936012251757
-0.8024006502098241;1.3201784390659042
-0.8121973599287076;1.350353628893549
-0.8127155523291517;1.3336805228249355
-0.8112702765518064;1.305905892716491
-0.7760107014846634;1.2369639755762787
-0.75;1.2236516813746567
-0.8092033818532522;1.2913345583540454
-0.7939291648066348;1.2542052879896701
-0.75;1.1885314653032995
-0.7848063611100525;1.2053797982812369
-0.75;1.1411541507380558
-0.7931541140702163;1.159321245886977
-0.8041474543767149;1.2734994519250376
-0.8233021660211487;1.319378766828688
-0.8323672652757445;1.3403197281118187
-0.827441742976675;1.298631172200441
-0.8094491003514481;1.2298033459626911
-0.828185943340315;1.2793005085477052
-0.822430530983983;1.2557739985673928
-0.8308310879800446;1.1947873576563073
-0.8601398107181295;1.1397255228760628
-0.8459819952370629;1.3571599180169975
-0.8457251054095772;1.3168378471641005
-0.8599982112183061;1.3372962318523898
-0.8528215228711074;1.2903112355732895
-0.8498676359156551;1.23039023827042
-0.855106567040256;1.2621646360942271
-0.8889080946050952;1.1938395067024459
-0.9160310342336677;1.155445931264247
-0.8836030014527555;1.3366632259247038
-0.8748963341683319;1.3101688761275934
-0.8896443898848093;1.2806428841864268
-0.8922891065803968;1.2428439644457923
-0.9294077999386819;1.2229542886830498
-0.9431861140974707;1.185781277298738
-0.9636486529440311;1.1419288911547882
-0.9108444270095952;1.3552323583820438
-0.9140263540844316;1.3121401131249095
-1.0278126105099492;1.1397119165659515
-0.9393679907854082;1.2641166456521626
-0.9746228104149003;1.2253255606625761
-1.0022655641202238;1.1853564518902286
-0.9613793698159839;1.3035506291428103
-1.1017783210485677;1.1384279658392886
-1.1619731414129373;1.149800027884771
-0.9584721185395783;1.341641066423442
-1.0681836239784483;1.1959721406288328
-0.9915998359225238;1.2713046090632223
-1.03481734412841;1.2363832330521942
-1.0033959637039394;1.3220482341939654
-1.1349716687511853;1.2017046839003642
-1.2554382794815162;1.1629594602832414
-1.2062772392451766;1.19897534692412
-1.4038229477739004;1.137254925882768
-1.5283693213310228;1.1538362162845406
-1.5541285038478965;1.1484145199348923
-1.5472518081607025;1.1672296607426647
-1.5655798322911167;1.164768711825627
-1.5543898715999953;1.1852792822091323
-1.5016160790424935;1.145631313154
-1.5048856128982493;1.1677799829851643
-1.4731163816392727;1.1608705982287506
-1.4317613269703031;1.1627737144158852
-1.5269515704579726;1.1846285344006617
-1.0980104253723189;1.258502785933774
-1.054338735970977;1.2905580247981057
-1.0496061029619648;1.3416263585817478
-1.357414102644551;1.1507008953581388
-1.3032635747148644;1.1615857367014337
-1.269654896603492;1.2086751547263466
-1.1658192284626279;1.2784687982530625
-1.2387783296388126;1.2621111067266373
-1.3846233409303474;1.1891221587286942
-1.5770311607343375;1.1811229037163615
-1.546219736526921;1.2056347023816227
-1.5884824891775575;1.1974770956070957
-1.5684532965881564;1.1997982281858954
-1.5818697052138573;1.2118431123332911
-1.5645527746580752;1.2218763133807165
-1.599933817620778;1.21383128749783
-1.4921415592555827;1.1959927780225528
-1.4428262492479385;1.2050196611211723
-1.587116511977682;1.2318906024571477
-1.611385146063998;1.2301854793885645
-1.6028660601888158;1.24576907657875
-1.5210007781640402;1.2175966567438996
-1.1110951611511388;1.330533150554664
-1.3274616869378069;1.198889859503103
-1.2957547111123255;1.2529101115294123
-1.216598522296343;1.316840519757215
-1.1744421598855015;1.3483159334785888
-1.4014261857207804;1.2358651134194447
-1.3509345113970406;1.2423841124315025
-1.265477712072252;1.3163652829916705
-1.6228364745072184;1.2465396712792987
-1.545248525161635;1.2268079298727055
-1.5608157442856299;1.2455525871432878
-1.608427246807699;1.265135723140636
-1.634287802950439;1.2628938631700335
-1.626950166187263;1.2796092345062555
-1.6457391313936591;1.2792480550607677
-1.6320183167512772;1.2986608804284632
-1.6571904598368796;1.2956022469515023
-1.4848958717666008;1.2432383332178774
-1.4333726674917626;1.259611113949685
-1.5822924694397333;1.257549251806473
-1.5296159855758773;1.2492524287172162
-1.5569169027922316;1.2756747829791546
-1.60671474847989;1.289511188846557
-1.587393777085869;1.2780301362461106
-1.330108998295974;1.313030682090654
-1.388571596152395;1.2813777096823846
-1.5100425518866776;1.2832481422749533
-1.420320823756724;1.3021826068593474
-1.6492774045773753;1.3121439695956127
-1.6686417882801;1.3119564388422367
-1.6294800542016938;1.3226867352313572
-1.6118845081417947;1.3107407636287562
-1.654710822940291;1.3313679798023454
-1.6800931167233204;1.3283106307329708
-1.672340978011479;1.344906364058969
-1.6915444451665402;1.344664822623705
-1.6325247729772776;1.3444333798233166
-1.464097426484917;1.2970697292405486
-1.5420723876646614;1.3093425463207833
-1.5793599541326793;1.3073566638105343
-1.3844652366808352;1.3322648687396794
-1.5011593178069518;1.3377087168357482
-1.436400947203222;1.341191327661526
-1.702995773609761;1.3610190145144396
-1.603023938302223;1.3410538103837553
-1.651226544931878;1.3557479449585041
-1.5551511627165;1.349046601825365
-0.7924086325173453;1.3681509007141293
-0.7999929257771059;1.378982394015604
-0.8072538093611181;1.3654276659301494
-0.8125192433313086;1.377853246663002
-0.8083923240146976;1.3909779778664542
-0.8260994226277023;1.3660401431159592
-0.8176944288171215;1.4042627602985418
-0.8260306261160801;1.3866977159292826
-0.8279926951079782;1.4189702087747285
-0.8386761899093645;1.400255971931743
-0.846678362550358;1.417407277129946
-0.8391465341466341;1.434899541765307
-0.8460442375213986;1.3807146482308317
-0.8621165291201847;1.4677040943016597
-0.8717267931924753;1.4508336339620362
-0.8506315316827718;1.4513018181039803
-0.8644831836579516;1.4304566264403267
-0.893197426935349;1.4870385143509413
-0.8736015265575976;1.4841063704993394
-0.8850865239950106;1.5005086466970188
-0.8875458565116645;1.4644899110338532
-0.8965715214324235;1.5169109228946986
-0.9055655002445696;1.4991585976382362
-0.8653548916147624;1.4014623050331543
-0.8738676666379067;1.3664646348539218
-0.8916960750004819;1.4382172600025416
-0.887657268421982;1.4169317203099951
-0.9149847529232118;1.475924084763491
-0.9080565188698364;1.5333131990923783
-0.9199295599880897;1.514482419816563
-0.924013906856683;1.4981135730686224
-0.9189221914931002;1.4494295795031873
-0.9389836199504196;1.5481837556953761
-0.9195415163072492;1.5497154752900575
-0.9310265137446623;1.5661177514877374
-0.9317481006528749;1.5289322270727412
-0.8980429211622384;1.3915336534769738
-0.9190987417478292;1.4217086880579717
-0.9388333773997676;1.4646604732647206
-0.9417247583090199;1.4848724892539908
-0.9411647711844424;1.509864016725669
-0.9484201770664722;1.4433456939777103
-0.953996508619488;1.5989223038830962
-0.9629113257706078;1.5820290704727216
-0.9425115111820752;1.5825200276854168
-0.9564579146121559;1.5616439789912135
-0.9596608716521942;1.5322235486278146
-0.9425058587547773;1.3809555175726769
-0.9550231663945894;1.4185914919290892
-0.965481506056901;1.6153245800807758
-0.9795376333007964;1.595881229372339
-0.9857696352073121;1.6152118234996244
-0.964168725491509;1.4686113620913377
-0.9673989324828208;1.5005834421886608
-0.9862902696552323;1.4404271819073966
-0.9828327275526526;1.5706254508005906
-0.9798072619031435;1.5483208840103164
-0.9922335200522815;1.5228382376601564
-1.0014350207706249;1.3855887941095344
-1.001974037698365;1.5833057231678682
-1.0060388942415524;1.6039973469173694
-1.0247560553063637;1.6157353178432907
-1.006207172164873;1.4808155475659406
-1.0350999447944136;1.4327633091736405
-1.0117967627073512;1.555521635015999
-1.033811263527684;1.5148965948457784
-1.0716953587127178;1.3874704161954026
-1.0341904058876943;1.5880218625308982
-1.0555819250465708;1.6207588153369172
-1.0809019792152712;1.4369731958976195
-1.0609466010925066;1.4732566658917252
-1.0614405936927644;1.5514272290240418
-1.0748485847787257;1.5138334330503977
-1.1373892613278815;1.409005015711609
-1.082878600319314;1.582115917711876
-1.0943150096824719;1.618437545630851
-1.1188452782408425;1.4818529068566346
-1.11026181543704;1.5398093594927997
-1.2332144776743454;1.3745891501896828
-1.1957659535472933;1.4073649202162124
-1.2834254724490533;1.3765624864788517
-1.1823596429965573;1.4656475322488693
-1.1349993404816217;1.5903476062526356
-1.162898524534114;1.5314698320481936
-1.3456054068211152;1.3769173866692743
-1.2577886280027317;1.4415774652357911
-1.3148758409891892;1.4164815966296382
-1.6774507599452397;1.3641982863217972
-1.6941027160335183;1.3776770396642042
-1.7144471020529812;1.377373206405174
-1.6239773477514683;1.372449931268356
-1.5877792061252565;1.3745750082454125
-1.2267218597106344;1.5154282649972
-1.1937925670625373;1.5799503598159357
-1.3950959166018055;1.3844718843226582
-1.5175377642774035;1.3873848302160918
-1.4558161648589605;1.3878785975402608
-1.3603488803424684;1.4330282768389278
-1.3174375183415343;1.4591879724410817
-1.2879408777382566;1.5127588909924108
-1.4127277843901667;1.4498828370924317
-1.6556780361149455;1.3764083941344407
-1.6746819045325712;1.3884327441744253
-1.700525033857371;1.3962946062728083
-1.7258984304962013;1.393727398295908
-1.7187287939590685;1.409774610879351
-1.7373497589394218;1.4100815901866428
-1.6461617153767387;1.4066113333012482
-1.5992433172627998;1.4133328995437524
-1.5609394705417952;1.391222326061099
-1.2119248103068934;1.6260587330935519
-1.2617128612463584;1.5837841406441746
-1.547290045195727;1.4344778887140441
-1.47545794067865;1.4519560695284404
-1.361246039237547;1.498608734054971
-1.3298097250072851;1.5662626967495568
-1.4294816865772086;1.5012394329575505
-1.534240647093922;1.4906718162110764
-1.6797480395608337;1.4098015788022698
-1.6719822126038315;1.4375377755314678
-1.7403744897725573;1.4418269754058546
-1.7602524158258623;1.4427899739681112
-1.748801087382642;1.426435782077377
-1.7464166207436478;1.4605495058877795
-1.7717037442690826;1.4591441658588455
-1.7216227481112263;1.4509488008288822
-1.6982512444227191;1.420134997469535
-1.7240533239293734;1.428486052473278
-1.703442454425989;1.4401252706290355
-1.5952749341789263;1.4721239477472565
-1.6371353829944102;1.4379162210070766
-1.4807227426474712;1.511015867463254
-1.3972094758898048;1.563348668518166
-1.3615572704505563;1.611118962249674
-1.4539120156691028;1.562293585162895
-1.5102138316100386;1.5477113405153506
-1.564060445749353;1.5257173276669578
-1.7223281579292857;1.4685576443066675
-1.7411596777033196;1.4840966135775435
-1.695913438711933;1.4608345919192574
-1.6573558176216994;1.48166799437311
-1.617421143315978;1.5164674018583204
-1.7627090835934438;1.4743705930640418
-1.783155072712303;1.47549835774958
-1.7946064011555232;1.4918525496403143
-1.78583817484806;1.508552366205766
-1.8060577295987437;1.5082067415310492
-1.791178015874807;1.5276331610671818
-1.817509058041964;1.5245609334217833
-1.8090939987624903;1.5415679675175014
-1.7680560235393992;1.4943184436123798
-1.765533271266292;1.5183618849245708
-1.7438872301050896;1.5067135610576
-1.8289603864851844;1.540915125312518
-1.8146202252343422;1.5601664115955232
-1.840411714928405;1.5572693172032523
-1.8322057814664952;1.5739736154100423
-1.8518630433716252;1.5736235090939867
-1.5544629726991388;1.5811955710832535
-1.4990423302679219;1.6204931416146224
-1.5965110578533845;1.5558159637228863
-1.7075865003930653;1.4999855717393666
-1.663345567709386;1.5221161552036342
-1.7340862534506165;1.5350184488840126
-1.7693794116708887;1.5401142987651257
-1.7891602830683688;1.551563468449428
-1.8128012107761173;1.5846207132348764
-1.759946485822969;1.5689912262904344
-1.79384726152411;1.5732043539480012
-1.689951806199295;1.5462734022354538
-1.7244050808403466;1.5681933244890978
-1.6463929573027403;1.5574586002866204
-1.610451663624644;1.6096258069292406
-1.8383230450316943;1.592967749533935
-1.8633143718148455;1.5899777009847211
-1.8545890224933546;1.606536841804159
-1.8747657002580662;1.6063318928754562
-1.860935104214886;1.6257352360574961
-1.8862170287012863;1.6226860847661904
-1.8349228495691121;1.6178417089407144
-1.8170861987237341;1.606210584032609
-1.73687995105323;1.609953396264957
-1.785019203732411;1.6031872912206686
-1.6811889434655476;1.6005515645742348
-0.9769665034943139;1.6317268562784555
-0.9884515009317267;1.6481291324761347
-1.0020724930595697;1.6289117247673424
-0.9999364983691396;1.6645314086738143
-1.0086566959585954;1.6479056004689094
-1.0114214958065526;1.680933684871494
-1.025254494073796;1.6613100925816728
-1.0273691917572805;1.6370041358324845
-1.031577732577676;1.6807166369568778
-1.0229064932439655;1.6973359610691736
-1.0511356008340706;1.6696100231550448
-1.0465871082040363;1.6484584411354715
-1.0343914906813785;1.713738237266853
-1.048269630766626;1.6943448341591818
-1.0458764881187912;1.7301405134645325
-1.0546213362859171;1.7136943497292214
-1.0688464829936173;1.7629450658598917
-1.0775824579819164;1.746403905851857
-1.0573614855562041;1.746542789662212
-1.0711877708325956;1.727179924583156
-1.08033148043103;1.7793473420575714
-1.094206617357692;1.7598357177229949
-1.0702701149434852;1.6814900620353934
-1.0794285011550144;1.6526612330458001
-1.0744451692236805;1.702529071253278
-1.091816477868443;1.7957496182552508
-1.1006160737290371;1.7791523218405099
-1.0974887773289632;1.7353831660796173
-1.0932976184919883;1.7148955073102221
-1.1033014753058559;1.8121518944529302
-1.117220983600961;1.792735920351062
-1.120661892019189;1.7679910930565121
-1.116395989833284;1.7470244098187364
-1.1025964233439254;1.685922789226673
-1.1252180399901501;1.6442570975887523
-1.1147864727432688;1.8285541706506099
-1.1236537141810046;1.8119655343105892
-1.1262714701806817;1.8449564468482893
-1.1403624764618256;1.825383149153767
-1.1377564676180945;1.8613587230459687
-1.1467176765542884;1.8447714510536595
-1.1254764960388957;1.7189921000848913
-1.143763372444188;1.8007769736454633
-1.1390740523500436;1.7799572024303396
-1.1482628722954824;1.7514349634839559
-1.1529842411772366;1.6758179342265964
-1.1686558255751434;1.6280061957883978
-1.1627195316123204;1.8125648609433505
-1.1492414650555074;1.8777609992436484
-1.1631506229800697;1.8586418861855325
-1.1669211738839387;1.83355444256777
-1.1696292399399422;1.8777369634554837
-1.2002577876405227;1.6702915778409797
-1.1762434632649685;1.7089495165742155
-1.1719362033754437;1.7841039739532416
-1.1892807443957332;1.7483540733586231
-1.1897125068652588;1.866000013789987
-1.1953342454659395;1.8171809389110842
-1.1859036076726752;1.8455106011660745
-1.2540187875725788;1.6507512618864546
-1.23312793809999;1.7163832167280855
-1.224052570597136;1.7770094901817624
-1.3103399711308117;1.627273784220725
-1.2076974388352995;1.8784461725648494
-1.2166166908308065;1.8495964785654146
-1.2328060059554133;1.8206672798993846
-1.2936375191781189;1.6886447454191968
-1.2752077690274621;1.7991993199997707
-1.280282157432705;1.7468201776395715
-1.3605207667293309;1.6704808085235385
-1.2580379522288436;1.8450042457774594
-1.3055998701925884;1.8312757520917706
-1.4244041719746634;1.632968588246581
-1.560258567026761;1.6343034671888998
-1.3458935863064865;1.7344653080136332
-1.32771329473272;1.7846154148018132
-1.4721533452500442;1.6900513813083446
-1.4113285029811946;1.7098746152851643
-1.3456627682370612;1.8277869648421798
-1.2867910730047492;1.8743444428365532
-1.3367199864016959;1.8714229513555776
-1.5316618372464694;1.6843523862200391
-1.5951367743481342;1.6716963824289437
-1.6536631257783538;1.6600475008212379
-1.8789392013421164;1.6395423879557725
-1.857680139104386;1.650210360553054
-1.8837388074040946;1.6585082873699313
-1.8976683571445065;1.6390402766569248
-1.9091196855877268;1.6553944685476591
-1.8395163596660897;1.6386086171590681
-1.8085044567697623;1.6357311676299744
-1.7630562800508003;1.6436640512956
-1.3905711849135927;1.785570456565471
-1.457738378132088;1.759114876396601
-1.5136580082456024;1.7459002824639283
-1.5716391727085084;1.7318451018904575
-1.3897062095186792;1.8515626598530464
-1.6300708005105904;1.7229141455676846
-1.6905074028670801;1.7085113993065493
-1.9017820483083443;1.6723202906891845
-1.8809554025785238;1.6829121743038906
-1.906675654961431;1.6911539604489336
-1.8852494292179907;1.7036184777277947
-1.8616743530596545;1.6713073482084668
-1.9247130800924541;1.7049746613743313
-1.9320223424741678;1.688102852329128
-1.9205710140309475;1.6717486604383938
-1.71166550596237;1.6526034275344041
-1.7539265337738636;1.6949735271284232
-1.8312286064020524;1.6675092543273804
-1.7941888299329845;1.6682224844507185
-1.8053029134897967;1.70615734514634
-1.4496653264674508;1.8302591415271114
-1.551452634382608;1.7779413217627462
-1.5051014622035224;1.8076795916622788
-1.6054830284007156;1.7841886666320146
-1.9434736709173883;1.7044570442198625
-1.6659914824654274;1.7681146483259842
-1.783826026053724;1.7421433763867882
-1.72626037505388;1.7521163641304
-1.9294970482821394;1.7239196667820373
-1.9549249993606086;1.720811236110597
-1.9476272174087867;1.7372667873833527
-1.8281361383637544;1.7352839552948471
-1.8530558913051485;1.699504977262248
-1.9035668494724323;1.7154664125980035
-1.926777906645278;1.747896870479537
-1.8760608184852114;1.7322823102473657
-1.9081271317112884;1.7360596279196008
-1.5663308007486836;1.846091468148741
-1.6368940897418496;1.8257916214799037
-1.9525292519260147;1.7563272970724717
-1.9663763278038289;1.7371654280013313
-1.9778276562470491;1.7535196198920655
-1.969236824764624;1.7699903934633667
-1.9892789846902694;1.7698738117828
-1.930710415562341;1.7686996921659508
-1.8993872170568507;1.7639304951768502
-1.9494818375175718;1.7807390948325752
-1.7034058638498333;1.809889300180976
-1.8556941073144237;1.7674007584465137
-1.818716664670751;1.7674005774080155
-1.7708224665077836;1.7989313377622986
-1.6216863772336851;1.8798426459288202
-1.6748132808087346;1.8721357227516093
-1.881382283901072;1.7934053309158775
-1.9209187218181387;1.7971756664105734
-1.975298853794771;1.7890885122222269
-2.0007303131334897;1.7862280036735338
-1.9917378451391685;1.8028761460191827
-2.01218164157671;1.8025821955642685
-1.9522549407458116;1.8019862965167768
-1.997997131535852;1.8222560276388315
-2.0236329700199303;1.8189363874550029
-1.9721492511851029;1.8136912072499713
-1.7395383395970692;1.8525815780419455
-1.8345864261205225;1.8143368911381226
-1.791049290558754;1.8467978765705904
-2.015465503586397;1.8358086872327946
-2.0350842984631505;1.8352905793457372
-2.020338629443817;1.8539327494851516
-2.046535626906371;1.8516447712364716
-1.8893793446913196;1.8346053148924852
-1.9426878186516143;1.8300141596880204
-1.9751448019923088;1.8352705595344623
-1.9948859734475688;1.846665937679244
-2.0391260865446936;1.8686389671932113
-2.057986955349591;1.867998963127206
-1.8337778466179344;1.8711865732743227
-2.018309119589933;1.8790929016842381
-1.999027485287355;1.8675595838939714
-1.9261124085115378;1.8645892656394516
-1.9658378524532603;1.8632127581672655
-1.1607264624929203;1.8941632754413278
-1.1722114599303333;1.9105655516390077
-1.1858189967591894;1.8914751228498436
-1.1921970503684076;1.910466944687141
-1.1836964573677464;1.9269678278366873
-1.2124033769473457;1.8989422922458887
-1.1951814548051591;1.9433701040343667
-1.2090876045291437;1.9239285256627139
-1.2154305247843042;1.9431797612554884
-1.206666452242572;1.9597723802320464
-1.2350256391487584;1.93203639197549
-1.2301892962280427;1.9107049042830861
-1.239566655499997;1.882346110515225
-1.2181514496799852;1.9761746564297258
-1.2320306117526716;1.9565952914019855
-1.229636447117398;1.9925769326274057
-1.2384139442093685;1.9759514079137195
-1.2543694395103353;1.9436640146970718
-1.2640914394296368;2.041783761220444
-1.2776568993859054;2.0223701819404565
-1.2526064419922236;2.0253814850227645
-1.2842981748340765;2.0414855097544873
-1.2755764368670497;2.058186037418124
-1.2870614343044624;2.074588313615803
-1.3009082810920074;2.0548821206871533
-1.2634452520791457;1.915469354418838
-1.2578262831258258;1.9652338799220972
-1.241121444554811;2.008979208825085
-1.2549867151746397;1.9894618101030648
-1.2613290168692628;2.008742527736948
-1.2812695023502088;1.9975881328031828
-1.2766249619984196;1.9770663333052534
-1.2857852997884731;1.9478825367485608
-1.3030822249742797;2.0305760466134286
-1.2990748811473276;2.0094347074527428
-1.2985464317418753;2.0909905898134826
-1.307305775533645;2.0742151149732226
-1.3215164266167012;2.1237951422088415
-1.330338769005671;2.107027283536839
-1.3100314291792883;2.1073928660111623
-1.3239312847940996;2.0876728628252543
-1.3274861614756985;2.0628161925723685
-1.3231406716968888;2.0419287309929985
-1.3144499523706414;1.9080880774728568
-1.3086918087841195;1.9810799569782318
-1.326280411246449;1.9457072394383892
-1.3319941356811482;2.0142147484942874
-1.3444864214915266;2.1565996946042008
-1.3533840769907004;2.13994646735316
-1.3330014240541141;2.140197418406521
-1.3470251700208633;2.1205433790931445
-1.368887830696896;1.9146668064150076
-1.4330232070190563;1.8885325701773996
-1.350413936910818;2.095622991966003
-1.3462588218133102;2.074625691611202
-1.3550802734305862;2.0461441045536573
-1.3603343515036153;1.9739893422558843
-1.370344612345263;2.0167499234130513
-1.3700132372632543;2.153448281615427
-1.3738570680860023;2.1285096090678097
-1.3693184520007482;2.1074457428583933
-1.4148158995695566;1.9461308479272164
-1.3959755303256922;2.04081826613474
-1.5019638722014448;1.8830710468631877
-1.4616770927086213;1.9329946253495736
-1.3789771445229426;2.0787728819553224
-1.4091436405116047;1.9955896978567382
-1.3966922149114422;2.1615342422646053
-1.3923431596950626;2.1406666516794783
-1.401300308126192;2.111314013792429
-1.4594057548033093;1.9824460126099042
-1.4478183692102011;2.0308767733432145
-1.4281536862267585;2.0700856926109172
-1.5130314908859857;1.9532741166190222
-1.5751311168226496;1.9235687386380165
-1.4243464455865977;2.144775429877138
-1.4414036708266742;2.108702572358828
-1.5022337537107777;2.016007982482127
-1.4840869769721508;2.0776013154304263
-1.643019013592879;1.9253902128353308
-1.7130815798945989;1.9144016286979002
-1.5606105426296846;1.9959599051798729
-1.6199370709181449;1.9824430819175787
-1.476056284013415;2.1362007111818433
-1.5215064941099388;2.107816994532299
-1.542863425333469;2.061812553548462
-2.085256021966583;1.9338956285167515
-2.103792269122473;1.933415730690144
-2.0923409406792524;1.9170615387994092
-1.7809579658228205;1.8925591637049277
-2.044034332974955;1.8873345940105357
-2.0694382837928114;1.8843531550179404
-2.0605881054133937;1.9008607956555408
-2.0808896122360325;1.9007073469086753
-2.0667229353039374;1.920105598303676
-1.6948928378693728;1.9724088146749885
-1.8850593555938173;1.8895750540621599
-1.7668821146653009;1.9556593836828586
-1.6050714433940652;2.050504760476984
-1.6752369280825072;2.030849563247048
-1.5302381219059205;2.152927013468795
-1.5847490819917374;2.117057873578122
-2.021981558325155;1.9001822025287873
-2.1071710474268173;1.9664586947866347
-2.1266949260089136;1.9661241144716126
-2.115243597565693;1.949769922580878
-2.089836367737115;1.9528365515902157
-2.064470273115442;1.9444628377075246
-1.8384454791216804;1.9275937398245118
-1.9382404874062589;1.9025353765599997
-1.990230990230804;1.8962676252307036
-2.0416176674342794;1.9114447926533653
-2.04429892710552;1.933437331817742
-1.7396993256432554;2.015526384441112
-1.7222016570987406;2.0658369815576045
-1.89712529077837;1.929803328579497
-2.0129061570470923;1.9290544426192648
-2.035639734213599;1.9619764222188767
-1.8101594514175408;1.9992383318131641
-1.6639745774939707;2.105386148392134
-1.6321957065627708;2.1625311494581636
-2.1129782536387234;1.9850607637779791
-2.138146254452134;1.9824783063623468
-2.0878100872444527;1.9773744218219493
-2.0685559342239666;1.9659864459013892
-1.8822904891100083;1.9843218377517255
-1.9732404785755724;1.9310535742583061
-1.9350307557542155;1.9534418507248041
-2.1295326492752986;1.9989902222825489
-2.149597582895354;1.9988324982530816
-2.1359744348202585;2.0179611290768076
-2.1610489113385745;2.015186690143816
-1.7858093173779508;2.0666140959440105
-1.742482291635916;2.1329239169569267
-1.8508503126809694;2.051616542324903
-1.9848647662155814;1.9702777413220873
-1.940221930028049;1.996785227843788
-2.110719396944436;2.009749488200178
-2.0920129523090796;1.9979173412882616
-2.0599622393900967;1.9938322278784846
-2.019317176565842;1.9973014965590092
-1.9167231230513384;2.0431621814314105
-2.114661450395455;2.0309681614893194
-2.152193407883386;2.0316542334282586
-2.1725002397817947;2.0315408820345504
-2.1325071100874484;2.042537390807823
-2.1576374363584314;2.050121054160811
-2.183951568225015;2.047895073925285
-2.1756210485776304;2.0650879187693443
-2.1954028966682357;2.0642492658160196
-1.824278491551601;2.1194030642513666
-1.8901994321606799;2.1018405349347895
-1.9770550574796362;2.028457658329435
-2.0828635827883106;2.0268476129356467
-2.033312067911206;2.036684844252775
-1.9485696830237589;2.083301679447951
-2.1814501561980486;2.08546681754176
-2.1363781291930573;2.06309158296239
-2.105704673338712;2.059228398033027
-2.2068542251114556;2.0806034577067534
-2.1999283470974005;2.0990745423375414
-2.2183055535546763;2.096957649597488
-2.154307251486481;2.077224225399914
-2.229756881997897;2.1133118414882226
-2.206793868518742;2.1173298691375044
-2.219409001730953;2.131633077191104
-2.2412082104411173;2.129666033378957
-2.179460941300826;2.1156979638088522
-2.158145929155639;2.099549863434309
-1.9324954504006293;2.13377377166922
-2.007513575663551;2.079500504468693
-2.0564347847815;2.0709825115729346
-1.9814071862550464;2.1320305534832493
-2.126068292194813;2.0948546571084656
-2.086518662740935;2.0970415742973914
-2.1980285872177485;2.137205493279957
-2.2526595388843376;2.146020225269692
-2.2324139605346516;2.148122962607098
-2.2453051182811365;2.1601251697457595
-2.2141624560254423;2.148681927217054
-2.2641108673275583;2.1623744171604264
-2.1704815659351975;2.1489435099143983
-2.1471601032786283;2.1259939787189275
-2.045040925395424;2.123673964857956
-2.101424266170684;2.144009754502387
-2.145514534641191;2.158609516104201
-2.195015361160173;2.162597763382111
-1.3674564163663527;2.18940424699956
-1.3763069064843032;2.1727462682482614
-1.3559714189289398;2.17300197080188
-1.3789414138037654;2.2058065231972392
-1.3929242435769442;2.1861435573812353
-1.3904264112411786;2.222208799394919
-1.3992980269097848;2.2055395751480416
-1.4019114086785915;2.2386110755925985
-1.4159565912909648;2.2190933982953203
-1.413396406116004;2.2550133517902777
-1.4220897598365672;2.238443109741921
-1.415031994471737;2.1732657236716784
-1.419256073214649;2.194326696734735
-1.4248814035534172;2.271415627987957
-1.438906743983969;2.2519608299613267
-1.43636640099083;2.2878179041856366
-1.4451814727430095;2.2712379582800217
-1.4382384405332933;2.2064308574027325
-1.441767992751259;2.227513329126893
-1.4480062587950455;2.1779512585174023
-1.4593363958656556;2.320622456580996
-1.4680658002033258;2.304011931271086
-1.4478513984282428;2.3042201803833158
-1.4617446274187904;2.284750560049616
-1.5137199525191947;2.369668921330948
-1.4937913881778944;2.3698292851740344
-1.5052763856153075;2.386231561371714
-1.4823063907404816;2.3534270089763547
-1.4909897517326556;2.336841240099166
-1.4708213933030685;2.3370247327786755
-1.4843690973161314;2.3176828810085115
-1.4611567604046194;2.239477135772375
-1.4647808759409575;2.2605440577352125
-1.470897095959918;2.2117847751144506
-1.4892916963218168;2.1781548010396063
-1.4879369751357185;2.292893262625309
-1.4837802254928933;2.2723563663608517
-1.5068315809172632;2.3498412829538187
-1.5282463804901332;2.419036113767073
-1.5370611645147525;2.4025174755723118
-1.5167613830527202;2.402633837569393
-1.5297010003901277;2.382680909505931
-1.5334145448870649;2.3573185128932623
-1.5107676352748869;2.3252111877111994
-1.506366941110283;2.304568267593383
-1.4931393906375432;2.244488728663499
-1.5208703841857276;2.2057658269310316
-1.5155312484931445;2.2768595250289803
-1.5310092290879975;2.2484043800170497
-1.528150389302153;2.3376527395677806
-1.5582673951183246;2.4372543306218413
-1.539731377927546;2.4354383899647525
-1.5530368908816523;2.416702466398677
-1.5375657463113546;2.3089169531379357
-1.5579147870281755;2.3408441447257067
-1.556623812277526;2.3894699800929784
-1.5502101739834133;2.3688046341768363
-1.5779699708347583;2.180421295736951
-1.5732428601337582;2.226865296245556
-1.5563987639384143;2.272526725495554
-1.5776001501363135;2.4260717763067507
-1.5785068603836048;2.4007350560712064
-1.5785500084642006;2.3067618584867597
-1.5906728707395885;2.3381706112599927
-1.6870960435782507;2.175142546326733
-1.5801181576885746;2.3690336873185447
-1.6345568083376878;2.2122916729973734
-1.6039049130397856;2.2691728627777445
-1.606299389043135;2.416159268311938
-1.6033651152986825;2.387911744258239
-1.6192849834732106;2.3157106509147023
-1.6178495730564753;2.3573201169638947
-1.6943982042651553;2.2245688133042987
-1.7417181037045508;2.2020713681929607
-1.8096636609523142;2.1815197833854953
-1.6648024099738867;2.2797205332231663
-1.6282197838771997;2.435019188368204
-1.6409687524902705;2.395829834046299
-1.66260975687635;2.345570427256845
-1.7293389055239379;2.2625585555567267
-1.7899954735989563;2.2459645797214174
-1.8518101036534118;2.2249534859915796
-1.8822773818669316;2.1677115674060428
-1.9027393368647545;2.2194941546125055
-1.713578399001128;2.325271682723195
-1.6726953750040632;2.4365988628086175
-1.6989712584754606;2.3830193144290583
-1.7752780219486117;2.3101149817038387
-1.8385158823302306;2.2928085512671403
-1.894772159756276;2.26957317768465
-2.250310137726733;2.180956359149393
-1.937487602215569;2.2419409730477233
-1.9491522420145668;2.1854080379311016
-2.0049495884310407;2.172453402487768
-1.7583403402559956;2.3716088729313674
-1.735533918364187;2.4338432467598516
-1.89543265510483;2.3361485521268524
-1.8270772424936823;2.355576229109755
-1.9535932500442315;2.291113521028475
-1.9613025359639271;2.346685979783551
-2.223531390343779;2.1713071522569516
-2.203084805529979;2.183716975635544
-2.1705491050178924;2.186711166100442
-2.197954187046955;2.2041565840083184
-2.2223376981182277;2.1947019657795455
-2.275562195770778;2.17872860905116
-2.245916840436113;2.205797938187928
-2.2667737165452935;2.194925701419301
-2.2870135242139984;2.195082800941895
-1.9978114574758827;2.239021132477433
-2.0528090590412074;2.193275818900399
-2.0556334032631756;2.2505964758112085
-1.8016009761874907;2.4193790671601465
-1.9362777877335677;2.397825490344026
-1.8710484827285732;2.403303147133509
-2.0068789591365577;2.387780346306164
-2.0155011497336646;2.312271126172726
-2.117644137224086;2.2081230168636
-2.176640632039152;2.228903550694105
-2.2181919948333264;2.22712030037649
-2.272546671930559;2.214796897244592
-2.298464852657219;2.21143699283263
-2.250753181968468;2.2286419066246754
-2.289742984753257;2.228367107345037
-2.270755104346036;2.238701122281391
-2.2958858066366505;2.2471243874937876
-2.273611905379317;2.2601851540197466
-2.30991618110044;2.2277911847233645
-2.32136750954366;2.2441453766140986
-2.0752180185937243;2.3039556784968673
-2.2439363518433675;2.256297967123294
-2.1030035839617955;2.2751279863645095
-2.1491180518277595;2.268580935021921
-2.1992694971501363;2.26266071025746
-2.046303471246711;2.4353216150958654
-2.0693443512505274;2.3689644075780003
-2.1254157584669096;2.322393335165791
-2.3328188379868804;2.2604995685048332
-2.319098753174241;2.2797501780283422
-2.3442701664301007;2.2768537603955674
-2.3359072693723353;2.293133386787689
-2.31314851414324;2.2608287761480064
-2.2936925356452704;2.2714305260071304
-2.3154472649151625;2.304432722128967
-2.265004045835355;2.287112839009066
-2.297163229276458;2.2924357093132874
-2.2290915552721753;2.287274866627221
-2.187665834513731;2.3147312215056397
-2.341844692803041;2.3125556447675826
-2.3557214948733205;2.293207952286301
-2.3671728233165417;2.309562144177037
-2.3600166520260024;2.326149134856409
-2.378624151759762;2.325916336067771
-2.3393024681665655;2.336773775778845
-2.3645089113857427;2.344502026619278
-2.390075480202982;2.342270527958505
-2.381391288875764;2.358835849518731
-2.110873466072106;2.4251903868905327
-2.1449135234879964;2.371893452308915
-2.2114402206702732;2.363235705147905
-2.23877572930139;2.324751794147701
-2.2871463727064025;2.320883698448989
-2.319737304532846;2.3254693641648427
-2.174131324288511;2.413469616675838
-2.310821492689586;2.3533371882363583
-2.4015268086462025;2.3586247198492396
-2.343233641194781;2.357758334994921
-2.3875234116711206;2.37799205563659
-2.4129781370894228;2.3749789117399738
-2.4054370371339164;2.3917961565074775
-2.4244294655326435;2.391333103630709
-2.4104542623083494;2.4106498945891786
-2.4358807939758638;2.4076872955214434
-2.4270378741926324;2.424210940241193
-2.447332122419084;2.4240414874121776
-2.334202463716829;2.386473843281558
-2.3848085335588083;2.402289815675726
-2.3622875995749992;2.369396071728239
-2.3664477929897316;2.3906482793488135
-2.2863024558342175;2.393969998671932
-2.235858083225294;2.402220250065076
-2.2613923851790685;2.3607088013136366
-2.4071546666026307;2.4349500580904655
-2.3147656342411365;2.42428785758298
-2.357619440649618;2.41852502505941
-2.3879783769295266;2.4232737432766673
-1.551216375364959;2.4518406661624317
-1.5627013728023722;2.4682429423601118
-1.5718486728185836;2.449228844657318
-1.574186370239785;2.4846452185577914
-1.585496916251601;2.4643812020114577
-1.592372203705694;2.483144176535223
-1.5856713676771976;2.50104749475547
-1.5971563651146108;2.5174497709531503
-1.6085592012230012;2.4953839424261273
-1.5958244731849072;2.4433250041679138
-1.6117368760023487;2.4682842246074537
-1.6283038281455706;2.5321437474384525
-1.6086413625520235;2.53385204715083
-1.6201263599894367;2.5502543233485095
-1.6214504284631213;2.511356130062602
-1.6343852608271938;2.4899662987617197
-1.6316113574268492;2.5666565995461887
-1.6467181022658002;2.546143798902166
-1.6516184063593702;2.56634395031148
-1.643096354864262;2.5830588757438684
-1.6545813523016752;2.599461151941548
-1.668442321090393;2.5800796980949685
-1.6660663497390882;2.6158634281392272
-1.6747243057541361;2.5997368541751364
-1.6406451770215633;2.463876819167619
-1.6525722327032373;2.514116883429086
-1.6674555465518817;2.4815101522814933
-1.677551347176501;2.632265704336907
-1.6912141384166621;2.613234326007606
-1.6705852875712655;2.5571926586287437
-1.6708869211894952;2.537544890635854
-1.6975077661798879;2.6325476311440528
-1.6890363446139138;2.6486679805345865
-1.6933213838752255;2.5897887290331765
-1.6888989959793508;2.569674708798613
-1.7005213420513268;2.665070256732266
-1.7142971510526923;2.64564871586601
-1.71200633948874;2.681472532929946
-1.720826446840948;2.6650921781205796
-1.6999476307185815;2.4752691961111024
-1.6934028847240568;2.5093521787974993
-1.7165525331804743;2.622090699481435
-1.7118450913190781;2.60084706336923
-1.6979471024031298;2.5468949062896447
-1.7234913369261529;2.6978748091276255
-1.7374982799414778;2.6786137538536283
-1.7400679169608304;2.654452379269004
-1.7360172528403783;2.6340122432262856
-1.7201566236698596;2.5736975397839403
-1.7603740589370618;2.7112880272469817
-1.7349763343635658;2.7142770853253047
-1.7437811659025086;2.6977935065767755
-1.7370817524366828;2.4918788584190765
-1.7333942787244785;2.5339846150050462
-1.7634414875224864;2.687266336669278
-1.758875268954667;2.6659404182256017
-1.744968682595121;2.60465747831878
-1.7678020158976078;2.6381838029698375
-1.7682014500224361;2.5672985817312326
-1.7827359191400696;2.6986807180769286
-1.786838773471648;2.7194987585141877
-1.780952577891263;2.468194051457418
-1.9135515762163318;2.4461867263664914
-1.792591346083948;2.518468532457701
-1.7916709934348596;2.6701744091986273
-1.7940561477172356;2.6005151244804017
-1.8089053345747954;2.5680313457677797
-1.8063873793300425;2.633771141708451
-1.8152586608244061;2.703035453760021
-1.8504387387869545;2.474826889026671
-1.9761924415658954;2.4548007741297
-1.9232459289818282;2.511873894509626
-1.8572888492519393;2.5378425688258175
-1.8433455759085433;2.6604373199550486
-1.8445767549885563;2.602303179639667
-1.8561146990822266;2.701828434619024
-2.029116956552564;2.489594365330006
-1.904376356448644;2.5822926393408308
-1.9724619821360674;2.572781719951749
-1.990660879995655;2.5143175737102372
-1.9475778599443774;2.6365769251923603
-1.89582673879737;2.6785347789900733
-1.8860304868886621;2.6311867610596047
-2.0420225649561083;2.5463966363308086
-2.092525927128565;2.4915504220350666
-2.0238300425570235;2.6192042142899625
-1.9427503677476883;2.7010732939057887
-1.9942444714512217;2.6766472176876603
-2.08113116914129;2.588113397292111
-2.109972272177565;2.5433002471418056
-2.148048315298209;2.4612813997008436
-2.1420857406289984;2.510986983075057
-2.2095350590633154;2.4523729029606205
-2.1925262410462407;2.500038802760564
-2.163433328748309;2.5473553721268516
-2.433236615961949;2.4435000296479177
-2.2652602961320465;2.437436179547375
-2.2475941509670276;2.483935449430635
-2.4587834508623043;2.4403956793029127
-2.4512262345323528;2.4571591811321287
-2.4702347793055246;2.456749871193647
-2.37870018081025;2.4510087343546973
-2.4112124707714386;2.455842991634415
-2.0486442761458017;2.682739541672622
-2.088062603763301;2.6342698987063256
-2.1366519766412893;2.5945597305305363
-2.1347575326072983;2.6445242223650904
-2.1662436415529913;2.634310810638491
-2.2031201604807404;2.5951630514221593
-2.22809501647225;2.5395740110370513
-2.3384575133326067;2.4493940038874036
-2.301175948820424;2.4684477700344223
-2.4294630921927998;2.46802746394326
-2.4550438148908733;2.475226182849497
-2.481686107748745;2.4731040630843815
-2.4337705561605087;2.48923533869578
-2.4733846140712856;2.490189653191578
-2.4931374361919656;2.489458254975115
-2.4013777612033858;2.4850415191787483
-2.29340516758375;2.5195218304596243
-2.347628795283628;2.492741791680801
-2.1151069570700036;2.6905999442989943
-2.1593771333226472;2.667000610896769
-2.207821449722445;2.6615129262934016
-2.2590847109339824;2.641639412589765
-2.2751122436514333;2.5842469996973914
-2.3227529677060876;2.62504366239847
-2.3453439754714207;2.5561315980032133
-2.3870528379110825;2.5212715348925467
-2.4528592099452062;2.5013045656755613
-2.4244319872553426;2.51796654712979
-2.4789022141096613;2.5101027973009296
-2.5045887646351863;2.5058124468658503
-2.497101097533354;2.5240429054803686
-2.5160400930784066;2.5221666387565844
-2.174310125047309;2.7144584436368375
-2.238283794077242;2.7002659708101753
-2.3557500826140547;2.6665842199692613
-2.2992604912214967;2.6828231273904377
-2.4554144041063863;2.523959835232027
-2.4435928420248425;2.548753551570411
-2.5389427499648476;2.554875022538054
-2.5274914215216273;2.5385208306473195
-2.518576294165443;2.557304182911455
-2.46720434085062;2.5648570339108048
-2.440503274967262;2.586387031720746
-2.4008016057804475;2.558070486288646
-2.3857238654067863;2.6121246386563506
-2.481400178647253;2.596276892244496
-2.5148720579604253;2.6017420020055884
-2.511600773011834;2.5785905796854567
-2.5327525247368228;2.5690274172664034
-2.537004745409885;2.589424693956041
-2.553434643137575;2.6035151773327354
-2.533230982714094;2.614343322962077
-2.561845406851288;2.587583406319523
-2.5503940784080674;2.571229214428788
-2.5732967352945084;2.6039375982102575
-2.475907774854299;2.5404728269150234
-2.4922944273478365;2.563081172603018
-2.5038514135566747;2.5428910392219
-2.4482372620388517;2.634015992289551
-2.404169458256267;2.663197695806941
-2.55880498523892;2.623286581656288
-2.5847480637377287;2.6202917901009917
-2.5758137328898303;2.6377997653816174
-2.5961993921809494;2.6366459819917263
-2.537233573944472;2.6360482016187565
-2.557020724970765;2.6484180643369193
-2.5041896081794452;2.6306299982875156
-2.3942894469464036;2.6965038217840918
-2.5817552793641236;2.6576616152980876
-2.6076507206241692;2.6530001738824605
-2.600385190684928;2.671428817530181
-2.527540696706238;2.663291167838346
-2.6191020490673895;2.669354365773194
-2.4816344474898693;2.6753139680032882
-2.441345804791245;2.6916481404333688
-2.560727697243703;2.6707827068785566
-2.6081003579579187;2.6901383505477106
-2.63055337751061;2.6857085576639292
-2.623119956373885;2.7046182016007663
-2.5810833192767575;2.6881215447288316
-2.515430101953854;2.6986134927203507
-2.5485539884275457;2.695795204683113
-2.5996406816976982;2.709480454593029
-2.5740165785385427;2.719653976224828
-2.6360672798522753;2.716713267289174
-2.653456034397051;2.7184169414453985
-2.6420047059538305;2.702062749554664
-1.7464613318009785;2.7306793615229843
-1.7579463292383914;2.747081637720664
-1.7667243983024303;2.730546946735439
-1.7809163241132173;2.779886190116023
-1.7896935401267602;2.7633040039454237
-1.7694313266758044;2.763483913918343
-1.7831340369389652;2.743908909845711
-1.7924013215506305;2.796288466313703
-1.8062070088589868;2.776801165135119
-1.8038863189880432;2.8126907425113825
-1.8126273557282409;2.796114387591537
-1.815371316425456;2.8290930187090613
-1.829076977253556;2.8094824825175793
-1.835654500013151;2.828873345798242
-1.8268563138628688;2.8454952949067414
-1.8086619215772783;2.7525749808192943
-1.8058867816455642;2.731150543913994
-1.8282758786103213;2.7642101157447163
-1.8323146074560905;2.784950889083666
-1.8498263087376947;2.8782998473021
-1.8586520107995714;2.8616384528827714
-1.8383413113002818;2.861897571104421
-1.855174223024275;2.8177986554915213
-1.8510381033115832;2.7965794663222754
-1.852293024390921;2.8423612837046206
-1.8376258075964076;2.736353871454095
-1.8604848309277124;2.7690867207570364
-1.8727963036125206;2.9111043996974595
-1.881655181944418;2.894406351428749
-1.8613113061751074;2.8947021234997794
-1.8753002375872905;2.875007332474815
-1.8788142585567418;2.850526146238975
-1.8745025118161007;2.829191372915732
-1.8829036574400357;2.801526792187773
-1.8957662984873465;2.9439089520928183
-1.9046476220699418;2.927273022417358
-1.8842813010499333;2.9275066758951387
-1.898297235682261;2.9078658126560986
-1.8994862047296008;2.7712226897861347
-1.8894689714668278;2.7310055943572435
-1.9022801761809447;2.8826767234291855
-1.8975288524065255;2.8620868618722475
-1.90626604979626;2.8330451256337676
-1.9255526730318322;2.7952622950465176
-1.918736293362172;2.976713504488177
-1.9276765012545827;2.9601101688781064
-1.907251295924759;2.960311228290498
-1.9213386794216962;2.940809984107355
-1.924283475534807;2.9161367458786662
-1.9201032550524868;2.8947971380504303
-1.9442814400192026;2.97356719930948
-1.9411732234538408;2.7482788269623235
-1.9296570922103005;2.8659166450169797
-1.9759380584875952;2.7834476032373057
-1.9547456970426724;2.8253732050670277
-1.9479268211013137;2.9489354775363252
-1.9436323760092942;2.9278574837128737
-1.9526767687857116;2.899653635474677
-1.971205370775179;2.9812831712062446
-1.9672346292563079;2.9603635756176145
-2.002644035393211;2.7264420506034064
-1.9794509801479703;2.8566580398584187
-2.003012151834568;2.8184915477511137
-2.0300398433724314;2.769556550094294
-1.9761247428065725;2.932261675276331
-1.993137732476563;2.89639603043085
-1.9996690197220996;2.964781393577364
-2.0651493381279136;2.7299987247840636
-2.076446299467088;2.771161959049118
-2.0359100203684526;2.86551621874359
-2.0605090166726026;2.8137990188890085
-2.027743219832461;2.923744789901003
-2.0401817594862703;2.9628127708729886
-2.1118906084630966;2.7989826694916786
-2.117316124207506;2.743779953285338
-2.0724106169969034;2.89639490727056
-2.0942265865920238;2.8520854418320205
-2.0793617466281473;2.93849575242086
-2.1536390797200196;2.8398534256574743
-2.16443990625802;2.779215456542581
-2.2185535896741766;2.760382081740008
-2.2799950650748513;2.7469397070642896
-2.212085693597656;2.8245425581518884
-2.259925223994436;2.7961167323646845
-2.131481017270326;2.9074552857579863
-2.128171189893893;2.960435672410515
-2.201479201440666;2.8814374689221816
-2.3476502920749334;2.732516217981061
-2.618483587934636;2.7256797289468393
-2.59850053335588;2.7297183316363713
-2.656534101204972;2.7507969468656213
-2.676358691283492;2.751125325226867
-2.6649073628402715;2.7347711333361326
-2.640523992666126;2.7368316316581813
-2.3148184637079336;2.8009975139507284
-2.2740604420334884;2.856317276781437
-2.192503275323716;2.9370684374844815
-2.1863090437686026;2.986899667901682
-2.2603846126276586;2.924337726268775
-2.3151627241698134;2.9120040244514094
-2.4113510788204944;2.7409867630412474
-2.385334498675125;2.7934761360854536
-2.477156138081829;2.7295883708530533
-2.6135409327264987;2.748500150528328
-2.535902349658736;2.7425194302533016
-2.582457545753978;2.7521077783063914
-2.637104782872353;2.761679081548934
-2.662549966801326;2.7703164596796563
-2.6419001463321794;2.782524851991314
-2.687810019726711;2.7674795171176005
-2.6102168222782236;2.779085967595725
-2.356418346131346;2.8611276832033137
-2.2498594604514834;2.972700741600235
-2.3114072406359663;2.957207740492897
-2.368464037764415;2.934910365969767
-2.4530817131313793;2.792910009026959
-2.4209699079106346;2.8395247716802254
-2.509852065324632;2.7902077342701657
-2.564340345027024;2.784220100474265
-2.679839229885058;2.7840881779945645
-2.6992613481699324;2.7838337090083356
-2.6854017620830555;2.803097748622307
-2.659841397536688;2.7947977952059957
-2.5558218825123853;2.8333974195737204
-2.5943686461863256;2.810968976381402
-2.6324592385300996;2.8120550822877424
-2.703103056735521;2.817050939826666
-2.708571759262171;2.8358382384745795
-2.7221640050563733;2.816542092789805
-2.7107126766131526;2.80018790089907
-2.7336153334995936;2.832896284680539
-2.7247437268581924;2.849464199366219
-2.745066661942814;2.8492504765712736
-2.4255730185288145;2.897832929067944
-2.490038286609646;2.8585529279069752
-2.4378317656695545;2.961218857489818
-2.5555150374610203;2.8852342286771866
-2.6830652917092284;2.827741813169954
-2.6646697495582052;2.8155861559387176
-2.606251219950201;2.8547976933951547
-2.705257230675634;2.860313130220216
-2.655008347969089;2.8457532124771374
-2.687833707880608;2.848650997874542
-2.730846835900869;2.86847999314031
-2.70938234253318;2.881312084587683
-2.747727507849191;2.8822606003230056
-2.7540326551152408;2.901410563436333
-2.7679693188292545;2.8819588603527424
-2.756517990386034;2.8656046684620082
-2.727997379604396;2.8932680801254906
-2.779420647272475;2.8983130522434775
-2.771209748860353;2.9148046636922498
-2.7908719757156955;2.9146672441342116
-2.776958766659441;2.9341139084175545
-2.8023233041589157;2.931021436024946
-2.793673700264761;2.9475162345703287
-2.8137746326021356;2.94737562791568
-2.750888202179059;2.925314803418039
-2.5041514078950113;2.931072098973394
-2.4973154204205894;2.9849002433004244
-2.558746361975244;2.978094465513149
-2.5720412294808788;2.92951742925545
-2.611711067983057;2.9040924389643226
-2.6408605902829123;2.880074201950333
-2.6795152349295153;2.878102820843997
-2.6544295849322266;2.90860322799073
-2.701217575173019;2.909416844293723
-2.773642665622703;2.958232556091731
-2.754548726652534;2.9461151499410594
-2.732064319452416;2.913257547903384
-2.7994064899698867;2.9660425148188314
-2.8252259610453563;2.963729819806415
-2.816889887353085;2.9799927075962307
-2.836677289488577;2.980084011697149
-2.7227285772503427;2.9411095694322564
-2.7778106073987927;2.9791860400221557
-2.7969169570984915;2.9906444624744934
-2.7449857336785564;2.9751679951254535
-2.629245054938555;2.963741176976726
-2.6837145184970232;2.938198299067122
-2.690391021438994;2.98228974937459
-1.9302212907995853;2.993115780685857
-1.941706288236998;3.0095180568835365
-1.950602037368703;2.9928692248412565
-1.953191285674411;3.0259203330812157
-1.9672435652967568;3.006354432213223
-1.9646762831118236;3.0423226092788953
-1.973522281230854;3.025730491048548
-1.9761612805492368;3.0587248854765754
-1.9901313108968404;3.039398230461019
-1.9898418087205416;2.993465948217165
-1.9938978716147169;3.0147054963155195
-1.9876462779866495;3.075127161674254
-1.9965050391219374;3.05868735123476
-2.010616272861475;3.1079317140696134
-2.019360079754784;3.0914488602145695
-1.9991312754240624;3.091529437871934
-2.0132046446504566;3.0722692408572603
-2.016739502812923;3.0476414735375257
-2.0128171264607584;3.0267234088566615
-2.0221012702988883;3.1243339902672935
-2.0358837630702773;3.104933851530571
-2.033586267736301;3.1407362664649723
-2.042255893688326;3.1241341708473898
-2.0565562626111267;3.1735408188603316
-2.0651548828423856;3.156402278769501
-2.0450712651737137;3.157138542662652
-2.0225813916372344;2.9987119248638083
-2.0385763276771938;3.0809584126010514
-2.035631762779273;3.0595156335621754
-2.0451772644573407;3.031787159110109
-2.05851898002663;3.092325772412168
-2.058811101406543;3.137550184605468
-2.062344431923809;3.112631501444246
-2.0854434115479332;3.1440500916062577
-2.0680412600485396;3.189943095058011
-2.0822417404417988;3.170077949934332
-2.0880015454973178;3.1901073569407457
-2.0795262574859525;3.2063453712556904
-2.1094745130789674;3.2251433866082286
-2.091011254923365;3.22274764745337
-2.1024962523607784;3.2391499236510497
-2.1045583941287984;3.2040368576086915
-2.075797232920281;2.990874175775772
-2.122582225547291;3.2367547866326927
-2.067286786046809;3.064631248144005
-2.0883626262306647;3.0282888739294997
-2.088397098455239;3.0955307688345743
-2.080105568147209;3.1239476063989176
-2.1036525231423275;3.155352792020445
-2.111627785802846;3.1266340453116657
-2.1096052401000227;3.177827396280344
-2.13042445385957;3.2152116762174923
-2.1278791335362395;3.1916594395557114
-2.1265093753407576;3.005513800834172
-2.14935732264464;3.23075787354684
-2.121205889524363;3.056902672107812
-2.1270733927475853;3.09664999020099
-2.1430125033985816;3.118331596009358
-2.1393870758310864;3.1580120430348457
-2.1600457716658368;3.1963423814869234
-2.1736097663756286;3.228896891330062
-2.1667113056147427;3.084440351047756
-2.181481968707609;3.0318125356655266
-2.171137058797786;3.1282484139241413
-2.2101849777183595;3.11560758031706
-2.18853800191225;3.1580648027501943
-2.198456187601903;3.2458074840949944
-2.2089154295948394;3.2027044544693277
-2.2252267794056344;3.061638542154012
-2.2497471397524262;3.1000210593453885
-2.2407235754483676;3.0182338859449676
-2.244291258474083;3.148303672356
-2.240588386010517;3.23779969970446
-2.2798317034438136;3.116288753102647
-2.269040294290076;3.1965064204210343
-2.2892239947936943;3.0639714012980135
-2.3035721067957406;3.008153448276583
-2.290823630605395;3.15294241044508
-2.373314216652727;2.99143905591762
-2.2942587090785946;3.245280735793515
-2.3379152759506856;3.1186223510593982
-2.3272952042389177;3.1834418442600625
-2.362825517194354;3.054227585903107
-2.4129757884873744;3.104176066552189
-2.4561432698848584;3.037848830798926
-2.8227900600008335;2.9995105359781844
-2.3597435069778476;3.2312341762569936
-2.3902028669893807;3.1701760481660077
-2.5258484542542345;3.025434400403802
-2.4306082128194917;3.224391708980913
-2.468966040330402;3.153441635366662
-2.4747182186124728;3.097584918066071
-2.5941106476646865;3.017933097742196
-2.5100496514047648;3.072323254267335
-2.8481286179317977;2.996438203587884
-2.8399552708710534;3.0132217457243207
-2.859579946375017;3.012792395478618
-2.8201114492072707;3.0235504552101857
-2.801626312823379;3.0119455464040423
-2.844997913416278;3.032240726679527
-2.8710312748182374;3.029146587369352
-2.862869378327639;3.0463392895592567
-2.8824826032614586;3.0455007792600868
-2.8241503119698232;3.044295147725063
-2.7688293722413615;3.0077155266665665
-2.724958893827876;3.015180058751884
-2.7925972757719726;3.0400427425218988
-2.7572867810285095;3.0387132800694805
-2.5585052528429166;3.06932798186527
-2.5244604955575114;3.115079848233231
-2.5094610145441747;3.2200283241936853
-2.6619080536937703;3.0292437008057425
-2.53366517175014;3.161863121245505
-2.6114324433427116;3.0641730861961953
-2.7219878628362153;3.0621311050155766
-2.868055517720187;3.0650138074660878
-2.81501981503505;3.0691861391826865
-2.8433617774203723;3.0568528201755325
-2.845783337781615;3.07825208621936
-2.8939339317046784;3.061854971150821
-2.887705451951589;3.0795199970197946
-2.9053852601478987;3.0782091630415547
-2.770199068579068;3.0726343565978986
-2.5735859628482864;3.193834739484233
-2.591400109185977;3.126985567668081
-2.654257834752837;3.1797063521146494
-2.56569535589414;3.2447166810647334
-2.6212360387445806;3.239080098658491
-2.6732932731320203;3.101086690386547
-2.865887705527231;3.096645941045513
-2.8330351609815763;3.1002138978983025
-2.79678742442609;3.0979482131342166
-2.749115013072189;3.11275402397633
-2.8941353300921264;3.0986244800501863
-2.916836588591119;3.0945633549322897
-2.9092441585100084;3.1129879764785975
-2.9282879170343397;3.1109175468230243
-2.921802829796792;3.1247807650307577
-2.93973924547756;3.1272717387137585
-2.926446463815772;3.1454715833945257
-2.9025849104397774;3.133889919529157
-2.95119057392078;3.1436259306044927
-2.94229571858514;3.1592704324736753
-2.9626419023640005;3.1599801224952273
-2.9484841288515673;3.1795179887621026
-2.9740932308072208;3.176334314385962
-2.9653553453084744;3.193408486627306
-2.9855445592504415;3.192688506276697
-2.9712858591011466;3.2125687160959377
-2.9969958876936613;3.209042698167431
-2.9882063283351843;3.2267925015669054
-3.0084472161368816;3.2253968900581653
-2.885014788812002;3.1179237608371766
-2.883629880566403;3.1392273352216864
-2.7519755256064116;3.1619687222809714
-2.7119147075596963;3.1525745157307865
-2.6755906501452356;3.23514967272827
-2.7217478649740787;3.202401052233596
-2.9685776677810605;3.2384813704063005
-2.858585648228129;3.1260687638604856
-2.8054918203536974;3.149729223124657
-2.945632408370795;3.204803290951838
-2.7786701748789557;3.1929013779005095
-2.7630293664323458;3.231787386853825
-2.7952805915947683;3.233840754192188
-2.9500369759179237;3.226044203728364
-2.9209792048473253;3.170894715905622
-2.926815024982446;3.192927509346252
-2.8618389647096945;3.1637328022773192
-2.892339221710789;3.190583667697325
-2.896765174016965;3.1605506945521196
-2.9942583318107356;3.2472008712426312
-3.0198985445801023;3.2417510819489
-2.839258106640969;3.2012083111609564
-2.919129284418154;3.2224882440229146
-2.8757943282543312;3.2275798614532154
-2.1139812497981914;3.2555521998487293
-2.1442008527174603;3.2700599621338347
-2.1254662472356043;3.271954476046409
-2.1369512446730172;3.2883567522440877
-2.137568018462265;3.2513181480809994
-2.159921239547843;3.3211613046394475
-2.168745399483872;3.304378639000857
-2.1484362421104297;3.3047590284417674
-2.1628963308589815;3.2837829685979196
-2.171406236985255;3.3375635808371262
-2.1853005637824534;3.318131572742613
-2.182891234422669;3.3539658570348068
-2.1914351097027174;3.3373947395904366
-2.1943762318600815;3.3703681332324855
-2.2082067307350255;3.350968152662355
-2.1654419113228287;3.2538533462212107
-2.2058612292974944;3.3867704094301656
-2.2145440148039843;3.3702155876583344
-2.2173462267349073;3.403172685627845
-2.2312515794639656;3.383662856386956
-2.2288312241723203;3.419574961825525
-2.2376583674809494;3.40298304264676
-2.1858976546087345;3.271059219906671
-2.1888343708031037;3.2925843481349135
-2.2072654713798023;3.3045879864914776
-2.211591487066605;3.325564683812597
-2.234422489967877;3.3587430878403857
-2.2299449378951834;3.337711174936394
-2.251801219047146;3.4523795142208837
-2.260574209407142;3.4357611674083794
-2.240316221609733;3.435977238023204
-2.2542289033886003;3.416507769241119
-2.2747712139219716;3.4851840666162417
-2.2836299344138093;3.4684958318842822
-2.263286216484559;3.4687817904185634
-2.2769690508124905;3.4489664609601713
-2.3003479479694158;3.4821032966937895
-2.253187951711437;3.3702399955527156
-2.256503052912419;3.392367848017762
-2.21646873612867;3.2778623938172005
-2.238862869057468;3.3084745998420613
-2.261834505206068;3.3415029014996342
-2.2802804535180137;3.4249023930747438
-2.2757191014099467;3.4040045658319196
-2.303701103045314;3.4569489947720453
-2.2997349759093595;3.435950231549295
-2.3216232532965657;3.4691302132410784
-2.330718850647643;3.4394411475004283
-2.2842730429958187;3.374032819628799
-2.2530725615284717;3.274963501286282
-2.2849554177594977;3.299448459368225
-2.309508806617324;3.329966860131571
-2.3360665714058686;3.2859610429222434
-2.3080757523785245;3.4072764879713686
-2.3552744302766584;3.473590814508063
-2.37513716799695;3.4270646455388913
-2.3514638292446026;3.398226098491616
-2.329306708761311;3.3635247356287428
-2.38441264597957;3.3894731939223215
-2.366775638378531;3.366827954696979
-2.3612588040147644;3.327534766645376
-2.396941745678049;3.285788558813431
-2.399697747907088;3.4517771275878997
-2.4544456911281594;3.4860663585075167
-2.4154340900550846;3.4037001796821587
-2.438682574236706;3.445610733450885
-2.4102938053390424;3.3538379265173948
-2.4589964167671194;3.3909703674446416
-2.462411828256486;3.2879136889008946
-2.4878665031717313;3.4464848521619476
-2.4752565170098326;3.351820745577522
-2.5057069326245456;3.384353463421468
-2.5328640623503214;3.4816050113517574
-2.575945822238742;3.453273962020006
-2.527233298553404;3.3280027240207426
-2.5350737256188363;3.2752494628541022
-2.5489750286039974;3.384123945125935
-2.53809573925526;3.4247243876911484
-2.589138283975367;3.2986791329027696
-2.5835238333403994;3.4073654991860822
-2.6095320185395914;3.487901283892778
-2.6276272105740457;3.437642054793206
-2.648750650478681;3.4859141266569895
-2.6733979421442604;3.4543958653569833
-2.5860559319938177;3.353848526341522
-2.641996622608128;3.3417489058344594
-2.6658644056401797;3.2870521919299187
-2.7199911849287726;3.2561236611915425
-2.7257544858491314;3.3003427955313884
-2.620195935148937;3.389378972797079
-2.6762014360712385;3.397699281733218
-3.0657038583529834;3.3071678495118375
-3.054252529909763;3.2908136576211033
-3.045041902070885;3.311646487275662
-3.093326762171557;3.370283959251829
-3.111509172125864;3.3725846170747737
-3.1000578436826443;3.3562304251840405
-3.0798920883341547;3.358351355805478
-3.059763601307603;3.324206712637983
-3.0771551867962033;3.3235220414025712
-3.0886065152394235;3.3398762332933054
-3.064858142791531;3.3439748576719692
-3.042801201466543;3.2744594657303687
-3.032495365019427;3.29336940338268
-2.9409340711177405;3.2539065664453557
-2.972252975449997;3.260487538080147
-3.013455260095937;3.2599601239001053
-3.031349873023322;3.258105273839634
-2.700306227527423;3.3420911856179645
-2.713304904273887;3.4412472462965176
-2.735080267281826;3.3913674802110063
-2.763034993653776;3.4385929478010024
-2.7753678271540374;3.2764655485180856
-2.7587769943981333;3.336512530561975
-3.1229605005690853;3.388938808965509
-3.1140839644375697;3.405081369750753
-3.1344118290123055;3.405293000856244
-2.816393464999434;3.3242441969221206
-3.168765814341967;3.454355576528447
-3.159924133449696;3.4713085824189394
-3.1802171427851866;3.470709768419181
-3.1916684712284065;3.4870639603099147
-3.143499493777592;3.4576970621856176
-3.120699980250446;3.4249697095161338
-3.1190793831166514;3.449018923248783
-3.101274242422978;3.43936807251273
-3.137427028499943;3.4386856554056138
-3.157314485898746;3.4380013846377127
-3.145863157455525;3.4216471927469767
-3.0978394213052436;3.3901499065178893
-3.094282224185529;3.4170864653702857
-3.0203560405403773;3.2782794766206926
-3.035226444680024;3.3390328151438244
-3.02483032498132;3.313884296237233
-3.073018192611053;3.3815483518269205
-3.054828221847108;3.364403672419926
-2.992729671553819;3.277213541283564
-3.008776451789297;3.3024645250717257
-2.9590763483317635;3.2889416506789675
-2.924108714124603;3.296493598478829
-3.0075067752181246;3.3288950336998004
-2.982179424048654;3.3112432924793365
-2.833214646572045;3.2653051958682364
-2.888985334991624;3.2703904381856828
-2.973924246911545;3.3539184163516937
-3.004818913899347;3.3634094438192084
-3.0326217238104993;3.3722403836680224
-3.016652941423857;3.395280403143918
-2.859074510131668;3.3082217103744616
-2.891118640756956;3.3139557875444434
-2.8700993713530893;3.359136610584403
-2.7980812695953685;3.3923843699847698
-2.8479488228897423;3.428639460650372
-2.8050114604268828;3.4473206215467065
-2.8782455211530853;3.468046561654413
-2.8347506950451646;3.485262411520276
-2.7383048236029213;3.478272027961734
-3.1402549881318236;3.4822873603153726
-3.1225698612626864;3.468121605599603
-3.0705525800277256;3.439842505939636
-2.9493090628348777;3.4669309540986415
-3.0947585537776514;3.46432396695646
-3.066050746553446;3.467604275175173
-3.02943680320275;3.447935663161756
-2.9818253537908603;3.448975201156178
-3.0273086481257523;3.414035964025916
-3.006018601700965;3.421491370791046
-3.071992235062022;3.4063354557797454
-3.045994743613091;3.3910839357196867
-3.049128422346112;3.4189846917510263
-2.9493178963625746;3.330779253686283
-2.913563339690062;3.3350238374778725
-2.976563528530831;3.4018693954754786
-2.928754309997563;3.3772137075805193
-2.9406368902960818;3.430842604107915
-2.8996191561493894;3.424086238268917
-2.9167233391120653;3.4656196002786945
-2.286256211359385;3.5015863428139222
-2.3062070601800864;3.5018694145371105
-2.297741208796798;3.517988619011602
-2.327374947159144;3.5360131879399743
-2.309226206234211;3.5343908952092815
-2.3207112036716233;3.5507931714069607
-2.321669791282144;3.5158040789646128
-2.375111844389332;3.6
-2.365585619517998;3.5788436119816223
-2.3551661959838626;3.6
-2.3436811985464496;3.5835977238023204
-2.38596524932965;3.5835472688481387
-2.395057492794802;3.6
-2.3261171827293827;3.4910766660060046
-2.3321962011090367;3.5671954476046404
-2.340767305569448;3.5477437789198834
-2.35587564964048;3.560579142381239
-2.3465870609658634;3.525157112479583
-2.3432069444784966;3.5055477187325392
-2.3839990147609855;3.5572749743113836
-2.465985810331495;3.5834364616425796
-2.454894438011211;3.6
-2.474840086416681;3.6
-2.415003141200272;3.6
-2.407297852667975;3.57699937156066
-2.4349487896057416;3.6
-2.426696491803654;3.5830536386668164
-2.3650814472946307;3.536534646391292
-2.367856172749989;3.507955930970909
-2.388150569189518;3.491095099048246
-2.4289121717694755;3.5593324953264704
-2.4472878879886326;3.577638323677633
-2.486770327176718;3.577397509084616
-2.4682550390105233;3.5599594087245423
-2.494785734822151;3.6
-2.506226030058864;3.5833378699861167
-2.5147313832276206;3.6
-2.3957802592067052;3.5233751758170526
-2.410114731822238;3.5493862303025163
-2.4194183146529373;3.490098169496085
-2.44936165216789;3.5512506441117533
-2.4887248510940525;3.552015430135189
-2.4330971684589575;3.5281988365045986
-2.471336661621348;3.528404193131499
-2.5269994848208004;3.577465912711005
-2.5083454638188285;3.5605265224225535
-2.5287573683475464;3.552401701486276
-2.5483752562822204;3.560537775470457
-2.546084156058136;3.583319668843635
-2.5346770316330907;3.6
-2.5546226800385603;3.6
-2.510564327012491;3.5283171195461933
-2.5855162194889654;3.5835422372560766
-2.5745683284440304;3.6
-2.5945139768495;3.6
-2.6344052736604398;3.6
-2.6263092282679747;3.5838670912265465
-2.6144596252549697;3.6
-2.4909117692704634;3.494348717257371
-2.6543509220659094;3.6
-2.646960076503305;3.579159501410375
-2.6667382568699534;3.5863062210554504
-2.674296570471379;3.6
-2.6284992745605873;3.5616754263494137
-2.568530412759538;3.5521454994308472
-2.550683721541465;3.5280080583991524
-2.573113042915209;3.49568611780402
-2.5903690400128796;3.528860232610292
-2.6066704707386283;3.5774914223764727
-2.60827621090418;3.552667835262484
-2.567753453375525;3.5777996419189373
-2.5878210555367165;3.5612861748034548
-2.649502619254848;3.5536041351633294
-3.2519716607166735;3.6
-3.270747137554955;3.6
-3.259963094996768;3.584598791115903
-2.669659402584454;3.5638558445478057
-2.694242218876849;3.6
-2.683888125004867;3.5821165224008857
-2.7141878672823188;3.6
-2.7046135543999625;3.577222169867106
-2.6312610992498957;3.5280945875670535
-2.6720194576151166;3.530885901905627
-2.805722610851225;3.5839519908960256
-2.7939704609041986;3.6
-2.8139161093096683;3.6
-3.2326948345836906;3.6
-3.2403679173321103;3.584168409795943
-3.2212088850351703;3.5845677798463056
-3.2128290758319618;3.6
-3.248885560392996;3.568778432151909
-3.162792588707314;3.583470291217231
-3.1529921322026553;3.6
-3.1729377806081254;3.6
-3.145290583978751;3.5868001049204783
-3.1330464837971856;3.6
-2.833861757715138;3.6
-2.826901107669992;3.5789062189334273
-2.845797148491594;3.5849227947893194
-2.7740248124987286;3.6
-2.7656649270933586;3.5833981719743346
-2.754079164093259;3.6
-2.7245408406628964;3.5834647571024894
-2.7341335156877884;3.6
-2.7874578200980893;3.5779010469038903
-2.745850903690914;3.576706888795921
-2.6933813418863664;3.5569389224632144
-2.723515110707022;3.555058668538219
-2.6990568753659563;3.492328834640086
-2.706564648546512;3.5327410299228705
-2.8936987029315473;3.6
-2.9136443513370174;3.6
-2.901076656181051;3.5819887886167425
-2.920667315842691;3.5790424041625304
-2.884849047264496;3.5866852913828478
-2.853807406120608;3.6
-2.865195752515584;3.5799581228234234
-2.8737530545260777;3.6
-2.9335899997424875;3.6
-3.0241979305626514;3.5833670157058264
-3.0042615647489033;3.57661124983451
-3.013372593364367;3.6
-3.0333182417698366;3.6
-2.993426944958897;3.6
-2.982532027165475;3.583599847820079
-2.973481296553427;3.6
-2.808164020666213;3.561405714355013
-2.8471711925313268;3.5628971653478274
-2.8864769248217064;3.5645861962742287
-2.8669528241748874;3.556746509262511
-2.9535356481479567;3.6
-2.9431072890698315;3.577371724467675
-2.9639526547751136;3.5784993654408725
-2.9076083548068525;3.5568529482791447
-2.8849718245164886;3.5355018919120558
-2.927771456603937;3.5556213002779207
-2.9155478967360207;3.531737993132047
-2.9397826669433345;3.5383890130998745
-2.9546470923822863;3.5565305052431953
-2.9811679999077874;3.5573199732781204
-3.183708266307769;3.5803140302537915
-3.192883429013595;3.6
-3.202856252422779;3.5814966105514134
-3.2139391118504244;3.570665015318796
-3.2300494550284293;3.5676790204035767
-3.1966119763142493;3.5622212303965486
-3.216279886308966;3.5534287807256026
-3.2048657709919826;3.5413187340731245
-3.2374737840172947;3.5524807264675653
-3.226022456558068;3.536126535982119
-3.214571128114847;3.519772344091383
-3.2031197996716276;3.5034181522006502
-3.186968941074636;3.524169637227416
-3.181980877627979;3.504072753562556
-3.166172644862527;3.4902387969321635
-3.1604066088786387;3.5170838243048244
-3.1744470306384045;3.5646412767410283
-3.186205374829534;3.548538519670448
-3.147670068696699;3.5667910287588254
-3.1607039717708845;3.5409055059819883
-3.093155186986246;3.6
-3.085354313741963;3.578454958493679
-3.0732095385807763;3.6
-3.131200302921181;3.5505297362970487
-3.126113269827011;3.579237221481147
-3.1131008353917156;3.6
-3.105689911258352;3.56283280576015
-3.104832497515114;3.5839504346205677
-3.0650026707374005;3.583674131220211
-3.053263890175306;3.6
-3.005678143912462;3.5498645407069307
-3.0454054255745397;3.577341954058517
-3.025736019754394;3.5595842330285685
-3.0474422925631424;3.551314048195008
-2.8279153231579035;3.553881123476003
-2.8098505495374537;3.529665222652978
-2.848312358507454;3.5319666104465663
-2.871934473843061;3.5037048975098832
-2.7680918881029335;3.5616887404085475
-2.7887680422972436;3.553640161871019
-2.751462787604032;3.5508578916264733
-2.7805645190317296;3.4913361167492316
-2.774315632701999;3.533197867652669
-2.73810322529209;3.518833935197954
-3.1448896695111435;3.5037038434203067
-3.135043704273298;3.5255045963946126
-2.901107754341932;3.500403258423484
-2.992120869958373;3.5257319050452582
-2.964589364290677;3.5277473996748685
-2.936269448253342;3.504055717613118
-2.973535670474719;3.4927211679061414
-3.03013209285953;3.526836837350261
-3.0095268421057515;3.488631256648743
-3.0671022038579916;3.560649175065126
-3.1109043341858915;3.499725077180109
-3.109211298242746;3.5348424399423957
-3.0880248518715274;3.553556007167598
-3.071156224214571;3.527082279407432
-3.0433928902402734;3.491728774745528
-3.075852590358112;3.488025657960735
% Elements (triangles)
1;2;3
3;4;1
4;5;1
4;3;6
4;6;7
5;4;7
7;8;5
7;6;9
9;10;7
8;7;10
10;11;8
9;12;10
13;11;14
10;14;11
12;14;10
15;13;16
14;16;13
17;15;16
17;18;15
12;19;14
14;19;16
16;19;20
17;16;20
18;21;22
17;21;18
17;20;21
23;22;21
23;24;22
20;19;25
20;25;26
23;21;26
21;20;26
24;27;28
23;27;24
23;26;27
28;29;30
29;28;27
30;31;32
29;31;30
32;33;34
33;32;31
26;25;35
36;34;37
33;37;34
38;39;36
38;36;37
26;35;40
27;26;40
29;27;40
29;40;31
41;37;33
42;33;31
42;41;33
42;31;40
39;43;44
38;43;39
43;45;44
44;45;46
35;47;40
37;48;38
38;48;43
41;48;37
47;49;40
42;40;49
41;49;48
41;42;49
50;43;48
45;43;51
50;51;43
52;45;51
53;46;54
45;54;46
52;54;45
55;53;56
54;56;53
57;55;58
58;55;56
49;47;59
49;59;60
48;49;60
50;60;51
50;48;60
51;60;61
52;51;61
56;54;62
52;62;54
61;62;52
63;58;56
63;56;62
64;57;65
58;65;57
66;65;58
63;66;58
67;60;59
68;64;69
65;69;64
70;68;69
68;70;71
72;71;70
71;72;73
60;67;74
61;60;74
61;74;62
62;74;75
63;62;75
66;63;75
65;76;69
66;76;65
66;75;76
73;77;78
77;73;72
79;80;78
79;78;77
74;67;81
82;70;69
82;69;76
72;70;83
82;83;70
84;77;72
84;72;83
85;86;87
80;88;85
79;88;80
86;85;88
74;81;89
75;74;89
75;89;76
76;89;90
82;76;90
82;90;83
83;91;84
83;90;91
77;92;79
79;92;88
84;92;77
84;91;92
81;93;89
94;95;96
96;97;94
87;98;95
86;98;87
96;95;98
86;88;99
86;99;98
99;88;100
100;88;92
96;98;101
96;101;97
89;93;102
90;89;102
90;102;91
91;102;103
91;103;92
100;92;103
93;104;102
105;97;101
105;106;97
107;97;106
94;97;108
107;109;108
107;108;97
110;111;112
113;112;114
114;112;111
115;116;113
115;113;114
101;98;117
99;117;98
100;118;99
100;103;118
117;99;118
105;101;119
101;117;119
105;120;106
105;119;120
102;104;121
103;102;121
103;121;118
104;122;121
109;123;124
107;123;109
107;106;123
125;123;106
125;106;120
126;110;124
126;124;123
126;111;110
116;127;128
115;127;116
126;123;129
126;129;111
125;129;123
125;130;129
125;120;130
111;131;114
111;129;131
115;114;132
115;132;127
132;114;131
118;121;133
117;118;133
117;133;119
134;119;133
120;119;134
120;134;130
135;121;122
133;121;135
122;136;135
137;138;139
140;139;138
141;137;128
141;128;127
141;138;137
140;142;139
143;144;145
142;146;145
140;146;142
143;145;146
147;127;132
141;127;148
141;148;138
148;127;147
130;149;129
131;129;149
130;150;149
150;130;134
132;131;151
131;149;151
147;132;151
133;135;152
134;133;152
150;134;152
153;135;136
152;135;153
136;154;153
155;138;148
140;138;156
140;156;146
155;156;138
144;157;158
143;157;144
143;146;159
143;159;157
159;146;160
160;146;156
147;161;148
147;151;161
148;161;155
155;162;156
155;161;162
160;156;162
150;152;163
150;163;149
149;163;151
164;151;163
164;161;151
165;152;153
163;152;165
166;153;154
153;166;165
166;154;167
168;158;157
158;168;169
169;170;171
168;170;169
168;157;172
168;172;170
173;172;157
173;157;159
160;174;159
160;162;174
173;159;174
162;161;175
164;175;161
176;174;162
176;162;175
163;165;177
164;163;177
164;177;175
166;178;165
177;165;178
179;167;200
167;179;166
178;166;179
383;384;385
386;387;384
385;384;387
171;180;181
180;171;170
182;170;172
181;183;184
180;183;181
180;170;185
180;185;183
182;185;170
186;184;183
186;187;184
173;188;172
173;174;188
182;172;188
187;189;190
186;189;187
201;190;189
190;201;202
388;389;386
387;386;389
390;388;391
390;389;388
188;174;191
176;191;174
175;177;192
176;192;191
176;175;192
178;193;177
192;177;193
203;200;204
200;203;179
194;179;203
179;194;178
193;178;194
392;393;383
385;392;383
385;387;394
394;392;385
387;389;395
394;387;395
182;195;185
182;188;195
202;205;206
201;205;202
207;206;205
201;189;208
201;208;205
209;208;189
186;183;196
186;196;189
209;189;196
196;210;209
197;196;183
197;183;185
197;210;196
197;185;195
197;195;210
207;211;206
212;211;213
207;213;211
214;212;213
212;214;215
195;188;198
191;198;188
216;210;195
216;195;198
396;397;391
390;391;397
390;397;398
390;398;389
395;389;398
192;193;199
191;192;199
198;191;199
194;217;193
217;199;193
218;204;219
204;218;203
220;203;218
203;220;194
217;194;220
393;399;400
392;399;393
392;401;399
394;401;392
394;395;401
395;402;401
395;398;402
213;221;214
209;222;208
209;210;222
210;223;222
216;223;210
207;205;224
207;224;213
213;224;221
225;224;205
225;205;208
208;222;225
225;226;224
225;222;226
224;226;227
221;224;227
228;215;214
228;229;215
230;229;228
230;231;229
232;228;214
232;214;221
232;221;233
221;227;233
226;222;234
222;223;234
198;199;235
216;198;235
216;235;223
403;404;396
397;396;404
405;403;406
405;404;403
404;407;397
397;407;398
408;409;406
405;406;409
410;408;411
410;409;408
407;412;398
402;398;412
217;236;199
235;199;236
237;219;238
219;237;218
220;239;217
236;217;239
240;218;237
218;240;220
239;220;240
400;413;414
399;413;400
413;399;415
401;415;399
416;415;401
402;416;401
402;412;416
241;234;223
241;223;235
230;228;242
232;242;228
232;233;242
233;227;243
244;227;226
226;234;244
227;244;243
245;242;233
245;233;243
231;246;247
230;246;231
248;247;246
230;242;246
247;248;249
234;250;244
234;241;250
235;236;251
241;235;251
241;251;250
405;409;417
405;417;404
404;417;407
418;407;417
418;412;407
411;559;419
410;411;419
410;419;420
410;420;409
409;420;417
412;421;416
412;418;421
414;422;423
413;422;414
239;252;236
251;236;252
253;238;254
238;253;237
255;237;253
237;255;240
256;240;255
240;256;239
256;252;239
422;413;424
415;424;413
425;424;415
416;425;415
425;416;421
243;244;257
244;250;257
249;258;259
248;258;249
248;246;260
248;260;258
260;246;261
242;261;246
245;261;242
245;262;261
245;243;262
243;257;262
263;264;265
266;265;264
259;267;263
267;259;258
267;264;263
266;268;265
250;269;257
250;251;269
252;270;251
269;251;270
559;560;561
419;559;561
417;420;426
418;417;426
418;426;421
419;561;427
419;427;420
428;420;427
428;426;420
562;560;563
562;561;560
271;254;272
271;253;254
429;421;426
423;430;431
422;430;423
421;432;425
429;432;421
430;422;433
424;433;422
434;431;435
430;435;431
273;272;274
273;271;272
436;434;437
435;437;434
275;274;436
437;275;436
275;273;274
256;276;252
270;252;276
253;271;277
255;253;277
277;278;255
255;278;256
276;256;278
433;424;438
425;438;424
438;425;432
279;262;257
279;257;280
257;269;280
267;258;281
267;281;264
281;258;282
282;258;260
261;283;260
261;262;283
282;260;283
262;279;283
279;284;283
279;280;284
285;264;281
266;264;286
285;286;264
287;288;289
266;290;268
266;286;290
287;289;291
268;290;292
291;289;292
291;292;290
293;280;269
269;270;293
276;294;270
293;270;294
562;564;561
561;564;427
563;565;566
562;563;566
562;566;564
428;439;426
429;426;439
427;564;440
428;427;440
428;440;439
271;273;295
295;277;271
429;439;441
429;441;432
430;442;435
433;442;430
432;443;438
441;443;432
433;444;442
438;444;433
443;444;438
435;445;437
442;445;435
273;275;296
296;295;273
437;446;275
445;446;437
446;296;275
278;297;276
297;294;276
277;295;298
278;277;298
298;297;278
299;294;297
300;280;293
301;284;280
301;280;300
282;302;281
282;283;302
281;302;285
283;284;302
303;302;284
301;303;284
285;304;286
285;302;304
304;302;303
305;286;304
290;306;291
290;286;306
305;306;286
305;304;307
304;303;307
287;291;308
308;291;306
288;309;310
287;309;288
287;308;309
311;309;308
312;313;310
312;310;309
312;314;313
312;309;315
312;315;314
315;309;311
313;314;316
317;316;314
316;317;318
299;319;294
293;294;319
300;293;319
565;567;568
566;565;568
569;567;570
569;568;567
447;440;564
568;571;566
566;571;564
447;564;571
439;440;448
439;448;441
447;449;440
448;440;449
572;573;574
574;575;570
573;575;574
569;570;575
295;296;320
320;298;295
441;450;443
441;448;450
451;445;442
444;451;442
452;451;444
443;452;444
450;452;443
453;446;445
451;453;445
321;296;446
321;320;296
454;446;453
454;321;446
576;577;578
577;579;572
576;579;577
573;572;579
320;322;298
297;298;322
299;297;322
323;319;299
324;299;322
324;323;299
303;325;307
301;325;303
301;300;325
300;319;325
326;319;323
326;325;319
317;314;327
327;314;328
328;314;315
308;306;329
306;305;329
311;308;329
305;307;329
318;330;331
317;330;318
317;327;330
332;331;330
329;307;333
307;325;333
332;330;334
334;330;335
335;330;327
311;336;315
311;329;336
328;315;336
329;333;336
332;337;331
337;338;339
332;338;337
332;334;338
339;340;341
340;339;338
580;581;578
576;578;581
569;575;582
569;582;568
568;582;571
571;582;583
447;571;583
447;583;449
455;449;583
448;449;456
455;456;449
450;448;456
573;579;584
573;584;575
585;582;575
585;575;584
342;320;321
342;322;320
450;457;452
456;457;450
458;453;451
452;458;451
457;458;452
458;459;453
454;453;460
459;460;453
460;461;454
454;461;321
461;342;321
576;581;586
576;586;579
587;588;580
581;580;588
589;581;588
589;586;581
584;579;590
586;590;579
343;326;323
342;344;322
324;322;344
324;344;345
324;345;323
343;323;345
346;326;343
347;338;334
333;325;348
326;348;325
346;348;326
328;349;327
328;336;349
327;349;335
349;336;350
350;336;333
333;348;350
335;351;334
335;349;351
347;334;351
340;352;341
341;352;353
354;353;352
354;355;353
340;338;356
340;356;352
356;338;347
591;592;593
587;592;594
591;594;592
588;587;594
585;595;582
595;583;582
595;462;583
455;583;462
455;462;463
455;463;456
456;463;457
590;596;584
585;584;596
585;596;595
344;342;464
461;464;342
459;458;465
458;457;465
457;463;465
459;465;466
459;466;460
461;460;467
466;467;460
467;464;461
468;465;463
597;590;586
589;598;586
597;586;598
594;599;588
589;588;599
589;599;598
590;600;596
597;600;590
601;602;603
603;604;593
602;604;603
591;593;604
346;343;357
358;343;345
358;357;343
464;469;344
345;344;469
358;345;469
346;359;348
346;357;359
358;469;470
358;470;357
360;352;356
354;352;361
360;361;352
354;362;355
354;361;362
347;363;356
347;351;363
356;363;360
350;348;364
359;364;348
351;365;363
366;351;349
366;349;350
366;365;351
366;350;364
366;364;365
355;362;367
368;369;367
368;367;362
369;370;371
368;370;369
371;372;373
372;371;370
368;362;374
368;374;370
360;375;361
360;363;375
591;604;605
591;605;594
594;605;599
595;596;606
462;595;606
462;471;463
606;471;462
468;463;471
607;596;600
607;606;596
467;472;464
472;469;464
466;465;473
468;473;465
474;472;467
473;474;466
467;466;474
468;471;475
468;475;473
608;609;601
602;601;609
743;610;608
610;609;608
597;598;611
597;611;600
599;605;612
599;612;598
598;612;611
600;613;607
611;613;600
602;609;614
602;614;604
615;605;604
615;604;614
365;364;376
357;377;359
357;470;377
472;476;469
470;469;476
376;364;378
378;364;359
378;359;377
477;378;377
470;476;478
377;470;478
477;377;478
379;374;362
379;362;361
361;375;379
375;363;380
365;380;363
380;365;376
479;375;380
372;480;373
373;480;481
482;481;480
483;481;482
482;484;483
381;370;374
372;370;485
372;485;480
381;485;370
379;382;374
379;375;382
381;374;382
375;479;382
486;480;485
381;487;485
381;382;487
485;487;486
382;488;487
488;382;479
482;480;489
482;489;484
486;489;480
744;745;743
610;743;745
746;747;744
747;745;744
748;749;746
747;746;749
615;616;605
612;605;616
613;617;607
607;617;606
606;617;471
471;617;475
474;490;472
476;472;490
474;473;491
491;490;474
475;491;473
475;617;492
492;491;475
614;609;618
610;745;619
610;619;609
618;609;619
747;749;750
747;750;745
619;745;620
620;745;750
612;616;621
612;621;611
611;621;613
613;621;622
613;622;617
618;623;614
614;623;615
615;623;616
751;749;748
752;751;748
479;380;493
376;493;380
493;376;494
378;494;376
477;494;378
477;495;494
477;478;495
490;496;476
476;496;478
497;478;496
495;478;497
488;479;498
493;498;479
499;483;484
484;489;500
501;499;502
502;499;484
503;501;502
484;500;502
503;502;504
502;500;504
503;505;501
486;506;489
486;487;506
506;487;507
488;507;487
488;498;507
505;508;509
503;508;505
503;504;508
510;509;508
511;489;506
500;489;511
751;753;749
750;749;754
754;749;753
616;623;624
624;621;616
622;625;617
492;617;625
492;625;512
492;512;491
491;512;490
490;512;496
620;626;619
619;626;618
618;626;623
754;627;750
620;750;627
620;627;626
628;625;622
624;629;621
629;622;621
628;622;629
626;630;623
624;623;630
631;624;630
631;629;624
755;756;752
751;752;756
751;756;753
757;758;755
758;756;755
493;513;498
494;513;493
494;495;513
495;514;513
514;495;497
515;497;496
516;496;512
515;496;516
517;507;498
513;518;498
517;498;518
518;513;514
497;519;514
515;519;497
509;510;520
521;504;500
521;500;511
504;522;508
504;521;522
520;523;524
510;523;520
525;524;523
525;526;524
526;527;528
525;527;526
511;506;529
506;507;529
530;529;507
517;530;507
510;508;531
510;531;523
531;508;522
521;532;522
511;529;532
521;511;532
522;533;531
522;532;533
525;523;534
525;534;527
534;523;535
535;523;531
535;531;533
759;760;761
761;762;757
760;762;761
758;757;762
763;764;759
760;759;764
753;756;765
765;766;753
753;766;754
754;766;627
628;632;625
625;632;512
516;512;632
627;633;626
630;626;633
634;627;766
634;633;627
631;635;629
629;635;628
628;635;632
630;633;636
631;630;636
631;636;635
758;762;767
758;767;756
765;756;767
768;769;763
769;764;763
514;536;518
536;514;519
515;637;519
515;516;637
638;516;632
638;637;516
517;537;530
517;518;537
537;518;536
532;538;533
532;529;538
539;530;537
519;639;536
639;519;637
540;541;528
540;528;527
540;527;542
543;542;527
543;527;534
541;544;545
540;544;541
540;542;544
546;547;545
546;545;544
548;544;542
538;529;549
530;549;529
539;549;530
550;533;538
535;551;534
535;533;551
534;551;543
550;551;533
760;764;770
760;770;762
767;762;771
771;762;770
772;773;768
769;768;773
769;773;774
769;774;764
770;764;775
775;764;774
771;776;767
765;767;776
765;776;766
766;776;777
634;766;777
640;632;635
638;632;640
634;777;641
634;641;633
633;641;636
636;641;642
636;642;635
635;642;640
778;779;772
779;773;772
780;781;778
779;778;781
782;783;780
783;781;780
539;537;552
552;537;536
552;536;643
643;536;639
638;640;644
638;644;637
639;637;644
550;538;553
549;553;538
549;554;553
539;554;549
539;552;554
645;643;639
645;639;644
547;646;555
546;646;547
543;556;542
543;551;556
548;542;556
647;555;646
555;647;648
546;544;557
546;557;646
557;544;548
548;649;557
548;556;649
551;558;556
550;558;551
550;553;558
650;649;556
650;556;558
775;784;770
770;784;771
771;784;776
779;781;785
779;785;773
774;773;786
786;773;785
786;787;774
775;774;787
775;787;784
784;788;776
777;776;788
777;788;789
789;641;777
651;640;642
640;651;644
789;652;641
652;642;641
642;652;651
785;781;790
791;792;782
783;782;792
783;792;793
783;793;781
790;781;793
794;792;791
916;794;791
552;653;554
653;552;643
654;558;553
654;553;655
554;655;553
554;653;655
643;656;653
645;656;643
645;657;656
657;645;644
658;644;651
657;644;658
653;659;655
656;659;653
660;646;557
660;557;649
647;646;661
661;646;660
648;662;663
647;662;648
647;661;662
664;663;662
664;665;663
660;666;661
660;649;666
666;649;667
650;667;649
650;558;668
650;668;667
668;558;654
669;652;789
788;795;789
669;789;795
787;796;784
788;784;796
796;795;788
790;797;785
785;797;786
786;797;787
797;798;787
798;796;787
669;670;652
652;670;651
658;651;670
917;918;916
794;916;918
794;918;799
794;799;792
793;800;790
790;800;797
793;792;801
801;792;799
801;800;793
919;917;920
919;918;917
668;671;667
668;654;671
655;672;654
672;655;659
671;654;672
656;673;659
657;673;656
657;658;673
674;658;670
674;673;658
659;675;672
675;659;673
676;671;672
677;662;661
677;661;666
677;666;678
679;680;681
679;682;680
680;682;683
679;684;682
664;662;685
685;662;677
677;678;685
665;686;681
664;686;665
679;681;686
664;685;686
679;686;684
684;686;687
687;686;685
685;678;687
667;671;688
671;676;688
689;678;666
689;666;667
689;667;688
669;795;802
669;802;670
798;803;796
795;796;803
795;803;802
800;804;797
798;797;804
798;804;803
805;670;802
805;674;670
919;921;918
922;923;920
919;920;923
919;923;921
924;923;922
925;924;922
806;799;918
806;918;921
806;807;799
801;799;807
801;807;800
808;800;807
808;804;800
690;676;672
690;672;675
675;673;691
691;673;674
692;674;805
692;691;674
690;675;693
693;675;691
690;694;676
690;693;694
695;688;676
695;676;694
696;682;684
697;682;696
687;698;684
687;678;698
696;684;698
698;678;699
678;689;699
689;688;699
700;699;688
700;688;695
683;701;702
701;683;682
701;682;697
703;704;705
705;706;707
704;706;705
708;707;706
702;709;703
701;709;702
704;703;709
701;697;709
704;709;710
704;710;706
710;709;711
711;709;697
708;712;707
712;713;714
708;713;712
715;714;713
715;716;714
809;802;803
802;809;805
808;810;804
803;804;811
810;811;804
811;809;803
805;809;812
692;805;812
924;926;923
927;921;923
927;923;926
927;928;921
921;928;806
806;928;807
929;930;925
924;925;930
924;930;926
931;932;929
932;930;929
928;813;807
808;807;813
808;813;810
926;930;933
934;935;936
937;935;934
938;937;934
810;813;814
692;812;815
692;815;691
691;815;693
717;695;694
717;694;718
694;693;718
718;693;815
816;717;718
719;700;695
719;695;717
696;720;697
696;698;720
711;697;720
698;699;720
721;720;699
721;699;700
711;722;710
711;720;722
723;706;710
710;722;723
708;706;724
708;724;713
724;706;723
715;713;725
723;726;724
723;722;726
725;713;727
727;713;724
724;726;727
722;720;728
721;728;720
729;726;722
729;722;728
721;730;728
721;700;730
719;730;700
719;731;730
719;717;731
816;731;717
716;732;733
715;732;716
715;725;732
733;734;735
734;733;732
735;736;737
734;736;735
734;732;738
734;738;736
739;738;732
739;732;725
811;817;809
812;809;817
814;818;810
810;818;811
818;817;811
819;718;815
812;817;820
812;820;815
819;815;820
821;818;814
939;940;938
937;938;940
933;941;926
926;941;927
927;941;928
941;822;928
813;928;822
822;814;813
932;942;930
933;930;942
943;944;931
932;931;944
932;944;942
936;945;943
945;936;935
945;944;943
945;935;946
945;946;944
942;944;947
947;944;946
947;948;942
933;942;948
933;948;941
937;940;949
937;949;935
950;946;935
950;935;949
951;952;939
952;940;939
822;823;814
821;814;823
816;718;824
824;718;819
816;825;731
816;824;825
729;740;726
727;741;725
727;726;741
739;725;741
726;740;741
729;728;742
729;742;740
728;730;742
730;731;742
826;742;731
825;826;731
827;737;736
827;736;828
827;828;829
827;830;737
830;829;831
827;829;830
828;736;832
832;736;738
739;833;738
739;741;833
832;738;833
741;834;833
834;741;740
821;835;818
818;835;817
817;835;820
836;820;835
820;836;819
824;819;837
837;819;836
838;825;824
838;824;837
821;823;839
821;839;835
953;954;955
955;956;951
954;956;955
952;951;956
952;956;957
952;957;940
949;940;958
958;940;957
948;959;941
822;941;959
959;823;822
950;960;946
946;960;947
947;960;948
960;961;948
961;959;948
958;962;949
949;962;950
950;962;960
963;964;965
965;966;953
964;966;965
954;953;966
961;967;959
823;959;967
823;967;839
825;840;826
840;825;838
841;826;840
842;831;829
842;829;843
842;843;844
845;844;843
843;829;846
846;829;828
847;848;844
842;849;831
849;844;848
842;844;849
740;850;834
740;742;850
850;742;826
850;826;841
834;850;851
850;841;851
832;852;828
832;833;852
846;828;852
853;852;833
853;833;834
853;834;851
853;854;852
853;851;854
839;855;835
836;835;855
856;838;837
857;836;855
837;836;857
856;837;857
838;858;840
856;858;838
839;967;968
968;855;839
954;966;969
954;969;956
957;956;970
970;956;969
970;971;957
958;957;971
958;971;962
962;972;960
961;960;972
961;972;967
973;962;971
973;972;962
1103;1104;1105
1105;974;963
1104;974;1105
964;963;974
964;974;975
964;975;966
969;966;976
976;966;975
967;972;977
977;968;967
973;971;978
1106;1107;1103
1104;1103;1107
1108;1109;1106
1109;1107;1106
847;859;848
840;860;841
860;840;858
854;851;861
862;851;841
861;851;862
862;841;860
859;863;864
847;863;859
865;864;863
854;861;866
846;867;843
846;852;867
845;843;867
852;854;867
866;867;854
847;844;868
847;868;863
868;844;845
865;863;869
845;870;868
845;867;870
867;866;870
869;863;871
871;863;868
868;870;871
968;979;855
855;979;857
872;857;979
856;857;872
856;872;858
858;873;860
858;872;873
980;968;977
980;979;968
976;981;969
970;969;981
970;981;971
971;981;978
973;978;982
973;982;972
982;977;972
1104;1107;983
1104;983;974
975;974;984
984;974;983
984;985;975
976;975;985
976;985;981
982;986;977
980;977;986
982;978;987
986;982;987
985;988;981
978;981;988
988;987;978
1110;1111;1108
1109;1108;1111
1112;1113;1110
1113;1111;1110
983;1107;1114
1109;1111;1115
1109;1115;1107
1114;1107;1115
865;869;874
865;875;864
875;874;876
865;874;875
877;876;874
876;877;878
879;874;869
871;880;869
871;870;880
879;869;880
877;874;881
881;874;879
882;862;860
860;873;882
870;883;880
883;870;866
884;883;866
884;866;861
884;861;885
861;862;885
862;882;885
886;873;872
980;986;989
980;989;979
989;990;979
872;979;990
886;872;990
873;887;882
886;887;873
1116;1117;1112
1113;1112;1117
1118;1119;1116
1119;1117;1116
1114;991;983
984;983;991
984;991;985
992;985;991
992;988;985
986;987;993
986;993;989
992;994;988
988;994;987
987;994;993
1115;1111;1120
1113;1117;1121
1113;1121;1111
1120;1111;1121
1120;1122;1115
1115;1122;1114
1114;1122;991
1123;1124;1125
1125;1126;1118
1124;1126;1125
1119;1118;1126
888;880;883
879;889;881
879;880;889
880;888;889
878;890;891
877;890;878
877;881;890
891;892;893
892;891;890
894;890;881
894;881;889
893;895;896
892;895;893
892;890;897
892;897;895
897;890;894
898;885;882
898;882;887
888;883;899
884;899;883
884;885;899
900;899;885
900;885;898
886;990;995
886;995;887
996;898;887
887;995;996
993;997;989
989;997;990
997;998;990
995;990;998
1127;1128;1129
1130;1131;1132
1132;1133;1123
1131;1133;1132
1124;1123;1133
1121;1117;1134
1119;1126;1135
1119;1135;1117
1134;1117;1135
1122;999;991
992;991;999
992;999;994
1000;994;999
1000;1001;994
1001;993;994
993;1001;997
1134;1136;1121
1120;1121;1136
1120;1136;1122
1136;1137;1122
1137;999;1122
1124;1133;1138
1124;1138;1126
1135;1126;1139
1139;1126;1138
1128;1140;1130
1127;1140;1128
1131;1130;1140
901;902;896
901;896;895
902;903;904
901;903;902
888;905;889
888;899;905
894;906;897
894;889;906
889;905;906
907;895;897
907;897;906
901;895;908
901;908;903
908;895;907
909;904;903
909;910;904
1002;1003;1004
900;898;1005
898;996;1005
899;911;905
900;911;899
900;1005;911
910;1006;1007
909;1006;910
1007;1008;1009
1008;1007;1006
1009;1010;1004
1008;1010;1009
1002;1004;1010
1011;996;995
995;998;1011
1012;905;911
1013;1005;996
996;1011;1013
1001;1014;997
998;997;1014
1014;1015;998
1015;1011;998
1141;1142;1143
1143;1144;1129
1142;1144;1143
1127;1129;1144
1127;1144;1145
1127;1145;1140
1131;1140;1146
1131;1146;1133
1138;1133;1147
1147;1133;1146
1139;1148;1135
1134;1135;1148
1134;1148;1136
1137;1016;999
1000;999;1016
1000;1016;1017
1000;1017;1001
1001;1017;1014
1148;1149;1136
1137;1136;1149
1137;1149;1016
1147;1150;1138
1138;1150;1139
1139;1150;1148
1151;1148;1150
1151;1149;1148
1152;1146;1140
1152;1140;1145
1153;1154;1289
1154;1155;1141
1153;1155;1154
1142;1141;1155
1152;1156;1146
1146;1156;1147
1147;1156;1150
909;903;912
909;912;1006
1018;1006;912
912;903;913
913;903;908
914;906;905
914;905;1012
907;915;908
907;906;915
908;915;913
914;915;906
1019;1020;1021
1003;1022;1021
1002;1022;1003
1019;1021;1022
1002;1010;1023
1002;1023;1022
911;1024;1012
911;1005;1024
1005;1013;1024
914;1025;915
914;1012;1025
913;1026;912
913;915;1026
1018;912;1026
915;1025;1026
1008;1006;1027
1008;1027;1010
1027;1006;1018
1023;1010;1028
1028;1010;1027
1029;1013;1011
1011;1015;1029
1030;1029;1015
1031;1025;1012
1031;1012;1024
1018;1032;1027
1018;1026;1032
1028;1027;1032
1028;1033;1023
1028;1032;1033
1013;1034;1024
1013;1029;1034
1017;1035;1014
1015;1014;1035
1030;1015;1035
1145;1157;1152
1152;1157;1156
1142;1155;1158
1142;1158;1144
1159;1145;1144
1159;1144;1158
1159;1157;1145
1016;1149;1160
1160;1017;1016
1160;1036;1017
1036;1035;1017
1151;1161;1149
1161;1160;1149
1156;1162;1150
1151;1150;1162
1151;1162;1161
1289;1290;1291
1153;1289;1291
1290;1292;1293
1291;1290;1293
1294;1292;1295
1294;1293;1292
1153;1291;1163
1153;1163;1155
1158;1155;1164
1163;1164;1155
1157;1165;1156
1162;1156;1165
1166;1165;1157
1295;1296;1297
1294;1295;1297
1036;1167;1035
1019;1037;1020
1020;1037;1038
1019;1022;1039
1019;1039;1037
1039;1022;1040
1040;1022;1023
1040;1023;1033
1031;1024;1041
1041;1024;1034
1042;1032;1026
1042;1026;1025
1042;1025;1043
1031;1043;1025
1031;1041;1043
1038;1044;1045
1044;1038;1037
1045;1046;1047
1044;1046;1045
1048;1034;1029
1030;1048;1029
1167;1049;1035
1030;1035;1049
1030;1049;1048
1034;1050;1041
1050;1034;1048
1032;1051;1033
1042;1051;1032
1042;1043;1051
1052;1051;1043
1052;1043;1041
1044;1037;1053
1044;1053;1046
1054;1053;1037
1054;1037;1039
1040;1055;1039
1040;1033;1055
1054;1039;1055
1033;1056;1055
1056;1033;1051
1158;1164;1168
1159;1158;1168
1159;1168;1157
1166;1157;1168
1161;1169;1160
1036;1160;1169
1036;1169;1167
1165;1170;1162
1162;1170;1161
1161;1170;1169
1293;1298;1291
1291;1298;1163
1294;1297;1299
1294;1299;1293
1293;1299;1298
1298;1171;1163
1163;1171;1164
1172;1168;1164
1172;1164;1171
1166;1173;1165
1165;1173;1170
1172;1174;1168
1166;1168;1174
1166;1174;1173
1175;1167;1169
1300;1301;1302
1296;1301;1303
1300;1303;1301
1297;1296;1303
1303;1304;1297
1297;1304;1299
1305;1306;1302
1300;1302;1306
1307;1306;1305
1307;1305;1308
1309;1310;1308
1307;1308;1310
1311;1312;1309
1312;1310;1309
1175;1176;1167
1176;1049;1167
1052;1041;1057
1057;1041;1050
1058;1046;1053
1047;1059;1060
1059;1047;1046
1059;1046;1061
1061;1046;1058
1060;1062;1063
1059;1062;1060
1059;1061;1062
1064;1065;1063
1064;1063;1062
1048;1066;1050
1048;1049;1066
1176;1177;1049
1066;1049;1177
1067;1057;1050
1067;1050;1066
1056;1051;1068
1052;1068;1051
1052;1057;1068
1054;1069;1053
1054;1055;1069
1058;1053;1069
1055;1070;1069
1056;1070;1055
1056;1068;1070
1071;1068;1057
1071;1057;1067
1064;1072;1065
1173;1178;1170
1170;1178;1169
1175;1169;1178
1298;1299;1179
1171;1298;1179
1313;1299;1304
1313;1179;1299
1172;1171;1180
1172;1180;1174
1171;1179;1180
1174;1181;1173
1174;1180;1181
1173;1181;1178
1175;1178;1182
1175;1182;1176
1300;1306;1314
1300;1314;1303
1304;1303;1314
1304;1314;1315
1313;1304;1315
1316;1317;1311
1312;1311;1317
1307;1310;1318
1307;1318;1306
1319;1314;1306
1319;1306;1318
1320;1316;1321
1320;1317;1316
1312;1317;1322
1312;1322;1310
1323;1318;1310
1323;1310;1322
1324;1325;1321
1320;1321;1325
1326;1327;1324
1327;1325;1324
1182;1183;1176
1183;1177;1176
1184;1177;1183
1073;1062;1061
1058;1074;1061
1058;1069;1074
1073;1061;1074
1065;1072;1075
1076;1075;1072
1076;1077;1075
1064;1062;1078
1064;1078;1072
1073;1078;1062
1079;1077;1080
1076;1080;1077
1079;1081;1082
1081;1079;1080
1076;1072;1083
1076;1083;1080
1084;1083;1072
1084;1072;1078
1067;1066;1185
1177;1185;1066
1184;1185;1177
1085;1071;1067
1085;1067;1185
1186;1185;1184
1070;1068;1086
1086;1068;1071
1074;1069;1087
1070;1087;1069
1087;1070;1086
1088;1086;1071
1085;1088;1071
1181;1187;1178
1187;1182;1178
1313;1188;1179
1313;1315;1188
1179;1188;1180
1180;1188;1189
1181;1180;1189
1181;1189;1187
1187;1190;1182
1183;1182;1190
1190;1191;1183
1183;1191;1184
1315;1328;1188
1319;1329;1314
1315;1314;1329
1328;1315;1329
1320;1325;1330
1320;1330;1317
1322;1317;1331
1331;1317;1330
1323;1332;1318
1319;1318;1332
1319;1332;1329
1333;1334;1326
1327;1326;1334
1327;1334;1335
1327;1335;1325
1330;1325;1336
1336;1325;1335
1331;1337;1322
1322;1337;1323
1323;1337;1332
1479;1338;1339
1339;1340;1333
1340;1339;1338
1340;1334;1333
1192;1184;1191
1186;1184;1192
1078;1073;1089
1073;1074;1089
1084;1078;1089
1089;1074;1090
1090;1074;1087
1080;1091;1081
1080;1083;1091
1092;1082;1093
1093;1082;1081
1094;1092;1093
1095;1093;1081
1095;1081;1091
1094;1096;1092
1094;1193;1096
1091;1083;1097
1084;1098;1083
1084;1089;1098
1098;1097;1083
1186;1192;1194
1085;1195;1088
1085;1185;1195
1186;1194;1195
1186;1195;1185
1090;1087;1099
1087;1086;1099
1086;1088;1099
1196;1099;1088
1196;1088;1195
1189;1197;1187
1190;1187;1197
1328;1198;1188
1189;1188;1198
1189;1198;1197
1192;1191;1199
1190;1197;1200
1191;1190;1200
1200;1199;1191
1328;1329;1341
1328;1341;1198
1332;1337;1342
1332;1342;1329
1342;1341;1329
1340;1338;1343
1340;1343;1334
1335;1334;1344
1344;1334;1343
1336;1345;1330
1330;1345;1331
1331;1345;1337
1344;1346;1335
1336;1335;1346
1336;1346;1345
1345;1347;1337
1342;1337;1347
1480;1481;1479
1481;1338;1479
1482;1483;1484
1484;1485;1480
1483;1485;1484
1481;1480;1485
1343;1338;1348
1481;1485;1349
1481;1349;1338
1348;1338;1349
1486;1487;1482
1483;1482;1487
1488;1489;1486
1489;1487;1486
1490;1491;1488
1489;1488;1491
1492;1491;1490
1493;1492;1490
1192;1199;1201
1194;1192;1201
1202;1201;1199
1098;1089;1100
1090;1100;1089
1090;1099;1100
1101;1097;1098
1101;1098;1100
1095;1091;1102
1102;1091;1097
1094;1093;1203
1094;1203;1193
1095;1203;1093
1095;1102;1203
1204;1203;1102
1101;1205;1097
1204;1102;1205
1102;1097;1205
1206;1204;1205
1203;1207;1193
1207;1203;1204
1204;1206;1207
1096;1193;1208
1209;1193;1207
1210;1208;1193
1210;1193;1209
1208;1210;1211
1196;1195;1212
1194;1212;1195
1194;1201;1212
1100;1099;1213
1196;1213;1099
1196;1212;1213
1214;1213;1212
1197;1198;1215
1215;1200;1197
1350;1198;1341
1350;1215;1198
1202;1199;1216
1200;1215;1217
1200;1217;1199
1217;1216;1199
1351;1216;1217
1347;1352;1342
1342;1352;1341
1350;1341;1352
1348;1353;1343
1343;1353;1344
1344;1353;1346
1346;1354;1345
1347;1345;1354
1355;1347;1354
1355;1352;1347
1356;1346;1353
1356;1354;1346
1483;1487;1494
1483;1494;1485
1349;1485;1495
1495;1485;1494
1495;1357;1349
1348;1349;1357
1348;1357;1353
1494;1487;1496
1489;1491;1497
1489;1497;1487
1496;1487;1497
1498;1499;1500
1492;1501;1491
1497;1491;1502
1502;1491;1501
1500;1503;1493
1499;1503;1500
1492;1493;1503
1492;1503;1501
1202;1216;1218
1214;1212;1219
1201;1219;1212
1202;1219;1201
1202;1218;1219
1101;1220;1205
1101;1100;1220
1220;1100;1213
1213;1214;1220
1206;1205;1221
1205;1220;1221
1207;1222;1209
1206;1222;1207
1206;1221;1222
1211;1223;1224
1210;1223;1211
1210;1209;1223
1225;1223;1209
1225;1209;1222
1226;1224;1223
1226;1223;1227
1227;1223;1225
1226;1227;1228
1229;1228;1227
1224;1226;1230
1230;1228;1231
1226;1228;1230
1232;1214;1219
1225;1233;1227
1225;1222;1233
1229;1227;1233
1234;1220;1214
1234;1214;1232
1221;1220;1235
1235;1220;1234
1222;1236;1233
1236;1222;1221
1221;1235;1236
1350;1358;1215
1350;1352;1358
1215;1358;1217
1351;1217;1358
1351;1359;1216
1216;1359;1218
1351;1358;1360
1351;1360;1359
1355;1361;1352
1361;1358;1352
1361;1360;1358
1357;1362;1353
1356;1353;1362
1356;1362;1363
1356;1363;1354
1355;1354;1363
1355;1363;1361
1496;1504;1494
1495;1494;1504
1495;1504;1357
1504;1364;1357
1364;1362;1357
1502;1505;1497
1497;1505;1496
1496;1505;1504
1506;1507;1508
1508;1509;1498
1507;1509;1508
1499;1498;1509
1499;1509;1510
1499;1510;1503
1501;1503;1511
1511;1503;1510
1511;1512;1501
1501;1512;1502
1502;1512;1505
1513;1514;1515
1515;1516;1506
1514;1516;1515
1507;1506;1516
1237;1218;1359
1365;1237;1359
1232;1219;1238
1218;1237;1238
1218;1238;1219
1234;1239;1235
1234;1232;1239
1232;1238;1239
1240;1241;1242
1243;1242;1241
1244;1240;1231
1244;1231;1228
1244;1241;1240
1244;1228;1245
1244;1245;1241
1245;1228;1229
1243;1241;1246
1229;1247;1245
1229;1233;1247
1246;1241;1248
1248;1241;1245
1248;1245;1247
1249;1247;1233
1249;1233;1236
1236;1235;1250
1249;1236;1250
1235;1239;1250
1243;1246;1251
1243;1252;1242
1243;1251;1252
1252;1251;1253
1254;1253;1251
1254;1255;1253
1254;1251;1256
1255;1257;1258
1254;1257;1255
1254;1256;1257
1259;1258;1257
1517;1505;1512
1505;1518;1504
1517;1518;1505
1364;1504;1518
1366;1361;1363
1361;1366;1360
1366;1367;1360
1368;1360;1367
1368;1359;1360
1368;1365;1359
1367;1366;1369
1364;1518;1370
1364;1370;1362
1371;1363;1362
1371;1362;1370
1371;1366;1363
1371;1370;1369
1371;1369;1366
1507;1516;1519
1507;1519;1509
1510;1509;1520
1520;1509;1519
1520;1521;1510
1511;1510;1521
1511;1521;1512
1521;1522;1512
1517;1512;1522
1523;1524;1525
1525;1526;1513
1524;1526;1525
1514;1513;1526
1514;1526;1527
1514;1527;1516
1528;1519;1516
1528;1516;1527
1660;1529;1523
1524;1523;1529
1368;1367;1372
1365;1368;1372
1260;1238;1237
1260;1237;1373
1365;1373;1237
1365;1372;1373
1239;1261;1250
1239;1238;1261
1260;1261;1238
1262;1250;1261
1249;1263;1247
1249;1250;1263
1263;1250;1262
1248;1264;1246
1248;1247;1264
1247;1263;1264
1256;1251;1265
1265;1251;1246
1246;1264;1265
1266;1262;1261
1261;1260;1266
1265;1267;1256
1265;1264;1267
1258;1259;1268
1269;1257;1256
1269;1256;1267
1259;1270;1268
1268;1270;1271
1272;1271;1270
1272;1273;1271
1273;1274;1275
1272;1274;1273
1275;1276;1277
1276;1275;1274
1269;1267;1278
1272;1270;1279
1272;1279;1274
1259;1257;1280
1259;1280;1270
1280;1257;1269
1269;1278;1280
1279;1270;1281
1281;1270;1280
1281;1280;1278
1367;1369;1374
1367;1374;1372
1517;1522;1530
1517;1530;1518
1370;1518;1375
1530;1375;1518
1375;1369;1370
1376;1369;1375
1376;1374;1369
1661;1662;1660
1662;1529;1660
1528;1531;1519
1519;1531;1520
1520;1531;1521
1663;1664;1661
1662;1661;1664
1665;1666;1663
1666;1664;1663
1530;1522;1532
1531;1533;1521
1522;1521;1533
1533;1532;1522
1524;1529;1534
1524;1534;1526
1527;1526;1535
1535;1526;1534
1535;1536;1527
1527;1536;1528
1528;1536;1531
1662;1664;1537
1662;1537;1529
1534;1529;1538
1538;1529;1537
1377;1372;1374
1377;1378;1372
1378;1373;1372
1379;1266;1260
1379;1260;1373
1380;1379;1373
1380;1373;1378
1266;1379;1381
1382;1381;1379
1380;1382;1379
1380;1383;1382
1380;1378;1383
1267;1282;1278
1262;1266;1283
1381;1283;1266
1264;1284;1267
1284;1264;1263
1282;1267;1284
1263;1262;1284
1284;1283;1282
1283;1284;1262
1276;1274;1285
1276;1384;1277
1276;1285;1384
1385;1282;1283
1283;1381;1385
1286;1278;1282
1282;1385;1286
1386;1385;1381
1381;1382;1386
1277;1384;1387
1388;1387;1384
1388;1389;1387
1281;1287;1279
1281;1278;1287
1278;1286;1287
1285;1274;1288
1288;1274;1279
1288;1390;1285
1288;1279;1287
1288;1287;1390
1391;1384;1285
1285;1390;1391
1667;1668;1665
1666;1665;1668
1376;1392;1374
1393;1374;1392
1377;1374;1393
1532;1539;1530
1375;1530;1539
1376;1375;1539
1376;1539;1392
1531;1536;1540
1533;1531;1540
1540;1541;1533
1532;1533;1541
1532;1541;1542
1542;1539;1532
1537;1664;1669
1666;1668;1670
1666;1670;1664
1669;1664;1670
1538;1543;1534
1534;1543;1535
1535;1543;1536
1543;1544;1536
1544;1540;1536
1669;1545;1537
1538;1537;1545
1538;1545;1543
1383;1378;1394
1377;1394;1378
1377;1393;1394
1395;1394;1393
1396;1394;1395
1383;1394;1397
1396;1397;1394
1382;1398;1386
1397;1398;1383
1382;1383;1398
1287;1399;1390
1399;1287;1286
1399;1286;1400
1400;1286;1385
1385;1386;1400
1388;1384;1401
1401;1384;1391
1389;1402;1403
1388;1402;1389
1388;1401;1402
1404;1402;1401
1405;1403;1402
1405;1406;1403
1391;1407;1401
1391;1390;1407
1404;1401;1407
1400;1386;1408
1386;1398;1408
1390;1409;1407
1399;1409;1390
1399;1400;1409
1400;1408;1409
1671;1672;1667
1672;1668;1667
1673;1674;1675
1675;1676;1671
1674;1676;1675
1672;1671;1676
1672;1676;1677
1672;1677;1668
1670;1668;1678
1678;1668;1677
1679;1680;1673
1674;1673;1680
1681;1682;1679
1682;1680;1679
1683;1684;1685
1542;1546;1539
1546;1392;1539
1547;1546;1542
1546;1410;1392
1393;1392;1410
1395;1393;1410
1395;1410;1411
1395;1411;1396
1544;1548;1540
1540;1548;1541
1548;1549;1541
1542;1541;1549
1547;1542;1549
1678;1686;1670
1670;1686;1669
1669;1686;1545
1545;1550;1543
1544;1543;1550
1544;1550;1548
1551;1545;1686
1551;1550;1545
1396;1412;1397
1411;1412;1396
1412;1413;1397
1414;1408;1398
1398;1397;1414
1413;1414;1397
1414;1413;1415
1409;1408;1416
1408;1414;1416
1415;1416;1414
1417;1407;1409
1417;1409;1416
1405;1402;1418
1404;1418;1402
1404;1419;1418
1404;1407;1419
1417;1419;1407
1406;1420;1421
1405;1420;1406
1405;1418;1420
1422;1421;1420
1422;1423;1421
1674;1680;1687
1674;1687;1676
1677;1676;1688
1688;1676;1687
1688;1689;1677
1677;1689;1678
1678;1689;1686
1687;1680;1690
1685;1691;1681
1684;1691;1685
1682;1681;1691
1682;1691;1692
1682;1692;1680
1690;1680;1692
1684;1693;1691
1694;1695;1683
1684;1683;1695
1684;1695;1693
1696;1694;1697
1696;1695;1694
1547;1549;1552
1547;1552;1553
1547;1553;1546
1553;1410;1546
1411;1410;1424
1411;1424;1412
1410;1553;1424
1698;1699;1700
1699;1701;1697
1698;1701;1699
1696;1697;1701
1554;1548;1550
1554;1555;1548
1549;1548;1555
1549;1555;1552
1551;1556;1550
1554;1550;1556
1689;1702;1686
1551;1686;1702
1551;1702;1556
1552;1555;1557
1412;1425;1413
1412;1424;1425
1426;1415;1427
1427;1415;1413
1413;1425;1427
1428;1420;1418
1428;1418;1419
1428;1419;1429
1430;1431;1432
1433;1429;1434
1429;1419;1435
1429;1435;1434
1417;1435;1419
1417;1416;1435
1435;1436;1434
1426;1436;1415
1436;1416;1415
1435;1416;1436
1433;1434;1437
1438;1439;1437
1440;1430;1432
1432;1439;1440
1440;1439;1441
1442;1441;1443
1443;1441;1438
1438;1441;1439
1442;1444;1441
1440;1445;1430
1445;1441;1444
1440;1441;1445
1442;1446;1444
1422;1420;1447
1428;1447;1420
1428;1429;1447
1433;1447;1429
1439;1432;1448
1448;1437;1439
1433;1448;1447
1433;1437;1448
1431;1423;1449
1422;1449;1423
1432;1431;1449
1422;1447;1449
1449;1448;1432
1448;1449;1447
1434;1450;1437
1434;1436;1450
1451;1450;1436
1451;1436;1426
1446;1452;1453
1442;1452;1446
1442;1443;1452
1453;1454;1455
1454;1453;1452
1456;1452;1443
1454;1452;1457
1456;1457;1452
1438;1458;1443
1438;1437;1458
1443;1458;1456
1437;1450;1458
1698;1700;1703
1700;1836;1703
1690;1704;1687
1688;1687;1704
1688;1704;1689
1704;1705;1689
1705;1702;1689
1690;1692;1706
1690;1706;1704
1692;1691;1707
1707;1691;1693
1707;1706;1692
1708;1693;1695
1708;1709;1693
1693;1709;1707
1707;1709;1706
1696;1701;1710
1696;1710;1695
1708;1695;1710
1837;1838;1839
1838;1840;1836
1837;1840;1838
1703;1836;1840
1552;1558;1553
1552;1557;1558
1553;1558;1424
1559;1425;1424
1559;1424;1558
1703;1711;1698
1698;1711;1701
1712;1710;1701
1712;1701;1711
1425;1560;1427
1560;1425;1559
1557;1561;1558
1559;1558;1561
1562;1560;1559
1562;1559;1561
1554;1556;1563
1554;1563;1555
1555;1563;1557
1556;1702;1564
1564;1563;1556
1705;1713;1702
1713;1564;1702
1557;1563;1565
1561;1557;1565
1451;1426;1459
1426;1427;1566
1459;1426;1566
1560;1566;1427
1455;1460;1461
1454;1460;1455
1454;1457;1460
1462;1461;1460
1456;1463;1457
1456;1458;1463
1462;1464;1461
1463;1458;1465
1465;1458;1450
1465;1450;1466
1451;1466;1450
1451;1459;1466
1467;1460;1457
1457;1463;1467
1462;1468;1464
1469;1464;1468
1470;1469;1468
1462;1460;1471
1462;1471;1468
1467;1471;1460
1472;1463;1465
1467;1473;1471
1467;1463;1473
1472;1473;1463
1468;1474;1470
1468;1471;1474
1470;1474;1567
1471;1473;1475
1474;1471;1475
1568;1567;1474
1568;1474;1475
1569;1570;1571
1569;1571;1572
1476;1470;1567
1476;1567;1572
1477;1572;1571
1476;1572;1477
1478;1469;1470
1476;1477;1478
1476;1478;1470
1841;1842;1843
1843;1844;1839
1842;1844;1843
1837;1839;1844
1845;1846;1841
1842;1841;1846
1847;1848;1845
1848;1846;1845
1840;1714;1703
1711;1703;1714
1849;1850;1847
1848;1847;1850
1706;1715;1704
1705;1704;1715
1705;1715;1713
1716;1706;1709
1716;1715;1706
1717;1716;1709
1712;1718;1710
1710;1718;1708
1708;1718;1709
1717;1709;1718
1837;1844;1851
1837;1851;1840
1840;1851;1714
1711;1714;1719
1712;1711;1719
1712;1719;1718
1720;1714;1851
1720;1719;1714
1560;1573;1566
1562;1573;1560
1561;1565;1574
1562;1561;1574
1562;1574;1573
1717;1721;1716
1716;1721;1715
1563;1564;1575
1575;1565;1563
1713;1576;1564
1576;1575;1564
1713;1715;1722
1721;1722;1715
1722;1576;1713
1575;1577;1565
1577;1574;1565
1578;1574;1577
1459;1579;1466
1459;1566;1579
1579;1566;1580
1580;1566;1573
1472;1465;1581
1466;1581;1465
1466;1579;1581
1567;1582;1572
1567;1568;1582
1475;1473;1583
1473;1472;1583
1472;1581;1583
1568;1584;1582
1475;1583;1584
1568;1475;1584
1569;1572;1585
1585;1572;1582
1569;1586;1570
1569;1585;1586
1587;1586;1585
1570;1586;1588
1582;1589;1585
1582;1584;1589
1587;1585;1589
1852;1853;1849
1853;1850;1849
1854;1855;1852
1853;1852;1855
1856;1857;1854
1857;1855;1854
1858;1851;1844
1842;1846;1859
1842;1859;1844
1858;1844;1859
1859;1846;1860
1848;1850;1861
1848;1861;1846
1860;1846;1861
1853;1855;1862
1853;1862;1850
1863;1861;1850
1863;1850;1862
1717;1718;1723
1717;1723;1721
1723;1724;1721
1719;1725;1718
1723;1718;1725
1723;1725;1724
1858;1726;1851
1720;1851;1726
1864;1865;1866
1866;1867;1856
1865;1867;1866
1857;1856;1867
1868;1869;1870
1870;1871;1864
1869;1871;1870
1865;1864;1871
2013;1872;1868
1869;1868;1872
2014;2013;2015
2014;1872;2013
2016;2017;2018
2017;2019;2015
2016;2019;2017
2014;2015;2019
1720;1726;1727
1720;1727;1719
1725;1719;1727
1573;1590;1580
1573;1574;1590
1578;1590;1574
1724;1728;1721
1722;1721;1728
1729;1728;1724
1576;1591;1575
1591;1577;1575
1722;1730;1576
1728;1730;1722
1730;1591;1576
1577;1591;1592
1578;1577;1592
1578;1592;1593
1578;1593;1590
1579;1594;1581
1579;1580;1594
1595;1594;1580
1595;1580;1590
1583;1581;1596
1594;1596;1581
1584;1597;1589
1584;1583;1597
1583;1596;1597
1598;1599;1588
1598;1588;1586
1598;1600;1599
1598;1586;1601
1598;1601;1600
1587;1601;1586
1597;1596;1602
1603;1589;1597
1603;1597;1602
1587;1604;1601
1587;1589;1604
1603;1604;1589
1605;1606;1607
1599;1600;1608
1605;1607;1608
1605;1608;1600
1607;1606;1609
1609;1610;1611
1610;1609;1606
1862;1855;1873
1857;1867;1874
1857;1874;1855
1873;1855;1874
1860;1875;1859
1859;1875;1858
1858;1875;1726
1863;1876;1861
1860;1861;1876
1860;1876;1875
1873;1877;1862
1863;1862;1877
1863;1877;1876
2020;2021;2022
2023;2022;2021
1725;1727;1731
1724;1725;1731
1724;1731;1729
1726;1875;1732
1726;1732;1727
1733;1729;1731
1865;1871;1878
1865;1878;1867
1874;1867;1879
1879;1867;1878
1869;1872;1880
1869;1880;1871
1878;1871;1881
1881;1871;1880
2024;2021;2020
2024;2020;2025
1882;1880;1872
2014;2019;2026
2014;2026;1872
1882;1872;2026
2018;2027;2028
2016;2018;2028
2027;2023;2029
2021;2029;2023
2028;2027;2029
2016;2028;2030
2016;2030;2019
2031;2026;2019
2031;2019;2030
1732;1734;1727
1734;1731;1727
1595;1590;1612
1593;1612;1590
1602;1596;1613
1596;1594;1613
1595;1613;1594
1595;1612;1613
1729;1735;1728
1733;1735;1729
1728;1735;1730
1730;1736;1591
1736;1730;1735
1592;1591;1736
1737;1731;1734
1737;1733;1731
1612;1593;1614
1592;1736;1738
1593;1592;1738
1738;1614;1593
1602;1613;1615
1605;1600;1616
1605;1616;1606
1617;1616;1600
1617;1600;1601
1601;1604;1617
1603;1618;1604
1603;1602;1618
1602;1615;1618
1610;1606;1619
1617;1620;1616
1617;1604;1620
1620;1604;1618
1621;1619;1606
1621;1606;1616
1621;1616;1620
1610;1622;1611
1610;1619;1622
1623;1622;1619
1624;1625;1626
1611;1622;1627
1627;1624;1626
1624;1627;1622
1624;1622;1628
1624;1628;1625
1628;1622;1623
1626;1625;1629
1630;1629;1625
1630;1631;1629
1630;1632;1631
1631;1632;1633
1634;1633;1632
1633;1634;1635
1882;1883;1880
1881;1880;1883
1879;1884;1874
1873;1874;1884
1873;1884;1877
1885;1875;1876
1885;1732;1875
1876;1877;1886
1885;1876;1886
1877;1884;1887
1886;1877;1887
2024;2032;2021
2029;2021;2032
2033;2034;2035
1885;1886;1739
1885;1739;1732
1732;1739;1734
1630;1625;1636
1630;1636;1632
1733;1737;1740
1733;1740;1735
1734;1739;1741
1737;1734;1741
1737;1741;1740
1887;1888;1886
1886;1888;1739
1881;1889;1878
1881;1883;1889
1879;1878;1889
1879;1889;1884
2036;2037;2025
2024;2025;2037
2024;2037;2032
2038;2039;2036
2039;2037;2036
2026;2031;1890
1882;2026;1890
1882;1890;1883
2029;2040;2028
2030;2028;2040
2040;2029;2032
2030;2040;2041
2031;2030;2041
2031;2041;1890
2041;2042;1890
2039;2043;2037
1883;1890;1891
1615;1613;1637
1613;1612;1637
1614;1637;1612
1740;1742;1735
1735;1742;1736
1738;1736;1742
1742;1740;1743
1638;1637;1614
1638;1614;1744
1743;1744;1742
1614;1738;1744
1742;1744;1738
1638;1639;1637
1640;1615;1637
1640;1637;1639
1618;1615;1641
1640;1641;1615
1642;1620;1618
1642;1618;1641
1621;1643;1619
1621;1620;1643
1623;1619;1643
1642;1643;1620
1642;1644;1643
1642;1641;1644
1623;1645;1628
1623;1643;1645
1643;1644;1645
1634;1632;1646
1646;1632;1647
1647;1632;1636
1636;1625;1648
1648;1625;1628
1648;1628;1645
1635;1649;1650
1634;1649;1635
1634;1646;1649
1651;1652;1650
1651;1650;1649
1651;1745;1652
1889;1883;1892
1891;1892;1883
1884;1889;1893
1892;1893;1889
1893;1887;1884
1892;1891;1894
1895;1893;1892
1894;1895;1892
1893;1896;1887
1895;1896;1893
1888;1887;1896
2034;2044;2038
2033;2044;2034
2039;2038;2044
2039;2044;2043
2033;2035;2045
2033;2045;2046
2033;2046;2044
2047;2045;2035
2048;2045;2047
2049;2048;2047
2040;2032;2050
2041;2040;2050
2041;2050;2042
2051;2032;2037
2051;2037;2043
2051;2050;2032
2042;2050;2052
2043;2044;2053
2053;2044;2046
2046;2045;2054
1888;1746;1739
1746;1741;1739
1648;1653;1636
1648;1645;1653
1647;1636;1653
1654;1649;1646
1651;1649;1655
1651;1655;1745
1655;1649;1654
1647;1656;1646
1647;1653;1656
1654;1646;1656
1741;1746;1747
1741;1747;1740
1747;1743;1740
1748;1639;1638
1638;1744;1748
1896;1897;1888
1888;1897;1746
1897;1749;1746
1747;1746;1749
1898;1891;1890
2042;2052;1898
2042;1898;1890
2053;2055;2043
2051;2043;2055
2051;2055;2050
2055;2052;2050
2054;2056;2046
2053;2046;2056
2053;2056;2055
2056;1899;2055
2052;2055;1899
1891;1898;1900
1894;1891;1900
1899;1901;2052
1898;2052;1901
1901;1900;1898
1894;1900;1902
1894;1902;1895
1895;1902;1896
1896;1902;1897
1900;1901;1903
1900;1903;1902
1644;1641;1657
1641;1640;1657
1640;1639;1657
1747;1749;1750
1743;1747;1750
1751;1743;1750
1751;1744;1743
1752;1657;1639
1639;1748;1752
1753;1748;1744
1751;1753;1744
1645;1658;1653
1658;1645;1644
1658;1644;1657
1652;1745;1754
1755;1756;1754
1755;1754;1745
1755;1745;1757
1757;1745;1758
1758;1745;1655
1756;1759;1760
1755;1759;1756
1755;1757;1759
1761;1762;1760
1761;1760;1759
1763;1759;1757
2048;2049;2057
2048;2057;2058
2048;2058;2045
2054;2045;2058
2059;2058;2057
2059;2057;2060
2061;2060;2057
2062;2057;2049
2061;2057;2062
2063;2061;2062
2059;2064;2058
2054;2058;2064
2054;2064;2056
2065;2066;2067
2068;2069;2070
1653;1659;1656
1658;1659;1653
1658;1657;1659
1654;1764;1655
1654;1656;1764
1655;1764;1758
1764;1656;1765
1765;1656;1659
1758;1766;1757
1758;1764;1766
1763;1757;1766
1767;1766;1764
1767;1764;1765
1768;1752;1748
1753;1768;1748
1753;1769;1768
1751;1750;1769
1753;1751;1769
1897;1904;1749
1897;1902;1904
1749;1904;1770
1770;1750;1749
2064;2071;2056
2071;1899;2056
2071;1905;1899
1901;1899;1905
1901;1905;1903
1903;1906;1902
1906;1904;1902
1903;1905;1907
1906;1903;1907
1659;1771;1765
1659;1657;1771
1752;1771;1657
1772;1750;1770
1772;1769;1750
1773;1771;1752
1773;1752;1768
1767;1765;1774
1765;1771;1774
1761;1775;1762
1763;1766;1776
1761;1759;1777
1761;1777;1775
1763;1777;1759
1763;1776;1777
1778;1775;1777
1777;1776;1778
1762;1775;1779
1780;1779;1775
1780;1781;1779
2072;2073;2068
2069;2068;2073
2074;2073;2072
2074;2072;2075
2069;2073;2076
2077;2078;2060
2060;2078;2059
2059;2078;2064
2078;1908;2064
2071;2064;1908
2071;1908;1905
2079;1908;2078
2079;1909;1908
2077;2080;2078
2079;2078;2080
2070;2081;2067
2069;2081;2070
2065;2067;2081
2069;2076;2081
2082;2081;2076
2066;2083;2063
2065;2083;2066
2061;2063;2083
2061;2083;2060
2077;2060;2083
2065;2081;2084
2065;2084;2083
2084;2081;2082
2082;2080;2084
2077;2083;2084
2077;2084;2080
2076;2073;2085
1766;1782;1776
1767;1782;1766
1767;1774;1782
1772;1770;1783
1773;1768;1784
1768;1769;1784
1772;1783;1784
1772;1784;1769
1783;1785;1784
1906;1907;1910
1906;1910;1904
1911;1904;1910
1911;1770;1904
1786;1783;1770
1911;1786;1770
1912;1910;1907
1905;1908;1913
1909;1913;1908
1913;1907;1905
1912;1907;1913
1911;1910;1914
1786;1911;1914
1787;1785;1783
1786;1787;1783
1786;1914;1787
1909;1915;1913
1912;1913;1915
2079;2080;1916
2079;1916;1909
2086;2087;2088
1774;1771;1788
1773;1788;1771
1773;1784;1788
1785;1788;1784
1780;1775;1789
1778;1789;1775
1778;1790;1789
1778;1776;1790
1776;1791;1790
1791;1776;1782
1782;1792;1791
1782;1774;1792
1774;1788;1792
1780;1793;1781
1780;1789;1793
1794;1781;1793
1795;1796;1794
1795;1794;1793
1797;1798;1796
1797;1796;1795
1797;1799;1798
1797;1795;1800
1797;1800;1799
1798;1799;1801
1802;1801;1799
1801;1802;1803
1802;1804;1803
1803;1804;1805
1806;1805;1804
1805;1806;1807
1806;1808;1807
1807;1808;1809
1810;1809;1808
1809;1810;1811
1793;1812;1795
1793;1789;1812
1800;1795;1812
1813;1800;1812
2074;2089;2073
2085;2073;2089
2075;2090;2091
2074;2075;2091
2074;2091;2089
2092;2093;2090
2091;2090;2093
2085;2094;2076
2082;2076;2094
2082;2094;2080
2080;2094;1916
1916;1917;1909
1915;1909;1917
2085;2089;2095
2085;2095;2094
2096;2097;2098
2094;2095;1918
1918;1916;2094
1918;1917;1916
1919;1917;1918
1814;1792;1815
1815;1792;1788
1815;1788;1785
1912;1915;1920
1912;1920;1910
1920;1914;1910
1816;1785;1787
1814;1815;1817
1815;1785;1817
1816;1817;1785
1920;1921;1914
1921;1922;1914
1816;1787;1922
1787;1914;1922
1923;1817;1816
1816;1922;1923
1924;1923;1922
1925;1915;1917
1925;1920;1915
1925;1921;1920
1919;1926;1917
1925;1917;1926
1925;1926;1921
2099;2086;2100
2088;2100;2086
2101;2102;2099
2100;2101;2099
2103;2100;2088
2104;2105;2106
2107;2105;2104
2107;2108;2105
1810;1808;1818
1927;1928;1929
1930;1931;1932
1930;1932;1933
1934;1927;1929
1934;1935;1927
1932;1936;1933
1935;1937;1936
1934;1937;1935
1933;1936;1937
1938;1939;1928
1939;1929;1928
1789;1790;1819
1812;1789;1819
1812;1819;1813
1790;1820;1819
1791;1820;1790
1791;1792;1820
1814;1820;1792
1806;1804;1821
1806;1821;1808
1822;1820;1814
1814;1817;1822
1823;1822;1817
1823;1817;1923
1823;1824;1822
1818;1940;1941
1825;1818;1808
1825;1808;1821
1825;1940;1818
1802;1799;1826
1802;1826;1804
1821;1804;1827
1827;1804;1826
1828;1819;1820
1813;1819;1828
1827;1826;1829
1826;1799;1830
1800;1830;1799
1830;1829;1826
1813;1830;1800
1830;1828;1829
1813;1828;1830
1811;1831;1832
1810;1831;1811
1810;1818;1831
1941;1831;1818
1942;1943;1832
1942;1832;1831
1944;1921;1926
1921;1944;1922
1924;1922;1944
2109;2110;2098
2111;2110;2109
2096;2098;2110
2112;2113;2114
2115;2092;2116
2115;2093;2092
2097;2117;2112
2096;2117;2097
2113;2112;2117
2114;2118;2116
2113;2118;2114
2115;2116;2118
2093;2119;2091
2089;2091;2119
2089;2119;2095
2115;2118;2120
2115;2120;2093
2093;2120;2119
1919;1945;1926
1945;1946;1926
1946;1944;1926
2095;2121;1918
1919;2121;1945
1919;1918;2121
2122;2119;2120
2119;2122;2095
2122;2121;2095
1945;1947;1946
2123;2124;2125
2125;2124;2126
2127;2123;2125
2111;2109;2128
2111;2128;2129
2127;2130;2123
2130;2129;2128
2127;2129;2130
2124;2131;2126
2132;2133;2134
2132;2134;2135
2134;2133;2136
2137;2136;2133
2137;2138;2136
2096;2110;2139
2096;2139;2117
2111;2129;2140
2111;2140;2110
2127;2125;2141
2127;2141;2129
2142;2140;2129
2142;2129;2141
1823;1948;1824
1823;1923;1948
1924;1948;1923
1924;1949;1948
1949;1944;1946
1924;1944;1949
1950;1951;1952
1949;1953;1948
2131;2143;2144
2144;2126;2131
2138;2145;2143
2137;2145;2138
2145;2144;2143
2126;2146;2125
2141;2125;2146
2141;2146;2147
2142;2141;2147
2126;2144;2148
2148;2146;2126
2146;2148;2149
2149;2147;2146
2150;2149;2148
2144;2145;2151
2144;2151;2148
2150;2148;2151
2137;2133;2152
2137;2152;2145
2151;2145;2152
1954;1955;1956
2104;2106;2153
2154;2153;2106
2154;2102;2155
2101;2155;2102
2155;2153;2154
2156;2155;2101
2103;2157;2100
2101;2100;2157
2156;2101;2157
2155;2158;2153
2156;2158;2155
2159;2160;2158
2156;2157;2159
2156;2159;2158
2157;2103;2161
2157;2161;2159
2162;2163;2160
2162;2159;2161
2159;2162;2160
2164;2165;2163
2160;2163;2165
1957;2166;2164
2166;2165;2164
1956;2167;1957
1955;2167;1956
2166;1957;2167
2166;2167;2168
2166;2168;2165
2153;2169;2104
2153;2158;2169
2170;2160;2165
2170;2158;2160
2170;2169;2158
2107;2104;2171
2104;2169;2171
2170;2165;2172
2168;2172;2165
2170;2172;2169
2169;2172;2171
2173;2174;2175
2171;2172;2176
2108;2177;2178
2107;2177;2108
2107;2171;2177
2179;2177;2176
2171;2176;2177
2180;2173;2178
2180;2178;2177
2180;2174;2173
2180;2177;2179
2180;2179;2174
2181;2175;2174
2175;2181;2182
2183;2152;2133
2182;2184;2135
2181;2184;2182
2132;2135;2184
2132;2184;2185
2132;2185;2133
2183;2133;2185
2186;2185;2184
1955;1954;1958
1951;1959;1952
1960;1959;1961
1962;1959;1960
1962;1960;1958
1963;1958;1954
1962;1958;1963
1952;1959;1964
1962;1963;1964
1962;1964;1959
1931;1965;1950
1930;1965;1931
1951;1950;1965
1951;1965;1966
1951;1966;1959
1961;1959;1966
1938;1943;1967
1942;1967;1943
1939;1938;1967
1934;1929;1968
1934;1968;1937
1969;1929;1939
1969;1968;1929
1930;1933;1970
1930;1970;1965
1937;1971;1933
1937;1968;1971
1970;1933;1971
1942;1831;1972
1942;1972;1967
1941;1972;1831
1939;1967;1973
1967;1972;1973
1969;1939;1973
1941;1974;1972
1941;1940;1974
1974;1940;1975
1969;1973;1976
1969;1976;1968
1977;1972;1974
1973;1972;1977
1973;1977;1976
1828;1833;1829
1828;1820;1833
1822;1833;1820
1824;1833;1822
1827;1834;1821
1827;1829;1834
1825;1821;1834
1825;1834;1940
1835;1829;1833
1829;1835;1834
1835;1833;1978
1824;1978;1833
1824;1948;1978
1978;1948;1953
1940;1834;1979
1835;1979;1834
1975;1940;1979
1979;1835;1978
1976;1977;1980
1976;1981;1968
1981;1976;1980
1971;1968;1982
1982;1968;1981
1982;1981;1983
1984;1979;1978
1984;1978;1953
1985;1975;1979
1985;1979;1984
1985;1984;1986
1984;1953;1986
1947;1987;1946
1949;1987;1953
1953;1987;1986
1946;1987;1949
1988;1986;1987
1989;1987;1947
1989;1988;1987
2187;2139;2110
2187;2110;2140
2187;2188;2139
1990;1988;1991
1989;1991;1988
2140;2142;2189
2142;2147;2189
2187;2140;2189
2187;2189;2188
2189;1991;2188
2147;2190;2189
2190;1991;2189
2190;1990;1991
2113;2117;2191
2113;2191;2118
2192;2191;2117
2192;2117;2139
2139;2188;2192
2193;2120;2118
2193;2118;2191
2188;1991;2194
1989;2194;1991
1989;1947;2194
2192;2195;2191
2192;2188;2195
2193;2191;2195
2195;2188;2194
1992;1945;2121
1992;1947;1945
1992;2194;1947
2193;2196;2120
2193;2195;2196
2122;2120;2196
2122;2196;2121
2195;2194;2196
1992;2121;2196
1992;2196;2194
1955;1958;1993
1955;1993;2167
1994;1993;1958
1994;1958;1960
2197;2168;2167
2197;2167;1993
2197;2198;2168
2168;2198;2172
2198;2176;2172
1961;1966;1995
2149;2199;2147
2190;2147;2199
2190;2199;1990
2183;2200;2152
2200;2201;2152
2151;2152;2201
2150;2151;2201
2150;2202;2149
2150;2201;2202
2149;2202;2199
2201;2200;2203
2201;2203;2202
2203;1996;2202
2186;2204;2185
2185;2204;2183
2183;2204;2200
2200;2204;2205
2203;2200;2205
2181;2174;2206
2181;2206;2184
2186;2184;2206
1961;1997;1960
1961;1995;1997
1994;1960;1997
1994;2207;1993
1994;1997;2207
1993;2207;2197
2197;2207;2198
2208;2179;2176
2176;2198;2208
2208;2198;2207
2209;2206;2174
2209;2174;2179
2179;2208;2209
2209;2210;2206
2209;2208;2210
2206;2210;2186
2186;2210;2204
2208;2207;2210
2204;2210;2211
2211;2205;2204
2212;2207;1997
2212;2210;2207
2212;2211;2210
1998;1997;1995
1998;2212;1997
2212;1998;2211
1998;1995;1999
1998;1999;2211
2205;2211;1999
2203;2205;2000
1996;2203;2000
1999;2000;2205
2001;1983;2002
2001;2002;1999
2002;2000;1999
1966;1965;2003
1970;2003;1965
1966;2003;1995
1971;2004;1970
1982;2004;1971
1970;2004;2003
1982;1983;2004
2001;2004;1983
2005;1995;2003
2005;2003;2004
2005;1999;1995
2005;2004;2001
2001;1999;2005
1977;1974;2006
1975;2006;1974
2006;1980;1977
2007;2006;1975
1985;2007;1975
2007;1985;1986
1981;1980;2008
1983;1981;2008
2002;1983;2008
2002;2008;2000
2006;2009;1980
2007;2009;2006
1980;2009;2008
2007;1986;2009
2008;2009;2010
2010;2000;2008
1996;2000;2010
2010;2009;2011
1990;2011;1988
2011;1986;1988
2009;1986;2011
2199;2202;2012
1996;2012;2202
2012;1990;2199
1996;2010;2012
2012;2011;1990
2010;2011;2012
% Data (solid.pmGp (N/m^2))
3301053.568110259
1.5632014761503724E7
3969953.675059736
2903393.004594588
2530417.9926870842
2858040.750472503
2438436.9893875853
2092708.3063139461
2234668.0700676306
1978697.2045331646
1764448.4425297603
1790624.8567867056
1542630.984266769
1623316.9200647615
1383707.5520020083
1434863.9387781443
1320568.4205920857
1263549.412388724
1487673.4499848434
1295245.4882637542
1219686.159432288
1169462.2183775462
1129115.8211610813
1093071.9032184302
1244224.8615174321
1125046.046481543
1059911.1767975315
1028153.458937155
998061.4844232987
972965.2263658311
941495.1929343749
924636.324301245
895761.5149013866
882538.1576691706
1056369.498294803
844475.663157906
854705.2157823523
823495.0093541455
810362.2817983972
972383.6870787899
862071.5659103884
905153.3147786396
783794.9845466929
780328.2222036248
754864.0099122633
751398.9260233971
909535.8692667604
815081.3486291813
850234.0731783705
771427.7879221062
746552.4595479443
730147.3614069322
725753.8770799715
722744.0506845078
701590.5567197353
701670.2737026775
679347.5875224157
679661.1159527422
795524.3650571262
751480.0007351625
715485.8500150857
691543.0961743034
678749.254450328
658670.5371628397
655514.1675907815
660843.9998252161
693045.4027067776
639340.8834142834
636032.2430776097
618724.0136549162
621525.0081709694
605096.4510326325
605311.5436517858
671512.0975954005
652258.4689611753
629136.1453020043
589972.588058629
591103.2305581511
579493.7292891747
578081.9008801436
610033.6621952199
615116.3623874907
595807.9438361523
587818.6737728001
566903.4235027657
553491.1186329961
556625.8593270506
562991.0985688695
602080.8284305681
591494.7339927541
570206.8793810137
566215.6426082228
532734.9176655073
539142.1869255021
547423.724156191
534986.0877041243
525593.4936305273
540243.8350412699
539405.6841038483
544378.3983997223
522487.8879619744
538832.4705041625
537111.2500070578
464840.25517106307
512767.497944502
511836.81268355105
521465.56310204807
531707.3240259059
525306.0969960206
514654.868942753
502263.74591584905
510248.6086221398
506723.30513679486
499853.6961609481
498921.5950114668
503833.2335312485
517924.19255481684
517442.0896803336
501899.52093540336
499302.50320133305
479668.8731257627
406972.49068152276
513145.27462242026
519493.559920245
502355.3046870866
509957.6632621866
492448.7420817659
501539.4436765571
496655.1254986054
485208.43846407515
487531.112991307
487446.4091390946
476638.235188959
477121.534724483
423086.6260323899
355734.3266335347
499906.7937461906
487855.2964662326
498823.35132563737
489579.56235748844
492751.4042179493
498381.93604483624
488677.6044547069
498971.23055281886
498457.03594642924
485356.97509335115
478411.6128522119
480870.68817308644
473422.64218932256
462955.06354064663
466712.20551127475
434225.95558992244
374168.0018931416
311046.19113246136
473551.86736729846
476360.6431526567
484799.5729905271
499925.0931786245
474718.87168997986
469944.37350821274
459611.04869973933
455997.21532608505
434672.47232723294
439348.9098571112
387632.0381829392
326780.48239537777
268248.7307031911
489343.5754003776
501427.4951588749
486083.17866154347
503452.9401604936
473769.5550025967
468321.7664858141
452836.2949414659
430567.69189510285
434406.03199545294
399617.24228924944
341013.7537321025
282740.93827605475
491483.2707298993
505614.18821327324
466782.0443761603
488689.08245516644
508189.8616835527
473754.2181522504
496731.17952162464
510891.1218618124
448544.2324994318
492520.91024937306
514234.78571712575
420612.5538922183
399048.86208098085
353549.20023843134
295802.688201738
447127.79563051194
475813.2436660649
467945.8655255379
410176.0116150407
369869.17427835945
226073.48307052566
499953.3693876144
517385.2586345757
237705.26187146644
182489.95676244772
496286.4171508712
520892.33115687495
506296.07835029793
478890.54364319105
469954.27779460174
448722.11783787195
524501.0992064598
527783.6729401452
504183.32219986804
508538.99063719745
531308.2612724811
423095.31479851436
309095.49570712296
190284.6476736538
136674.81758500254
248536.62691472415
486403.6872520231
448758.2104225317
416143.57100150967
480600.15221290133
471025.2569484647
448109.2898470086
462059.5565402075
514436.5032450313
534843.1530066533
520711.96072319
537783.9622070843
495118.4861964889
472426.42877144384
417910.78373681224
375842.3070542231
321537.60489326157
139404.64157572764
86809.67280509656
257846.12463218658
198120.61845560884
387372.4188943557
491173.1356084425
443222.47350297053
427103.79663370183
463143.8097903446
512199.7398652773
541174.197657189
520714.1474081565
543809.9241465329
381631.78315349173
337240.43227270676
269260.17261021974
83306.1822757488
31333.73329920847
143079.5220078938
207924.31074717842
400152.0302001989
514684.8878959717
546335.6854695161
491594.60121001006
471155.8028268973
438282.36506934144
548383.9681303924
517502.0497684075
550439.6600765586
527902.2214793602
524394.9919449184
551622.0196196776
336000.44517855876
284393.28838133416
20926.689798496503
-31445.813949114498
-53338.959681674525
-103962.47971396474
-130869.72227406653
217392.10804665633
82405.94834322711
148313.39063466314
411744.9083340352
364354.248050734
495273.14765376714
482003.9415075709
452484.0232967579
407251.91101760167
482652.1759828905
491817.2687649763
534059.8078275488
553204.386510794
553186.5902585088
520825.73108639865
528648.071714091
552759.6419311248
295692.2533226325
232546.6940238725
12138.77137844779
-66433.47829696623
154242.7295139774
84288.72777849075
175762.03268902237
326742.9757120217
371437.95462367753
453454.96552817494
407514.16475915705
453081.5028491804
468097.09288316977
494881.03926424665
423223.80349134933
501630.2028341024
522840.0976857486
552674.5802309137
486479.56492515083
529226.2559079535
551819.1322081722
518815.44375692215
497655.45619550487
550275.7396919627
525110.5631520081
548367.9054160048
262072.87669969857
9894.275325267075
-73164.58835241977
85294.08281171086
192512.21866939066
131430.8856092749
338060.46147335117
258564.45123690544
494193.9752771755
483583.44156017917
455296.82474633586
514513.1555881986
545920.1475324284
520914.3851405919
390585.6442172914
489501.5414059719
480185.75667889416
451635.36782871914
543056.474630037
509341.8142148095
539787.7549980738
514260.9961037215
536139.7033189704
-954.3141090647483
194706.07271740722
63842.98399053881
129912.43477014617
238320.56124108733
474365.3959007077
315411.72852244275
448136.01092339045
393716.16467376886
445811.5584670765
502525.2519897767
532028.8090874745
506879.9345434782
527567.6279156731
483645.575530178
187639.30771911851
142726.7600472787
258788.7296355275
468718.4456723017
476427.4191219189
493513.8416705346
439740.0816376685
337751.17244614166
382802.155612828
404882.0367554799
522869.2409884758
497533.31010608387
517819.03790058126
484147.9762204453
512548.71242968383
486783.2432646675
507030.2673418931
468366.2279961431
432195.8346391144
318661.2115262418
188087.70990330403
259957.11813149674
461528.94583207864
373344.6686454676
451551.0022288786
426222.5482568506
-1249807.233110782
-3804838.195433855
-1403643.6463846958
-1372640.3500402195
-1256130.7825407733
-1075524.6011512878
-1213085.76836897
-1013640.6727865681
-906081.3283245942
-1084135.229297857
-915285.7715601445
-1186805.9750054213
-1068173.5677828924
-795872.2902886578
-867249.1999226528
-930757.673420251
-818670.5848824051
-715239.6458269249
-922451.7026416362
-877795.701824779
-718602.5570524777
-764693.4015067517
-691617.4662315687
-659804.9786215012
-774719.1866170786
-615066.7099712151
-642734.0482031723
-602353.9303051208
-578819.8460395035
-772509.418086944
-659382.495546644
-567865.173757147
-715383.0644012686
-758549.6808707523
-676762.3500720038
-704837.9254188109
-566369.5389159344
-596792.9052582217
-645940.9668576188
-527314.109092926
-455522.1496415767
-578478.4820138349
-633294.1217625086
-603619.7920652765
-539954.8929942976
-553326.4137535866
-555540.939293441
-415020.3720381472
-356073.66748560313
-540333.5711468417
-465316.91539559286
-269403.2263136658
-316437.2483487477
-185658.78171470133
-215805.69529145563
-509569.0607928525
-517400.2344808139
-491739.8840947413
-487182.92304544215
-364564.20452142274
-453239.9720633991
-411965.72985848784
-263821.70705303916
-152048.29850383312
-456723.9177779133
-449214.5019043472
-424494.7981590675
-404220.520077659
-310225.1741128829
-358155.08935368486
-204132.14549138196
-126320.68383904162
-376000.25145775813
-377188.6051301482
-318576.60584122903
-267610.96922009
-194327.79524072437
-135801.4120488246
-66016.93505424408
-338155.6606774384
-306975.3398408719
-2233.1426476320175
-226196.6675602475
-142166.0111742057
-72630.33165853623
-230353.45732771597
71670.2971273641
121703.55704803542
-261632.43876030564
-12669.646129513865
-164214.29179461917
-84154.9970598619
-189368.94431075302
51688.38941685376
203807.31528743263
126169.33692108608
370021.4613979824
472626.31149528216
501355.46325546276
476713.6801458436
495391.6140616392
466023.14429599507
455691.79803944024
438144.03468481044
415178.9299538088
374679.8168294778
442556.43809934484
-32586.725297327284
-105669.1880740422
-147354.89051353827
313627.446765903
251892.732723352
181288.99101619775
23762.929977342097
109768.26278717327
307845.02035729366
489502.4664979472
439987.01874939585
483168.27382298163
464291.6496789374
464124.3196824502
440573.2237112227
477059.3227173582
401222.82640223874
348769.17765090184
449852.6535161211
470691.7538189231
449587.3977294719
407549.6844941098
-71206.5231326165
245309.46703893013
172520.73746727235
47818.83355183938
-16513.551653970702
285389.43058574107
233198.20548283905
96236.57334958087
464369.51751602656
419979.2616513671
416192.6478829418
436416.08021774737
457973.27879275056
437442.9796421203
451517.19973574625
424391.16372428514
445032.69896660326
354058.25351565564
295200.77868614375
422822.0766983969
387170.01504094363
386798.90528299444
413631.6824852924
408845.21170424885
160082.68242390867
237651.89035886677
342184.07076441817
250121.89608252826
424944.0388085799
438722.0341779874
401990.3473128577
399272.4946558634
412384.631667098
432115.8132155682
412911.6326206034
425777.2865322996
385951.65174949064
292224.72061079333
346801.909470227
377649.502257026
195660.72837945155
291329.51183940744
234547.509361409
419383.6717431126
367493.5826237303
389650.05222564144
325176.7927208893
-548993.5291127766
-523242.64177035075
-532027.1996254794
-509028.27379861136
-501226.8652304485
-494268.1417018967
-481750.9495440251
-483091.2326225203
-464877.64686961664
-459290.239553819
-444855.72484042606
-449830.59600566723
-453365.70623707754
-426132.18778403796
-415521.59983778244
-437166.4303656228
-422788.5770696923
-397663.9604795611
-416707.4930096105
-408238.97554371366
-399886.38065092353
-400626.80103303446
-387799.70234539796
-421613.25576273614
-404771.54845108854
-390937.46872302674
-392170.65597845305
-372185.8821438434
-393666.5427250957
-377041.91257402446
-368218.32572691195
-360489.7008435616
-367729.5685039634
-387165.9408310885
-380824.4513164775
-369254.3374580224
-371966.3000435904
-351889.84476451826
-341759.00677112956
-345033.1480445319
-353730.99089840363
-323206.7049552553
-369149.182870671
-355015.87816867314
-374947.23118828493
-354725.0230919224
-341689.26486810384
-305252.67590471456
-305490.6856272494
-363615.81548051746
-343601.572572158
-344186.64829973766
-314217.6764416952
-322424.5476291418
-277085.97179063456
-331583.20169844566
-326627.18613015057
-304351.4091484225
-231814.47151135796
-317079.4899322218
-320569.68695296306
-306667.59310454695
-272172.79592585406
-217632.13076387555
-296633.054531513
-257295.7469557264
-151399.64841440434
-286871.75679282506
-278615.7439514354
-169475.80394216906
-209558.1659465866
-244578.57845680698
-214245.29033825174
-93497.11483871525
-236372.2723987161
-240496.62829980682
-153211.84155915963
-190476.75914827557
24785.62272072113
-33025.51867760807
71836.49614724504
-80886.33968740421
-189568.58020790806
-134953.09916740304
128991.085137489
5963.939247194623
74684.38634989213
400299.2834699004
399989.09266959876
413078.85258560366
357252.51255735237
329589.9805876309
-65795.20141393636
-129461.3120545885
167587.8604403705
266705.2039727762
216610.76667246348
104518.23415743838
50070.57218603765
-8317.728318710724
138310.1555230713
375896.81031912775
378854.9042495229
389033.5996324351
406666.6824020461
389699.8702861207
400450.8196902627
345720.2460532331
308251.8392122487
297040.0059955265
-134496.45617271157
-69791.2553186557
254966.2515605511
187790.17336952634
64100.73205688408
-1385.626142261207
119018.13842646142
206536.3236777848
365304.8011362102
339033.8685706692
377502.50658843486
388137.3072289231
394230.82418672397
366760.34808669816
381883.3247033514
359534.063988036
368958.47482100496
378140.3628438787
356817.73935732554
262703.9955348398
315948.33331497735
153132.9979526734
55944.54715972382
1029.748462639509
101050.50163896584
152147.88715783833
204728.05009507667
346880.6120176932
346362.95746533334
336690.5321707835
297373.13052569557
247250.3355203546
365562.15296889143
375872.42847471655
369805.3100403182
353197.38628907426
363883.5664784738
342433.254998563
357949.7925416658
341870.42041420744
353942.68377311266
335341.88771149865
331613.2704572031
352142.3662776758
331866.5855596293
346319.71663108806
331006.11981866165
340653.82796682284
163094.62372626193
101065.78863862065
207524.10287342925
315401.0143328903
272938.3749249067
306276.1608095007
322225.8316623444
324806.4347772055
314525.7388712545
297609.4906722232
312590.3320450677
272969.10019811906
278446.72172124486
238816.491738606
183257.40842700136
321379.9995595645
334879.4681000221
320024.19063106674
329398.2875042287
310632.54468231834
323662.32345736446
303627.1159647771
302487.78167034156
258446.03444116152
288335.501674468
232535.1920194667
-358135.0994349555
-352935.97615734005
-333370.33702188014
-347518.7220292249
-333554.6259015772
-342415.84252673725
-322628.9534102827
-311962.1807573418
-323460.10923321266
-337227.0661774523
-301216.44725203543
-297784.6197089277
-332089.37487981905
-312691.9197764685
-327139.3299940094
-313449.9210724863
-317017.4053023578
-303640.0263383901
-321988.7692422706
-302975.5139347462
-312033.59184481826
-293224.1171011068
-287587.5813916124
-268195.7101101713
-291298.81564632605
-307102.318032043
-293822.953529049
-281880.3317798279
-278419.572202795
-302057.6581884928
-283757.2903795843
-272454.2008889317
-268954.9102023452
-259256.577830149
-221820.7960483964
-297212.0387283089
-284202.210013768
-292196.1822202425
-274143.3083825209
-287403.17578302865
-274748.99904394534
-250710.83326350027
-263219.4598145573
-260288.42501039803
-242248.61197162545
-209107.17244086516
-174724.0440574323
-250829.23240581783
-282431.39684948866
-265194.3282850018
-254149.01803044908
-265385.9900065333
-164517.1411380166
-201537.4068791915
-233272.5843424625
-205388.20195299928
-245316.43462945448
-224865.48898677828
-242089.0570585318
-108643.11512483063
-155220.91467284595
-186561.53626241186
-49571.662990667995
-234519.08163655788
-218100.87372840306
-195088.3556888402
-92533.29490872764
-153083.40140855624
-128321.19425409332
-29787.45580876197
-183227.25933478144
-141121.2116330691
38901.88777025335
135801.84974604246
-70818.57431357774
-106048.42045806437
44528.17926278951
-9534.772223697153
-109267.14816747568
-170717.70695131805
-132026.08428793613
88931.89797063131
137472.84704045477
180271.24100739756
309817.60532386356
293714.90912195673
300060.3725604383
318268.60166788433
312683.95239603
292583.3733289249
279489.5073518084
251542.64274142124
-58911.84105391333
1064.463470089763
45663.5302676392
90509.86998265963
-86075.80292573158
131300.14879581667
174215.27835479612
299286.9562895805
284013.43649732694
289919.44460562104
273541.0060778849
282542.0769294804
289038.2740237902
301950.8170445412
307335.88512289914
218320.31604474303
216261.33546872073
270888.02441108885
252510.84045671238
235614.9742188788
-35574.302523989245
55074.34329939028
11323.950246033144
85532.71220391673
296681.98671597877
128796.64387536277
204910.51901856114
170111.00754814968
279836.5225269022
291418.13265178265
279098.3317082346
229878.25763747594
261835.9673976384
274310.76648708497
265071.6934197311
252998.51696835883
264315.2402352846
33409.86615727793
84142.48055763666
270270.74597907613
286298.9831179206
281013.2819388542
268773.62598382414
276033.01236359874
254993.76661118012
245102.58953213316
255622.1049276162
128465.66623547215
224582.37753757977
207866.68216190356
168391.87034457526
51400.99561378181
84145.11620038365
221665.5521818109
235743.8606271231
260474.08535511277
270870.2078875271
258850.8928663196
265942.18492951035
245184.07633529967
250721.6943602021
260992.41748464317
246226.65593863794
126601.29106649559
190485.08465425082
154322.03241289634
249581.21063863867
256029.35163858897
241785.51000846457
251331.07360418813
203607.70220321813
226886.14277544754
236063.49432167906
237059.52619845004
240442.8377147803
246374.32818499915
162091.4156618297
228571.65056492182
227938.5955555806
203159.64642222875
218567.02725177235
-277655.03851546504
-272749.2837873006
-256345.67901139488
-256518.24014239392
-268008.23020682926
-236954.40703529058
-263127.7174649777
-246825.04783364176
-247245.12883349112
-258514.25073138962
-228727.08728701618
-226321.70922550064
-210217.44670718088
-253678.24851946556
-237867.11517412376
-249097.35281735446
-238116.21127702744
-217127.97214654787
-235108.0666734241
-220682.63175855787
-239826.82427246132
-220493.55042228647
-230574.87076490195
-226134.40373884907
-211874.6786140369
-201838.3306066293
-220482.06310396557
-244337.93147101472
-229203.39669339903
-229301.640305795
-211713.7144829006
-209694.30717808325
-194617.3643363079
-204438.616174838
-201940.36876087807
-221600.72990436395
-211879.15090634962
-212804.9234584258
-203436.49605197972
-217137.80927084712
-203445.2502201581
-195304.04542216644
-193172.6026672296
-161010.23410455426
-187303.84772811804
-164173.40410353226
-179815.6188459191
-204044.6214734516
-195072.25177470423
-208362.2182600088
-195128.74415364346
-123671.54670549174
-69794.88835854926
-187436.74410730018
-185336.83758696006
-172315.1765214729
-148550.53123716693
-154097.39545623356
-187062.98679759743
-179453.83989638416
-177695.6951203618
-102407.48492424435
-143593.1915392651
-22231.190809770225
-66922.01049653755
-164629.65695733283
-121900.57835987926
-172029.20994793045
-170337.58702546373
-158092.4466706875
-85111.67352030396
-107453.0110606333
-130802.51733324425
-41655.67509150801
6688.776683423645
-151478.29864705532
-132528.32180855516
-69345.47772892754
-98577.38222307611
44302.94660971186
85592.68004489929
-28328.203194485654
9710.32656097669
-118571.25626920149
-85056.81258020655
-59756.49631722452
222408.57488991707
227659.13489063692
232341.21573734566
128165.72783537861
232596.31906728586
241712.3994836117
231010.0276930024
236911.02305479816
223628.40025239557
52734.16098722489
174987.84356847755
94239.06155094203
-21839.420292323975
21200.688017273314
-91933.69698543737
-52846.42033501815
219449.25420146825
213389.8238319236
218556.37329614503
223143.58358319002
214948.85284838054
211602.59049461235
138208.99357151403
189456.71420188845
210912.26921764194
220230.925474231
210714.2537345045
57980.409914363285
31759.51252092761
161182.93133808946
202935.7626813147
195051.93034325747
95913.67116702959
-9004.053882250382
-41124.420716389606
206636.85123445644
214142.1839910335
203362.1103795074
203038.21760083662
131719.54580798265
188692.8849430476
164952.475321995
204781.23486090885
209723.0312938511
198215.52372183086
205410.79067008998
60128.52599807514
19124.130249078302
92622.91992097814
175091.65160822083
148228.92951111644
195357.73036148012
195488.4182056982
188302.00696920053
174516.59604672628
120973.37669806724
187421.94771370591
196332.0548072878
200975.91145123463
187093.69808717992
189906.11223924093
196758.14761328665
187932.01106000764
192473.6426564129
57958.28319331695
89419.4200525378
147898.09366108704
180702.4282491303
162363.631682207
116922.32714691765
181148.61308996836
179652.76110962618
173529.2681764768
188329.70186770466
179699.31350581825
184156.75882104723
178289.07765541304
180086.53179986108
174081.15796023366
171242.33915077423
176013.49244301254
169033.56970099188
170446.2555971803
93355.23703151847
137598.14558748668
155449.94697096912
110039.33776525514
164665.33257884547
153674.05071378802
164908.23786403117
172028.70163408163
167635.09407900771
165578.00035176362
163939.7977129032
168134.36946993475
154755.33749769628
157870.9406327148
132223.20493666639
140168.23929679673
145678.1810426919
155069.35132014894
-195595.64107148617
-186984.88867268446
-199721.08423294453
-191266.61581933862
-179170.7118988939
-187246.7398879768
-179000.88488635645
-182974.5193623586
-171402.62086107294
-179028.17381233885
-171209.17715509332
-163199.76787641647
-164822.67515867582
-174896.3596922363
-163875.63596815575
-171006.87314154723
-163587.87066715056
-155993.9441964056
-157941.85171547075
-144497.86546622062
-163178.06429138998
-156088.17526240763
-166955.02499760955
-156470.98217061657
-141732.01225651387
-151696.39337057664
-148041.03393612313
-155545.8652719476
-148859.64637359342
-159248.8388324691
-149452.40295757016
-149081.56662740902
-150825.97022181947
-138335.65807294165
-120766.44165335104
-143723.9024670854
-142486.57396385758
-142555.47823917077
-140801.92310588094
-134734.6166734187
-144322.60305073662
-135691.60918159623
-130364.37021293885
-136937.65895747498
-135910.6859313065
-132388.54733663722
-109414.41357463304
-126429.82708043596
-112939.52288538162
-130033.45295093756
-128877.75447741985
-137100.3568055902
-128863.80197616915
-120705.80309428296
-115927.83497944029
-123751.35386730223
-123879.36393612588
-73237.34501867561
-86566.77157491261
-104555.60222672147
-118843.22470741328
-115125.2306459945
-100115.80866725452
-99881.84618333244
-18332.67792762135
-109799.58333459885
-52781.55759982981
-80507.31283422055
-104740.14613353286
-101984.64569528739
-82500.29129863929
-90596.97350128647
-28122.183225956756
-1411.1414686035716
32524.947215332653
-54387.75888896998
-97810.321589441
-86669.59477236713
-68650.41190788771
-22385.908831931243
6613.89256360806
35985.94769674489
64362.761934658476
55639.991483070495
-43023.21913797188
-79506.16123358501
-60119.099693658914
-14859.519160317182
12965.26246869947
38766.65251962595
159138.7398647263
60682.0192272892
81735.4414240363
103463.71748943605
-34519.39501549563
-54391.84413977299
22042.894999701755
-5792.805370124268
52015.49256199409
40059.434902954345
157617.3602790875
149291.40953623428
141448.17917163455
141243.8156940538
149281.50132036736
164143.9478648473
149807.7133816838
157072.17992806507
160330.85404730277
80207.69865939696
110324.52289583844
92925.8885859512
-27639.739987986748
20697.61946203408
-839.699242414208
43089.429632641884
64366.0973390272
122089.93782291636
128668.9385695054
137600.53861742507
151327.34687614636
156512.7771565536
143053.10085818666
149578.1264733952
143129.06929686284
144378.1306487068
136730.37111783813
152786.4644699964
149004.25717401074
82483.25672239007
132922.24838329016
97617.70400040473
110217.30785845016
122538.97513281631
42438.091069347975
63753.065681295506
89216.32278326167
145389.952246887
137503.7763791522
141735.1939021005
135720.9177297691
142557.19855644042
136374.43891077524
129498.47749266215
126987.9132599272
130445.56396497227
120688.8419207927
104707.26606639416
130653.6261144298
138185.63414390534
134636.39403644972
128977.27901058414
131178.43417863292
123326.14793288866
124236.34186489574
127679.13015388395
122191.39033882588
59861.89418307837
80331.34569626303
95808.69347586256
111414.69610006765
120492.37408113701
123970.48421583822
75826.50711347423
114777.43408524132
124345.40026065007
117939.39485094012
117608.83782072038
120986.85450615389
115794.55275779714
117731.30732267459
111334.18013153013
114418.13458756886
109529.23437013039
111262.37596336174
108980.5032712121
110900.9604257213
117107.11100782157
111846.12183855104
100278.07571903913
90017.58291660949
105218.58455844481
104932.18800935737
96647.58604381645
103635.40033132913
105885.14322688748
-133662.81246353293
-130180.69317408791
-124113.3675295177
-126719.17882833346
-119846.12894646701
-118795.45446849134
-123423.36555477678
-120031.01306795329
-113242.72252953738
-112883.58814883344
-108976.87508294087
-108649.57768382989
-116782.77394439008
-113472.5196949209
-109559.26851783173
-102035.46544741308
-110357.43849332987
-102829.89378363514
-102664.3145135153
-107130.37381795114
-104067.91149708281
-97513.81095391508
-100967.01621899028
-96709.48338462165
-96354.66613407801
-97355.90984337614
-87707.8454179137
-97993.1112136665
-91968.66837138696
-94702.34694631147
-92715.83839526703
-91090.59803507729
-95036.15697105687
-89305.548884232
-89113.2334015468
-92145.60917076522
-86342.90995056616
-89231.02212767665
-85422.65904323978
-74185.89009135572
-81063.30137907306
-83857.20801772187
-83728.37903724037
-83575.73029590042
-86468.04483031027
-81000.97402524925
-78528.33920326237
-78296.20969132683
-78326.23282271181
-75838.91107861334
-83654.95060828017
-80058.40421600276
-62529.11001022017
-69277.27855098153
-73428.20876225155
-73371.41231028728
-72806.19118031333
-68367.7210076017
-61106.55139734278
-68399.93964168664
-68521.13120042345
-43274.422086294304
3913.9989877170956
-46746.7951979953
-63640.48366938239
-56395.90377540208
-47958.120974051744
-55955.983353268624
-59243.022867770494
-20904.217079850147
20143.29350719231
-5177.0536037535685
-28767.512128208535
-47638.065255968984
-41053.20452701904
-47800.471192088095
27018.83995516574
-21287.59037795568
-1721.7122808122574
12721.27117300998
-16932.387020936298
-35044.10809146694
-32575.8430945953
19543.08649009815
41345.927757569756
3745.415016178676
-25435.72561593105
-10584.951036604576
21148.266976285995
35054.885819692485
59520.324795260814
47801.83461918424
73234.33780417281
59657.87544234664
44799.892952374474
105251.8676944219
86100.59721020046
72544.05235756155
108120.34606786922
103449.85258840196
104984.82977209748
98020.40289098494
100237.17116893127
569.707500965304
15393.366636599758
31228.359241403316
22870.482295078622
30151.636116148566
43024.697984829065
57650.03758122899
93643.2393818712
84129.44169306861
99036.87444256201
99498.47626047551
101980.11782812676
94502.04430090287
97436.98154627702
98886.06427875506
92416.85794981841
71669.53308192368
84685.70480168278
12676.541806896978
23915.968359629253
32825.22060133659
43736.83298861759
56183.09599967487
55048.09046078439
70851.79740680846
82860.69745034847
93394.8631362607
87266.75526953208
93334.98450498466
95972.15139381541
91591.85094600887
93062.798081556
19772.510366921448
31593.187990522958
51783.27794317255
42479.01396186055
88609.58083333743
82374.73552452937
87385.19856012071
90139.6344417428
85815.73989479172
80946.60085608953
74544.01843141022
76553.55544699747
64510.13586352081
75807.11363693727
76861.68113025709
81185.81603681819
84238.09185750014
80394.4011594373
78441.24171125556
75511.49723539501
81825.74998510795
84581.2404842099
79202.5400408479
86634.19408084864
83081.55065318868
87961.09434903074
66252.22389449878
57285.77020032491
75069.19552450358
76532.41778947161
73048.89572740917
73947.83438677213
71752.03567500625
70484.13245283415
70863.68938923557
50895.569147471324
69869.0620775024
71436.12812091906
68153.25879779427
66461.52291305731
68928.41165005846
61575.04287514708
55838.07329332454
66804.24833050618
65253.245671995006
66477.26854027317
63346.92684836488
64737.3722147126
59906.64808458251
62115.31256730511
61964.191056431235
59455.55567564571
61750.61917812416
61746.17548872341
64128.57517636999
-80973.76903285977
-78252.8987868732
-74981.70746406518
-73034.82310777802
-69986.24591198211
-75641.48511562192
-70953.41100144808
-70540.18638417836
-66095.0196891989
-68031.33117535179
-65187.75244937164
-65568.28031362226
-61501.371409058054
-60566.41060415063
-63215.51705095423
-64255.770712334
-63812.22054019555
-59568.782545430025
-59583.73593226329
-58590.77013017909
-56088.28706176783
-60832.77385085314
-55366.39736897865
-55393.80816585637
-56999.16132075848
-55398.37856823999
-51485.88133792295
-54108.01217273838
-51842.456663855955
-56283.94866598477
-52758.679817997334
-51087.56512707953
-51219.67965631603
-47849.76550435282
-49865.31717491926
-47755.6212726639
-51925.135831218
-48639.423495376555
-41950.83544637135
-41409.7747641511
-47029.39975648327
-47325.82936804643
-44080.66274989273
-37459.68733066178
-45778.26685035933
-43841.981733825334
-47727.84096737575
-44743.309741464866
-43498.811110213595
-43708.30593642709
-40998.1140282147
-30269.661025657104
-40519.691023532614
-25373.09997817421
-32927.19903561859
-39794.42122503475
-40019.91835058516
-37257.23758003527
-36308.05794023954
-36514.87450431578
-14320.27347728959
-29765.91938746083
-22452.867559285776
-12864.562318133218
-34010.0040433493
-29275.365791497257
-30875.732512338065
-1786.8677476471937
-4035.6245610303713
-19492.682021064422
-11001.67834318532
-24348.68589638273
-24014.600316300588
-490.20888233545134
6374.990182265225
-15147.212084286997
-8278.224872973993
-16516.83714063548
2361.040098628579
10228.39344428501
20661.935539201386
30729.56090399933
12384.957506039776
21950.40223467386
-6515.97756810369
-10406.861393279136
5494.578248527174
40703.19070442026
59990.21567995857
58803.029095519065
57081.33903939191
57221.59308755936
59498.25115702898
58808.85711204734
27976.703054895188
17032.181595880644
-87.46196407455123
-4158.492875722732
9149.958757494114
16116.203296944048
45705.48671780867
36122.168938287934
52585.37768662215
56470.91334352953
54225.73385101153
54910.044522758304
55172.938895746825
54422.54358814653
52379.744039999634
55080.1348104798
52035.40934606461
25329.792225144494
4231.237855796091
11834.791886877012
19024.04088050461
41860.72260022662
33481.53714412963
45983.55870291337
49605.58793426876
52752.83654751377
52891.8205008821
50317.8816502287
51090.80791618826
42749.30384756528
47216.882811055526
48238.57547516823
48690.91665250557
46418.97074318571
48767.347094362565
50835.706789619515
46788.471399353984
44875.17421872385
44850.87971632974
27326.209824885533
36150.59918716424
22041.001751646512
36588.60833725983
47197.20389423053
48474.89817592423
42135.30535608251
43537.695976497
44541.82001725206
44719.67755523145
42707.89131555754
41192.02861168214
41218.47370034819
39174.49770371206
41116.036437809555
42972.930577811254
40020.86380002066
39359.861444535425
37790.19248956132
37607.31072654938
35848.73347705172
35951.99306146166
34521.25285846874
34324.78459767945
36765.89307299261
29042.780249985208
23525.618707419453
27168.67985400958
32495.77939906462
36659.38481668832
40175.58896436894
41206.41037773213
37354.08171760251
38086.75386160815
33624.51967968588
34756.62956285699
37937.177397720596
32811.426433486304
32757.187035859853
31462.43408736024
31228.072402781847
35059.05462726171
31726.846754700924
30700.137317695862
32001.203836177632
31048.569030495193
34858.58197944383
30721.168163359485
-43775.180360863415
-41846.58524324626
-40111.25527759207
-40011.3602047107
-37441.53965329382
-38129.642995932496
-36610.6349568231
-36396.49774521753
-34071.424393757094
-33371.92842159616
-33122.36784245883
-34606.32448782787
-33172.90185445214
-31269.664314630936
-30084.42104568901
-32953.164240108024
-30845.744892631094
-30047.343645040295
-30299.930048957514
-29711.24901415741
-27846.904210945653
-28124.391233706643
-27040.856735188176
-25139.545448063174
-24220.671638463416
-26598.827966302564
-28107.47956194073
-27295.502160760672
-27434.694393381105
-25478.76617889431
-24696.670636313873
-24978.58902319654
-24408.695781090224
-21771.24503819257
-23715.83057938275
-22235.864630724896
-21549.366777988336
-22363.7910813506
-19151.72474848649
-20985.519530074052
-19733.654364723454
-19742.66189977472
-19546.942117981136
-17852.685601664183
-23043.6049187202
-19127.24020887772
-20834.67731490332
-22251.04383662965
-19761.100557273563
-18501.10195072116
-19222.246778431985
-17164.328462596535
-17357.362326547
-12932.706219482387
-15385.130635187728
-15658.926481231842
-16092.042643419525
-14730.876297346284
-15860.864382148107
-14202.306812052191
-13207.210861284937
-11071.109786885698
-7193.880597266755
-11884.189943667005
-7488.428542658163
-10836.316330636664
-11211.983168973225
-9818.590817942892
-3714.7921771980286
-3032.369209951481
261.1412790824818
-5348.326685418078
-7803.686589640895
-1029.0795743095814
-4770.648314530242
2421.3499849810937
7263.58234937766
-1595.6334459364002
14584.801245357767
-4150.257152419695
3568.376034648611
-47.12395459256271
9221.526468056485
9558.249363660596
16762.381831430135
29816.99377734389
307.04857381771075
4561.132407819939
21471.76961271411
4290.737449235055
9727.95256600023
13489.200115680802
24938.512695139503
17047.065041846214
29773.182353372064
28573.91671795367
28362.33486969619
27918.917130401718
28912.903401127318
27088.05015906942
27017.296713404725
25898.84155848143
25701.99625050761
26302.686308717686
29242.881675526765
28280.38984755913
26653.81133596698
26598.816551120417
19402.253712926835
14677.443753984582
7833.56629056301
25937.4547316012
12040.775489187541
21675.372552360648
24313.291847030338
24540.843460068827
24451.511098609422
25285.02502168529
23743.763405584246
24460.86148459019
23375.39837334495
23241.153243947887
24019.944649298603
11505.925846402055
16365.184854631234
14553.786072360843
8398.595332653906
10159.874376212536
20462.833513637295
22407.08627386367
22235.08050185277
22296.038135483417
20824.551577427417
22095.254773517823
22113.45099957817
21093.723180632132
21003.40870748824
20270.135373456862
19963.392281486962
19054.61430692416
19868.45112828263
18964.32069356879
18186.582510254488
18002.043832572534
17068.204640315897
17097.004067215865
16275.172814215222
16222.37868360726
15284.136224197824
15393.907776020913
14556.93114054582
14603.76204567038
20932.597720773596
19601.144561019097
17421.245389372365
17482.08127901365
11513.011890518279
14343.782502231525
13959.114862555269
20479.86730328474
18764.919179929602
15716.204077721908
15702.521638220735
13067.771880171334
13294.506787256396
14585.284704690945
17636.978447767662
16383.418621107465
18091.483943452524
16499.013998045324
18287.478800795634
13562.27537637523
13843.755578939481
15658.334939901019
14716.74276422669
14274.411064403615
-18443.504926958896
-15705.533126798313
-17265.158437225287
-16046.92686112748
-16359.885927249277
-13838.20247900146
-13433.849437267272
-14941.96569173875
-14051.591230583803
-12809.450419286202
-12081.50242460745
-11754.990429914726
-11452.185271472064
-10789.279835465988
-10264.830450356341
-13969.982202531171
-9806.93773480034
-9597.047932187597
-8888.134496401875
-8559.823359617181
-7998.069458551647
-7904.784358138355
-12285.81937753755
-12022.707641949115
-10653.397251610566
-10267.974260215511
-8652.445607841362
-9053.353408476589
-6247.981559154483
-6332.593723289414
-7124.907149079315
-6941.952735726661
-4598.56348726383
-4844.625900160055
-5441.903555025161
-5489.407538871919
-4120.451458456074
-7565.072207495376
-7185.149427378451
-9987.545230457637
-8541.830362903396
-7209.1952222865675
-5788.322648927327
-6218.675971801772
-4550.1942537360455
-4979.050931553616
-3915.21264138223
-4033.3932971933345
-6030.121658273355
-7383.301294418125
-5633.643875875251
-4638.437234259888
-2527.6481069446786
-4932.553097287187
-3257.4071972472107
-2938.174603921904
-3408.515162690874
-4003.200735673199
-2287.3623316993935
-2563.206367102495
-2144.9115442502975
437.2586729067729
-2598.3180243397005
-2473.5121918104282
-1677.322054500534
-1942.3795217623872
-809.6106395162975
-392.117031613963
3040.4087433237787
-1400.7191673101604
1155.2272127353704
774.4714964625933
-2217.866887992985
-955.2859405464957
3385.866522573073
5947.950450138112
1540.6063961892921
-179.8474836325341
6210.632597707828
1049.1295148587728
-2342.0692054359783
120.29561842296673
-2135.7811777558177
-394.13953888344486
3474.5398465665835
5000.966652872849
8341.349392355727
11017.870276021966
8505.525706026438
2333.4650481606855
2562.8003941546135
11086.497146228643
11744.78335454694
10722.108893852706
8470.533151957552
8616.888749725795
9217.382062140236
8863.471100621333
10257.917070843247
10453.030029059051
9832.71778019384
9379.816592589175
12419.40837263947
11494.522090477398
13066.097603805649
12831.56440389955
12988.561711917122
13116.065688604785
5824.249218063974
612.910740609116
3545.9966004410903
1183.42528331129
10515.33105869712
6860.921310758012
8013.541006670355
7097.819195130057
7411.731785218769
8186.886599163817
5593.285887638755
4570.508782992695
4979.4496631711
4353.165241933252
4969.176089902278
6223.27508005043
4990.830666324869
5191.463063754264
5815.690546021231
6207.943755504263
6810.267605472306
7580.231837300519
6202.828069891449
12148.129713033937
9319.296453270556
10455.761475291943
7660.420323624473
8279.995558456856
12068.500177287819
10903.723092229178
11285.838760157681
10664.40701058558
9580.545145570277
10275.462838344763
11756.699543888522
11879.064823435963
7986.269099950586
7793.494627015069
7641.641489880302
6277.8935767244875
9490.403155827084
9446.535345305974
6727.987015950101
4131.049138592242
2582.6465449974226
1092.062699560376
670.1805851185395
-802.4783414450675
-1249.476690574109
3660.4740588337877
4078.976249635506
4701.483631148317
1596.8898323034991
3818.850041793805
3203.97273749638
3694.6966309685677
3004.81727347974
5436.173802055125
4782.864232145539
6421.230483271239
6847.925358521811
5466.6461247736825
8997.409624812552
8455.146324811514
5470.127164182258
6298.3237341245485
3483.5237903147886
3398.4392439317357
1263.4979345500049
-3820.777032311428
-3437.0761697489856
-3000.280077035985
-2146.148830421367
-2248.169541878986
-1469.2622660512382
-2846.502148143033
-281.85095388595556
-945.2372521765454
265.1769626062924
-71.59323184371925
-1360.7973644215447
-1126.7884933417618
-3439.73078010207
-701.7913772748178
-1715.854740641007
-1432.0033942533153
-2479.730533924105
-2950.6517660851323
-2023.1269074490353
-3954.423263782325
-3750.895183665149
-4567.3248937559
-2040.8098685706511
-2165.9402240420627
-2941.158226431453
-2699.772868708437
-2267.3316383100473
-2770.7736441255215
-2804.1890619166525
-2858.6622868466707
-3341.7993973487933
-4447.781549991351
-3685.2787774761673
-5252.938363836504
-5121.279524821962
-5930.945073648163
-2608.190576781074
-2560.2236696995033
-2673.8451324950765
-3218.066954340913
-3924.546691218903
-2881.1348256778842
-3233.692504758163
-5404.220963390232
-4480.79481683759
-4570.087275971981
-5162.029674763714
-6073.021397110073
-6499.683414643572
-7036.92545567457
-3600.0997063969185
-6798.655030803615
-7480.347893612998
-7863.264178921025
-8436.320260597791
-7346.035964288463
-8176.580726242481
-2608.8963365910345
-8616.03945037238
-7215.370389124387
-7792.772986894442
-8754.90566020295
-6094.124387479355
-5069.307067985445
-3934.967854487163
-2731.9980904238914
-4204.304056776598
-6752.644736818154
-5467.560252121962
-6210.0910290073025
-5701.350604981174
-5752.475318604699
-338.5075147339803
-0.029449088306222393
587.7146390987706
-6397.936135373042
-8814.41403963103
-7579.94848428788
-8836.72998914213
-7290.0512101938875
-4315.191963928139
-4505.724788096406
-7173.27840884033
-8400.15148907205
-8184.0981619544655
-684.7251135130131
255.1784076983788
-109.00838847471118
-1034.1376875539909
1192.0350198860676
-1088.2522316801417
-2083.6419995487017
-1732.1437981874062
-1564.7515737165947
-2439.016592806062
-7933.849345749374
-6612.166121855992
-6764.554547962669
-8573.413992992884
-7481.492691359163
-8712.47353155078
-7663.954804868779
-8799.4558683902
-6948.36014980217
-7147.238626376547
-6013.821015732261
-5847.765887670753
-2270.9032159124663
-4553.8997144062805
-7011.689328057963
-6657.456363013891
-5752.403844686231
-5249.620226280533
-6306.147225765696
-7653.140474912329
-6177.9086523791875
-7345.783580964449
-6292.048150024794
-3620.3665815810004
-3622.711764027269
-4727.295685959469
-4334.538355302037
-5123.281787541531
-4413.964848603481
-5521.510871190151
-5683.602547214206
-5339.487986387342
-4908.472008715847
-4701.550377317485
-5906.035276127127
-4766.986145588807
-4464.297746307583
-4126.893886679755
-3177.191985491397
-3747.462109975544
-2532.4993307078425
-2561.408496269044
-3365.9230381822276
-2963.5693438293083
-561.0916372040434
-1383.9266347799532
-281.1942852132823
464.1046375367611
906.924186467651
581.2435487093
1385.7298840767708
1798.6404263178356
1821.2767835653292
2455.8866276974645
3091.497423617567
3725.553271767796
2352.988616003616
3295.7416127925135
3716.0820530664055
2235.9199141508266
63.3470149966026
1089.659111088549
-521.2605382122933
1023.506702215931
-3174.0995453708997
-2228.216676423225
-3553.1896756118063
12.26979419761635
-1528.4933237464381
-2805.300191950839
-1064.4235823219276
-2152.8618768841907
-2870.0763832000493
-3943.7088427119647
-2136.863002092009
-2906.4384293926264
-2315.4921660256264
-1495.4608224367041
-5002.422088701542
-3691.346374154469
-3425.976086703939
-1465.558068930733
-6036.011907537156
-5373.642141131137
-5465.512321703498
-1673.8368873113923
-4218.833133669246
-3589.817998216775
2646.7741269381195
1357.26727789479
-914.7093051067282
-1037.1264435742107
-1577.35475079766
-653.3846010403702
501.9615246828742
-484.96107070305635
1245.67847825598
-1639.7506348019197
2266.6984346140835
430.29035286910874
-901.8134945803233
181.97546740265372
1591.9805315565488
2293.8432818142023
