% Model:              K-Totem.mph
% Version:            COMSOL 6.4.0.293
% Date:               Jun 1 2026, 19:49
% Dimension:          2
% Nodes:              2149
% Elements:           3854
% Expressions:        1
% Description:        Pressure
% Length unit:        m
% Coordinates
3.251971647400255;0
3.270747137554955;0
3.2599589956329953;0.015407063382298363
3.232694813778237;0
3.2403184406672976;0.016163518102741165
3.248876681640028;0.031234248021444616
3.2302425788506586;0.03271743197999773
3.2374645315534636;0.047532487420213536
3.2260134930160014;0.0638862652826176
3.2160764067490275;0.04729075463217487
3.221532877486561;0.015710899635803993
3.2128290545190317;0
3.2140724265321423;0.029723080864076764
3.192883408196304;0
3.202856231357668;0.018401389570532785
3.214562453436418;0.08024004463332388
3.2041178520345417;0.06014197827558962
3.1950946880983344;0.03805244409997573
3.1832721965929274;0.01742325170927043
3.1729377602864846;0
3.166120803373453;0.013804316648788865
3.152992112376664;0
3.133046464466844;0
3.1251430873808035;0.01598617564611915
3.1131008165570244;0
3.1833082717055508;0.09723644235759533
3.203111413856834;0.09659382398403168
3.1875710588424306;0.07654293647196068
3.185083207397229;0.055478830519742325
3.147187873950972;0.021106575227144587
3.168615781298266;0.03701440612141051
3.093155168647204;0
3.084587484878944;0.0165890121281999
3.0732095207373837;0
3.1063026736489987;0.02207604514033188
3.1273324432392973;0.03831155967572372
3.162723806414061;0.08784451453594563
3.164482617423644;0.06315104516931784
3.149703875573208;0.044005377330289454
3.044642079065766;0.016286585256371795
3.0333182249177435;0
3.053263872827564;0
3.065517185454859;0.02244674573451203
3.0868777731356496;0.038925858860406906
3.107146125347026;0.04757596796553628
3.1308812644379893;0.0724334754382177
3.0252824407541814;0.022510402929269185
3.0133725770079236;0
3.004338232097305;0.01638794698755751
2.9934269290981037;0
3.047044390067545;0.038290453793435174
3.067303172737598;0.04730601212114481
2.9866453858481368;0.022557295804124834
2.973481281188284;0
3.0893728948239967;0.07164021914451874
3.1070145301266585;0.1030732900655643
3.006814829425053;0.0391474908241131
2.9648988886346914;0.016742541430186376
2.953535633278464;0
2.9465111683285374;0.022356677007055938
2.9335899853686436;0
2.924950365072346;0.01668359003683547
2.9136443374588232;0
3.027337000676511;0.047041188709435015
3.048886756484196;0.07101141817887545
2.9873767124765673;0.048202939718392256
2.9668836338607543;0.0393036313210048
3.06892392258393;0.10371624240892006
3.0085639971427027;0.0713633134825239
2.905767861048192;0.02226653379028504
2.8936986895490038;0
2.8851148549005963;0.016675495686088806
2.8737530416391834;0
2.947299525497856;0.04744784283460942
2.9269827546819895;0.03852234861460467
2.853807393729363;0
2.8454352746355003;0.016682034441683237
2.8338617458195436;0
2.8669426882547366;0.022359460724933528
3.028537083475403;0.10416681733732329
2.9687830478164967;0.07161127172042121
2.9921548971855234;0.10485049752187843
2.9078454502311346;0.04733519238500099
2.8874305220968437;0.03875440119775727
2.9289714604304478;0.07074340418305083
2.827261260631719;0.022505605724281976
2.8139160979097233;0
2.8054419454475745;0.016665134338536065
2.793970449999903;0
2.8477046309791874;0.039192719088059186
2.8684724879002474;0.04766398825827702
2.774024802090083;0
2.7655672566740153;0.0168015573131444
2.754079154180263;0
2.7867311445723786;0.022558042911067187
2.949818637085472;0.10188901618168565
2.8908645906483463;0.07059979149883351
2.9160335262494783;0.09763543497982494
2.828718860675132;0.04849533827975648
2.8078979829968054;0.03959363444489098
2.8512607857616774;0.07145870736147276
2.7341335062704433;0
2.7255204243111026;0.01683852385800937
2.714187858360623;0
2.7460829816341836;0.022724761045028883
2.788686167142533;0.04874689932532446
2.767977877314919;0.03974696327440676
2.707238382277046;0.022602514841992143
2.6942422104508026;0
2.6855721543715907;0.016813527193308683
2.674296562540983;0
2.6661254241349304;0.022665673574791555
2.654350914631163;0
2.5745683229918823;0
2.5660065523314586;0.016645309049365474
2.554622675082063;0
2.605558470758065;0.016513924187955775
2.5945139709017027;0
2.614459618811523;0
2.811535378081989;0.07234995691965634
2.8342875728290022;0.10423986311087091
2.7278806613505497;0.03953720729071747
2.748276652511831;0.048356736676716576
2.770866335601247;0.07286062531360955
2.6456537376844995;0.01675976359067291
2.6344052667213425;0
2.626225122235952;0.022584392791198008
2.708235151672879;0.048191479522911695
2.6878611669630303;0.039587946680156694
2.6480349073268488;0.03866373754626314
2.668426167997972;0.04797035246023488
2.375111843893682;0
2.365329463833276;0.020103650783698176
2.3551661959838626;0
2.343681198546449;0.016402276197680397
2.5864901384756025;0.02258604935192588
2.6078828820959967;0.0383855099175692
2.3950574918035024;0
2.386786208588149;0.021504444969777537
2.405077051960076;0.016400783444588347
2.4150031397133223;0
2.4453042868374375;0.016721623882154497
2.4349487876231426;0
2.454894435532963;0
2.5467753465769034;0.022162948444939524
2.5346770271722425;0
2.526219192278184;0.016455985099892618
2.5147313792624226;0
2.4947857313526023;0
2.486161707738981;0.016630129667365465
2.4748400834427824;0
2.50706481111993;0.02227621668806046
2.4668270553695844;0.02286188081329173
2.5678572569275246;0.038120341869444276
2.3321962011090367;0.03280455239535925
2.3548145398314606;0.03644050477623621
2.3207112036716233;0.04920682859303888
2.3407554055476734;0.051947044264245616
2.3264713109000588;0.0640171830086022
2.309226206234211;0.06560910479071838
2.7304963832378144;0.07217799820521976
2.752980616236788;0.107928051851329
2.6902182407283526;0.07226807038471457
2.628806583505428;0.04760406298951203
2.6501874978579854;0.0710625831137669
2.4258920693022747;0.023091407740909505
2.37789204869158;0.03942261830502169
2.3061577162061098;0.09796959480416735
2.286256211359385;0.09841365718607713
2.297741208796798;0.08201138098839801
2.587988219642255;0.04730855651106088
2.6107173007506606;0.07147707361228223
2.403844920124915;0.04180530188323412
2.4473262224171943;0.039548942799771024
2.4273379528899834;0.04886605065250284
2.548969351543352;0.048259687244251795
2.5283833177037485;0.039179542704845194
2.4882186161913533;0.039710782474598534
2.508874517970876;0.04802032191118046
2.4684798146881364;0.0485331267128246
2.570373173976534;0.07071041889021164
2.364292065348521;0.059380384205857735
2.3209433164515625;0.08552873214868421
2.3481404349395985;0.07574328324948226
2.6695041227578384;0.10647564330876859
2.387695712980986;0.05801490109488401
2.5900520577937947;0.1079859586993
2.4131339011794952;0.07148630043707764
2.450641964371914;0.07240358838223433
2.5311818110719204;0.07154936944287665
2.4911667609038695;0.07277448016024855
2.5554941043540853;0.10208014832152851
2.3782265889692757;0.09144325508789854
2.3448640122855093;0.09743474578105622
2.471458328584396;0.10649388915915028
3.1916603742772507;0.11294760333473873
3.1802093346976683;0.129301382685445
3.1695273396720527;0.10929346850578138
3.1607377655148388;0.12729988841821943
3.1687582951180855;0.14565516203615128
3.1416727097700834;0.11017137280475015
3.1573072555385013;0.16200894138685934
3.1427458287933745;0.14024751308241726
3.13720655210605;0.1615326045261795
3.145856215958919;0.17836272073756537
3.119312717294818;0.1281817478129305
3.1165869232086374;0.14959819051507425
3.1344051763793352;0.19471650008827243
3.1207802613914803;0.1759482162578839
3.1159361786399904;0.1971452289856289
3.122954136799752;0.2110702794389797
3.1115030972201683;0.22742405878968677
3.1025825598123906;0.20882097357333887
3.1000520576405854;0.24377783814039278
3.087621088048849;0.223537746019507
3.081262507639726;0.2419845711973154
3.0886010180610013;0.26013161749110086
3.088189043375112;0.1350887628016821
3.099259226960852;0.16362637375089228
3.095529838682978;0.18718969970947727
3.076101691828569;0.20356287610160084
3.0771499784814185;0.2764853968418077
3.0627436424198757;0.25587125897756624
3.059531898183591;0.22504012360579334
3.0472497947514086;0.1383551595768172
3.06426055230873;0.1700648463090124
3.050361835849984;0.20230310109915223
3.011059363950216;0.12977752122010838
3.0656989389018348;0.2928391761925149
3.056733177285093;0.27607354917637045
3.054247899322252;0.30919295554322096
3.0400532717492776;0.2898484654036365
3.0351718110008425;0.30866820746213625
3.0427968597426682;0.32554673489392855
3.0375404386711997;0.2652949103095812
3.039600585338592;0.2429795286882078
3.026360865670084;0.21970385039346416
3.013404584017648;0.1766120455893116
2.9731537117271163;0.14215546824863698
3.012323797418833;0.34162884674433586
3.0313458201630854;0.3419005142446353
3.0183365171415524;0.277470409391077
3.0168617475268986;0.32295389687112247
3.014507911411729;0.29818054622385665
3.00812261537117;0.24953751526092377
2.992099801972581;0.21585331366620425
2.9238498615291544;0.13661634489450245
2.9537508177310716;0.18257608744711987
2.8796217350762703;0.1143562745693097
2.991285650418213;0.3306636065882013
2.9867806220060964;0.2818714470494674
2.9956574168157566;0.3095841913188549
2.9717020719601805;0.3419508351966832
2.957431376663223;0.2404871199696489
2.8954836182522614;0.16919008416542838
2.913543452216354;0.21229195332177797
2.841923056603936;0.14975113041937166
2.9628204361525863;0.31386535554214606
2.9448779087183734;0.28016205390040344
2.8991665880272164;0.2544788632323377
2.798454116120201;0.11917474485593264
2.2747712139219716;0.11481593338375765
2.283479552327402;0.13139550562892785
2.263286216484559;0.1312182095814365
2.84992137616884;0.20970013990825115
2.806202035787539;0.1680582584882403
2.911200316996399;0.30712841131187335
2.8600777420675656;0.2751836176013456
2.9004981841292765;0.34374851256753053
2.7587382242846363;0.15394420156232638
2.2997966818660793;0.11808893377576796
2.251801219047146;0.14762048577911613
2.2604814583560016;0.16419466401779062
2.240316221609733;0.16402276197679588
2.7135394226599496;0.12112328154991865
2.631600463811931;0.11683252579640085
2.326887470003761;0.10998762826198315
2.322316696337457;0.13100644985261375
2.2766178279268017;0.1510018035738886
2.3021243292652223;0.14222027289662506
2.815467631830761;0.2486810198309883
2.7846245613507246;0.20932606100375037
2.7805684545295715;0.2541836812640782
2.858279075331645;0.3194574492779825
2.80406553504109;0.2875270137901795
2.722295110921596;0.18496842652302076
2.2288312241723203;0.1804250381744749
2.2374501601717376;0.19696455767153911
2.2173462267349073;0.19682731437215503
2.254081436219915;0.18345817730681047
2.2311802969171373;0.21618605320675124
2.2058612292974944;0.2132295905698344
2.2980242417761922;0.16341316541591744
2.2801262257840573;0.17560371484935455
2.666758956934661;0.1589210741053499
2.6109859331459795;0.1546861395367562
2.355493114742556;0.12685833842445074
2.331200311148531;0.15883279308302303
2.5615249272702907;0.14439342425687382
2.3887034854663494;0.13621290050429974
2.4267832964797327;0.1162549039573812
2.5159744243692916;0.11923449513285082
2.7428423426215067;0.24324516513911504
2.764976230634178;0.27732389904893195
2.81011958541;0.34153130707354484
2.7696400169856474;0.311695801366518
2.684417483002582;0.23373262319541002
2.1943762318600815;0.22963186676751415
2.208255486658159;0.24890399265934265
2.182891234422669;0.24603414296519313
2.2146170953419424;0.2296958871503813
2.2575881359500096;0.20847438862648837
2.2336126428331204;0.24048573105568757
2.253318347636285;0.2289880825229679
2.1916720380657067;0.2625693984242876
2.171406236985255;0.2624364191628735
2.2756912693168534;0.19630166875414434
2.3069347232832236;0.19194705203014037
2.6268721208770924;0.2139433066554751
2.579684476188268;0.1976256519976415
2.3716913052684467;0.16547626622133788
2.3428806181042523;0.19003669435460877
2.5275177286533137;0.17739845772138946
2.4180030476801964;0.16877015563266662
2.4696787536352236;0.15887285606180512
2.72067320291646;0.2947707449765851
2.6457310181601095;0.2844952996411819
2.1852907384380815;0.2819506837988223
2.159921239547843;0.2788386953605523
2.210731338552478;0.27347572595951136
2.22940999762002;0.2619722259309314
2.284861179773203;0.22516086869749774
2.262064498839255;0.2575275667344838
2.168707088563307;0.2954242151303516
2.1484362421104297;0.29524097155823226
2.1369512446730172;0.3116432477559117
2.1457766185275537;0.3282789094815358
2.1254662472356043;0.32804552395359104
2.1621085966808717;0.31473802167749904
2.3337166871747117;0.22925927837649637
2.5862649879037782;0.2537400982167498
2.5431383454633627;0.22555137857910734
2.3853519748968446;0.21605710269972905
2.496008315194234;0.22820626514265913
2.4417516265556114;0.22030040344678517
2.585273245898751;0.30424538224062697
2.1882197401244845;0.30637885588964814
2.2070321357881975;0.29435147070301854
2.2386135412552606;0.28973566899160336
2.3102503426987266;0.26347214079435083
2.2790351234580224;0.294484017677579
2.1139812497981914;0.3444478001512704
2.1657600662419187;0.33977846689490543
2.1843266257443315;0.3275343756677153
2.3591070912755923;0.2648513117438964
2.5280638283143104;0.2835920575997441
2.4137294079017093;0.2644917089679592
2.4672398362230337;0.27377237815537486
2.3280204020542015;0.30246902328738245
2.2163705212175513;0.3222176542085493
2.2538345850591335;0.31874501111512427
2.294765672646014;0.3384862810727912
2.3823802264305804;0.3096952488985905
2.4803956551483237;0.3328312081782154
2.4318125182047035;0.3061096650089638
3.019894780583502;0.3582542935953424
2.988804922060516;0.37424008524325125
3.008443741003919;0.37460807294604864
2.996992701424335;0.39096185229675595
2.9945143709504305;0.35513671507718253
2.974090622265169;0.4236694109981695
2.9652501689288617;0.40691210852216353
2.985541661844752;0.407315631647463
2.970780285383338;0.38828710010094325
2.968302112900072;0.3633438207939301
2.9626395826855854;0.44002319034887705
2.9480284258403673;0.4208250832828877
2.9423316599380662;0.4396375503569711
2.951188543106002;0.45637696969958386
2.94481256631682;0.3959150851143664
2.948875300751827;0.37480345405572285
2.939776145444376;0.3464454418671475
2.925427127255077;0.4075004467472988
2.9219104341779873;0.4287097633934638
2.939737503526419;0.47273074905029067
2.9257480436784964;0.45305121931567816
2.928286463946836;0.4890845284009974
2.919473873122168;0.4723552550368077
2.8973227227925107;0.5050926445292947
2.9168354243672523;0.5054383077517047
2.905384384787669;0.5217920871024113
2.9160931762371924;0.3793774998379167
2.902903955847709;0.4402639829452935
2.8939997481397026;0.4119373826509
2.90256225477043;0.4865374073743248
2.8991140061997043;0.46082022200693434
2.8939333452080853;0.5381458664531191
2.879982268128925;0.5190201983279344
2.8776195957729445;0.4941241448920962
2.8806284014180834;0.47245617970730275
2.873869190804688;0.5382509681551418
2.882482305628502;0.5544996458038256
2.862646454537597;0.37101082498245735
2.87129093351882;0.44451009828243837
2.8521470106159534;0.40990236223864546
2.8588713586920638;0.5060912917538064
2.854663767696203;0.527245744337578
2.871031266048919;0.5708534251545324
2.857456782897605;0.5518046423233675
2.85251538930282;0.5704854402858152
2.8595802264693355;0.5872072045052397
2.8491349737361733;0.4770011026672483
2.834259889145209;0.5838874794535592
2.8063494378484113;0.385880772685439
2.81815845856033;0.4400654085763029
2.8264088746045353;0.5107399574707482
2.8357792433882447;0.5389174780885885
2.8320502072964118;0.5597846233581301
2.8107001541319137;0.4809997373144622
2.8091504762265513;0.5922102747177278
2.8136027615434367;0.5713579620283907
2.7464387841030415;0.3548747572846384
2.7653259387746454;0.4159218496820378
2.804478931945617;0.5431805684292998
2.7691635045481293;0.46128297301337556
2.785105272902084;0.505817782136748
2.7810625761666614;0.5752543914590039
2.6820162683562763;0.345689460281679
2.7140316241729487;0.39447678136288283
2.712423760969259;0.4419134060363939
2.7574132731462746;0.534525881046759
2.737374455240899;0.4961874500157374
2.744234830543142;0.5719024894455156
2.618178219211955;0.35135215956600935
2.122792908822739;0.3611164241358584
2.1024962523607784;0.3608500763489498
2.1394068511485838;0.34768008440317205
2.657020273454863;0.4117534638731547
2.675059950384655;0.47811825699464944
2.7026153665297556;0.5389105153934569
2.708258002542696;0.5971850389932594
2.5442116648735014;0.3590576701402051
2.5952647704952003;0.4039596055303199
2.091011254923365;0.37725235254662975
2.099844120304333;0.3939355594445386
2.0795262574859525;0.3936546287443092
2.1163306718932713;0.38054067258393226
2.1429916854498274;0.3726876360929805
2.1617036428811804;0.3607853506968258
2.1942630833531975;0.3557847686816898
2.488059867836439;0.3895888682570495
2.352864957236453;0.35115981367489907
2.6100438605279295;0.4627399223925227
2.6451099710873227;0.5194984467972313
2.6655623647229847;0.568279098780302
2.5410426135273148;0.43876585364498
2.2459536002171183;0.3608010614718274
2.300520523625302;0.3830576211524675
2.0680412600485396;0.41005690494198854
2.0768720347036598;0.42666893510086373
2.0565562626111267;0.4264591811396683
2.0935467242966173;0.41325312964905564
2.120320247172153;0.4052930465681213
2.1391918674944095;0.39358142084347436
2.1713078160575057;0.38904494249468974
2.2136964244146653;0.3900981728488096
2.0450712651737137;0.4428614573373479
2.053906087396041;0.4594536942084344
2.033586267736301;0.4592637335350273
2.0705694120739047;0.44585319501749027
2.4188777201438922;0.360880850821717
2.477179035700579;0.44328860551746985
2.3638195172484298;0.39884736144440547
2.4280157976539316;0.41840483713906057
2.5706192929659153;0.5109660088987812
2.6114943923085394;0.5737492711652898
2.497380192645191;0.5034827050457863
2.0474895566865503;0.4788071197495994
2.0221012702988883;0.4756660097327064
2.2546302825583138;0.41415312971774254
2.3131865552643522;0.4323041632253398
2.097466661533589;0.4380259289632369
2.116167475631698;0.42608756229361355
2.1483087006332604;0.42145486408151384
2.2016855906643498;0.42911496321280007
2.073490864739673;0.47067937479758976
2.0933220755406996;0.4591626896954711
2.0308543607381093;0.49224002429365
2.010616272861475;0.49206828593038654
2.0244881329517805;0.5115112570524969
1.9991312754240624;0.5084705621280657
2.007914231207255;0.5250435139950985
1.987646277986649;0.5248728383257459
2.00128968387831;0.5444561493923671
1.9761612805492363;0.5412751145234252
2.4418968607014624;0.47215279002630334
2.379080135709382;0.45009942568368133
2.538187261243215;0.5723469256480438
2.439380318290772;0.5191196771218405
2.465310011620061;0.5609894792248551
2.0506764938589335;0.5035562297813401
2.069429172176928;0.4921513244966636
2.3903888044332087;0.5018623886617033
2.2556664510555735;0.46032751601033456
2.3221651149353253;0.4843643004513791
2.125773313593206;0.4545172444077862
2.166678945509437;0.45786417947149727
2.207031403301769;0.48281191603978907
2.1024477688342826;0.48746303644544536
2.026683218952188;0.5353092422570617
2.0466171776177657;0.5239878686953875
2.022738576243878;0.5565701603937753
1.9848642232478375;0.5577904852530785
2.0044804955163027;0.5689850270437391
1.9646762831118234;0.5576773907211047
2.4033498393720785;0.5582034729283263
2.0786168614195204;0.5195866719771121
2.0553928603124145;0.5518121422356325
2.3298284306166104;0.5459379957450468
2.2587981932143846;0.5161346822843215
2.153810005791374;0.4984441889310655
2.1986401662502897;0.5253492441603559
2.1180634131767286;0.523633634787649
2.032217811793181;0.5848484584027737
2.000850366369437;0.5897867060148776
1.9786614225353445;0.5769558539198222
1.9531912856744105;0.5740796669187843
1.941706288236998;0.5904819431164633
1.981459349149696;0.6014576947074243
1.9621005909891904;0.590587000573769
2.099864512471015;0.5575388384416715
2.070548885945779;0.5820366129488483
2.2844239412439293;0.5888615713661098
2.2195352758598075;0.5742842616078936
2.1549982202431734;0.5578214348944158
2.8282896856157667;0.6031596414285996
2.8481291868897523;0.6035609838559465
2.836678147310169;0.6199147632066533
2.8056651388029885;0.6359400449673067
2.8252271077305857;0.6362685425573603
2.8137760681510033;0.6526223219080665
2.8115854135935745;0.6168102767001526
2.783594078693536;0.6684022865781774
2.8023250285714196;0.6689761012587735
2.7908739889918364;0.6853298806094805
2.788346892896547;0.6497332321551246
2.7852471745855274;0.6246085787197471
2.7900244756758674;0.6038203018922105
2.779422949412253;0.7016836599601872
2.7655128930213313;0.6822238033607649
2.762371974890203;0.6572620911144026
2.7669728865730816;0.6367047907429663
2.758075068389118;0.6070395609643919
2.7679719098326703;0.7180374393108943
2.759279495552688;0.7014932871941729
2.745069830673503;0.7507449980123087
2.7363174873556693;0.7341423116295606
2.756520870253087;0.734391218661601
2.742770977914797;0.7148304000661246
2.7392511599482514;0.689731848569991
2.744454487985041;0.6696318581065546
2.7363241070347697;0.6401015820198852
2.692971242130328;0.8021972145482177
2.7107167119347535;0.7998063360644291
2.69926567235517;0.8161601154151364
2.7221677515143363;0.7834525567137227
2.713122913221563;0.7674574159948194
2.7336187910939196;0.7670987773630156
2.719468861359745;0.7476027459814298
2.7212464485746146;0.7006852819139697
2.716185212332511;0.7223262944693386
2.7127775646346115;0.672239500646139
2.695240374820019;0.634769964385229
2.656299167652591;0.6065626241124918
2.6803632601767906;0.8142052098172009
2.687814632775587;0.8325138947658428
2.697279114740487;0.7816517942242025
2.674345719236627;0.7930902397232819
2.6653126206600257;0.8285100205536019
2.6584377759382876;0.846920843954719
2.6922582092796676;0.7557501792083181
2.697489321096397;0.7345091561126884
2.688334502050333;0.7039459740251031
2.6627354706214104;0.6593816640111246
2.6229249455708787;0.626493738239611
2.657728896189974;0.8093819359677024
2.6694130291874196;0.7696644620675049
2.655895194842373;0.7890163167680614
2.6375025000683694;0.8292577371611675
2.6647720468095453;0.7376632410004367
2.648066597968128;0.7015548617538274
2.586150580376999;0.6202584750715979
2.602434277623379;0.6703324860878904
2.6308730747730578;0.8020450710641871
2.637674289318603;0.7675831030404384
2.6047386190962647;0.8241770869480651
2.4847515186668065;0.6128256736731555
2.6123839443057904;0.7296637828874214
2.5348850689337747;0.6516478991139195
2.5579302079835067;0.7040700652993607
2.590474960977892;0.781796570841357
2.573710493069087;0.8238091717715026
2.424460261813463;0.6064394871032409
1.9302212907995848;0.606884219314143
1.9394875179489715;0.623120302873832
1.9187362933621719;0.6232864955118228
1.9556382434443043;0.609187403990564
2.465535336511621;0.6616650848530294
2.3993736297130015;0.6546919469250976
2.550881723041837;0.7514997855829488
2.496488921815686;0.7138781076455926
2.5434018201753092;0.8472098702720695
2.5430844770457273;0.800486679944154
2.351608371464805;0.608756994537837
1.9328855288858822;0.6426112482526407
1.907251295924759;0.639688771709502
1.9160045026389396;0.6556913939985162
1.8957662984873465;0.6560910479071815
1.9595544957836122;0.6340206099475648
1.9783626601590039;0.6220387150697518
2.010361626403616;0.6157644427137521
2.055073905752288;0.6186325006267214
1.9097916673828612;0.6751494804588968
1.8842813010499333;0.6724933241048613
1.956707875784985;0.6540240073759896
2.420308538845755;0.7090216817530024
2.3741022248598926;0.6952823507803796
2.3490128297029385;0.6661999857828776
2.49816684821152;0.7785962129185997
2.4376408002104872;0.7616799303283306
2.4962621361847677;0.8345525395489195
2.299959323660513;0.6506995715517073
2.1107764106064075;0.6113420765239377
2.24162849149191;0.6381492332672459
2.1806370722047785;0.6186669834742808
1.8927871370740537;0.6883593816262411
1.8727963036125201;0.688895600302541
1.9355734180031372;0.6657363850788223
1.8613113061751074;0.7052978765002205
1.8698788391372738;0.7215782475927083
1.8498263087376943;0.7217001526979
1.9882784214649913;0.6483754143733492
2.0300998780918484;0.6439539132141155
2.0768746246276653;0.6640029040685184
1.9126677247214467;0.6981574240616235
1.9319231179560634;0.6874781341878988
1.9662253725264267;0.6818116851817616
2.3728044237409196;0.742063400694867
2.323279941128231;0.707732082071138
2.445694812079194;0.8176440590921195
2.375186031746026;0.7990470688640571
2.2500473499745963;0.713052534797919
2.141356142126487;0.6667896156691665
2.195117900159075;0.6710976757844204
1.8868619490748417;0.7082938738405019
1.9078634534415582;0.7182664684262812
1.8383413113002818;0.7381024288955794
1.8474571992225248;0.7539505893430375
1.8268563138628688;0.7545047050932588
1.8876996947595803;0.7299310426343741
1.8638203002135287;0.7400929128406025
2.1079866627546373;0.7041169123134006
2.02028760075524;0.6851480269080733
2.069268964352943;0.7063909918629898
1.9408820109557643;0.7157056538669953
1.9844849828742588;0.71389266055009
2.3084151173379834;0.7666808527652238
2.2391426674919237;0.7745493254616865
2.326605598201239;0.834295406140909
2.168379337157598;0.7353047116805042
1.815371316425456;0.7709069812909386
1.8239097505987387;0.787818595080515
1.803886318988043;0.7873092574886178
1.842198263527153;0.7737641386969965
1.9150743622660185;0.7381186648921891
1.8690268248169482;0.7636244492846763
1.8882959759752027;0.7479504608043079
2.0978581194438153;0.7521431297470939
2.02565836185827;0.7480739613041355
1.9592947861851175;0.7594730345970591
2.2621027804748195;0.8254600080908113
2.1938270674458535;0.812550679498655
2.1281519987304547;0.7968120460678938
1.7924013215506298;0.8037115336862976
1.800998691853829;0.8203064932853871
1.7809163241132167;0.8201138098839775
1.8181537664136367;0.8066218775526846
1.84421875924259;0.7984367819949191
1.8661737009068293;0.7867975162082668
1.769431326675804;0.8365160860816571
1.7942827694113275;0.8397238419085031
1.9041747969561766;0.7797046912015891
1.952458472252859;0.8004313930950058
2.060708587782849;0.7972135414993484
2.0005204904425584;0.7958031660695333
2.096997716181787;0.8418515867130801
1.8207042548294925;0.8314518149595401
1.8407252641192289;0.820157248896217
1.8759596696823044;0.8141953563016519
1.921649112040662;0.8235194319128505
1.9677279588509642;0.8360425699613394
2.030242762839945;0.8404792098387165
1.8500839494899113;0.8472226860855347
1.8899934703225116;0.8465450932314802
2.6763635931960033;0.8488676741165502
2.66491255361642;0.8652214534672568
2.633597664985384;0.8806525785888006
2.6534615140368367;0.8815752328179641
2.6420104744572535;0.8979290121686709
2.6393204194474102;0.8607597570659129
2.612030859283218;0.9136833293199718
2.63055943487767;0.914282791519378
2.619108395298087;0.9306365708700843
2.616673047880395;0.894938039104247
2.613689456176943;0.8691420859899676
2.6166326626476106;0.848233458086346
2.5962063161389204;0.9633441295714988
2.5875121936193097;0.9467194848912899
2.607657355718504;0.9469903502207913
2.593864250352485;0.9275324923759934
2.591403078707769;0.9032068549472255
2.595657470060123;0.8818659523054136
2.5857095429752874;0.8548919544574214
2.573304236979754;0.9960516882729127
2.564529704280395;0.9793056082577505
2.584755276559337;0.9796979089222054
2.570954038885481;0.9600194924438191
2.5677080493506304;0.935073382865644
2.5716406931169264;0.9147338409021987
2.5504021578205873;1.0287592469743263
2.541875070993081;1.0119983030785509
2.5618531974001706;1.0124054676236192
2.547965327805271;0.9925149906181407
2.563063402213147;0.8869683285561741
2.545467645413868;0.9682229977722576
2.5499863348183283;0.9467837188393862
2.541005104311603;0.9185555541234165
2.527500078661421;1.06146680567574
2.518431453817017;1.0445322680924578
2.5389511182410045;1.0451130263250326
2.524372398244636;1.0258992130049378
2.5217545510831094;1.000748670724739
2.5258495024570196;0.9796800159915006
2.515983941397996;0.8767812184977599
2.49667092973816;1.0781839477780117
2.5160490390818375;1.0778205850264466
2.5045979995022547;1.0941743643771535
2.5012136423508258;1.058695585414098
2.4734575245256685;1.1106405230269139
2.493146959922671;1.1105281437278607
2.4788407308098135;1.0919576713045145
2.5168386329850647;0.9511838035170478
2.5006570627015563;0.9157944131547698
2.4986418785022932;1.0337057317945593
2.502221698682044;1.0120205873623045
2.492710581940165;0.9844899413906465
2.459611785282979;0.8844363373917385
2.4750667184025787;1.0684879798956803
2.4772060833644836;1.0452702645438565
2.455257555389035;1.1016988383220652
2.4552778413677987;1.0841858994445073
2.463426122648821;0.945488046134493
2.466862421464643;1.0175821054160226
2.452926620723768;0.9847854098398067
2.3963402665151605;0.8585882277613495
2.408180983515069;0.9127398456248484
2.4368812298773226;1.1139061503914538
2.4398274758462617;1.0536980962264688
2.429648483381962;1.0928971664226483
2.4136539135431576;0.9640210327457257
2.4202810026971124;1.007543136343335
2.392592354060709;1.036881338250422
2.3424959511011707;0.894873824947491
2.289915256153372;0.8735927763472053
2.3505464840001626;0.9439324146848772
1.7779097883366983;0.8526889265976714
1.7579463292383912;0.8529183622793363
2.1542959724826565;0.8526202073777952
2.2256371009667992;0.8825750195160326
2.3872108308629105;1.075623712409991
2.3645456130712352;0.999085228755542
2.3600627534779637;1.0438809608302855
2.282152267390021;0.9300083345799957
2.3161133965406395;0.9832084320206859
2.366327868491847;1.1144939194040688
1.7715678591022335;0.8722168026767259
1.746461331800978;0.869320638477016
1.7551877910904383;0.8857492681232192
1.7349763343635654;0.8857229146746954
2.1177517160302375;0.884437934940605
1.7981319628000807;0.8640177754339756
1.8172346507508603;0.8526061429502501
1.7234913369261526;0.9021251908723749
1.7323151986546672;0.918511744704088
1.7120063394887395;0.9185274670700546
1.7488838672141949;0.9049494407921882
1.793632562683552;0.8848932168979929
1.7755228395456262;0.8971756493871769
1.7260108639652036;0.937784764187629
1.7005213420513265;0.934929743267734
2.1648963817439313;0.9123774977431345
2.215486734222885;0.9372332747805243
2.3287612540153257;1.0831436007719655
2.310675673867472;1.0298720621282655
2.2475156449348384;0.9977239811000974
2.0608587559048277;0.8864118532593113
2.1069001633383286;0.9298181459353717
1.8266442457753025;0.8807584241184896
1.931803630205712;0.8687157341716433
1.9935421393893136;0.8870070832937259
1.7094026653803378;0.9514818792060572
1.6890363446139136;0.9513320194654136
1.751183585679046;0.9291718605981926
1.7712256242308213;0.9179829849289385
1.8030391569922966;0.913967032651194
1.677551347176501;0.967734295663093
1.6864236032557003;0.9843785298225917
1.666066349739088;0.9841365718607727
1.7030852972460984;0.9708890986807818
1.7286255852010957;0.9619636067977266
1.748343630113598;0.9509816092060516
1.654581352301675;1.0005388480584523
1.6634324392524513;1.01719428386353
1.6430963548642619;1.0169411242561321
1.6800869448488802;1.003708132194466
2.165691898751541;0.9811400480701905
2.259226004707534;1.0657074717680302
2.189582858022112;1.040708135256997
2.0883028689571757;0.9810087994003993
2.0423227490635147;0.9312433319641175
1.8803717839841474;0.8885976237881078
1.8421357352795908;0.918383157564041
1.935285915862884;0.9167368992485653
1.987606443622762;0.9392917745941726
1.7799245310065452;0.9466521334857947
1.8277885419236315;0.9571304040790239
1.7056406428845878;0.9950355120693877
1.724067115828334;0.9829420659260412
1.756811099225801;0.9788824065669247
1.631611357426849;1.0333434004538113
1.6403843502811013;1.0498958204816973
1.6201263599894362;1.0497456766514908
1.6568064440584434;1.0362216750701296
1.6823198683860356;1.027955261922902
1.7015473572805058;1.0162023725314455
2.128793516877784;1.0310316140834317
2.1483409880169226;1.0741604494197925
2.1989633108718105;1.0950246465050104
1.634006101235287;1.0690987171774418
1.608641362552023;1.0661479528491706
1.6174485096821503;1.0826538898378621
1.5971563651146103;1.08255022904685
1.6111026760739309;1.1018975399999136
1.5856713676771974;1.0989525052445295
2.0737098361616293;1.0290401242454634
2.022593368590702;0.9951558917058196
1.8850138219587464;0.9514243758375366
1.9531829114703547;0.9801444215400084
1.8497852991717625;1.0002699789856537
1.8026802680182854;0.988209061732602
1.7332638964440752;1.012327620858836
1.7693524069008222;1.0121856086968313
1.6602572609855866;1.0612849212486855
1.6783025109740528;1.0493342501971372
1.710585075303244;1.0452254356224082
2.097903541977029;1.0831803709417431
1.6563223868888133;1.0820483546969346
1.637522122238248;1.0936855568496013
1.6332427238809466;1.114505818528262
2.0339554522855994;1.0624002602227833
1.9731547643690175;1.0446449024698312
1.9102775118019648;1.0216840952790764
1.862064406483388;1.049801919217452
1.8097299420623991;1.043433791316609
1.7544246169258941;1.0495141865544133
1.6874216562902562;1.0778520188335667
1.726162183375245;1.0737855191948935
1.6653810238024596;1.1102919692264155
1.9931297785172617;1.1087414775101485
1.9182266171546585;1.097756335841074
1.840293186949146;1.103097849510476
1.7740868078713514;1.10042878078841
2.4816959203430877;1.1268819230785676
2.4509641421658976;1.1434825262160142
2.4702448807635045;1.1432357024292745
2.458793841183921;1.1595894817799812
2.45629866511232;1.1238286597995644
2.4358917620247547;1.1922970404813953
2.4271089411374014;1.1758248452056426
2.4473428016043384;1.1759432611306877
2.433505668443846;1.1568087018305266
2.431254012990673;1.1342463773487554
2.4244407224451714;1.208650819832102
2.410640097542894;1.1893078041985852
2.4043448554379387;1.2084540901932557
2.412989682865588;1.225004599182809
2.407856974069851;1.1652975761917792
2.4124877174021964;1.1447460484932543
2.4048131652119404;1.115579234036187
2.389448842025499;1.176574465662177
2.384955419744843;1.1975902435513441
2.4015386432860044;1.241358378533516
2.3881565144894443;1.2220556227159984
2.3900876037064216;1.2577121578842232
2.381407396733312;1.2409441298595185
2.3671855245472546;1.2904197165856373
2.35867431692331;1.2745006739506788
2.3786365641268383;1.2740659372349294
2.3649102033039124;1.2546119035225054
2.3375203285170185;1.309039742250462
2.3557344849676713;1.3067734959363435
2.344283445388089;1.3231272752870504
2.342795506865463;1.2884551767072876
2.332832405808505;1.3394810546377582
2.3242476687137335;1.3206742840777024
2.380540350697575;1.1478565192424628
2.3569915134391084;1.180731513256928
2.365785067084354;1.208412425163361
2.3618434441069116;1.2288308527179415
2.3381072756455143;1.2622384995604763
2.342644906533483;1.239655473980904
2.3188755670422854;1.276079716287505
2.3169097859815784;1.298771667982987
2.3213813662289216;1.3558348339884647
2.309540698061205;1.3353697459147642
2.302833343755549;1.3541171505575216
2.3099303266493383;1.3721886133391714
2.297937596152325;1.3151863950378622
2.3302505542222924;1.139918311917121
2.2845008272133582;1.1164289497056024
2.318201764925219;1.1798322307723716
2.33390275324312;1.2130554768373512
2.306612769781623;1.2443804781663246
2.2900117967579336;1.2811629875477177
2.2731849189821784;1.312691840877034
2.281836880131247;1.337933469494542
2.2846472069948187;1.3678164494364498
2.2458367960116745;1.1184520390931376
2.276223064552522;1.1555790022312507
2.2917411212851913;1.2013466648840958
2.2686267019240667;1.2283034771756716
2.2673215804504188;1.2564559263987065
2.245411485218925;1.2884602104933294
2.2498293604464137;1.327916864718561
2.2581710464695823;1.3758185180710425
2.2614835238803215;1.3540566523574986
2.2169225201944607;1.1541613534602582
2.2451922430803366;1.1942497147074256
2.231485625398588;1.24278181974904
1.5945832221789862;1.1153937531557703
1.5741863702397845;1.115354781442209
2.1911128374965596;1.269405781324996
2.2094996077098186;1.3188400407215606
2.229922705989264;1.3602968132218491
2.1407803691477696;1.1362104903754517
2.180304992218516;1.2052816921421556
2.1409791460184198;1.2506166855055305
1.5627013728023715;1.1317570576398888
1.5715860146213019;1.1483231932617948
1.5512163753649588;1.1481593338375682
1.5881990405152362;1.1348299933133181
1.6141708359960059;1.1261235692541356
1.5652775543221904;1.1675999806221748
1.5397313779275457;1.1645616100352478
1.5485989678236183;1.1811245911081856
2.15856759244421;1.3072910060561307
2.1837708234876128;1.3516544826966455
2.063354537399979;1.1356238435867443
2.1056819753361196;1.1957046981303345
2.101661489478513;1.2963811422524603
2.0877132326146564;1.2452075226104111
1.5911120601262865;1.1589327080674563
1.611005426656511;1.147102644690904
1.6420854063663985;1.1425853878832553
2.0142366413239907;1.157183266019147
1.7148012270064736;1.1157952210934285
1.5167613830527198;1.1973661624306071
1.5255669615095566;1.2140261011768583
1.5052763856153069;1.2137684386282865
1.5882994618841537;1.180443011851319
1.5684793667153036;1.1922231774004952
1.5421996491152736;1.2005092896376373
1.5282463804901327;1.1809638862329277
1.5189240214110393;1.233209231249112
1.493791388177894;1.2301707148259662
1.5025923212769248;1.2468423756639042
1.4823063907404812;1.2465729910236456
2.1282475447275435;1.3577929132595978
2.0676935630843314;1.3367985651100707
2.0358557835606943;1.2068112274616731
2.044628088507684;1.2736155313336575
1.683925898476943;1.148274507545853
1.6201241628729197;1.175044162863089
1.6587157732060671;1.172015653299967
1.9622200563095114;1.1796680406589992
1.8769365354420653;1.1616637138473442
1.8025568491144695;1.1578930125271825
1.7390436621168233;1.1532816006737434
1.5454849122230323;1.2256546469188763
1.564587123237775;1.2134368500675692
1.597871491490076;1.2081519231203963
1.4961325636259213;1.2661601122805721
1.4708213933030683;1.2629752672213248
1.5414649617039475;1.2465285998443603
1.4796579933261353;1.2795323119905013
1.4593363958656551;1.2793775434190051
1.473786963350777;1.2989798654311109
1.4478513984282422;1.2957798196166845
1.4562842438815677;1.312736305307936
1.4363664009908297;1.3121820958143635
1.5228052285699736;1.2582998812422796
2.0115494931188245;1.3230820710874187
2.0392422567842354;1.3725144044364723
1.9763046676126903;1.2615961328429803
1.6979149518535177;1.1927771461047472
1.6488111412291382;1.213077043425479
1.9028904011581576;1.2306258256439504
1.8267557800775325;1.2195577073171944
1.7588308520692142;1.2074610519015314
1.9587780550788783;1.327082845777444
1.5742153376750732;1.2420058473016682
1.6160241871411387;1.2419715663665403
1.4992515835482585;1.2902377560779246
1.5183480371541846;1.2789406643093018
1.550532582889547;1.2747963474680934
1.4767256713445438;1.3237005589699646
1.495319379853994;1.3111666824413217
1.4507759946160912;1.3329587331909232
1.4248814035534167;1.3285843720120434
1.43252048173676;1.3467627834303695
1.4133964061160038;1.3449866482097228
1.9834832089981682;1.3858135180242086
1.9082640429036102;1.2950608995521138
1.7033011141502934;1.2406218737931392
1.657885448272183;1.268231932864646
1.841747435733929;1.2776537461908035
1.7701209748465327;1.2591599430760054
1.9139539163099537;1.3651513557699664
1.6019727890352937;1.2835228705775859
1.5271923163559236;1.3065677800221436
1.5672006172123412;1.3108310944333503
1.4256423163446317;1.365684903659163
1.4019114086785909;1.3613889244074024
1.390426411241178;1.3777912006050816
1.4104743055416322;1.3800698942619452
1.4739284491228009;1.3453080490970166
1.4537179736382262;1.3625278281187128
1.5050462844817147;1.3378453047058287
1.8526550627043898;1.3425639006602577
1.6485728834770481;1.3105519920018567
1.7093348021476658;1.3017383911087954
1.7813300961699046;1.3214047439091916
1.6075469619553224;1.3417003441231916
1.5541248456115075;1.3468921181152567
1.5762225349285093;1.3852593973965484
1.4362820790543807;1.385669526963795
1.4867529939487096;1.3713152154596018
1.5281453659283988;1.377761408213897
1.6691109469535017;1.3583238596727474
1.72536576819158;1.3711269007417324
2.2786754198853414;1.3878207007913246
2.298479287069755;1.3885423926898786
2.2870282474901718;1.4048961720405855
2.2568805164060897;1.4208850319802377
2.2755772079105885;1.4212499513912924
2.2641261683310057;1.4376037307419989
2.261599525128666;1.4016396144329375
2.2412240891718387;1.4703112894434127
2.2323770263042197;1.4537340087760642
2.2526751287514224;1.4539575100927058
2.238139793914429;1.4349421335684622
2.2355753307586617;1.4101427248550855
2.2392901795735267;1.3886414509121945
2.229773049592256;1.4866650687941194
2.215494834794246;1.4680267350724858
2.2101827521286856;1.4863222112972805
2.218322010012672;1.5030188481448268
2.2122142675183047;1.4424477588777382
2.2164401505998343;1.421995969858466
2.2072824680069534;1.3931644750694472
2.1937002650495017;1.4537861689556193
2.190652240360048;1.4758087545947127
2.206870970433089;1.519372627495534
2.1926798836020667;1.500338182610597
2.1882319880444165;1.5191796045330344
2.1954199308535056;1.5357264068462408
2.1645713517396903;1.551834695933964
2.183968891273922;1.552080186196948
2.172517851694339;1.5684339655476547
2.170168757683851;1.532814944563622
2.1844009607702457;1.4260610091501198
2.1703076466547118;1.3900663629993728
2.1496157725351726;1.6011415242490685
2.1409466888833477;1.584592711963972
2.1610668121147554;1.5847877448983618
2.1473286617893237;1.5654711690926677
2.1609782484645703;1.4589413605285813
2.1704173653831633;1.4875111197643482
2.166964281829369;1.5083063343462677
2.1451853964189853;1.5414724606010302
2.1490586138731955;1.5203302118407842
2.1322432038630206;1.4175755039464415
2.1219846390161234;1.4602116185026233
2.138164732955589;1.617495303599776
2.1245318644703586;1.5983906036180657
2.1194834617907707;1.6172476830055575
2.1267136933760056;1.633849082950483
2.1217315447861576;1.573623143010726
2.125571697741865;1.553114405505689
2.1395102354855626;1.492085508938267
2.1014486983650302;1.6310193183125385
2.082241194593346;1.3896092645068177
2.116214725696356;1.5251245729714988
2.095729404448724;1.4857239071323212
2.0861444999450756;1.439910879505398
2.1027485132705346;1.5850868173601838
2.099149943364728;1.606696200208777
2.093911602267391;1.5577253983296666
2.08032057384786;1.618354171155203
2.0749559347795303;1.6384316123872853
2.0355265337175075;1.4210845791814346
2.0673071149406357;1.5151068587900514
2.0465862359607994;1.4723266664319332
2.0720252848451968;1.5896769168093015
2.0532180870108627;1.5524837702624201
2.049349482465672;1.6209000123737625
1.3969689147071735;1.3917702002618881
1.378941413803765;1.3941934768027613
1.991570139677399;1.4558599194548703
2.0136539141200895;1.523855988569231
1.9299201686481446;1.4379475366779806
2.020261555243678;1.5802690406654667
2.0080008292405367;1.617502057794984
1.3916491609864368;1.4123515702643452
1.3674564163663523;1.410595753000441
1.8589219507386672;1.4199427728218372
1.417561388695045;1.402380276215535
1.4626130145829594;1.3870239816369314
1.3760255824067544;1.4261954199774582
1.3559714189289391;1.4269980291981206
1.3698082830613145;1.4465078674162355
1.3444864214915264;1.4434003053957998
1.3534290136611433;1.4600665323512456
1.3330014240541137;1.4598025815934792
1.9487483854904295;1.5096420939265585
1.9794236568960313;1.5593650887047084
1.8846344058772428;1.4879596473837935
1.9768055245475271;1.5976614642053142
1.9848381203262793;1.6387235755881338
1.3969250544222476;1.4378948273849597
1.4142069784383153;1.4245734322066783
1.795280174654625;1.3860599866771341
1.798891972036845;1.440138951202313
1.8308019047287203;1.4859812145915607
1.6266130962867975;1.4049794606190928
1.5880884239405795;1.4273360204208896
1.543475296979552;1.4182983843860972
1.447081477271213;1.418135992427555
1.49437476699749;1.4126392520299103
1.3924889060694092;1.459337239112008
1.3737537256790862;1.471322665221173
1.3470466622598762;1.4795468496130186
1.3215164266167008;1.4762048577911588
1.3303465850318177;1.4930326592565224
1.3100314291792878;1.4926071339888383
1.298546431741875;1.509009410186518
1.3073350927595404;1.5258048650405795
1.287061434304462;1.5254116863841973
1.3505859611723527;1.504540105875659
1.9010639835459842;1.5416902809280981
1.9357447386114357;1.5685049939948374
1.8533102141690034;1.540848665507377
1.941627931354374;1.6189830217424155
1.4255982414154835;1.454848326044894
1.7418851816842873;1.4298484243981453
1.6841132039163396;1.4247812196884535
1.7767903042154611;1.4745734553663137
1.7815042119170614;1.5370700074650312
1.5185154392949702;1.4475249834092045
1.6287800227068367;1.466056084487075
1.5676110275623896;1.466707889319905
1.473503834966753;1.4562749728496256
1.4019226299743;1.488305481208038
1.3688174827514872;1.492763187490875
1.3239842039665564;1.5124075962838524
1.3011150362784423;1.5448975224997126
1.2755764368670488;1.5418139625818772
1.3270899883755196;1.5365532480965458
1.3460410935369216;1.525402863003376
1.2842343670474738;1.5584407092940753
1.264091439429636;1.5582162387795566
1.2781113935383654;1.577682518677684
1.2526064419922232;1.574618514977236
1.2612380885680932;1.5911876421578277
1.377800063553389;1.521178628429089
1.8833223571920883;1.5992574460764264
1.827622912157527;1.585761181725437
1.7791752530640896;1.5973838197386305
1.4486142361898187;1.4957722139653817
1.416166527853698;1.5199235815730532
1.7084859952452724;1.4968680018436498
1.6332570045433308;1.5256952794777658
1.7323726052372828;1.5820825716405496
1.512214011711331;1.5039458828217371
1.5820581471362474;1.5159509689245925
1.2411214445548104;1.5910207911749157
1.255509225120706;1.6106296800435125
1.2296364471173973;1.6074230673725953
1.3044610591610741;1.5690893574494515
1.3548070112944628;1.5524772616617986
1.323433073874057;1.5572175125414631
1.3328223018998944;1.5846489057666033
1.2820782060289662;1.6016470531191227
1.3009304481890256;1.589776736951846
1.4004941529168604;1.5570988915470132
1.3755162878102947;1.5818717956111519
1.7989319552252205;1.6302522081863045
1.754307350323925;1.6375248477117121
1.4576636144063126;1.5529814017911256
1.6709607509715854;1.5753301376387634
1.6018315696386323;1.5733803675463036
1.69381771042961;1.637969038922372
1.5303712484816097;1.5556686381275409
1.2384709655884536;1.624021647477335
1.2181514496799841;1.6238253435702747
1.2066664522425714;1.6402276197679546
1.257990988203531;1.634689920445394
1.2776098563146758;1.6227778869403917
1.3105806754832159;1.6184784598119246
1.3689087529120538;1.621979879436572
1.4241065835661213;1.6017626284324409
1.4887868718200203;1.602982823553253
1.6277641634076512;1.6281134494778609
1.5623049981943498;1.6159318813087236
1.2320859184548991;1.6433927164454163
2.1152626537964223;1.6502028623011897
2.096460940377796;1.6498229342590598
2.103811614216839;1.6665566416518969
2.0923605746372558;1.6829104210026038
2.078612370967386;1.6634105529503047
2.0809095350576725;1.6992642003533105
2.0722265169468916;1.6826719054530606
2.0577091451454037;1.6508510940128311
2.0580074558985055;1.7319717590547248
2.049124392218979;1.7157307742294818
2.069458495478089;1.7156179797040176
2.0551608380443867;1.6961748503947847
2.0524851741853216;1.6713975727767296
2.0465564163189223;1.7483255384054317
2.032529029005393;1.7293917274731938
2.0279353909957685;1.7504502594513889
2.0351053767393394;1.7646793177561386
2.025654472289329;1.653195854875137
2.0279179578647497;1.7037098478180852
2.0334818921817592;1.6819549140114873
2.023654337159756;1.781033097106845
2.014277360979406;1.762000954462965
2.0122032975801725;1.7973868764575527
2.000043611264321;1.7766967024426041
1.9935643412663242;1.7957289898581437
2.000752258000589;1.8137406558082596
2.0098498215104383;1.7165871613751638
2.0066065885218225;1.7404272848743965
1.9990026124017317;1.6849649519676702
1.9876272051292592;1.7562661644827964
1.9695282745806364;1.8288728027167487
1.9893012184210062;1.8300944351589659
1.9778501788414224;1.8464482145096734
1.9753367998074856;1.8090922990286074
1.9714310557204031;1.7784463656542606
1.9587252543351883;1.6602428294843767
1.9759680992108728;1.7227774330197303
1.9541021091838522;1.6925293858379216
1.9623628289763972;1.7536885294987354
1.947016788600257;1.8619425501311464
1.9663991392618392;1.8628019938603806
1.954948099682256;1.879155773211087
1.9524214680799978;1.8431002468729494
1.923396333334241;1.8957254584796448
1.9434970601026724;1.8955095525617942
1.9293683148020802;1.8756918461286234
1.949914953739226;1.817237327009787
1.9525027308209424;1.7954881272475427
1.9383167521165583;1.7705641663330296
1.9110444285913382;1.669912995480781
1.9263370424797492;1.7284666897075256
1.9274214853338048;1.850618610067409
1.932234871289466;1.829382170413405
1.8453168412692829;1.6446001578476295
1.9038968642992211;1.8843011510425083
1.9086955337754987;1.862987312557588
1.9228333173212728;1.8012417759977686
1.9093715977452186;1.7686828783637458
1.8723186323859464;1.7044854756542833
1.8837479921549327;1.74922093117151
1.9000608764004818;1.8332056295623678
1.8809080711500565;1.8978785879468296
1.2154914507035404;1.6568099348066985
1.1951814548051587;1.6566298959656338
1.7951369831534143;1.6828659611708656
1.877635637887904;1.8658078907047735
1.8760271424992971;1.792245078370875
1.8405205614869595;1.750816394479694
1.8606608529099762;1.8326054429229846
1.8486375120603689;1.893869876714029
1.7375378884515031;1.6865848183437127
1.652798567784244;1.6746598381985627
1.6878212008690516;1.6942886619951518
1.2539538341914045;1.656363449684777
1.23500088408219;1.6676966404708902
1.4634999316068704;1.6442870963705691
1.413542719304511;1.6436434025912414
1.2088281927698936;1.6761769839530323
1.1836964573677458;1.6730321721633137
1.1926063959557507;1.6895251020208573
1.1722114599303326;1.689434448360993
1.2869490847666503;1.6522940403220803
1.337616994261015;1.658054557247692
1.3893400082162206;1.668054413979976
1.7702606701282873;1.7441527840034845
1.828123786950262;1.860167491012778
1.8171947735029632;1.8019835540425906
1.706908000007977;1.7381179156805144
1.5192651832012216;1.6599139205458258
1.595183971672401;1.6892662715876217
1.6515117537758823;1.7249286029462239
1.2311768104468288;1.6884452424211542
1.2626156489786164;1.6839931236578352
1.4766774533889973;1.6862224054612847
1.4353291884983361;1.6788071716496091
1.3989445521410488;1.7002759979296482
1.2127012499201888;1.7005018747028484
1.1863532499894778;1.7088161287584804
1.16072646249292;1.7058367245586725
1.169643523099185;1.7224217865131384
1.149241465055507;1.7222390007563522
1.2090690755506304;1.7213911639617854
1.1899252478406612;1.73323403901935
1.302555431936313;1.687592760576252
1.352605800622938;1.6958582952827348
1.7383397295486094;1.7954484418962329
1.7581180376985968;1.8559288463552623
1.6636562556896461;1.7841535502197683
1.528214873801516;1.7299046092132189
1.601448670510316;1.7536869595041822
1.2407353537514751;1.716654612608772
1.2782950135087947;1.7116650974099281
1.4482018920299742;1.7392706435467071
1.5041440440854283;1.7835183055821613
1.3805445377071066;1.7427674319697983
1.320100673049741;1.7287925387157077
1.1377564676180942;1.7386412769540316
1.1466613724768424;1.7553431933375983
1.1262714701806813;1.755043553151711
1.1633051303896738;1.7418579457501884
1.1398965564931907;1.7746972905602356
1.1147864727432681;1.7714458293493907
1.2185812411032713;1.7497964424407482
1.1656852813407652;1.7663505508127544
1.1856463163540185;1.7543435009444084
1.1236409983047362;1.788103314887437
1.1033014753058554;1.78784810554707
1.0918164778684425;1.8042503817447497
1.10062265624707;1.8208870381144557
1.0803314804310296;1.8206526579424291
1.6958850673236812;1.90123079487594
1.6771925203604439;1.8407750560613247
1.6103624446244513;1.8194519848856392
1.5536960054808038;1.7920286032128412
1.5103025043004998;1.8182195513588364
1.2708869888675212;1.7548095637443073
1.461135105224856;1.8090905110126958
1.398990197721328;1.7895517144991728
1.3320734564191297;1.7786851946031605
1.117260967548151;1.8073599659387707
1.1621850699822018;1.7878900973638567
1.1441994386259058;1.7998341538049412
1.2386481203985675;1.7842262294359543
1.195027492166755;1.783166205217673
1.0688464829936166;1.8370549341401086
1.077560005105351;1.853619041298503
1.0573614855562037;1.8534572103377882
1.0941890180406608;1.8402172213367098
1.120207773095456;1.8319867160541161
1.045876488118791;1.8698594865354676
1.0546311601686336;1.8864114901554265
1.034391490681378;1.8862617627331473
1.6136776176088417;1.8957483110326518
1.55142265148812;1.8576963457451532
1.4813106393357505;1.8688270010547399
1.2796583364501732;1.807947909669936
1.4129936792558768;1.8396226358428736
1.3418899111972036;1.8255535837417907
1.1395444778417272;1.8204249016501464
1.1719958193504951;1.8161088556057146
1.2261565221005317;1.8255591940392046
1.0974430810031508;1.8646911100702532
1.071171577738545;1.8728727430024776
1.1485306774169481;1.8488263298834982
1.1159709014705455;1.8531560227984298
1.0482804919523554;1.9056437213818422
1.022906493243965;1.902664038930827
1.0736028143516612;1.8968213062000772
1.0929975737339532;1.8853869473075078
1.1251137687072186;1.8811740990582293
1.4145823487937983;1.8932787030730385
1.2821124609547225;1.8560639794332343
1.350198313361406;1.8763516757815735
1.1894419494481345;1.8532674808315883
1.2313730971071046;1.8859909230099572
1.1751228187077243;1.8911294379011585
1.9028461771559952;1.9302967572043734
1.9205949809435061;1.928217111263208
1.9091439413639228;1.944570890613915
1.9320460205230896;1.911863331912501
1.8976929017843396;1.960924669964622
1.8896466609983917;1.9424968350577045
1.9075727935419635;1.9100009529956965
1.8854353887057096;1.921075884193335
1.8862418622047565;1.9772784493153286
1.8750936403963967;1.9571263232213487
1.8683158276342804;1.9753183929374551
1.874790822625173;1.9936322286660353
1.8633397830455898;2.009986008016743
1.8491109996748556;1.9887992814184696
1.8518887434660063;2.0263397873674496
1.8431559558652648;2.0100821539336082
1.8667988167804928;1.937374543144312
1.865676984833244;1.9168817609114834
1.822438516578621;2.0455219367221638
1.840437703886423;2.0426935667181567
1.8289866643068398;2.0590473460688634
1.809516260308936;2.0576980863848133
1.8175356247272563;2.0754011254195706
1.8275126102841226;2.0243151341488854
1.8477315702740211;1.9573226870827236
1.8263002767868977;1.9762553720716527
1.823093236021643;1.9986940701703226
1.8060845851476732;2.0917549047702773
1.7943151068926007;2.0715560400027084
1.7877006079870676;2.0901079931350792
1.7946335455680897;2.1081086841209844
1.7654185366276434;2.1269220798504067
1.783182505988507;2.124462463471691
1.7717314664089234;2.140816242822398
1.7691908950720487;2.1041386121950976
1.7525090864475554;2.1388521621449375
1.76028042682934;2.157170022173105
1.7488293872497567;2.173523801523812
1.7384208321595234;2.1552751142828157
1.8413872750615037;1.92680038103158
1.8022123018956977;2.0351703926567986
1.7845501033808893;2.0512366333068854
1.8053342199820497;2.0129399311232636
1.8132234262585059;1.9497555030057336
1.7933207500488026;1.9831953609637507
1.7679144618199518;2.0746484664514364
1.7459829852872897;2.116713416952988
1.7479511116239344;2.0934306053888116
1.7293436545637333;2.1323617757348607
1.7311445503768355;2.1724893540227384
1.7144728120616928;2.157953959429861
1.8041298855341124;1.9061304522923257
1.7604759869108964;2.0510571664506316
1.7734156512896213;2.018993737666648
1.7732267068873542;1.9484461926655445
1.7526911603223851;1.9885572881236915
1.7343849212815405;2.0694812202097226
1.714940454217859;2.1023424212946034
1.707138621364237;2.1340279715056654
1.6905535576149702;2.1517293763085266
1.692877025351435;2.1772326386083156
1.7557196134485114;1.9161201352203958
1.7262018603896427;2.0264621188902825
1.6940948745544273;2.068519515263595
1.7220158007792632;1.9474250720488433
1.7128248447963967;1.992036736000252
1.6617255764783823;2.160845305605414
1.6724197012669522;2.118060568019739
1.6787740113294223;2.0253773276331866
1.6583805712725974;2.0660669260332014
1.6618307327938469;1.9642888064619504
1.6317701684262464;2.144542744706974
1.6202126387471043;2.0965040860154445
1.5977463458817682;2.132376281424559
1.6144291411383025;2.0293266899708597
1.594926463637436;1.9705411459175253
1.5633324947657423;2.0895871925051615
1.5629231429153634;2.1453413384238114
1.0315908280425095;1.9191799748231997
1.011421495806552;1.9190663151285066
1.5305880892368346;1.9338586544119643
1.5433840084179542;2.013028279195966
1.4604242697882277;1.9241611278332957
1.4948188823447903;2.0697028930528
1.0253434521917468;1.9384280902309312
0.9999364983691392;1.9354685913261862
1.0087541875040613;1.9519250396242571
0.9884515009317263;1.9518708675238656
1.0019849184458838;1.971450451236401
0.9769665034943134;1.968273143721545
1.516012153724914;2.1344860032286213
1.0691101121054696;1.9179045682197966
1.0510522302035117;1.9301778469969242
1.0277459675137866;1.9624405582995317
1.0471831628594532;1.9512950702376035
1.1019803013827087;1.913786737666246
1.1516512671852213;1.9218127299857373
1.4649717294226583;1.997762573575248
1.4141493667670273;1.9467902275346882
1.3614620901974719;1.9341605564649658
1.2920631968411285;1.9146428291776325
1.4268445497646225;2.0641751126186163
1.4571520844092045;2.125303429773289
1.2488288188429457;1.948812398584937
0.9856398231682266;1.9846929417961092
0.9654815060569004;1.9846754199192247
1.0041014690834529;1.9950192850280077
1.0233500341147024;1.9834914307056906
1.194528855001694;1.9303553571722063
1.0782717659356817;1.947651742890414
1.0556193777232796;1.9793450730858513
1.1236405589963792;1.9537044880670662
1.16213232595529;1.95418339420248
1.427389623165432;2.1800752251894884
1.3746480429995127;2.0102677507932523
1.306386325180391;1.977859362389252
1.3691613393279298;2.07660741790892
1.3992803640638865;2.124377595126962
1.2484498722373631;2.0099385461520445
1.2003532304899889;1.9818664080474715
0.9790045108411721;2.003999233215023
0.9539965086194876;2.001077696116904
0.9624334921081728;2.017049098164894
0.9425115111820747;2.0174799723145838
0.9564667078054752;2.036747303161846
0.9310265137446617;2.0338822485122634
0.9994888260782467;2.015717107133017
0.9814682073255285;2.0262789943357085
1.0322190905664002;2.0119881097439367
1.1005602343283207;1.987592215469634
1.0709814254663301;2.0113246120584813
1.1487443495039844;1.9938866944688258
1.3092830773232824;2.053220669720204
1.333339760759427;2.1229914595822565
1.2452521375874537;2.068711221998124
1.187857839615;2.0487176945667254
0.9395535353446528;2.050109443258842
0.9195415163072489;2.050284524709943
0.9759043511694112;2.0462513986498467
0.93410223094188;2.0692138712284134
0.9080565188698358;2.0666868009076227
0.9576845675719674;2.0590478663376928
1.0075754642499615;2.043740614144174
1.0568998826037113;2.050840617993654
1.1132635415491914;2.040051775759234
1.27545243316442;2.122952799950122
1.2129536415540358;2.114803859875514
1.143160244553156;2.0980081842915417
0.9168669785725887;2.0833171043696006
0.896571521432423;2.0830890771053023
0.939919212670033;2.094599641318984
0.9830757328619026;2.069157127546999
0.9568363522546337;2.077303291542209
1.0764727193203745;2.094700164146296
1.0220042976136543;2.084873781274656
1.1727570820174424;2.1602018226811137
1.1139456579350975;2.1395295365800298
1.0665689218548147;2.140031678351732
0.9120484371271521;2.104746591645697
0.8850865239950101;2.0994913533029815
0.873601526557597;2.115893629500661
0.8930403018130721;2.1188966972727417
0.8621165291201842;2.132295905698341
0.8859341603005463;2.1372838248590393
0.9384797923756758;2.118678082345013
0.9747618923035707;2.108610581894655
1.02836298374979;2.1219299170880097
1.039423220470369;2.156522128709108
0.8568713401264406;2.167185006420062
0.8391465341466338;2.165100458234693
0.8506315316827714;2.14869818189602
0.8735475725880526;2.155308764644682
0.827992695107978;2.1810297912252716
1.0769801027987147;2.180945738533607
0.9147958789516809;2.1373325330443933
0.8953421572339011;2.1621778795317743
0.9525011059470958;2.146336390679055
0.9980687162970092;2.1593144784607285
0.9299868119807;2.1751893153718536
1.7373783476701734;2.1898775808745192
1.7259273080905904;2.2062313602252255
1.7150347812548226;2.1838768348478244
1.7144762685110069;2.2225851395759326
1.702829948531143;2.200738261082793
1.7030252289314238;2.2389389189266393
1.6957004770592572;2.220136062734689
1.6915741893518406;2.2552926982773465
1.6768426144598896;2.232717485530726
1.680123149772257;2.271646477628053
1.6706523610660278;2.2542844879740107
1.6730184182540104;2.2013654735229102
1.668672110192674;2.2880002569787603
1.6546803303415172;2.26840115164462
1.6498887196348822;2.287408551090027
1.6572210706130903;2.304354036329467
1.6522685657604956;2.2419849455406373
1.6556870029854267;2.21935121381487
1.6391264510374965;2.1874563998308676
1.627089809217997;2.3204181998218916
1.6457700310335073;2.320707815680174
1.634318991453924;2.3370615950308813
1.6319311715461522;2.3012734214832014
1.6338585455226045;2.255720975866956
1.62965887773749;2.276938853237838
1.6238776321417983;2.2275747392523875
1.622867951874341;2.353415374381588
1.6088998527821374;2.334122033210705
1.6114169122947577;2.3697691537322947
1.602627223006689;2.3533107769797956
1.5863749370526283;2.3669855709549465
1.597317123623844;2.182153794344282
1.6058705085646912;2.309449434712719
1.6106026698316585;2.28869199241667
1.6020247224664144;2.2600529303334063
1.5831192129233966;2.224038158413832
1.5874881987556293;2.3209353828165664
1.5838521854373078;2.3427698179791845
1.5638493001704359;2.3539745278591577
1.5393829017049536;2.1945446200137955
1.578373672998907;2.291934083499119
1.5527961848415626;2.248931355599464
1.5548442358107362;2.325200270308258
1.5325226791191853;2.3584956308509577
1.484488304226663;2.1857342363234764
1.5082761638543236;2.2392032691602903
1.5295466840144332;2.2826770991426764
1.507116838435152;2.3201816369187482
1.4963309684565704;2.3590063833295924
1.45534509727456;2.2269586391122336
1.4799354785068877;2.2807364424649483
1.4555595258721292;2.332384857911359
1.4085662374241896;2.221566274674022
1.4212335266800882;2.275995821116704
1.3689655621595824;2.1828835391447163
1.3850549883903251;2.3183566054479265
1.3577413255194155;2.25099412120821
1.3568690103985295;2.365474476775948
1.3116053124817286;2.189910705947696
1.28785872186954;2.2424419723542557
1.3256560408381575;2.305203979668237
1.2983113377682418;2.357996569022283
1.243057871772726;2.1899181899998132
1.2368379848162554;2.2545955410769993
1.129671219024307;2.187773406269209
0.8496928291674588;2.184613240339917
1.2651963114541322;2.3024944198438715
0.8176944288171212;2.1957372397014585
0.8365575432869515;2.200444798800453
0.8221970128821672;2.2097181650226165
0.8083923240146975;2.209022022133546
1.2390568995601723;2.3510457751606477
1.2004410031569381;2.295027507060781
1.1769185634663364;2.22888795413797
1.1115880546389099;2.2318640762467696
1.031808626466729;2.1876122479559523
0.8749373564626427;2.183534285815573
0.856683495038687;2.2054296576206474
0.7999929257771056;2.2210176059843962
0.8164299982041492;2.224928522485248
0.8384757969060329;2.2240627029400257
1.1828247827431568;2.355240226303917
1.141802850227461;2.2956388376939705
1.079090306450159;2.271038044419954
1.047842931660745;2.226141729225669
0.901923026248757;2.1910310669852775
0.9615369539760346;2.18259251950952
0.9950608365987186;2.2152990431117896
0.8588168035611967;2.2303412166267846
0.8873069872103462;2.219758745728101
0.7924086325173451;2.231849099285871
0.8066236959604777;2.2350940144492606
0.7960976167139782;2.2424419392456634
0.7855603437920159;2.241629469178544
0.8229688960210002;2.2403465449382884
0.7793766353225269;2.250460720103519
0.7919444231398639;2.253235904565461
0.7737930140750462;2.258434957658512
0.7839955022666627;2.2609463087246224
0.7761687022170519;2.2661048653561817
0.84512064499165;2.25228793568695
0.7687512456299217;2.2656353492138717
1.1220625863751228;2.366702858967376
1.0875715567366304;2.320556426168929
1.0477600575358557;2.3043827070312353
1.0233166815471495;2.2645092952631014
0.9355113696182322;2.2230128431962264
0.9781747696429836;2.2586995806736754
0.8756469182381037;2.257087266806514
0.9031176376800438;2.2528513076278087
0.7733646167887929;2.2736527838418246
0.8075798067446441;2.2524884787280053
0.8235622101972231;2.2590386229743844
0.7965279682709085;2.264609373164328
0.784302421091997;2.272980811605263
0.834031172097412;2.275699315284281
0.857599030124262;2.2801039781890173
0.7641987468253653;2.2721369913072946
0.7674651130060819;2.279476860991081
1.0478360823349562;2.366447085885747
0.9892181598001804;2.318003471964516
0.9420618006527738;2.280545671496933
0.8965302687236973;2.2916846511366007
0.7772949394504907;2.282354002186894
0.8134875311217046;2.2735389383658697
0.7963908646210832;2.2779153320359904
0.7885570142478359;2.2861428739723064
0.8387828592327012;2.296692741621684
0.8214299489203167;2.289152877983238
0.8600436903954044;2.3090076903225
0.7690816354215451;2.288350648864608
0.7626141354852346;2.283152147230727
0.7600880373409717;2.278007692863727
0.976830309571297;2.374980419008089
0.9297458266124693;2.3369658088024132
0.8809449430500605;2.325930885644286
0.8373577672057848;2.31437582835889
0.7787868135302548;2.293049516442732
0.7707580275363443;2.2962488652958406
0.8034086995882543;2.292657521839576
0.7879736219799927;2.2971626585674163
0.8191926784506753;2.307575161855872
0.8250801519009963;2.3256859412754753
0.8474157132397541;2.3374414624058693
0.7642172101372195;2.294273097749814
0.7600945007445917;2.2886183158432503
0.7563762445013629;2.2833086824090545
0.8838585555509565;2.362710829123523
0.7590863274774007;2.297170313169501
0.7651569652353849;2.3029748093323166
0.777600343529459;2.3056337766309625
0.7949202730111803;2.309974340681849
0.8038225432165773;2.326743589542073
0.8198633665508256;2.345272552119075
0.8395346597074635;2.3679658436148423
0.7573163825304775;2.292343707182207
0.7545467269474405;2.2966124333370592
0.7530246561352962;2.2880952466534725
0.7555651175975397;2.3026165660717623
0.7677565305655739;2.3128030503002703
0.7580373493197172;2.310108981897393
0.75;2.2980915428001945
0.7799724443585416;2.3234277008758752
0.7924709297029814;2.343390287578096
0.8033578622353297;2.3679905158792076
0.75;2.2924149032841763
0.75;2.3055805529432383
0.7623944139143473;2.323375470394045
0.75;2.3155792501981733
0.7654982272338429;2.3378733886229184
0.7712573072175779;2.3589547184324875
0.75;2.3289291416080227
0.75;2.3467534230994476
0.75;2.370551744124378
1.5999658727151742;2.386122933083002
1.5813830745729036;2.3858129270051327
1.588514833135591;2.402476712433709
1.5582716872254723;2.4182611460996783
1.577063793556008;2.4188304917844157
1.5656127539764246;2.4351842711351224
1.563211271000015;2.3993446070586013
1.5605307691191421;2.3751362328038
1.5354723257777245;2.451377258163264
1.5541617143968411;2.4515380504858295
1.542710674817258;2.467891829836536
1.539851354608342;2.4324118521835687
1.5198085956580916;2.50059938853795
1.5109284788220512;2.4840264206047493
1.5312596352376746;2.4842456091872434
1.5173256351144297;2.464769475214923
1.5083575560785083;2.5169531678886568
1.4946824290420955;2.4976813781427962
1.489458151698467;2.5166060796575436
1.4969065164989248;2.533306947239364
1.5380589444063495;2.4080197925091866
1.542245886233589;2.386885650825227
1.4854554769193418;2.5496607265900706
1.471341311378298;2.530151966899825
1.4740044373397583;2.5660145059407777
1.4651336047448809;2.5494120033417884
1.514414996058919;2.44077557304923
1.5194547622207697;2.419962649838862
1.4918654729635041;2.4734628888208388
1.4962992496165781;2.4524855635757326
1.4737446019406346;2.485368829041485
1.4688978068276188;2.5060112822433016
1.509831782876969;2.391417185778801
1.442970520148627;2.582100339366498
1.4625533977601752;2.5823682852914844
1.4511023581805915;2.598722064642192
1.4485707612512846;2.562875263604933
1.4396513186010085;2.6150758439928983
1.4252525196822143;2.596203349566774
1.4199023938843598;2.6145990230121274
1.4282002790214252;2.6314296233436054
1.4502840055682313;2.5171753873346474
1.4462454699145812;2.5387203870501693
1.4873411741645588;2.4229830134235555
1.4648650679996407;2.456135929606472
1.441848222770571;2.488961727189444
1.4653854190924775;2.38385069139621
1.3749542625938553;2.6801729744061777
1.3938471602826752;2.680490961395726
1.3823961207030921;2.696844740746433
1.4167492394418422;2.6477834026943126
1.4029077061561195;2.628579126617927
1.3800476414260139;2.6613031280907355
1.4052981998622587;2.6641371820450193
1.3968745671787437;2.6477117684891245
1.422406860600909;2.5709106427365294
1.4268263112848962;2.5501303558334456
1.4034526876317825;2.582308717971163
1.400417235696182;2.60399501409809
1.4181741233149743;2.520912720140597
1.439033951121565;2.4172682949538062
1.4275089495701128;2.4543316757531537
1.39616739051238;2.4782838404597043
1.415590642878109;2.3762139606698645
1.3047542935923635;2.778103648394436
1.3251409228051758;2.7786136374999675
1.3291928454386723;2.7454538326334044
1.3480430019643423;2.7459060787985536
1.3365919623847589;2.762259858149261
1.3108484027400107;2.7593126782622783
1.3523317313119585;2.712788785216136
1.3709450811235089;2.71319852009714
1.3594940415439258;2.729552299447847
1.334357651391996;2.7263982108244784
1.3571863442987413;2.6938178922789033
1.3538169028394949;2.669265351425062
1.3576867436721165;2.648364465102283
1.381189915423425;2.615379253507867
1.376948452387755;2.63670665131283
1.3947230597796398;2.55390629709354
1.3722928810882546;2.5864249497048615
1.3695033030497468;2.510411341753261
1.3867338998499292;2.4255865177642257
1.3534998136948786;2.4621731749076496
1.2854735217136932;2.7670676425497858
1.3081843668918978;2.7342694961155027
1.2901330896011065;2.746177325765403
1.3307617616543934;2.7016866211335113
1.312538855444329;2.7130417568348477
1.3348826427020335;2.6810194686200344
1.3253525309449743;2.6527914047274144
1.348638945612323;2.619473282091274
1.3477588600653096;2.5447052914717836
1.3337613077359198;2.5819224095252995
1.3285074459702761;2.412050481264959
1.3035585675762076;2.4491934279772893
1.3240665876280968;2.5023502957104564
1.2568187269806503;2.7496545655768934
1.2801019351400347;2.7169029688577857
1.3039327989473197;2.684759875949543
1.2859498786707515;2.6527635235068603
1.2953643390804979;2.610741892206134
1.292488818952511;2.549464273958458
1.27397498382962;2.405690171313098
1.2588769949183642;2.4469843210493294
1.2701502972585381;2.490428665929206
1.2206909971586595;2.754278671720727
1.1934390221114366;2.7789579117523324
1.2310473902022159;2.7194001009965763
1.257646086312629;2.6779427445614057
1.2431965999001255;2.629768667168961
1.2398574698881901;2.581063284402539
1.2308627340027833;2.5243088826654954
1.219105668612138;2.4722409398988052
1.217359879829253;2.413223953912335
1.1872893085526393;2.733418920298739
1.1430738926777113;2.771444774157232
1.1886462443594623;2.6712324963825913
1.1828016491288709;2.604163792334438
1.1950717651332718;2.55556281097931
1.1754749419676493;2.5088365030889106
1.1639719731154923;2.4532994421822094
1.1575915503696301;2.402158065291356
1.0955819069760226;2.7706754302084247
1.1187438962570795;2.710718384573667
1.11520233291252;2.629508809592103
1.134084270664069;2.559535123309438
1.0818693681078029;2.579409870114401
1.113406568816906;2.492343666567134
1.1003643983232487;2.4295709452524075
1.0551693185402728;2.738587175594655
1.0577105703390532;2.673640131374177
1.0469176276420495;2.615074807756124
1.0756960393814101;2.530699467332182
1.045476423333228;2.567707580182685
1.0480014030886151;2.480679652421315
1.0193411148007567;2.4234184386646107
0.9979206657692398;2.7750129482088157
0.9963608214549307;2.7082454558931457
0.9942281239900942;2.6472753885983367
0.9965906373997927;2.582815278145416
1.0180837254528834;2.5286458899064326
0.9747420087315889;2.4768650473469727
0.960698184488804;2.421552869647752
0.9190095364290098;2.3924627206764923
0.9365436942501493;2.741812896602494
0.8743636576015239;2.777532463126043
0.9357590610783058;2.675754684474806
0.865843991727783;2.4016255107105193
0.9356108446998886;2.605668955755074
0.9383964282818156;2.5299081778162615
0.9056978194459316;2.454313241741948
0.8743599711438307;2.7060997481709794
0.8121818288007616;2.7418161899922633
0.75;2.777532463126043
0.8716800352963991;2.640905631090027
0.8167201939984251;2.3978727785183263
0.8377872500895311;2.4418975200339963
0.8658290439276244;2.5728258153435615
0.8577606400120626;2.503961632446999
0.8096612904738774;2.67353094732827
0.75;2.706099916858483
0.8070626190690696;2.604686277813268
0.7786109866392624;2.3875192859127274
0.785914702614432;2.4246543728674164
0.7951019495153226;2.4753065688785947
0.8006558742338498;2.535450866910359
0.75;2.634679532569069
0.75;2.564891531337871
0.75;2.402326380331933
0.75;2.444750695249065
0.75;2.499811541645159
0.7575752172401998;3.58918146859777
0.75;3.6
0.75;3.586430012113748
0.7657466272587351;3.577511485667526
0.75;3.571213744994532
0.7622809169690202;3.562108450975197
0.775670196385913;3.563339160198779
0.767820900572431;3.546519946216722
0.7869420625647616;3.547241266983193
0.75;3.552061687253833
0.7791005797686857;3.52943764068109
0.7983931021443448;3.530887487632486
0.7932348505182176;3.5171989133523485
0.8098441417239283;3.514533708281779
0.75;3.5264555269423
0.7763353321683323;3.5057721127610804
0.8013877196912165;3.4983303225850446
0.8212951813035116;3.4981799289310715
0.8153578526741789;3.485115901519176
0.8327462208830948;3.4818261495803653
0.820348761941791;3.4658978743475277
0.8441972604626782;3.4654723702296577
0.8556483000422613;3.449118590878951
0.8345630930985324;3.443486133112923
0.8519416015905794;3.432028366736251
0.8670993396218446;3.4327648115282448
0.75;3.4929131981374875
0.7882674798718685;3.4695914730248147
0.8119769632628272;3.4479674784205763
0.8207873890095887;3.4297479470990853
0.8374162162063207;3.419332186450835
0.8576803408946893;3.4157110493897003
0.878550379201428;3.416411032177537
0.8719752533600166;3.4035415368579596
0.8900014187810112;3.4000572528268305
0.8795382915350363;3.383641538972954
0.9014524583605946;3.3837034734761233
0.8937579776189791;3.370596476670701
0.9129034979401778;3.3673496941254166
0.8978904855504766;3.3511315967086355
0.9243545375197612;3.3509959147747095
0.9157818069508638;3.334523521927852
0.9358055770993444;3.3346421354240023
0.75;3.4514938682207403
0.7877956270236677;3.42458474983257
0.8185973379662381;3.408662907804125
0.8464643633392311;3.3870993815864052
0.871613325452224;3.3609771107060724
0.8747654842180004;3.341229446430079
0.9422873617658516;3.299235290921206
0.958707656258511;3.3019345767225894
0.9472566166789276;3.3182883560732956
0.8961910633838078;3.323379547763479
0.9204270709844776;3.3127009268023113
0.9496505070529769;3.283859747201725
0.9701586958380942;3.285580797371882
0.9628566954009167;3.271977473705324
0.9816097354176775;3.269227018021175
0.9854082068963609;3.2354332023959893
1.0045118145768441;3.2365194593197613
0.9930607749972608;3.252873238670468
0.9681201605884786;3.2496950087625134
1.008839378965473;3.2042702187896834
1.0274138937360104;3.2038119006183474
1.0159628541564274;3.2201656799690546
0.75;3.402510219856861
0.7969250247629117;3.374495661083198
0.8459536879609518;3.348046652723294
0.9923417529434728;3.2174126817934963
0.8617750598523806;3.315807594407256
0.925938689661421;3.2851568524524186
0.8931814554494053;3.291893647381017
0.9423972674345399;3.2622381676097483
1.100426445568529;3.0726692956271187
1.1190222103726766;3.0729816658126925
1.1075711707930935;3.089335445163399
0.9686996407632648;3.2236767356985716
0.9406472542364643;3.2343211107165075
0.9749468306229281;3.20570318487787
0.990672091034405;3.195112600971296
1.014451093961712;3.185454179327915
1.0388649333155937;3.1874581212676403
1.0305394394372127;3.171943608693294
1.050315972895177;3.171104341916934
1.09612013121351;3.1056892245141063
1.082379269960736;3.0863627318167373
1.0768771483233206;3.1055623284309486
1.0846690916339268;3.1220430038648135
1.0364773010638977;3.151832043398365
1.06176701247476;3.1547505625662273
1.053169201525356;3.138211720896131
1.0732180520543435;3.1383967832155197
1.0595927464190995;3.1191239005851337
1.2824703369471422;2.810948976810927
1.302238843646009;2.8113211962013813
1.2907878040664258;2.8276749755520885
1.3136898832255923;2.7949674168506746
1.2883246091271225;2.79184051148831
1.2605920438701064;2.8438083835326675
1.2793367644868427;2.844028754902795
1.2678857249072595;2.8603825342535023
1.2651898700955022;2.8246405822441396
1.2449836457480927;2.8930900929549157
1.2362639747866377;2.876784372319632
1.2564346853276762;2.876736313604209
1.2425526740626964;2.8575226423239144
1.214041914091415;2.9091596840025384
1.2335326061685095;2.9094438723056233
1.2220815665889262;2.92579765165633
1.1991794874297597;2.958505210357744
1.1904471119026276;2.9419964517454837
1.2106305270093427;2.9421514310070367
1.196834525445564;2.922792610580332
0.75;3.344554519765833
0.8116202477628303;3.3095466081815252
0.856001938292606;3.267043077359233
0.902962232039467;3.2509319442343285
1.169147873261366;2.9745227527802918
1.1877284478501764;2.9748589897084505
1.1762774082705927;2.991212769059158
1.1738963450523985;2.955309515634423
1.1054542325599002;3.05364095919929
1.1304732499522598;3.056627886461985
1.123388151148342;3.040227682344203
1.1419242895318433;3.0402741071112787
1.1533753291114264;3.0239203277605715
1.1446718136178833;3.0072900744171425
1.1648263686910096;3.0075665484098644
1.1283722005876815;3.020910325251878
1.1510122256868651;2.988055048727852
1.0799891403398825;3.0620846772340493
0.9209552773234734;3.214461993846845
0.9501278111601767;3.2063346365058956
0.9681766697565796;3.1826196098277126
0.9913052493849801;3.1777816552066
1.0110408878884594;3.1621833002645285
1.062240507680316;3.074316834253204
1.0575831304792076;3.0954919099217153
1.0148476140347316;3.1400002023768567
1.034493672585071;3.127600255279872
1.0396750830514676;3.1080012841470355
1.2197632888697392;2.89028833295848
1.2626553216753413;2.800319467964534
1.2666568128882418;2.7789658721827197
1.2395474975886709;2.8336547246146617
1.2440701629968627;2.8126924468495007
1.2172915808058824;2.866454537968093
1.221275306814292;2.8455983491667083
1.1947573840806198;2.8989361544263406
1.1983390521751842;2.8782502598536244
1.171694676617352;2.931223489835852
1.1762476914276354;2.910450438457721
0.75;3.2775444458406766
0.8091257741036311;3.2394845645141315
0.8713457659674799;3.203656839241756
1.1479010332610808;2.963804347405177
1.1531479682659862;2.943205937613311
1.0840862414998615;3.0415947878620955
1.1023322999123788;3.029021151272543
1.1244617094304294;2.995752943886694
1.1066064536067681;3.0080635976280945
1.12950236531772;2.9748342537300645
1.052825621451217;3.0459020917476916
0.9244199440731716;3.1670994224015385
0.9752167229875353;3.144937707306765
1.030913722858872;3.0776665119732383
1.00909631539275;3.11074240052226
0.9770288282479288;3.1097051783078817
1.2350019863971098;2.7832454575064074
1.211787409177536;2.8166934168275537
1.189180727589181;2.850314682687978
1.167539519605271;2.8825052839818173
1.1444363740921464;2.914260617180611
0.75;3.2061277407314046
0.8104602032515594;3.169274232503064
0.8725934329222039;3.134126242313085
1.1215831749833463;2.9461046576084655
1.0745482326570188;3.0122819525438422
1.0968674301332995;2.97742371761479
1.021780529460845;3.0428640513626344
1.0395898052046415;3.016593660595063
0.9344809895673766;3.1074916730524387
0.9797858143538581;3.0670444978713083
1.1655041007870632;2.810849388413387
1.153450697759698;2.8515352803718463
1.122150921268007;2.8773034306332037
1.1053680612732881;2.9113399865158702
0.75;3.1346951944638444
0.8115149974497443;3.1002836451691262
0.8742743386231308;3.069250757817598
1.0727439036194724;2.934227213902753
1.0428167811825284;2.975622809881107
0.9913680787799333;3.0029645024009315
0.9293394127584932;3.0383456278264784
1.1091435323957062;2.822378739946135
1.0667686879637719;2.8773079281207026
0.75;3.0632626481962846
0.8132251512630125;3.0296920561708043
0.8728649677443429;2.99768643042883
1.0050555282190345;2.9278254420413363
0.936615812030776;2.963704318963982
1.0533431314247022;2.801209358596028
0.9999800278123862;2.8459952210449977
0.75;2.9918301019287243
0.8121818288007622;2.9561138287949436
0.8743636576015239;2.920397555661163
0.9365645421905289;2.8861813632792854
0.9365454864022855;2.813248736259823
0.75;2.9203975556611637
0.8121818288007616;2.8846812825273838
0.8743636576015233;2.8489650093936034
0.75;2.8489650093936034
0.8121818288007616;2.813248736259824
% Elements (triangles)
1;2;3
4;1;5
6;5;3
3;5;1
6;7;5
7;6;8
9;10;8
7;8;10
11;12;4
5;11;4
11;5;7
13;7;10
13;11;7
14;12;15
11;15;12
13;15;11
9;16;17
10;9;17
10;17;18
13;18;15
13;10;18
14;19;20
19;14;15
15;18;19
21;20;19
21;22;20
23;24;25
26;27;196
27;28;16
26;28;27
17;16;28
29;17;28
29;18;17
22;30;23
21;30;22
24;23;30
21;19;31
21;31;30
19;18;31
29;31;18
32;33;34
25;35;32
24;35;25
33;32;35
196;197;198
26;196;198
199;198;197
197;200;199
24;30;36
24;36;35
198;37;26
26;37;28
29;28;38
38;28;37
29;38;31
39;36;30
39;30;31
39;31;38
40;41;42
34;43;42
33;43;34
40;42;43
33;35;44
33;44;43
45;44;35
45;35;36
199;201;198
198;201;37
202;203;200
199;200;203
199;203;201
204;203;202
205;204;202
39;46;36
36;46;45
39;38;46
38;37;46
37;201;46
41;47;48
40;47;41
49;50;48
49;48;47
40;43;51
40;51;47
51;43;52
52;43;44
50;53;54
49;53;50
45;55;44
45;46;55
44;55;52
206;201;203
206;56;201
56;46;201
56;55;46
204;207;203
206;203;207
208;209;205
204;205;209
204;209;207
210;208;211
210;209;208
211;212;213
210;211;213
49;47;57
49;57;53
54;58;59
58;54;53
59;60;61
58;60;59
61;62;63
62;61;60
214;215;212
213;212;215
216;214;217
216;215;214
64;57;47
64;47;51
52;65;51
52;55;65
64;51;65
66;53;57
58;53;67
58;67;60
66;67;53
68;65;55
55;56;68
206;207;218
206;218;56
218;68;56
219;207;209
219;218;207
210;213;220
210;220;209
219;209;220
215;221;213
220;213;221
64;69;57
64;65;69
66;57;69
63;70;71
62;70;63
71;72;73
72;71;70
222;223;217
216;217;223
74;60;67
62;60;75
62;75;70
74;75;60
76;77;78
73;79;76
72;79;73
77;76;79
216;223;224
216;224;215
221;215;224
80;69;65
65;68;80
66;81;67
66;69;81
74;67;81
68;218;225
80;68;225
221;226;220
219;220;226
219;226;218
225;218;226
227;221;224
227;226;221
69;82;81
82;69;80
228;82;80
228;80;225
83;70;75
72;70;84
72;84;79
84;70;83
229;230;222
230;223;222
231;232;229
230;229;232
233;231;234
233;232;231
230;232;235
230;235;223
236;224;223
236;223;235
236;237;224
227;224;237
74;85;75
74;81;85
83;75;85
78;86;87
77;86;78
87;88;89
88;87;86
77;79;90
77;90;86
91;90;79
91;79;84
92;93;94
89;95;92
88;95;89
93;92;95
96;85;81
81;82;96
237;238;227
227;238;226
225;226;238
228;225;238
82;239;96
228;238;239
228;239;82
83;97;84
83;85;97
84;97;91
240;241;366
367;368;369
235;232;242
241;243;234
240;243;241
233;234;243
233;243;244
233;244;232
242;232;244
368;370;366
367;370;368
240;366;370
242;245;235
236;235;245
236;245;237
237;245;246
246;238;237
98;97;85
98;85;96
99;86;90
88;86;100
88;100;95
100;86;99
91;101;90
91;97;101
99;90;101
102;103;104
94;105;102
93;105;94
103;102;105
106;95;100
93;95;107
93;107;105
107;95;106
104;108;109
103;108;104
109;110;111
110;109;108
111;112;113
110;112;111
114;115;116
117;118;119
98;96;247
96;239;247
246;248;238
239;248;247
239;238;248
97;249;101
98;249;97
98;247;249
240;370;250
240;250;243
371;372;373
373;374;369
372;374;373
367;369;374
367;374;375
367;375;370
242;244;251
242;251;245
244;243;252
252;243;250
252;251;244
250;370;253
253;370;375
251;254;245
246;245;254
246;254;248
376;377;371
372;371;377
378;377;376
379;378;376
99;120;100
99;101;120
106;100;120
121;120;101
121;101;249
103;105;122
103;122;108
122;105;123
123;105;107
106;124;107
106;120;124
107;124;123
113;125;126
125;113;112
126;127;119
125;127;126
117;119;127
128;108;122
110;108;129
110;129;112
128;129;108
125;112;130
125;130;127
130;112;131
131;112;129
132;133;134
135;134;133
118;136;114
117;136;118
115;114;136
117;127;137
117;137;136
138;139;132
133;132;139
140;138;141
140;139;138
142;143;144
116;145;146
115;145;116
146;147;148
147;146;145
149;150;151
148;152;149
147;152;148
150;149;152
151;153;144
150;153;151
142;144;153
115;136;154
115;154;145
247;255;249
247;248;255
256;248;254
256;255;248
121;249;257
257;249;255
253;258;250
250;258;252
252;258;251
258;259;251
259;254;251
372;377;380
372;380;374
375;374;381
381;374;380
381;382;375
253;375;382
253;382;258
259;260;254
256;254;260
380;377;383
378;384;377
383;377;384
385;386;379
378;379;386
378;386;384
387;388;385
388;386;385
120;261;124
121;261;120
121;257;261
389;390;391
155;135;156
133;156;135
157;155;158
158;155;156
159;160;157
159;157;158
123;161;122
123;124;161
128;122;161
124;162;161
162;124;261
128;163;129
128;161;163
131;129;163
137;127;164
164;127;130
131;165;130
131;163;165
164;130;165
143;166;141
142;166;143
140;141;166
139;167;133
133;167;156
168;169;170
154;136;171
171;136;137
164;172;137
164;165;172
171;137;172
140;166;173
140;173;139
167;139;173
142;153;174
142;174;166
175;173;166
175;166;174
176;145;154
147;145;177
147;177;152
177;145;176
150;152;178
150;178;153
178;152;179
179;152;177
174;153;180
180;153;178
171;181;154
171;172;181
176;154;181
262;263;264
257;255;265
255;256;265
256;260;265
266;261;257
266;257;265
382;267;258
259;258;267
259;267;260
260;267;268
268;265;260
383;392;380
381;380;392
381;392;382
269;382;392
269;267;382
384;386;393
393;394;384
383;384;394
383;394;392
390;395;387
389;395;390
388;387;395
388;395;396
388;396;386
393;386;396
397;398;391
389;391;398
389;398;399
389;399;395
396;395;400
400;395;399
162;261;270
266;270;261
401;398;397
402;401;397
169;271;262
168;271;169
263;262;271
158;156;182
167;182;156
160;183;170
159;183;160
168;170;183
159;158;184
159;184;183
182;184;158
272;273;274
161;275;163
162;275;161
162;270;275
163;185;165
185;163;275
165;276;172
185;276;165
186;167;173
186;182;167
168;183;277
168;277;271
278;271;277
172;187;181
187;172;276
175;188;173
186;173;188
180;189;174
174;189;175
175;189;188
176;190;177
176;181;190
179;177;190
179;191;178
179;190;191
178;191;180
180;191;189
192;190;181
192;181;187
264;279;272
263;279;264
273;272;279
263;271;280
263;280;279
280;271;278
281;265;268
266;282;270
266;265;282
281;282;265
283;282;281
269;284;267
284;268;267
268;284;285
281;268;285
281;285;283
394;403;392
269;392;403
269;403;284
400;404;396
393;396;404
393;404;394
404;405;394
405;403;394
406;399;398
401;407;398
406;398;407
408;409;402
401;402;409
401;409;407
410;408;411
410;409;408
406;412;399
400;399;412
400;412;404
536;537;538
270;286;275
270;282;286
537;413;411
536;413;537
410;411;413
287;288;289
274;290;287
273;290;274
288;287;290
289;291;292
288;291;289
184;182;193
186;193;182
186;188;193
277;183;194
194;183;184
194;184;193
293;279;280
273;279;294
273;294;290
293;294;279
185;275;295
185;295;276
295;275;286
276;296;187
276;295;296
194;297;277
194;193;297
277;297;278
278;298;280
278;297;298
280;298;293
192;187;299
299;187;296
297;193;300
188;189;301
188;301;193
300;193;301
195;189;191
195;301;189
190;302;191
192;302;190
195;191;302
192;299;302
303;286;282
283;303;282
304;283;285
283;304;303
284;403;305
305;285;284
306;285;305
304;285;306
405;414;403
414;305;403
412;415;404
405;404;415
405;415;414
407;416;406
406;416;412
407;409;417
417;416;407
410;413;418
410;418;409
417;409;418
419;412;416
419;415;412
539;540;541
540;542;538
539;542;540
536;538;542
536;542;420
536;420;413
421;418;413
421;413;420
286;307;295
307;286;303
308;309;310
292;311;308
311;292;291
311;309;308
288;290;312
288;312;291
311;291;313
311;313;309
313;291;314
314;291;312
310;315;316
315;310;309
317;312;290
317;290;294
293;318;294
293;298;318
294;318;317
319;295;307
296;295;319
296;320;299
320;296;319
298;297;321
300;321;297
322;318;298
322;298;321
299;323;302
323;299;320
300;324;321
300;301;324
195;302;325
195;325;301
323;325;302
324;301;325
303;326;307
304;326;303
304;306;326
305;414;422
306;305;422
306;422;326
414;415;423
423;422;414
421;424;418
417;418;424
417;424;416
419;425;415
425;423;415
416;424;426
419;416;426
419;426;425
543;544;545
544;546;541
543;546;544
539;541;546
539;546;547
539;547;542
420;542;548
548;542;547
548;427;420
421;420;427
421;427;424
307;327;319
307;326;327
316;328;329
315;328;316
315;309;330
315;330;328
330;309;331
331;309;313
317;332;312
317;318;332
314;312;332
314;333;313
314;332;333
331;313;333
329;334;335
334;329;328
336;337;338
335;339;336
334;339;335
337;336;339
318;340;332
322;340;318
341;319;327
320;319;341
342;323;320
342;320;341
322;321;343
322;343;340
321;324;343
323;344;325
342;344;323
345;343;324
345;325;344
324;325;345
428;326;422
428;327;326
429;422;423
429;428;422
423;425;430
429;423;430
427;431;424
426;424;431
431;432;426
425;426;432
432;430;425
549;550;545
543;545;550
543;550;551
543;551;546
552;547;546
552;546;551
552;553;547
548;547;553
548;553;427
433;427;553
433;431;427
346;341;327
346;327;434
428;434;327
334;328;347
334;347;339
347;328;348
348;328;330
331;349;330
331;333;349
348;330;349
332;350;333
350;332;340
333;351;349
351;333;350
352;435;436
338;437;352
337;437;338
435;352;437
337;339;353
337;353;437
353;339;354
354;339;347
340;355;350
340;343;355
342;356;344
342;341;356
346;356;341
357;343;345
355;343;357
344;358;345
357;345;358
358;344;356
350;359;351
359;350;355
554;555;549
555;550;549
556;557;558
558;559;554
557;559;558
555;554;559
429;430;438
429;438;428
428;438;434
430;432;439
430;439;438
433;440;431
431;440;432
432;440;439
555;559;560
555;560;550
561;551;550
561;550;560
561;562;551
552;551;562
552;562;553
553;562;441
433;553;441
433;441;440
563;564;565
346;442;356
346;434;442
443;434;438
443;442;434
348;360;347
348;349;360
347;360;354
361;360;349
361;349;351
361;351;362
362;351;359
444;445;446
436;447;444
435;447;436
445;444;447
435;437;448
435;448;447
448;437;449
449;437;353
354;450;353
354;360;450
353;450;449
355;363;359
355;357;363
358;356;364
364;356;442
365;357;358
365;363;357
365;358;364
451;364;442
359;452;362
452;359;363
566;567;568
568;569;556
567;569;568
557;556;569
560;559;570
557;569;571
557;571;559
570;559;571
439;453;438
443;438;453
454;439;440
454;453;439
455;440;441
455;454;440
570;572;560
560;572;561
561;572;562
572;573;562
573;441;562
573;574;441
455;441;574
575;565;576
563;565;575
564;577;566
563;577;564
567;566;577
563;575;578
563;578;577
576;705;579
575;576;579
580;705;706
580;579;705
443;453;456
443;456;442
451;442;456
360;457;450
361;457;360
361;362;457
362;458;457
362;452;458
459;460;461
446;462;459
445;462;446
460;459;462
445;447;463
445;463;462
463;447;464
464;447;448
449;465;448
449;450;465
464;448;465
450;466;465
466;450;457
467;468;469
461;470;467
460;470;461
468;467;470
363;471;452
365;471;363
365;364;471
364;451;471
472;451;456
452;473;458
452;471;473
471;474;473
474;471;451
472;474;451
567;577;581
567;581;569
571;569;582
582;569;581
582;583;571
570;571;583
570;583;572
453;454;475
453;475;456
455;574;476
455;476;454
476;475;454
583;584;572
573;572;584
573;584;574
585;574;584
585;476;574
579;586;575
575;586;578
581;577;587
578;587;577
588;578;586
588;587;578
707;708;709
708;710;706
707;710;708
580;706;710
580;710;589
580;589;579
579;589;586
475;477;456
472;456;477
469;478;479
468;478;469
466;457;480
480;457;458
458;481;480
481;458;473
460;462;482
460;482;470
482;462;483
483;462;463
464;484;463
464;465;484
463;484;483
465;485;484
466;485;465
466;480;485
468;470;486
468;486;478
486;470;487
487;470;482
479;488;489
488;479;478
489;490;491
488;490;489
492;491;490
491;492;493
492;494;493
493;494;495
472;496;474
472;477;496
473;497;481
497;473;474
474;496;497
587;590;581
582;581;590
582;590;583
591;583;590
591;584;583
498;475;476
475;498;477
592;498;476
592;476;585
591;593;584
585;584;593
585;593;592
711;712;713
712;714;709
711;714;712
707;709;714
594;586;589
586;594;588
587;595;590
588;595;587
588;594;595
707;714;715
707;715;710
716;589;710
716;710;715
716;596;589
589;596;594
499;496;477
500;477;498
499;477;500
488;478;501
488;501;490
501;478;502
502;478;486
503;497;496
499;503;496
480;504;485
480;481;504
481;505;504
505;481;497
497;503;505
483;506;482
483;484;506
482;506;487
484;507;506
507;484;485
507;485;508
508;485;504
487;509;486
487;506;509
502;486;509
492;490;510
492;510;494
510;490;511
511;490;501
512;494;510
513;495;494
513;494;514
512;514;494
495;513;515
597;500;498
717;718;719
719;720;713
718;720;719
711;713;720
595;598;590
591;590;598
591;598;593
592;593;599
592;599;498
597;498;599
593;598;600
600;599;593
711;720;721
711;721;714
722;715;714
722;714;721
722;723;715
715;723;716
716;723;596
596;601;594
594;601;595
595;601;598
602;596;723
596;602;601
499;516;503
499;500;516
597;603;500
603;516;500
502;517;501
502;509;517
501;517;511
511;518;510
511;517;518
512;510;518
505;503;519
516;519;503
504;520;508
504;505;520
505;519;520
506;521;509
507;521;506
507;508;521
522;521;508
522;508;520
523;517;509
523;509;521
512;524;514
512;518;524
525;514;524
604;605;606
515;526;527
513;526;515
513;514;526
525;526;514
528;607;604
605;604;607
529;526;525
527;530;528
530;527;526
530;607;528
530;526;529
530;529;607
597;599;608
597;608;603
609;603;608
724;725;726
726;727;717
725;727;726
718;717;727
718;727;728
718;728;720
721;720;729
729;720;728
730;731;732
732;733;724
731;733;732
725;724;733
601;610;598
600;598;610
600;610;611
600;611;599
608;599;611
729;734;721
721;734;722
722;734;723
723;734;612
602;723;612
602;612;613
602;613;601
610;601;613
614;519;516
516;603;614
609;614;603
517;531;518
523;531;517
532;524;518
532;518;531
519;533;520
519;614;533
522;520;534
534;520;533
523;521;535
523;535;531
522;535;521
522;534;535
606;615;616
605;615;606
616;617;618
617;616;615
605;607;619
605;619;615
619;607;620
620;607;529
525;621;529
525;524;621
529;621;620
524;622;621
532;622;524
618;623;624
617;623;618
625;615;619
608;611;626
626;609;608
627;609;626
627;628;609
628;614;609
725;733;735
725;735;727
736;728;727
736;727;735
736;737;728
729;728;737
729;737;734
738;739;740
740;741;730
739;741;740
731;730;741
731;741;742
731;742;733
735;733;743
743;733;742
613;629;610
629;611;610
629;630;611
630;626;611
734;737;744
612;734;744
744;631;612
612;631;613
629;613;631
632;533;614
628;632;614
532;531;633
532;633;622
531;535;633
533;634;534
632;634;533
635;535;534
535;635;633
635;534;634
636;624;623
636;637;624
617;615;638
617;638;623
638;615;625
639;640;641
620;642;619
620;621;642
625;619;642
621;643;642
643;621;622
622;644;643
622;633;644
636;623;645
645;623;646
646;623;638
625;647;638
625;642;647
638;647;646
626;630;648
627;626;648
627;648;649
628;649;632
628;627;649
745;746;747
746;748;738
745;748;746
739;738;748
749;750;883
750;751;747
749;751;750
745;747;751
743;752;735
735;752;736
736;752;737
753;737;752
753;744;737
739;748;754
739;754;741
742;741;755
755;741;754
755;756;742
742;756;743
743;756;752
631;650;629
630;629;650
630;650;651
648;630;651
753;757;744
744;757;631
631;757;650
884;885;886
885;887;883
884;887;885
749;883;887
634;632;652
649;652;632
633;653;644
653;633;635
654;635;634
654;634;652
654;653;635
637;655;639
636;655;637
640;639;655
636;645;655
656;655;645
657;658;659
640;655;660
655;656;660
641;661;657
640;661;641
658;657;661
640;660;661
662;644;653
642;663;647
643;663;642
643;644;663
664;663;644
664;644;662
646;665;645
646;647;665
656;645;665
647;666;665
666;647;663
648;651;667
649;648;667
649;667;652
668;652;667
745;751;758
745;758;748
754;748;759
759;748;758
749;887;760
749;760;751
751;761;758
761;751;760
756;762;752
753;752;762
753;762;757
759;763;754
754;763;755
755;763;756
764;756;763
764;762;756
650;757;765
765;651;650
651;765;669
669;667;651
757;762;766
766;765;757
888;889;890
890;891;886
889;891;890
884;886;891
884;891;892
884;892;887
767;760;887
767;887;892
893;894;888
889;888;894
895;894;893
896;895;893
662;653;670
654;670;653
654;652;670
668;670;652
671;672;673
659;674;671
658;674;659
672;671;674
656;675;660
656;665;675
658;661;676
658;676;674
676;661;677
677;661;660
677;660;675
662;678;664
662;670;678
666;663;679
664;679;663
664;678;679
665;680;675
665;666;680
666;679;680
669;681;667
668;667;681
668;682;670
668;681;682
761;768;758
758;768;759
759;768;763
767;769;760
761;760;769
761;769;768
764;770;762
770;766;762
763;768;771
764;763;771
771;770;764
771;768;772
765;766;773
773;669;765
774;669;773
774;681;669
766;770;775
775;773;766
889;894;897
889;897;891
892;891;898
898;891;897
898;899;892
767;892;899
767;899;769
897;894;900
895;901;894
900;894;901
902;903;896
895;896;903
895;903;901
904;905;902
905;903;902
906;907;908
908;909;904
907;909;908
905;904;909
678;670;683
683;670;682
684;685;686
673;687;684
672;687;673
685;684;687
672;674;688
672;688;687
688;674;689
689;674;676
776;777;690
686;691;690
685;691;686
776;690;691
677;692;676
677;675;692
676;692;689
675;680;692
693;692;680
694;679;678
678;683;694
693;680;695
695;680;679
695;679;694
910;911;912
911;913;906
910;913;911
907;906;913
912;914;915
910;912;915
778;683;682
774;779;681
682;779;778
681;779;682
899;780;769
769;780;768
772;768;780
772;781;771
771;781;770
781;775;770
772;780;782
782;781;772
775;783;773
774;773;783
774;783;779
784;775;781
784;783;775
900;916;897
898;897;916
898;916;899
785;899;916
899;785;780
901;917;900
900;917;916
901;903;918
918;917;901
905;909;919
905;919;903
918;903;919
907;913;920
907;920;909
919;909;921
921;909;920
777;786;787
776;786;777
787;788;789
788;787;786
696;694;683
696;683;778
790;696;778
685;687;697
685;697;691
697;687;698
698;687;688
689;699;688
689;692;699
688;699;698
776;691;791
776;791;786
791;691;792
792;691;697
699;692;700
700;692;693
693;701;700
693;695;701
695;702;701
702;695;694
694;696;702
793;794;795
789;796;793
788;796;789
794;793;796
797;786;791
788;786;798
788;798;796
798;786;797
795;799;800
794;799;795
920;913;922
910;915;923
910;923;913
922;913;923
924;925;914
915;914;925
926;924;927
926;925;924
925;928;915
923;915;928
801;778;779
790;778;801
802;779;783
802;801;779
785;803;780
782;780;803
782;803;804
782;804;781
784;781;804
784;804;805
784;805;783
802;783;805
917;929;916
785;916;929
785;929;803
930;803;929
931;929;917
921;932;919
919;932;918
918;932;917
931;917;932
922;933;920
920;933;921
921;933;932
806;702;696
790;806;696
790;807;806
790;801;807
698;703;697
698;699;703
792;697;703
704;703;699
704;699;700
792;808;791
792;703;808
791;808;797
700;809;704
700;701;809
701;810;809
810;701;702
702;806;810
800;811;812
811;800;799
794;796;813
794;813;799
813;796;814
814;796;798
797;815;798
797;808;815
814;798;815
816;817;818
812;819;816
811;819;812
817;816;819
811;799;820
811;820;819
820;799;821
821;799;813
822;823;824
818;825;822
817;825;818
823;822;825
923;928;934
922;923;934
922;934;933
928;935;934
1061;1062;1063
926;936;925
925;936;928
935;928;936
1062;937;927
1061;937;1062
926;927;937
926;937;936
1064;1065;1066
1065;1067;1063
1064;1067;1065
1061;1063;1067
802;805;826
802;826;801
801;826;807
930;827;803
804;803;827
827;805;804
805;827;828
828;826;805
938;827;930
931;939;929
930;929;939
930;939;938
932;933;940
931;932;940
940;939;931
941;940;933
934;942;933
942;941;933
829;807;826
830;810;806
806;807;830
807;829;830
703;831;808
704;831;703
704;809;831
832;815;808
832;808;831
809;833;831
809;810;833
834;833;810
834;810;830
814;835;813
814;815;835
821;813;835
835;815;836
832;836;815
817;819;837
817;837;825
838;837;819
838;819;820
821;839;820
821;835;839
820;839;838
840;841;842
824;843;840
823;843;824
841;840;843
823;825;844
823;844;843
844;825;845
845;825;837
935;943;934
942;934;943
935;936;944
935;944;943
1061;1067;945
1061;945;937
946;936;937
946;937;945
946;944;936
1068;1069;1070
1070;1071;1066
1069;1071;1070
1064;1066;1071
1064;1071;1072
1064;1072;1067
1073;945;1067
1073;1067;1072
1074;1075;1068
1069;1068;1075
1076;1075;1074
1076;1074;1077
846;826;828
846;829;826
847;846;828
938;848;827
848;828;827
847;828;848
938;939;947
938;947;848
941;948;940
940;948;939
948;947;939
942;943;949
942;949;941
941;949;948
842;849;850
841;849;842
850;851;852
851;850;849
852;853;854
851;853;852
855;829;846
834;830;856
856;830;829
855;856;829
832;831;857
832;857;836
833;857;831
833;858;857
834;858;833
834;856;858
836;857;859
839;835;860
860;835;836
836;859;860
838;861;837
838;839;861
845;837;861
862;861;839
862;839;860
841;843;863
841;863;849
864;863;843
864;843;844
854;950;951
950;854;853
845;865;844
845;861;865
864;844;865
949;943;952
944;953;943
953;952;943
1073;954;945
946;945;954
946;954;944
944;954;953
1069;1075;1078
1069;1078;1071
1072;1071;1079
1079;1071;1078
1079;1080;1072
1073;1072;1080
1073;1080;954
1078;1075;1081
1076;1082;1075
1082;1081;1075
1083;1084;1077
1076;1077;1084
1076;1084;1082
1085;1083;1086
1085;1084;1083
855;846;866
847;866;846
848;947;955
847;848;955
847;955;866
949;952;956
949;956;948
947;948;956
947;956;955
957;956;952
867;849;863
851;849;868
851;868;853
868;849;867
958;959;960
951;961;958
950;961;951
959;958;961
950;853;962
950;962;961
962;853;869
869;853;868
855;870;856
855;866;870
871;858;856
870;871;856
858;872;857
859;857;872
872;858;871
873;859;872
862;860;874
860;859;874
873;874;859
861;875;865
862;875;861
862;874;875
864;876;863
864;865;876
867;863;876
877;876;865
877;865;875
960;963;964
959;963;960
965;964;963
966;952;953
952;966;957
954;1080;967
953;954;967
967;966;953
1087;1088;1089
1088;1090;1086
1087;1090;1088
1085;1086;1090
1081;1091;1078
1078;1091;1079
1079;1091;1080
1092;1080;1091
1092;967;1080
1093;1094;1095
1095;1096;1089
1094;1096;1095
1087;1089;1096
1081;1082;1097
1081;1097;1091
1082;1084;1098
1098;1097;1082
1085;1090;1099
1085;1099;1084
1098;1084;1099
866;955;968
866;968;870
957;969;956
969;955;956
969;968;955
966;970;957
971;969;957
971;957;970
867;878;868
867;876;878
869;868;878
959;961;972
959;972;963
972;961;973
973;961;962
869;974;962
869;878;974
973;962;974
870;879;871
879;870;968
975;879;968
871;880;872
873;872;880
879;880;871
873;881;874
873;880;881
875;882;877
875;874;882
881;882;874
876;976;878
877;976;876
877;882;976
977;978;979
980;963;972
965;963;981
981;963;980
978;977;982
965;981;982
964;965;983
983;982;977
965;982;983
979;984;985
978;984;979
985;986;987
986;985;984
1092;988;967
967;988;966
966;988;970
1087;1096;1100
1087;1100;1090
1101;1099;1090
1101;1090;1100
1097;1102;1091
1092;1091;1102
1092;1102;988
1103;1102;1097
989;970;988
1104;1105;1093
1094;1093;1105
1106;1104;1107
1106;1105;1104
1094;1105;1108
1094;1108;1096
1100;1096;1109
1109;1096;1108
1101;1110;1099
1098;1099;1110
1098;1110;1097
1103;1097;1110
1236;1111;1107
1106;1107;1111
1237;1111;1236
1237;1236;1238
971;990;969
969;990;968
975;968;990
970;989;991
971;970;991
971;991;990
974;878;992
992;878;976
973;993;972
973;974;993
980;972;993
994;993;974
994;974;992
879;995;880
975;995;879
975;990;995
996;881;880
996;880;995
882;881;997
881;996;997
976;998;992
976;882;998
998;882;997
978;982;999
978;999;984
999;982;1000
1000;982;981
980;1001;981
980;993;1001
981;1001;1000
987;1002;1003
986;1002;987
1004;984;999
1003;1005;1006
1005;1003;1002
1006;1007;1008
1005;1007;1006
1009;1010;1008
1009;1008;1007
986;984;1011
986;1011;1002
1011;984;1004
1112;988;1102
1112;989;988
1109;1113;1100
1101;1100;1113
1101;1113;1110
1110;1113;1114
1103;1110;1114
1103;1114;1115
1103;1115;1102
1115;1112;1102
1012;991;989
1013;989;1112
1013;1012;989
1108;1105;1116
1106;1111;1117
1106;1117;1105
1116;1105;1117
1116;1118;1108
1109;1108;1118
1109;1118;1113
1117;1111;1119
1237;1120;1111
1119;1111;1120
1239;1240;1238
1237;1238;1240
1237;1240;1120
1241;1242;1239
1242;1240;1239
991;1012;1014
991;1014;990
990;1014;995
994;992;1015
992;998;1015
993;1016;1001
994;1016;993
994;1015;1016
1017;996;995
1017;995;1014
997;996;1018
996;1017;1018
998;1019;1015
998;997;1019
997;1018;1019
1020;1014;1012
1000;1021;999
1000;1001;1021
999;1021;1004
1001;1022;1021
1022;1001;1016
1005;1002;1023
1005;1023;1007
1023;1002;1024
1024;1002;1011
1004;1025;1011
1004;1021;1025
1011;1025;1024
1009;1007;1026
1027;1026;1007
1027;1007;1023
1010;1028;1029
1009;1028;1010
1009;1026;1028
1030;1031;1029
1030;1029;1028
1115;1121;1112
1013;1112;1121
1113;1118;1122
1114;1113;1122
1122;1123;1114
1114;1123;1115
1123;1121;1115
1013;1121;1032
1013;1032;1012
1020;1012;1032
1119;1124;1117
1116;1117;1124
1116;1124;1118
1118;1124;1125
1125;1122;1118
1120;1126;1119
1119;1126;1124
1243;1120;1240
1120;1243;1126
1244;1245;1246
1246;1247;1241
1245;1247;1246
1242;1241;1247
1242;1247;1248
1242;1248;1240
1243;1240;1248
1033;1017;1014
1020;1033;1014
1015;1034;1016
1015;1019;1034
1022;1016;1035
1035;1016;1034
1033;1036;1017
1018;1017;1036
1019;1037;1034
1019;1018;1037
1018;1036;1037
1020;1032;1038
1020;1038;1033
1021;1039;1025
1022;1039;1021
1022;1035;1039
1024;1040;1023
1024;1025;1040
1027;1023;1040
1025;1041;1040
1041;1025;1039
1031;1042;1043
1030;1042;1031
1044;1043;1045
1045;1043;1042
1127;1044;1045
1046;1028;1026
1030;1028;1047
1030;1047;1042
1046;1047;1028
1027;1048;1026
1027;1040;1048
1026;1048;1046
1127;1128;1044
1121;1123;1129
1121;1129;1032
1125;1130;1122
1122;1130;1123
1123;1130;1129
1129;1131;1032
1038;1032;1131
1126;1132;1124
1125;1124;1132
1125;1132;1130
1133;1132;1126
1249;1250;1244
1245;1244;1250
1251;1249;1252
1251;1250;1249
1243;1248;1253
1243;1253;1126
1253;1133;1126
1245;1250;1254
1245;1254;1247
1248;1247;1255
1255;1247;1254
1255;1253;1248
1252;1256;1257
1251;1252;1257
1128;1134;1135
1127;1134;1128
1036;1033;1049
1038;1049;1033
1050;1039;1035
1035;1034;1051
1034;1037;1051
1050;1035;1051
1037;1052;1051
1037;1036;1052
1049;1052;1036
1131;1136;1038
1049;1038;1136
1041;1039;1053
1050;1053;1039
1040;1054;1048
1041;1054;1040
1041;1053;1054
1055;1054;1053
1127;1045;1137
1127;1137;1134
1042;1056;1045
1042;1047;1056
1137;1045;1056
1046;1057;1047
1046;1048;1057
1138;1047;1057
1138;1056;1047
1057;1048;1058
1058;1048;1054
1054;1055;1058
1135;1139;1140
1139;1135;1134
1140;1141;1142
1139;1141;1140
1142;1143;1144
1143;1142;1141
1145;1129;1130
1129;1145;1131
1146;1130;1132
1146;1145;1130
1147;1131;1145
1147;1136;1131
1258;1259;1256
1257;1256;1259
1260;1258;1261
1260;1259;1258
1133;1148;1132
1146;1132;1148
1133;1253;1149
1133;1149;1148
1262;1254;1250
1257;1263;1251
1251;1263;1250
1262;1250;1263
1262;1264;1254
1254;1264;1255
1255;1264;1253
1253;1264;1149
1259;1265;1257
1263;1257;1265
1139;1134;1150
1139;1150;1141
1151;1150;1134
1151;1134;1137
1152;1052;1049
1152;1049;1136
1050;1059;1053
1050;1051;1059
1051;1052;1060
1059;1051;1060
1152;1060;1052
1153;1152;1136
1154;1136;1147
1153;1136;1154
1059;1155;1053
1055;1053;1155
1156;1055;1155
1157;1058;1055
1156;1157;1055
1137;1056;1158
1056;1138;1158
1137;1158;1151
1138;1057;1159
1057;1058;1159
1138;1159;1158
1058;1157;1159
1160;1141;1150
1143;1141;1161
1161;1141;1160
1144;1162;1163
1143;1162;1144
1143;1161;1162
1163;1164;1165
1164;1163;1162
1166;1167;1168
1164;1162;1169
1170;1147;1145
1146;1148;1171
1146;1171;1145
1170;1145;1171
1170;1172;1147
1154;1147;1172
1266;1267;1268
1267;1269;1261
1266;1269;1267
1260;1261;1269
1260;1269;1270
1260;1270;1259
1265;1259;1270
1148;1149;1173
1148;1173;1171
1271;1149;1264
1271;1173;1149
1263;1265;1272
1262;1263;1272
1262;1272;1264
1272;1273;1264
1273;1271;1264
1274;1265;1270
1274;1272;1265
1275;1276;1277
1276;1278;1268
1275;1278;1276
1266;1268;1278
1412;1413;1414
1151;1174;1150
1151;1158;1174
1150;1174;1160
1175;1060;1152
1153;1175;1152
1155;1059;1176
1060;1176;1059
1175;1176;1060
1177;1175;1153
1177;1153;1154
1154;1172;1178
1177;1154;1178
1179;1159;1157
1155;1176;1180
1156;1155;1180
1179;1157;1181
1156;1181;1157
1156;1180;1181
1158;1182;1174
1158;1159;1182
1179;1182;1159
1160;1183;1161
1160;1174;1183
1169;1162;1184
1184;1162;1161
1161;1183;1184
1165;1185;1166
1164;1185;1165
1167;1166;1185
1164;1169;1185
1168;1186;1187
1167;1186;1168
1167;1185;1188
1167;1188;1186
1188;1185;1189
1189;1185;1169
1190;1187;1186
1187;1190;1191
1191;1192;1193
1190;1192;1191
1194;1193;1192
1184;1195;1169
1184;1183;1195
1169;1195;1189
1171;1173;1196
1170;1171;1196
1170;1196;1172
1197;1172;1196
1197;1178;1172
1415;1279;1280
1280;1281;1277
1279;1281;1280
1275;1277;1281
1266;1278;1282
1266;1282;1269
1283;1270;1269
1283;1269;1282
1283;1284;1270
1274;1270;1284
1273;1285;1271
1271;1285;1173
1173;1285;1196
1284;1286;1274
1274;1286;1272
1273;1272;1286
1273;1286;1285
1275;1281;1287
1275;1287;1278
1288;1282;1278
1288;1278;1287
1414;1416;1417
1412;1414;1417
1413;1418;1415
1412;1418;1413
1279;1415;1418
1412;1417;1419
1412;1419;1418
1198;1178;1197
1174;1199;1183
1199;1174;1182
1200;1195;1183
1200;1183;1199
1176;1201;1180
1175;1201;1176
1177;1178;1201
1177;1201;1175
1202;1180;1201
1198;1203;1178
1178;1203;1201
1416;1420;1421
1417;1416;1421
1422;1420;1423
1422;1421;1420
1424;1425;1423
1422;1423;1425
1426;1427;1424
1427;1425;1424
1182;1204;1199
1179;1204;1182
1179;1181;1204
1181;1205;1204
1181;1180;1205
1202;1205;1180
1193;1194;1206
1206;1207;1208
1194;1207;1206
1190;1186;1209
1190;1209;1192
1189;1210;1188
1189;1195;1210
1209;1186;1211
1211;1186;1188
1211;1188;1210
1211;1212;1209
1211;1210;1212
1194;1192;1213
1194;1213;1207
1213;1192;1214
1214;1192;1209
1214;1209;1212
1195;1215;1210
1200;1215;1195
1210;1216;1212
1216;1210;1215
1289;1196;1285
1196;1289;1197
1217;1197;1289
1198;1197;1217
1279;1418;1290
1279;1290;1281
1291;1287;1281
1291;1281;1290
1288;1292;1282
1283;1282;1292
1283;1292;1284
1284;1292;1293
1293;1286;1284
1294;1285;1286
1294;1289;1285
1293;1295;1286
1295;1294;1286
1291;1296;1287
1288;1287;1296
1288;1296;1292
1421;1428;1417
1417;1428;1419
1290;1418;1297
1419;1297;1418
1429;1419;1428
1419;1429;1297
1217;1218;1198
1198;1218;1203
1200;1199;1219
1200;1219;1215
1199;1204;1219
1202;1201;1220
1220;1201;1203
1202;1221;1205
1202;1220;1221
1218;1222;1203
1220;1203;1222
1430;1431;1432
1433;1432;1434
1430;1432;1433
1431;1435;1426
1430;1435;1431
1427;1426;1435
1422;1425;1436
1422;1436;1421
1421;1436;1428
1437;1436;1425
1427;1435;1438
1427;1438;1425
1437;1425;1438
1223;1219;1204
1223;1204;1205
1205;1221;1223
1224;1208;1207
1208;1224;1225
1439;1440;1434
1433;1434;1440
1441;1439;1442
1441;1440;1439
1443;1444;1445
1444;1446;1442
1443;1446;1444
1441;1442;1446
1447;1445;1448
1443;1445;1447
1226;1298;1299
1224;1207;1227
1227;1207;1228
1228;1207;1213
1214;1229;1213
1214;1212;1229
1213;1229;1228
1212;1230;1229
1216;1230;1212
1449;1450;1448
1447;1448;1450
1215;1231;1216
1216;1231;1230
1215;1219;1231
1289;1294;1300
1217;1289;1300
1217;1300;1218
1290;1297;1301
1291;1290;1301
1291;1301;1296
1296;1302;1292
1293;1292;1302
1293;1302;1295
1295;1302;1303
1295;1303;1294
1294;1303;1300
1304;1296;1301
1304;1302;1296
1428;1436;1451
1429;1428;1451
1297;1305;1301
1429;1305;1297
1429;1451;1305
1306;1218;1300
1218;1306;1222
1232;1219;1223
1219;1232;1231
1233;1221;1220
1222;1233;1220
1223;1234;1232
1234;1223;1221
1221;1233;1234
1307;1233;1222
1308;1222;1306
1307;1222;1308
1430;1433;1452
1430;1452;1435
1440;1453;1433
1452;1433;1453
1454;1438;1435
1454;1435;1452
1437;1455;1436
1436;1455;1451
1454;1456;1438
1438;1456;1437
1437;1456;1455
1225;1235;1226
1224;1235;1225
1298;1226;1235
1224;1227;1235
1309;1235;1227
1298;1235;1310
1310;1235;1309
1311;1231;1232
1312;1230;1231
1312;1231;1311
1441;1446;1457
1441;1457;1440
1440;1457;1453
1443;1447;1458
1443;1458;1446
1459;1457;1446
1459;1446;1458
1447;1450;1460
1458;1447;1460
1461;1450;1449
1461;1449;1591
1299;1313;1314
1298;1313;1299
1298;1310;1313
1314;1315;1316
1315;1314;1313
1228;1317;1227
1228;1229;1317
1309;1227;1317
1229;1318;1317
1318;1229;1230
1230;1319;1318
1312;1319;1230
1461;1462;1450
1450;1462;1460
1591;1592;1593
1461;1591;1593
1461;1593;1462
1320;1300;1303
1300;1320;1306
1305;1321;1301
1304;1301;1321
1304;1321;1322
1304;1322;1302
1303;1302;1322
1303;1322;1320
1451;1455;1463
1451;1463;1305
1305;1463;1321
1323;1306;1320
1308;1306;1323
1324;1232;1234
1311;1232;1324
1234;1325;1324
1233;1325;1234
1307;1325;1233
1308;1323;1326
1308;1326;1307
1307;1326;1325
1464;1453;1457
1452;1453;1465
1453;1464;1465
1454;1452;1465
1454;1465;1456
1455;1456;1466
1455;1466;1463
1465;1467;1456
1456;1467;1466
1327;1313;1310
1309;1328;1310
1309;1317;1328
1327;1310;1328
1329;1311;1324
1312;1330;1319
1330;1312;1311
1329;1330;1311
1331;1319;1330
1592;1594;1595
1595;1593;1592
1594;1596;1597
1597;1595;1594
1459;1468;1457
1464;1457;1468
1460;1469;1458
1459;1458;1469
1459;1469;1468
1470;1460;1462
1470;1469;1460
1471;1470;1462
1315;1313;1332
1332;1313;1327
1316;1333;1334
1315;1333;1316
1315;1332;1333
1334;1335;1336
1335;1334;1333
1337;1333;1332
1335;1333;1338
1338;1333;1337
1317;1339;1328
1339;1317;1318
1318;1340;1339
1340;1318;1319
1319;1331;1340
1937;1938;1939
1937;1939;1940
1596;1598;1599
1597;1596;1599
1600;1601;1598
1601;1599;1598
1593;1595;1472
1593;1472;1462
1471;1462;1472
1473;1463;1466
1320;1322;1341
1320;1341;1323
1463;1342;1321
1321;1342;1322
1473;1342;1463
1341;1322;1342
1323;1341;1343
1326;1323;1343
1344;1324;1325
1329;1324;1344
1326;1343;1345
1345;1344;1325
1345;1325;1326
1464;1468;1474
1464;1474;1465
1467;1465;1474
1469;1475;1468
1468;1475;1474
1466;1467;1476
1473;1466;1476
1477;1467;1474
1477;1476;1467
1327;1346;1332
1327;1328;1346
1337;1332;1346
1347;1346;1328
1347;1328;1339
1330;1348;1331
1329;1348;1330
1329;1344;1348
1349;1348;1344
1331;1350;1340
1331;1348;1350
1339;1351;1347
1351;1339;1340
1340;1350;1351
1597;1599;1602
1597;1602;1595
1595;1602;1472
1603;1604;1600
1601;1600;1604
1605;1603;1606
1605;1604;1603
1601;1604;1607
1601;1607;1599
1472;1602;1478
1471;1472;1478
1470;1471;1479
1471;1478;1479
1470;1479;1469
1469;1479;1475
1608;1602;1599
1608;1599;1607
1352;1353;1354
1336;1355;1352
1335;1355;1336
1353;1352;1355
1335;1338;1355
1354;1356;1357
1353;1356;1354
1337;1358;1338
1337;1346;1358
1353;1355;1359
1353;1359;1356
1359;1355;1360
1360;1355;1338
1338;1358;1360
1361;1357;1356
1357;1361;1362
1363;1364;1365
1941;1940;1939
1942;1943;1940
1942;1940;1941
1476;1366;1473
1473;1366;1342
1341;1342;1367
1366;1367;1342
1343;1341;1367
1343;1367;1368
1368;1345;1343
1369;1345;1368
1369;1344;1345
1349;1344;1369
1480;1474;1475
1474;1480;1477
1481;1475;1479
1481;1480;1475
1477;1480;1482
1477;1482;1476
1476;1482;1366
1349;1369;1370
1346;1371;1358
1347;1371;1346
1347;1351;1371
1372;1348;1349
1370;1372;1349
1350;1348;1373
1373;1348;1372
1351;1374;1371
1374;1351;1350
1350;1373;1374
1608;1609;1602
1609;1478;1602
1610;1611;1612
1611;1613;1606
1610;1613;1611
1605;1606;1613
1614;1607;1604
1605;1613;1615
1605;1615;1604
1614;1604;1615
1614;1616;1607
1607;1616;1608
1608;1616;1609
1478;1609;1483
1478;1483;1479
1483;1484;1479
1481;1479;1484
1485;1484;1483
1617;1618;1612
1610;1612;1618
1619;1620;1617
1620;1618;1617
1362;1375;1363
1361;1375;1362
1364;1363;1375
1376;1356;1359
1361;1356;1377
1361;1377;1375
1377;1356;1376
1378;1358;1371
1360;1379;1359
1360;1358;1379
1376;1359;1379
1358;1378;1379
1380;1381;1382
1365;1383;1380
1364;1383;1365
1381;1380;1383
1364;1375;1384
1364;1384;1383
1944;1945;1943
1942;1944;1943
1942;1941;1946
1942;1946;1944
1947;1948;1945
1945;1944;1947
1949;1948;1947
1949;1950;1948
1385;1386;1387
1366;1482;1388
1368;1367;1388
1366;1388;1367
1389;1368;1388
1369;1368;1389
1370;1369;1389
1481;1484;1486
1481;1486;1480
1480;1486;1482
1487;1482;1486
1487;1388;1482
1370;1390;1372
1370;1389;1390
1378;1371;1391
1391;1371;1374
1392;1373;1372
1372;1390;1392
1374;1393;1391
1393;1374;1373
1373;1392;1393
1765;1621;1619
1620;1619;1621
1766;1765;1767
1766;1621;1765
1768;1769;1770
1769;1771;1767
1768;1771;1769
1766;1767;1771
1609;1616;1622
1609;1622;1483
1485;1483;1622
1610;1618;1623
1610;1623;1613
1615;1613;1624
1624;1613;1623
1624;1625;1615
1614;1615;1625
1614;1625;1616
1625;1626;1616
1626;1622;1616
1485;1488;1484
1484;1488;1486
1485;1622;1489
1485;1489;1488
1623;1618;1627
1620;1621;1628
1620;1628;1618
1627;1618;1628
1766;1771;1772
1766;1772;1621
1628;1621;1629
1629;1621;1772
1384;1375;1394
1394;1375;1377
1376;1395;1377
1376;1379;1395
1377;1395;1394
1379;1396;1395
1378;1396;1379
1378;1391;1396
1381;1383;1397
1382;1398;1385
1381;1398;1382
1386;1385;1398
1381;1397;1398
1394;1399;1384
1394;1395;1399
1397;1383;1400
1400;1383;1384
1400;1384;1399
1946;1951;1944
1944;1951;1947
1947;1951;1952
1949;1947;1952
1953;1954;1950
1950;1949;1953
1949;1952;1953
1955;1956;1954
1955;1954;1953
1956;1957;1958
1955;1957;1956
1959;1958;1960
1958;1957;1960
1961;1959;1960
1961;1962;1959
1387;1401;1402
1386;1401;1387
1402;1490;1491
1490;1402;1401
1386;1398;1403
1386;1403;1401
1403;1398;1404
1404;1398;1397
1400;1405;1397
1400;1399;1405
1397;1405;1404
1487;1492;1388
1389;1388;1492
1389;1492;1390
1486;1488;1493
1487;1486;1493
1487;1493;1492
1494;1390;1492
1406;1392;1390
1494;1406;1390
1391;1407;1396
1391;1393;1407
1393;1408;1407
1393;1392;1408
1406;1408;1392
1495;1493;1488
1491;1496;1497
1490;1496;1491
1497;1498;1499
1498;1497;1496
1499;1500;1501
1498;1500;1499
1773;1774;1775
1774;1776;1770
1773;1776;1774
1768;1770;1776
1777;1778;1779
1779;1780;1775
1778;1780;1779
1773;1775;1780
1781;1782;1777
1778;1777;1782
1783;1781;1784
1783;1782;1781
1768;1776;1785
1768;1785;1771
1772;1771;1786
1786;1771;1785
1626;1630;1622
1489;1622;1630
1627;1631;1623
1624;1623;1631
1624;1631;1625
1631;1632;1625
1626;1625;1632
1626;1632;1630
1489;1630;1502
1489;1502;1488
1502;1495;1488
1629;1633;1628
1627;1628;1633
1627;1633;1631
1786;1634;1772
1629;1772;1634
1629;1634;1633
1395;1409;1399
1409;1395;1396
1409;1396;1410
1410;1396;1407
1399;1411;1405
1409;1411;1399
1409;1410;1411
1952;1951;1963
1952;1963;1964
1953;1952;1964
1955;1953;1964
1955;1964;1957
1965;1960;1957
1965;1957;1964
1966;1960;1965
1961;1960;1967
1966;1967;1960
1962;1968;1969
1961;1968;1962
1961;1967;1968
1970;1971;1969
1970;1969;1968
1971;1972;1973
1971;1970;1972
1974;1975;1973
1974;1973;1972
1975;1976;1977
1974;1976;1975
1978;1977;1976
1977;1978;1979
1503;1401;1403
1490;1401;1504
1490;1504;1496
1503;1504;1401
1498;1496;1505
1498;1505;1500
1505;1496;1506
1506;1496;1504
1404;1507;1403
1404;1405;1507
1403;1507;1503
1405;1508;1507
1508;1405;1411
1635;1502;1630
1495;1509;1493
1493;1509;1492
1494;1492;1509
1510;1406;1494
1510;1494;1509
1408;1406;1511
1510;1511;1406
1407;1512;1410
1512;1407;1408
1408;1511;1512
1513;1509;1495
1502;1635;1514
1514;1495;1502
1495;1514;1513
1515;1410;1512
1516;1501;1500
1501;1516;1517
1516;1500;1518
1518;1500;1519
1519;1500;1505
1787;1788;1784
1783;1784;1788
1789;1790;1787
1790;1788;1787
1773;1780;1791
1773;1791;1776
1792;1785;1776
1792;1776;1791
1778;1782;1793
1778;1793;1780
1791;1780;1794
1794;1780;1793
1795;1793;1782
1783;1788;1796
1783;1796;1782
1795;1782;1796
1792;1797;1785
1786;1785;1797
1786;1797;1634
1636;1630;1632
1630;1636;1635
1633;1637;1631
1637;1632;1631
1632;1637;1636
1634;1638;1633
1638;1637;1633
1639;1634;1797
1639;1638;1634
1640;1635;1636
1798;1799;1800
1799;1801;1789
1798;1801;1799
1790;1789;1801
1508;1411;1520
1411;1410;1520
1520;1410;1515
1802;1803;1800
1798;1800;1803
1804;1802;1805
1804;1803;1802
1980;1964;1963
1964;1980;1981
1965;1964;1981
1966;1965;1981
1966;1981;1982
1966;1982;1967
1970;1968;1983
1970;1983;1972
1968;1967;1983
1967;1982;1983
1972;1984;1974
1974;1984;1976
1972;1983;1984
1985;1976;1984
1986;1987;1988
1978;1976;1989
1976;1985;1989
1979;1990;1988
1978;1990;1979
1986;1988;1990
1978;1989;1990
1987;1991;1992
1986;1991;1987
1993;1994;1992
1993;1992;1991
1995;1996;1997
1994;1998;1997
1993;1998;1994
1995;1997;1998
1999;2000;2001
1503;1521;1504
1503;1507;1521
1506;1504;1521
1506;1522;1505
1506;1521;1522
1519;1505;1522
1507;1523;1521
1523;1507;1508
1524;1523;1508
1524;1508;1520
1640;1525;1635
1525;1514;1635
1510;1526;1511
1510;1509;1526
1513;1526;1509
1515;1512;1527
1527;1512;1511
1527;1511;1526
1528;1526;1513
1514;1525;1529
1529;1513;1514
1528;1513;1529
1515;1527;1530
1524;1520;1531
1520;1515;1531
1531;1515;1530
1517;1532;1533
1516;1532;1517
1516;1518;1532
1534;1535;1533
1534;1533;1532
1535;1536;1537
1534;1536;1535
1538;1532;1518
1534;1532;1539
1534;1539;1536
1539;1532;1538
1519;1540;1518
1519;1522;1540
1518;1540;1538
1796;1788;1806
1790;1801;1807
1790;1807;1788
1806;1788;1807
1794;1808;1791
1792;1791;1808
1792;1808;1797
1795;1809;1793
1794;1793;1809
1794;1809;1808
1806;1810;1796
1796;1810;1795
1795;1810;1809
1808;1811;1797
1639;1797;1811
1638;1641;1637
1637;1641;1636
1636;1641;1640
1639;1811;1642
1639;1642;1638
1638;1642;1641
1643;1525;1640
1641;1642;1644
1641;1644;1640
1643;1640;1644
1812;1813;1814
1815;1816;1805
1804;1805;1816
1813;1817;1818
1812;1817;1813
1819;1815;1818
1819;1818;1817
1819;1816;1815
1798;1803;1820
1798;1820;1801
1807;1801;1821
1821;1801;1820
1820;1803;1822
1804;1816;1823
1804;1823;1803
1822;1803;1823
1981;1980;2002
1981;2002;2003
1982;1981;2003
1982;2003;1983
1983;2003;2004
1984;2004;1985
1984;1983;2004
1996;2005;2001
1995;2005;1996
1999;2001;2005
1985;2006;1989
1985;2004;2006
1986;1990;2007
1986;2007;1991
2007;1990;2008
1989;2006;2008
1989;2008;1990
1993;1991;2009
1993;2009;1998
1991;2007;2009
2010;2011;2012
1995;1998;2013
1995;2013;2005
2013;1998;2014
2009;2014;1998
2015;2005;2013
1999;2005;2016
2015;2016;2005
2000;2017;2018
1999;2017;2000
1999;2016;2017
2019;2020;2018
2019;2018;2017
2021;2022;2012
2010;2012;2022
2023;2021;2024
2023;2022;2021
2020;2025;2026
2019;2025;2020
2026;2027;2028
2027;2026;2025
2028;2029;2024
2027;2029;2028
2023;2024;2029
1522;1521;1541
1541;1521;1523
1542;1540;1522
1542;1522;1541
1523;1543;1541
1524;1543;1523
1524;1531;1543
1643;1645;1525
1525;1645;1529
1530;1527;1544
1527;1526;1544
1528;1544;1526
1529;1645;1545
1528;1529;1545
1528;1545;1544
1546;1530;1544
1543;1531;1547
1531;1530;1547
1546;1547;1530
1548;1549;1537
1548;1537;1536
1550;1536;1539
1549;1551;1552
1548;1551;1549
1548;1536;1553
1548;1553;1551
1550;1553;1536
1538;1554;1539
1538;1540;1554
1539;1554;1550
1540;1555;1554
1542;1555;1540
1821;1824;1807
1806;1807;1824
1806;1824;1810
1809;1825;1808
1811;1808;1825
1826;1809;1810
1826;1825;1809
1810;1824;1827
1826;1810;1827
1825;1828;1811
1811;1828;1642
1828;1646;1642
1644;1642;1646
1644;1646;1647
1643;1644;1647
1643;1647;1645
2030;2031;2032
2033;1829;1830
2031;2034;2033
2030;2034;2031
1829;2033;2034
1831;1832;1833
1830;1834;1833
1829;1834;1830
1831;1833;1834
1835;1836;1837
1832;1838;1837
1831;1838;1832
1835;1837;1838
1836;1839;1814
1835;1839;1836
1812;1814;1839
1812;1839;1840
1812;1840;1817
1841;1817;1840
1823;1816;1842
1819;1817;1843
1819;1843;1816
1843;1817;1841
1842;1816;1843
1822;1844;1820
1821;1820;1844
1821;1844;1824
1648;1646;1828
1842;1845;1823
1822;1823;1845
1822;1845;1844
2035;2036;2037
2036;2038;2032
2035;2038;2036
2030;2032;2038
2039;2040;2041
2041;2042;2037
2040;2042;2041
2035;2037;2042
2043;2044;2045
2046;2047;2048
2048;2049;2045
2047;2049;2048
2043;2045;2049
2003;2002;2050
2003;2050;2051
2004;2003;2051
2006;2004;2051
2006;2051;2052
2008;2006;2052
2009;2007;2053
2007;2008;2053
2008;2052;2053
2009;2053;2014
2054;2055;2056
2055;2057;2046
2054;2057;2055
2047;2046;2057
2011;2058;2059
2010;2058;2011
2060;2061;2059
2060;2059;2058
2062;2063;2064
2061;2065;2062
2060;2065;2061
2063;2062;2065
2064;2066;2056
2063;2066;2064
2054;2056;2066
2010;2022;2067
2010;2067;2058
2068;2014;2053
2069;2013;2014
2014;2068;2069
2015;2013;2069
2015;2070;2016
2015;2069;2070
2071;2017;2016
2071;2016;2070
2019;2017;2072
2019;2072;2025
2017;2071;2072
2073;2067;2022
2023;2029;2074
2023;2074;2022
2073;2022;2074
2075;2025;2072
2027;2025;2076
2027;2076;2029
2076;2025;2075
2077;2074;2029
2077;2029;2076
1542;1541;1556
1542;1556;1555
1541;1543;1556
1543;1547;1556
1645;1647;1649
1645;1649;1545
1546;1544;1557
1545;1649;1557
1545;1557;1544
1546;1558;1547
1546;1557;1558
1559;1556;1547
1547;1558;1559
1560;1552;1551
1552;1560;1561
1560;1551;1562
1550;1563;1553
1550;1554;1563
1564;1562;1551
1564;1551;1553
1553;1563;1564
1555;1556;1565
1556;1559;1565
1563;1554;1566
1566;1554;1555
1555;1565;1566
1824;1844;1846
1827;1824;1846
1826;1827;1847
1826;1847;1825
1825;1847;1828
1828;1847;1648
1827;1846;1848
1848;1847;1827
1650;1649;1647
1651;1647;1646
1646;1648;1651
1647;1651;1650
2044;2078;2039
2043;2078;2044
2040;2039;2078
2030;2038;2079
2030;2079;2034
1829;2034;1849
1829;1849;1834
1849;2034;2080
2080;2034;2079
1831;1834;1850
1831;1850;1838
1851;1850;1834
1851;1834;1849
1835;1838;1852
1835;1852;1839
1852;1838;1853
1853;1838;1850
1840;1839;1854
1854;1839;1852
1854;1855;1840
1841;1840;1855
1841;1856;1843
1841;1855;1856
1842;1843;1856
1842;1856;1845
1844;1845;1857
1857;1846;1844
1858;1845;1856
1858;1857;1845
1848;1859;1847
1859;1648;1847
1648;1859;1652
1652;1651;1648
2035;2042;2081
2035;2081;2038
2082;2079;2038
2082;2038;2081
2040;2078;2083
2040;2083;2042
2081;2042;2084
2084;2042;2083
2043;2049;2085
2043;2085;2078
2083;2078;2086
2086;2078;2085
2047;2057;2087
2047;2087;2049
2085;2049;2088
2088;2049;2087
2089;2051;2050
2051;2089;2090
2052;2051;2090
2052;2090;2091
2053;2052;2091
2068;2053;2091
2054;2066;2092
2054;2092;2057
2093;2087;2057
2093;2057;2092
2094;2058;2067
2060;2058;2095
2060;2095;2065
2094;2095;2058
2063;2065;2096
2063;2096;2066
2097;2096;2065
2097;2065;2095
2092;2066;2098
2098;2066;2096
2073;2099;2067
2094;2067;2099
2068;2091;2100
2069;2068;2100
2070;2069;2100
2071;2101;2072
2071;2070;2101
2072;2101;2075
2070;2100;2101
2077;2102;2074
2073;2074;2102
2073;2102;2099
2075;2103;2076
2075;2101;2103
2076;2103;2077
2077;2103;2102
2104;2103;2101
1860;1859;1848
1846;1857;1861
1861;1848;1846
1848;1861;1860
1557;1653;1558
1653;1557;1649
1649;1650;1653
1567;1559;1558
1567;1558;1653
1654;1653;1650
1568;1565;1559
1568;1559;1567
1655;1568;1567
1569;1565;1568
1561;1570;1571
1560;1570;1561
1560;1562;1570
1572;1571;1573
1573;1571;1570
1574;1572;1575
1573;1575;1572
1562;1576;1570
1564;1577;1562
1564;1563;1577
1562;1577;1576
1563;1566;1577
1566;1578;1577
1578;1566;1565
1569;1578;1565
1579;1578;1569
1580;1581;1582
1582;1574;1583
1575;1583;1574
1580;1582;1583
1584;1581;1656
1580;1656;1581
1651;1652;1657
1657;1650;1651
1654;1650;1657
1658;1584;1659
1659;1584;1656
1660;1661;1658
1660;1658;1659
2082;2105;2079
2080;2079;2105
2080;1862;1849
2080;2105;1862
1851;1849;1862
1851;1863;1850
1851;1862;1863
1853;1850;1863
1853;1864;1852
1853;1863;1864
1854;1852;1864
1854;1864;1855
1864;1865;1855
1855;1866;1856
1865;1866;1855
1858;1856;1866
1858;1866;1867
1858;1867;1857
1857;1867;1861
1860;1868;1859
1868;1652;1859
1869;1868;1860
1652;1868;1662
1662;1657;1652
2084;2106;2081
2082;2081;2106
2082;2106;2105
2086;2107;2083
2083;2107;2084
2084;2107;2106
2088;2108;2085
2086;2085;2108
2086;2108;2107
2093;2109;2087
2088;2087;2109
2088;2109;2108
2090;2089;2110
2090;2110;2111
2111;2091;2090
2091;2111;2112
2100;2091;2112
2098;2113;2092
2093;2092;2113
2093;2113;2109
2094;2114;2095
2094;2099;2114
2097;2095;2114
2097;2115;2096
2097;2114;2115
2098;2096;2115
2098;2115;2113
2116;2099;2102
2117;2114;2099
2116;2117;2099
2100;2112;2118
2101;2100;2118
2104;2101;2118
2104;2118;2119
2102;2103;2119
2104;2119;2103
2116;2102;2119
1861;1867;1870
1870;1860;1861
1869;1860;1870
1657;1662;1663
1654;1657;1663
1567;1653;1664
1655;1567;1664
1654;1663;1664
1654;1664;1653
1655;1664;1665
1569;1585;1579
1569;1568;1585
1655;1585;1568
1655;1665;1585
1573;1570;1586
1573;1586;1575
1576;1586;1570
1583;1575;1587
1575;1586;1587
1576;1588;1586
1576;1577;1588
1588;1577;1589
1578;1589;1577
1579;1589;1578
1579;1666;1589
1579;1585;1666
1580;1583;1667
1580;1667;1656
1583;1587;1667
1659;1656;1668
1656;1667;1668
1669;1661;1670
1660;1670;1661
1660;1659;1671
1660;1671;1670
1659;1668;1671
1871;1862;2105
2105;2106;1872
1871;2105;1872
1862;1873;1863
1871;1873;1862
1863;1874;1864
1863;1873;1874
1865;1864;1874
1865;1874;1875
1865;1875;1866
1867;1866;1876
1875;1876;1866
1876;1877;1867
1870;1867;1877
1877;1878;1870
1869;1870;1878
1869;1878;1879
1869;1879;1868
1868;1879;1662
1662;1879;1672
1672;1663;1662
2107;2120;2106
1872;2106;2120
2121;2107;2108
2121;2120;2107
2109;2122;2108
2121;2108;2122
2123;2109;2113
2123;2122;2109
2111;2110;2124
2111;2124;2125
2125;2112;2111
2112;2125;2126
2112;2126;2118
2115;2127;2113
2123;2113;2127
2114;2128;2115
2117;2128;2114
2127;2115;2128
2117;2129;2128
2116;2119;2129
2117;2116;2129
2130;2118;2126
2119;2118;2130
2119;2130;2129
1665;1664;1673
1663;1673;1664
1663;1672;1673
1674;1665;1673
1666;1585;1675
1674;1675;1665
1585;1665;1675
1667;1587;1676
1588;1590;1586
1587;1586;1590
1676;1587;1590
1590;1588;1677
1677;1588;1589
1677;1589;1678
1666;1678;1589
1666;1675;1678
1679;1671;1668
1676;1680;1667
1668;1667;1680
1679;1668;1680
1681;1669;1682
1682;1669;1670
1683;1684;1681
1683;1681;1682
1670;1685;1682
1670;1671;1685
1686;1684;1687
1683;1687;1684
1688;1686;1689
1689;1686;1687
1690;1688;1689
1679;1691;1671
1685;1671;1691
1871;1872;1880
1871;1880;1873
2120;1881;1872
1872;1881;1880
1873;1882;1874
1880;1882;1873
1875;1874;1882
1883;1875;1882
1876;1875;1883
1884;1877;1876
1884;1876;1883
1690;1692;1688
1884;1885;1877
1878;1877;1885
1885;1886;1878
1878;1886;1879
1887;1672;1879
1887;1879;1886
1887;1693;1672
1672;1693;1673
1694;1673;1693
1694;1674;1673
2121;2122;2131
2121;2131;2120
2120;2131;1881
2123;2127;2132
2122;2132;2131
2123;2132;2122
2124;2133;2125
2134;2125;2133
2125;2134;2126
2135;2126;2134
2130;2126;2135
2128;2129;2136
2128;2136;2127
2127;2136;2132
2135;2137;2130
2129;2130;2137
2129;2137;2136
1695;1674;1694
1675;1696;1678
1675;1674;1696
1695;1696;1674
1676;1697;1680
1677;1697;1590
1676;1590;1697
1677;1678;1697
1698;1697;1678
1698;1678;1696
1691;1679;1699
1679;1680;1699
1700;1680;1697
1700;1699;1680
1690;1701;1692
1683;1682;1702
1683;1702;1687
1682;1685;1702
1703;1702;1685
1703;1685;1691
1687;1704;1689
1687;1702;1704
1690;1689;1705
1690;1705;1701
1689;1704;1705
1888;1881;2131
1703;1691;1706
1707;1691;1699
1706;1691;1707
1881;1889;1880
1880;1889;1882
1888;1889;1881
1883;1882;1890
1889;1890;1882
1884;1891;1885
1883;1890;1891
1884;1883;1891
1892;1891;1890
1692;1701;1708
1709;1708;1701
1885;1891;1893
1886;1885;1893
1887;1894;1693
1893;1894;1886
1887;1886;1894
1693;1894;1710
1694;1693;1710
1694;1710;1695
2131;2132;2138
1888;2131;2138
2132;2136;2139
2139;2138;2132
2133;2140;2134
2141;2134;2140
2135;2134;2141
2141;2142;2135
2137;2135;2142
2142;2143;2137
2137;2143;2136
2143;2139;2136
1698;1696;1711
1695;1711;1696
1695;1710;1711
1700;1697;1712
1698;1712;1697
1712;1698;1711
1699;1713;1707
1713;1700;1712
1700;1713;1699
1701;1714;1709
1701;1705;1714
1703;1715;1702
1704;1702;1715
1703;1706;1715
1716;1705;1704
1716;1704;1715
1716;1717;1705
1714;1705;1717
1888;2138;1895
1888;1895;1889
1706;1707;1718
1719;1715;1706
1719;1706;1718
1720;1707;1713
1718;1707;1720
1895;1896;1889
1896;1890;1889
1897;1890;1896
1892;1890;1897
1898;1893;1891
1892;1898;1891
1899;1898;1892
1899;1892;1897
1721;1709;1714
1722;1709;1721
1723;1708;1709
1722;1723;1709
1898;1900;1893
1893;1900;1894
1901;1710;1894
1900;1901;1894
1901;1724;1710
1724;1711;1710
2138;2139;1902
2138;1902;1895
2144;2139;2143
2139;2144;1902
2145;2141;2140
2146;2141;2145
2146;2142;2141
2147;2142;2146
2142;2147;2143
2147;2144;2143
1713;1712;1725
1724;1725;1711
1712;1711;1725
1726;1713;1725
1726;1720;1713
1727;1718;1720
1721;1714;1728
1714;1717;1728
1729;1721;1728
1717;1716;1730
1716;1715;1730
1719;1730;1715
1731;1717;1730
1731;1728;1717
1903;1895;1902
1895;1903;1896
1719;1718;1732
1719;1732;1730
1727;1732;1718
1733;1732;1727
1727;1734;1733
1720;1726;1734
1727;1720;1734
1904;1896;1903
1897;1896;1904
1897;1904;1905
1899;1897;1905
1900;1898;1906
1899;1905;1906
1899;1906;1898
1735;1721;1729
1722;1721;1736
1735;1736;1721
1722;1737;1723
1722;1736;1737
1906;1907;1900
1901;1900;1907
1908;1724;1901
1908;1901;1907
1908;1909;1724
1909;1725;1724
1910;1902;2144
1903;1902;1910
1911;2144;2147
2144;1911;1910
2148;2146;2145
2149;2146;2148
2149;2147;2146
1911;2147;2149
1726;1738;1734
1738;1725;1909
1726;1725;1738
1739;1735;1740
1735;1729;1740
1729;1741;1740
1729;1728;1741
1728;1731;1741
1730;1732;1742
1731;1742;1741
1731;1730;1742
1910;1912;1903
1904;1903;1912
1742;1732;1743
1733;1743;1732
1733;1744;1743
1733;1734;1744
1744;1734;1745
1734;1738;1745
1913;1745;1738
1738;1909;1913
1912;1914;1904
1905;1904;1914
1914;1915;1905
1907;1906;1915
1905;1915;1906
1736;1735;1746
1739;1746;1735
1747;1746;1739
1737;1736;1748
1746;1748;1736
1909;1916;1913
1907;1915;1916
1909;1908;1916
1908;1907;1916
1917;1910;1911
1912;1910;1917
1918;1911;2149
1917;1911;1918
1919;2149;2148
1918;2149;1919
1747;1739;1749
1739;1740;1749
1750;1740;1741
1749;1740;1751
1751;1740;1750
1747;1749;1752
1750;1741;1753
1742;1743;1753
1741;1742;1753
1917;1920;1912
1912;1920;1914
1754;1753;1743
1743;1744;1754
1754;1744;1755
1744;1745;1755
1755;1745;1921
1745;1913;1921
1922;1921;1913
1913;1916;1922
1920;1923;1914
1914;1923;1915
1924;1922;1916
1923;1924;1915
1916;1915;1924
1748;1746;1756
1752;1756;1747
1747;1756;1746
1918;1925;1917
1920;1917;1925
1926;1918;1919
1925;1918;1926
1749;1757;1752
1749;1751;1757
1750;1758;1751
1750;1753;1758
1751;1759;1757
1751;1758;1759
1758;1753;1760
1753;1754;1760
1925;1927;1920
1923;1920;1927
1761;1760;1754
1754;1755;1761
1928;1761;1755
1755;1921;1928
1928;1921;1929
1921;1922;1929
1930;1929;1922
1922;1924;1930
1931;1930;1924
1927;1931;1923
1924;1923;1931
1925;1926;1932
1927;1925;1932
1762;1759;1758
1758;1760;1762
1763;1762;1760
1760;1761;1763
1927;1932;1933
1931;1927;1933
1764;1763;1761
1761;1928;1764
1934;1764;1928
1928;1929;1934
1929;1935;1934
1929;1930;1935
1930;1936;1935
1931;1933;1936
1930;1931;1936
% Data (solid.pmGp (N/m^2))
51053.67553813094
41722.20891825573
23278.749139002928
46357.50118978328
23354.619095188926
32263.640138412386
29053.060272778665
34925.22505404178
37530.788348908005
32366.097135565244
20856.218555433472
38947.59500833802
26664.436840816074
31274.990368455892
18548.89396616668
40119.38934819101
35807.35465331929
28863.74968185523
18827.006440634508
29979.974733802494
18450.51457673445
30260.739417835914
32571.45246827234
20386.118269019084
41462.97541316265
42199.651523894354
41747.68700625246
39062.792801055715
34275.367144159674
19564.44900089321
27606.73382857748
48664.75559908976
30021.60156753246
61214.496895454475
25001.630239563976
31127.742079971067
42443.31051731541
36861.69964857423
31627.96339547122
39242.001413770675
102562.5988540714
75450.12958274393
33155.13423292629
37878.01614253446
37932.34330941925
42054.708223935624
44289.001523608575
123031.6047372389
55598.271443329635
147220.2247762596
47931.22209341537
45649.197108103275
64078.927137824336
160865.22889318084
48223.441653329144
51470.14473167464
60732.499871844484
78545.04319623832
191518.96499003653
83339.23681338175
224135.78568690675
96731.60987430031
234260.40811295874
55558.428968528475
56772.38964580696
70115.00369048251
78758.85290954889
58735.20078204029
68579.11974865415
100877.13608249079
259567.14050590913
115930.07411563935
329127.79594821343
87899.9927463718
93622.24872170029
344562.4405088644
150063.2604776463
371616.70829069987
129667.66639682378
69007.86830444059
82192.84015604375
79745.80094228697
105243.01702473054
116292.00512241335
98363.33975365017
139959.9663687528
400773.82943377196
171927.81095624372
446866.08811040357
136330.84629440962
125844.03011863303
466175.74558587855
221612.21918933233
533975.756043964
150936.6912619791
93710.37136928631
115090.4609892038
106699.02490182896
145927.09717138828
158822.18317975567
133681.01042372306
562528.7918097223
233422.52569186664
613814.5055312733
187654.97848722312
168702.1397072738
185958.579094599
222600.87209165405
637678.5199746761
272395.7415295855
673143.1811694639
266184.6231199709
711884.463065999
976202.5465919351
441576.1715396421
1011951.2167611886
393820.4708383953
925743.2334992628
845740.3960412206
154931.71808546758
142568.43908449178
212898.48429453457
197910.04196706795
176314.85400780156
271330.17014248454
884556.5662753627
298127.86260826624
224489.32497862895
245942.78688863947
276493.1061816267
254512.20570429164
2296858.698516878
711109.9810408641
3329964.0462980177
668513.6655585015
332682.4814083382
305848.69922972587
1908740.9971701717
693583.6922462423
693507.8096369558
1848079.9485738368
625978.3719696458
1568334.611942324
1553770.2566355597
354002.83446321916
1178832.5486211053
503248.73282883846
1197563.4702659703
1342595.2805883407
574061.5757023545
1316417.8209450599
379571.901721524
422743.2567109833
349456.9191229083
569814.9720793929
659172.5119187747
519071.3251456003
550194.8294030923
497512.064125376
467998.70851991855
202017.8161883276
184204.93753824627
228004.7697888893
282249.9889818078
254344.16183320776
527418.7385271477
631334.057771115
425280.6247901544
410194.982951208
435611.4084773821
320401.6563588989
283726.9830203506
570207.0682355094
498171.3354315714
514574.53690746165
353318.75092333026
391868.23273563787
435598.6474923843
393297.6641436444
451477.46727812814
314521.61093032494
544378.9204291181
452943.9962342653
490860.025636175
232603.9202747435
535440.6333116139
282420.9244499384
474200.93982229475
430102.780451986
348315.0151128419
387138.27123281034
308877.0502651259
460060.54414468136
445587.1451686545
372586.0603905256
43408.13039932286
44537.7601721231
44687.8323274895
46549.40674537617
45961.69639039942
47727.93154101767
46993.54392779517
49477.21117747995
50279.45167886268
48023.0871128607
52410.776334101785
54089.388310734146
48811.30596394244
53123.16376658258
52611.146542692244
49859.945082677055
50668.686224492754
55119.63704958135
51771.153320369885
57478.59329637105
57333.079359366166
52433.0340327617
58664.74430642017
57665.80168176683
57983.512430647796
61910.154672060045
53638.13924662938
60936.72175104242
64888.68994716882
67789.50047842343
65342.328767580264
68593.10860277471
76566.48055416738
54485.40201785695
60367.88631619589
55879.388206930045
63761.63738635714
62488.96438031802
56740.402206805076
67578.14195114812
69100.7140398992
74337.15972677911
78703.30943055297
89087.19548170189
65579.8260622859
58305.13293097107
72187.04952265162
66863.57477949023
71192.61843961645
78008.55790795639
84551.31071880762
105990.95896882792
96961.52150422355
122665.22562176452
74798.52193245156
82005.75906435003
76001.3532104787
80274.1424955999
94510.39441918468
117508.0749901149
110531.99944360142
139209.59539543343
86686.43065851896
95906.25465591096
113737.77299423872
159367.3433398759
390648.95148807485
382801.24965413817
374111.3702307632
134392.36006049908
154491.95282397547
105137.4051886913
126193.47136756836
105177.95991966766
177300.29848452486
401334.68863611814
360375.6401430929
353901.15638065146
347978.8777007936
203515.74626057042
251721.23417632538
421801.67033316445
396427.5846535725
366541.15658637724
380721.37337004516
145532.26815370895
161296.73964237035
158720.51267278942
122685.35924241733
146202.7335631769
191336.16653254363
337284.3050684156
331716.1414562218
327327.3088627133
341836.10536917485
321919.38693576265
318460.4442076275
363652.4135304269
351925.23851628695
223178.83755849765
255606.87478284584
405894.9330333638
372616.6283785297
287802.15689089574
390545.1892534207
395506.99908490584
329750.3328777196
175543.7772198336
162561.89241232304
137682.1446398627
156424.60228406955
202111.07590487596
310126.7843456283
305051.125887991
302375.0109372086
313474.4338908415
329853.7944256146
311840.14026173693
319550.5718823615
297778.18020448653
294924.5257055639
339206.20863629336
345645.94079766376
232307.1423896282
259802.56205094382
365788.2029894528
348732.6940654749
293534.4355580783
350723.08305719285
334828.7134088118
177579.14659670545
208859.66645930687
290196.74855496257
288037.5230264923
296202.852038301
302682.43889555306
324633.4142421112
307645.5444862638
283730.54008734995
281292.5112113378
274921.97604015
270920.6200672439
268739.74168627843
276843.13799977273
323848.2567120206
240644.02589280103
267674.32605099404
326461.8188929626
286141.65241966763
309694.6385708106
227542.4271529017
282282.47614745
288291.29189307167
292618.3795807599
306753.1235682186
292855.8061238204
262700.77072857285
269478.13870535005
275000.838645343
303459.71459353494
253850.31534422727
295128.97980902175
276768.2852090863
288532.32099139533
279296.851482497
282527.6881234536
275583.5046058967
280028.0492679672
251601.67783493525
272830.83766448696
59558.759641284414
69008.46789058243
61195.40187112142
62738.56478974457
70074.26441756007
66412.85993383474
72964.48398011265
64652.20173089603
73997.54679873433
78495.94575870223
68556.8229213406
77828.02400871071
77095.90080458719
70608.63671263307
82671.01677816332
84029.56040312529
90875.03715023039
88386.97244533992
86706.21508394605
72981.76835574488
81882.75092420199
75327.63297813454
81598.02396449265
86060.27860837143
77776.59603430805
80370.29092634901
95381.3115284321
92389.3138832827
99313.24623003193
86432.07603818958
91181.58267638925
83088.74307643065
91189.2807371638
95099.9297658014
96597.30331377595
91319.1245988915
85895.56666004984
115362.74326355835
103456.20399673261
114414.45757283573
100605.75760779588
99756.24865794934
88702.39281840388
96141.6004446403
96062.03214834516
91569.92122725224
107401.60154906324
101501.58754635621
133550.6234460768
122634.21262831394
111547.71403906903
105297.21504725162
104528.22010318063
120287.20593260581
109507.30968704371
109787.73187036466
158913.29090056592
143786.25426582777
115553.85342161439
136505.19472001502
125826.35341439326
119968.63703085485
183604.77306695314
164287.08892486076
157516.93697369174
131382.8097092007
142076.40375557722
131435.57373870362
204655.76796199963
258951.72457943167
256896.21517137534
264544.40480022464
179991.96033505164
163291.3984649461
147006.12877330682
139020.91409372183
226169.74172676468
200417.66139890236
251193.96757381363
247694.18195420728
245648.68309823226
252945.13799763098
257647.3247731751
262789.50264866964
266771.95140993973
232152.2969006618
267565.500562506
184231.61553775312
165326.4833479195
153312.74914290817
206962.01954101745
267603.7672600724
259714.35880370546
240202.15178884318
236976.36223115976
234868.8932233156
242027.9821886987
246646.72643205046
251484.62288724756
255172.49057002674
257210.5641081356
229661.8692628135
226637.95005759475
224497.93026021097
231577.9914211876
255296.6227266523
219899.02593289193
250193.72017491245
235542.1055889283
185087.9177566684
165760.31208760757
201955.71800432896
221429.47056399428
219442.86460345992
250653.46834275583
243709.5241504628
236082.78864827103
240819.68547241684
244526.1512137227
245380.83042301514
225908.73434768664
230506.67037553582
216635.4564225673
214427.83329891672
211679.8329792369
209447.1492154156
206939.05399567814
204655.36731053307
202135.81004685283
199841.93666522225
218719.51360827687
233154.91562392274
181327.25031884474
207930.09125220857
195700.31777429054
216145.41673423862
220531.35603074986
218452.80057022753
237483.6051106199
228603.0452938126
234293.93529836248
236045.06718666194
231078.06756122562
224478.7294500402
206800.19517213642
211273.66253258818
201972.6314619941
197491.71461143903
197519.47214434858
195117.53229702776
204293.00681536598
215158.96030382783
206158.30674592752
213202.2537881456
222931.47330371995
225220.94884564378
220463.26872410616
217239.01043364033
197298.75869884779
193058.93985537777
193000.4966317658
190399.0884480462
185808.69881355917
188654.27976347678
188372.5234927194
208573.48333179278
201253.33977318343
206041.47496040407
209797.37189193952
211715.38512425343
102022.07908122035
94518.83028422284
97550.78139667591
107304.55570816288
100517.48379022251
103467.18207624914
106687.10265047861
112582.61647979007
106428.68249615074
109449.98496195297
112118.86539393911
114731.19010344933
114745.1549327762
112334.15857950028
117311.16345105159
119564.86528871313
119409.63603019761
124181.80424515027
115304.26002740272
118344.88708998419
120936.38014026945
123571.13392852638
118058.18360823924
122389.99690025825
124313.20445350226
123829.74385920996
127914.53208526866
132705.54204471933
128856.91864226799
131450.2913496366
126337.05255901137
128560.92177048368
123613.27154290637
127400.78612843544
128432.90332700506
128867.55188793312
132033.5812873644
139071.6960909701
151233.251318289
135138.1146349068
133816.64823476496
131849.1577713487
136456.42035862323
138023.21508047302
139299.3706696864
133358.10618542923
132795.65694761177
136144.885907109
144795.54390537355
156713.93905278522
139404.55648403332
137789.89035677127
139973.506491287
142713.3466170716
139718.52948679106
145033.8733340081
165129.3112052753
156482.4731082374
144096.74741920538
143828.7586212669
147701.67315452913
183731.24181991405
150100.7179177384
170571.71961556395
161272.27192951323
151085.8392403991
151979.99832416305
192707.68142827656
181191.34698925354
179500.0460790733
176712.6407498809
184105.52362519602
179283.77712133058
187236.0418255394
158536.21702886865
169173.9953174705
155055.65001322527
156771.0976045561
198883.81687986982
175218.87059475778
172256.97141656463
170723.60528480643
167811.96790155175
180124.924904168
184504.38323714063
189187.11454790697
192910.98722952892
166681.47828029701
163464.00907518866
176336.65520350434
177937.49246624543
183255.9628902197
189176.73838299615
163366.6981790221
170644.8007674401
160277.5502582081
193997.23051973258
198454.19980034544
197309.2877127626
200157.30701448678
162178.86478920825
159131.42362640006
171678.96984146445
154854.15166346234
153762.27702827714
150678.3707398688
180991.58091821973
186068.43415081894
186544.03156765568
163466.2542883001
167697.79471026492
172866.59319899423
177437.59197100546
184250.77503378352
165540.82482339282
171386.54634389046
184982.71408662826
190008.54424840413
191109.31513064197
158288.64215659743
159760.54076156547
146512.74787893586
145774.32402089657
142365.65829772167
155219.5167240279
150208.77777868157
182055.57008786267
178159.3383906768
179029.76424837616
164498.9573455473
169926.97642230272
177220.53031511893
176780.66977482193
170058.58640261437
180363.0583450863
138310.52155175022
137590.38773865142
134281.05685980196
142320.12402406547
157854.94185450923
147789.29524379704
152777.90436100762
174385.5526766885
169132.1946935637
160483.61956734976
171371.44746748
171539.14323988566
170445.2929906332
130311.92785343633
129871.47897919582
126385.44198822737
134340.0069919448
139555.54858709555
144365.82949244778
122503.53520423395
126557.09711210988
150753.9894764996
154350.7611649483
165758.6234807561
160325.81667571462
163383.70284422065
131913.3247693243
136423.81791984703
142469.98547238947
147714.69686865443
151985.40041982022
158018.7959612659
134868.82207293258
140833.90353811177
136274.9038712154
138431.78009354137
143659.79249650665
140751.17044598635
142786.62182505158
142483.38103457625
147118.2919200221
144842.11454436966
146695.90546469795
146138.2602883423
146234.70367003776
145751.34582413742
150417.95794863664
150667.71298396238
148653.70925382662
149459.02575384415
149300.84750573925
148620.0855842877
149880.61494555723
153692.43771342363
153714.358594097
152023.24534810762
152552.52864621946
152259.80670270813
151521.68150289552
156642.78296896853
156429.17491247406
155191.44135147007
155323.14173559326
152301.2817777856
154811.48141117572
153976.4985110614
154474.1946164814
159378.47463535386
158929.16247284523
157993.15578391447
157850.67877030396
157174.84504932925
156377.4828641178
157039.75980922495
161154.60113564774
160598.03004127622
161644.8572352489
160056.69800506302
162992.90136190967
162883.17738752754
162026.39962245154
156513.97100043108
157702.41215570332
159219.8304531609
158440.02973784975
158302.29383674933
161202.41931236445
161112.60260975902
160276.9864754483
162660.14078579625
161983.35098888743
159691.9218469286
159885.7416891523
160020.2669400308
165979.23161339996
162870.58296294752
163196.1179588506
161240.2279995651
162395.25398327035
161415.80265477177
161011.30886491184
161397.48600298786
165481.67260541933
167309.74966844113
163104.05768942973
122304.87681968238
118684.52837521707
165748.26087229355
165818.37206107462
161824.4524536582
161681.7837312996
161368.59603115736
163738.72674098535
161865.72180731798
162332.65031431656
119192.7414727345
114893.77214179373
114940.3888812745
111149.1271941985
160598.1017926341
124670.55986092675
129051.41581723993
107476.73442442268
107738.40079451384
103825.20348649018
112013.41890609008
121843.39318068992
117520.8251149317
104957.80162140111
100243.78741897213
161104.51173514742
161651.8851493581
160954.54249849118
160779.00498817768
159907.46464812502
156169.78750965788
156155.85958405296
127693.58274800245
144083.32219313984
149560.1036656753
100712.35767200725
96697.32283624315
110366.28286233441
114910.8751693374
120733.85014584381
93198.960190895
93855.47686799572
89753.81829810415
98073.12042048016
103611.5086635643
108091.64444215751
86350.30383156466
87200.03032481366
82990.3726314378
91359.00178196261
156743.09395599016
158679.4060139006
155712.48094841992
151196.57728061496
150607.8223289789
135103.72519125932
126630.24635440721
139924.79677886408
144319.07018113762
114040.37597703899
121174.32850249174
96933.68774639671
101253.39814400997
107538.1559175936
79686.23296888809
80702.68331894492
76440.364933205
84794.89498593508
90382.7776151306
94816.21813140919
151930.51033953522
151963.4699826093
155035.36938541077
78475.51971323241
73226.5703361112
74426.62257184267
70055.50340315606
72334.75638199362
66941.7941851036
147343.64550529415
144142.834507002
130247.36226047331
137199.63325367472
121487.44568328779
114785.49788131501
101053.16574611142
107547.48924212162
84232.8448401804
88435.15571183711
94896.25805507957
147480.684441024
82488.19558198686
78179.7327647325
76508.78460222413
141936.10874792348
135809.4120622686
128934.0937163827
120381.5290681553
112535.14706468789
102723.08275448512
88853.07381420115
96353.3553458747
83143.86103263129
135532.36880416164
126286.65523187886
114485.18531150115
103709.96106021944
163844.6133012968
164733.0702583703
164825.61494393492
165732.83285608128
163716.35656823005
167362.13017200105
166193.96185407476
166475.92308754395
165169.14116893808
164058.0473850476
167978.79381894003
166393.01209222194
167286.55750116176
168690.6331408511
165101.67003267593
164251.61676650026
163010.7227122773
165110.7516316992
165993.8952217955
169313.29047584374
167478.11073455293
169839.4799499544
168329.89644454583
170777.23042638958
169184.79554870163
170305.7685480285
168220.4345373986
170011.61518898324
171126.6003313688
171475.16210819254
168938.12227444796
171684.8714407283
169666.1001641193
163641.71667120655
164146.00913008614
165724.81008278567
166599.04195596246
167105.06608069333
166140.90280143495
166569.6399453283
167739.6520850221
171978.3280013049
169486.96381130218
170134.3458659498
172068.85868879533
167223.94906733572
161831.40922603762
159642.12936973065
162417.3810963788
164415.2402051305
164174.58912544162
164756.69713504394
165012.86388688278
167202.80620331905
169391.95111872704
157676.02659346134
159680.20604557917
161634.74442675078
160992.18661898415
161909.15027494344
161467.795853981
163727.44319949707
167301.62831592115
166276.68621196673
156038.71803683706
158452.43571816004
158681.56144874438
68324.20911866712
63873.97895052598
155937.54028186525
159475.87869048188
163504.69136497183
150193.3216895531
153654.6664141293
150642.22213605946
60854.9617631544
62380.26004533549
57875.58349133662
66355.6747914299
72150.61793562207
60568.22196231108
54954.26002899791
56632.426559116924
153826.1011043154
158210.9713008679
142810.44550498898
146627.70266988323
147290.7481861963
144895.75154665278
66337.02334178053
70860.97491455679
77373.90027469027
136962.28415060442
92446.7772607857
49244.67993907366
51049.86514587811
46463.581610013694
65262.30941372607
60791.80699099253
54909.53807654882
52075.53994247119
49407.138297827914
43728.32469324486
45667.91483746814
41038.527813852976
152158.32736495187
144076.9849786517
138851.89524212497
140057.90264570658
85454.27359664535
72019.35619661777
79853.3271534482
129915.50283733827
118186.52270348999
106503.31296990924
95591.72385444673
55329.78512334712
59613.235517711844
66747.30302833402
44168.465625206976
38395.9469964551
54269.01403502596
40465.00569029384
35815.39453729833
39230.06050573027
33264.283223974824
35362.5432581925
30776.122443662305
50129.90524216406
136417.49992843205
141282.2481625132
131131.08199998122
86927.7775029926
77008.68512853075
120865.50221227981
109083.0063999793
97724.0956519936
129038.51244127509
61336.44332719711
70000.01236787373
44889.04166190883
49103.925959255095
56064.87604801896
40069.091278890104
44102.84924736676
34328.14414178
28318.601455421598
30362.874743002118
25928.291689929203
133694.04587758507
121351.4420521629
87038.0912923812
78043.53364963538
110922.20332020917
98930.90120614185
122818.95131489424
66773.47829484301
51053.38654658531
59530.81526792016
29107.195222969007
23572.691621290738
21259.887423594086
25940.413508235393
39652.406651346115
35387.03743814389
46406.60727414331
112784.21103706477
75987.27716038233
87609.16046203494
100615.26023990281
67847.78215462514
56921.51255242718
61784.351898018074
31880.30602116258
42787.766468880145
51716.79506885657
80054.3404180185
90701.08181040779
170185.76997145728
172290.00595281168
172246.22047074352
170156.5990741703
172355.11828960732
172257.49033495548
169383.64786446103
172107.39155165042
169749.35330873885
172242.23027011295
169055.9757405505
167108.47476900413
166104.0944449999
171887.03909609417
168654.00651663187
169320.25557085997
171658.197800302
166479.58904165548
165674.1796934692
162889.44945904386
164974.73224220722
166014.11391554738
171400.15410579988
168012.19966256546
168770.8500683215
171052.556773191
167771.85900539887
170681.56552405554
170281.09537139168
167229.38136671673
162105.20038280147
158482.34503052893
169270.20232263478
166653.76563670757
169823.60626815652
166212.0391084201
161075.35112729258
164126.40752481873
165059.53750771514
164178.091239029
163331.6249019024
155167.23152752494
155953.0433296266
168762.21234880466
165076.1913819122
165652.5527444825
168116.14547471597
162894.16539206938
162056.18024748034
160179.5449738284
163689.00437760653
147559.7889871686
158872.2958631459
153678.90243321817
150089.21163125508
160666.21688716742
161573.78837948138
157537.92497282842
159296.5954829558
159764.91775061833
142305.09725659323
151063.14186536067
145899.6880840929
156071.4453196648
150882.3873811421
154277.1081668344
23103.7655127905
19012.69225122716
136999.66428278646
143218.16949496602
126864.86118468904
147087.45191611987
147108.72141500557
22409.741164119758
16802.53246985831
114833.36111030825
28024.688700881165
37731.212432043
19226.235925884394
14644.690350585792
18432.16233641703
12535.870871366284
15148.066934761093
10475.166404194311
132165.83580153435
139326.20573150823
120787.51108013792
140741.3584516589
144276.40618754207
24281.72504607477
27806.836825538463
103399.02278672827
104866.58548088177
111482.79334655241
72105.32681790153
64685.3415579048
55427.39780739246
34907.774776169725
45022.383031793914
23892.287262826358
20086.441347500673
14389.002929870016
8458.434899057029
11125.475047257409
6484.386152887484
4590.32103823988
7293.04890609926
2703.337958379849
16076.457330077494
125377.78888863004
132416.17657301752
117075.84147816985
135693.6079318654
31060.707628669425
94417.47493323837
83506.30196948949
101578.35350556686
103986.83582181143
50728.5326257987
73421.0247364214
61229.45412177278
41425.090233927694
26814.565696861737
19706.039171158154
10450.914536055398
6730.4933885321125
896.9129526314733
12120.145462785527
15850.237574765586
3612.4907670716566
-881.4274039246957
3169.597506062518
-2615.382796147768
145.9898328486746
22627.912474259072
124537.89741892708
113982.06953771591
105425.47787640066
37083.68867971395
30857.32790287713
89408.03276297866
75557.83415602436
96150.70966720082
50647.19834103652
65179.451533276064
-4286.380635138989
-109.10023986710841
-5915.041279402586
8539.45401788738
18783.08475115862
12164.8948772841
15323.104869724017
5180.991075389916
8699.360315544376
28721.8362954614
24309.97536078885
110304.68961021332
102132.24781751442
40648.1667971849
84204.34304560862
70579.58106433613
90544.93576459296
55712.988399720016
-3099.1179691501848
-7491.537284641075
-9016.866175910915
1654.3805195243997
5244.82526571526
12043.287715988687
24472.591677946675
35218.08473735706
48597.84822432889
77291.4720579096
63892.67246108782
-3402.5219165080134
167438.76724822642
164194.6061725886
166716.5461308283
166036.6978192802
162120.25572152832
165198.41931485655
162407.52107278834
157644.44383311967
163416.68459788102
160582.4332786096
164361.16375844018
160310.542466588
158109.65569999156
162523.41778707536
158477.52071080304
159083.65711630456
161480.801265999
152216.98816755574
155875.32031344846
155432.87037849412
160493.2928377463
157357.43356787736
159347.38948475764
155513.30671221836
155567.73082021603
158289.9696750249
153429.85381178962
154376.60979773337
149445.81532581113
151804.90859135624
152946.00444655825
157040.00191652696
155870.3042690674
152828.35470044086
150068.54684218852
140816.18064612124
147516.53704766065
141728.22930571294
146824.6607484419
150463.5402797801
154561.80110015502
153203.38296714934
150372.35231667172
147606.0429212287
151856.54005550148
147617.4999754911
148241.19269037564
147430.54705346795
143173.9305660389
132687.35687898594
138525.8899536389
145700.4303680833
145417.87412551604
119464.75023746962
142787.35398843008
142566.9318206985
141881.9966240029
137466.63292940208
127140.54481774186
131478.35872550905
139134.0352596605
138715.4131962648
-6193.838036170562
-10521.054935532133
111582.09797659561
136308.97012480974
132162.97958589974
123218.98412401766
131143.79220458082
131725.8869054948
100670.69881269535
83721.18128097213
91275.5491150912
1918.140647106642
-1463.2071767525601
44795.49089955325
34531.29232608835
-6468.724505419001
-11934.872474195237
-9077.969447814656
-13353.483160997153
8628.176800499643
19437.160718216404
30475.34362316167
109250.7427314705
125881.16007195106
120985.50472062636
96598.72819760226
56613.30513481693
72804.18229542776
85208.4992355643
-1136.2380835250715
5123.051450267709
48942.477764872354
40273.534166844736
33691.55163709637
-4279.738412421469
-9222.39499073399
-14669.765275871643
-11805.698284061215
-16010.069584664003
-3839.6573314234456
-7033.412442084409
13490.427279066032
24100.921360357297
105031.89992892044
111444.17887119294
89726.04286888719
60820.83322306889
76267.2102628774
2325.5699855243824
9690.716255243107
45108.3958141051
57896.06328662442
31680.56947036652
18964.249445924197
-17216.323352328483
-14351.885574501997
-18458.31433549822
-11890.78332526779
-14442.540808213349
-19634.714102598777
-345.65968981422554
-9884.261740951553
-6645.295020522515
-16768.641234543975
-20744.43284915678
-21838.28918086465
-18986.807655846646
-22869.061530615534
100505.9189438161
94499.24377103586
80339.92811192614
68072.26238492971
60349.43799795773
10330.336575408566
50271.2690706134
37238.97276103392
23554.2700204642
-16711.089968628865
-9266.390421514527
-12007.362562006629
5453.107430891736
-3127.883612017377
-23909.448750428495
-21109.863393414544
-24846.49409955993
-18884.640703807712
-14540.739431275268
-25820.830241494707
-23001.21162159396
-26709.51617040952
83646.44850830753
69912.2310876587
56390.38132270068
14615.216734094276
41904.33921567513
27488.04056701536
-11600.035219094407
-5682.928088274273
5198.607459755362
-16627.94124718539
-20930.90090879436
-8161.130607275699
-13939.232652462271
-22819.756490918728
-27614.69371899457
-18837.937303696108
-16085.10732693603
-10507.160355632044
44248.07670817469
17354.491676393707
31195.3633632686
-242.4222733636835
9283.55447761728
-771.7726190781094
145248.2251841319
148937.15629898247
147444.5064106147
150462.08307805788
145842.60011596268
143044.873622374
145036.03276314252
140935.0105746544
144242.61382744074
140623.12439567162
140145.74001428153
142534.4651880625
140832.05114769217
136564.15638403114
139046.59372744814
136291.5403245052
137795.94493019357
136496.9723288559
133200.41675378144
137246.97585791492
135322.97558809284
130828.76303438365
133441.70986222877
133410.95175583995
134701.1576199741
130927.26009416426
131265.06311916446
131403.23648198173
127893.4428517518
127112.95485637135
129404.10846993806
123215.67442544391
127271.95710263042
125166.05403187756
123337.58328539346
120588.957296933
122951.4082987702
120673.28381292483
117764.81683938643
131848.0049061682
128220.65301901556
124914.08280591496
127967.46919887308
126917.11666218234
124095.44968428847
122038.04256532775
118427.30111008369
118179.29692812062
115089.04770381306
116481.04183502961
112326.97219883278
123031.14208167959
119542.22397918775
121209.4393525375
118383.69270256466
115589.23090472819
114411.84891723614
111082.87128274427
110166.01315038023
106817.49228901777
107804.51034475224
113367.72989707175
111260.90188282935
105631.64772251369
107590.39921304908
107246.30842673729
100646.36166300863
102175.91288375456
101151.77024946678
97980.7612885799
95717.120423006
93978.08021143796
90707.76611389311
86678.4906195754
87883.06011184723
82263.14581343906
78936.90254231813
79801.79581235559
-24862.258388520906
-28484.25748356064
68288.61545404038
73149.68619275792
54197.44058330478
65030.722675058874
-24583.59545231029
-29358.337605066783
-26564.29188222019
-30185.196798776233
-26340.765231075256
-31056.139166033943
70355.7480025817
-18210.727722740565
-20593.97560126223
-22449.313528290895
-19821.975745017084
-12630.952767952465
-3305.30243534042
57434.71746866775
46056.63453945131
35628.60574257673
21865.094201060943
51990.59922539436
59003.988134302235
15474.8040762385
-28298.630102282605
-31889.622449990857
-24267.33191199203
-21722.820771763276
4835.739805328124
-14625.350263176428
-16468.354712648976
-6370.359919986917
368.4498700552373
54357.83167261127
40781.457343854774
27149.986167830033
41823.106192164465
48399.967451981116
18131.22462135063
8471.330248373464
-28037.71775738283
-32798.233505630415
-30063.016723698318
-33697.85774206456
-29703.89872554276
-34686.34924650172
-23593.5725696856
-25982.422231825465
-18253.23236499819
-8297.338567515073
-11790.76643078552
231.61148312959668
30464.64986637362
36789.143189191345
20035.388656324732
9620.341018037883
-31848.016086105723
-35699.47405005471
-25494.43185500755
-31469.61598191127
-36882.274983337586
-27793.323536051204
-20229.485795403984
-11610.447924899478
-3101.131984895473
27080.976073719332
16640.828229526942
4840.646844173293
-33887.973184592985
-38143.69013281353
-28420.174047433477
-22616.18821204676
-26611.69220149679
-5774.944326820218
-15042.067563693354
12304.282332189045
2512.015890121338
-4555.911104980749
-33226.62187951662
-39611.72961775749
-41317.32616447559
-36358.564680400705
-43293.984620297364
-36662.067137344624
-26899.518575508624
-21223.20420826879
-11564.70165469518
-7590.825144590255
-42650.222410393806
-48779.506330581375
-45874.538154427566
-38545.74470803807
-52688.011665016114
-570.0206094356021
-30099.495985546448
-32518.074210779963
-22232.95542353969
-13722.808226251082
-24154.227379447842
118364.99154412263
115977.74297420758
113006.25837066805
113539.28668234176
110475.62363045517
111055.6654068452
109094.68198040672
108494.14816447331
104862.06651615011
105881.01148576812
103602.39139691039
103685.35785556512
103201.16400378548
99950.14214500322
98820.93310494549
100467.18778719148
99368.83073791083
99988.868761765
96087.70256462328
93376.54759891311
97663.7414130997
94814.56947852446
94663.7473956126
95285.17595117405
94303.71884141334
93082.25081521075
91883.20657937524
89094.09839517795
88902.12394709761
87315.21418946091
83411.3295836262
87206.58704348981
88803.71292758011
90056.08597475204
88396.00222019512
84464.04253352564
84676.3711256498
83484.35765269322
79011.05449316549
75550.1805221676
83171.58272380581
78280.17973590747
77830.94463058279
72586.34610030186
64919.315664300164
69590.43518601767
73428.09282157487
68603.9575561452
65730.39307280052
59747.22471504068
64074.293832586176
59022.59583039086
51409.70223202779
53739.020878467105
44150.438452321854
47456.77664450748
43123.82991855908
42590.17432249151
34799.111641949414
32082.90748320833
38365.24335675112
34408.83327752414
24008.891493034407
24841.042909578944
7282.0378556954065
-43750.6261521377
29752.214268132226
-57281.57774107168
-47829.97648093663
-54158.146935751545
-62389.52030773974
26730.400129542308
20956.51389887783
15717.831301420567
7043.698397182751
-6673.486292051428
-35872.403624532024
-39673.33559208612
-68904.32280360143
-56498.372617071414
-44713.9371090536
20129.35797839597
13631.258919465206
5036.574170969793
-1711.9426037246528
-28653.116432956478
-17828.88870259013
-9935.116803984887
-36212.25985330167
-29239.48098491833
-76194.02590236512
-62569.8713538367
-72055.85775893292
-84916.62684003577
-50691.076946369605
-96163.9514368432
-75908.602607521
-109936.38943762903
-87413.114205865
-103809.68192627872
-37783.54770512612
-127293.3896079875
14080.107006347804
8580.777279089645
3412.1903553439624
-2113.999853760283
-18673.941464745636
-8662.861701837746
-27098.624586579605
-21227.707712742187
-110402.72767728986
-59694.29662197135
-47005.917313195554
-66831.32983866431
-82451.5002559471
-36664.69529487361
-27176.93362428885
-149598.76291675746
-129475.46079951343
7061.803027531859
-1568.0219256226271
-11196.153076473152
-16688.083641999317
-89379.52374510985
-48383.95317666483
-61656.09369854992
-63972.44831777149
-27385.898455674676
-36994.50170639843
-19311.022400005426
-103990.9879662142
-158968.94033576857
-181688.76707752506
2183.5985384585306
-5481.088218344724
-11621.449529703612
-20750.674372195346
-68624.26590298253
-73747.57727509338
-44075.66880712028
-49679.13387261958
-27659.770092147694
-17261.10464516278
-11411.233295333892
-89773.54167020625
-153226.94910791537
-235540.48441195572
-3784.082103648729
-89632.10192905283
-43781.56658788801
-39187.26806209203
-30120.44597658581
-17351.113699833226
-8945.1696108112
-2901.4459110437033
-79514.35332972549
-57099.28823970823
-333673.46004692005
-6250.783371837536
-18611.67384019488
-2253.0481625521356
42171.99610979532
-14687.856878949167
-4996.314941616738
1229.110827114039
-394775.8134332544
34635.765682764126
2888.630253050671
27494.357065820153
8136.7162181601425
10455.79965046355
26106.34575967643
22637.765220001
20922.22053884907
85856.32573269297
81771.4612923507
82757.76256820859
75618.33943126867
79605.54833938293
76398.74035704123
77418.8959238257
77706.7037037452
69331.63938168537
73148.88132594805
69847.89979081668
71199.00316606052
63135.535835822695
62598.53507984214
66500.57390088284
65018.65895892872
59718.365397439826
58693.352099340926
56345.99293940173
56305.40044919201
71951.2171122311
73602.72652295834
52850.80617319696
52197.186432131486
49419.581938708296
49534.494032491224
65836.60637937167
67805.43454852104
59808.23344934476
61866.75738974593
55933.05008369977
53685.90706881382
67174.09752342544
43135.366002080365
45970.40715655636
42556.901868593144
45791.745321412105
39161.69285475108
39322.381301594476
36708.76217761847
35800.55460015821
49907.40573008524
47579.69994167943
61738.846161632275
56196.39817019376
50571.839121879566
59418.31354754112
24576.01990631144
26126.854014744138
23039.95390567108
32511.912433756504
33217.93943957956
27248.492936125716
29280.00639223444
30414.559956277768
41408.13792225068
43838.158813684844
37982.83249064846
35527.84276028849
44900.58667969902
53798.9455081408
50309.42264151173
44474.67245469859
51338.77798007559
9163.322010320257
9447.45303829495
13813.82069913139
14499.09315049607
11902.879373732101
11581.220747610674
18998.83161974066
20089.330231222597
17222.979169342307
16392.890589859355
21623.832303073552
24220.95409877444
26775.301815255974
32321.49485822043
29706.851414012224
39322.133531107815
34064.36878239275
39180.96183086802
45435.112179490294
39488.50405093298
10142.930620104251
14412.5400618396
12547.876906524942
19107.16590835992
16942.59398283998
21613.285964175186
23830.625765378365
28791.137896140106
34524.839925416396
30493.111538496054
37767.10327549086
33708.21324912318
34167.33063318804
11426.485869199345
15226.722444242012
19437.284048150734
21228.794879966183
25097.24933039536
28611.732549708115
30985.8686657675
28657.53154457022
28812.803838374475
10385.098297522494
8185.015816934695
13415.605485484966
17687.0848458832
20266.221703938078
22668.29723384857
24161.223037581698
24239.602452331765
24465.426050096205
11408.77011645668
8510.776081185484
15280.228173924668
18145.749295230646
20515.218365540466
20069.883804709076
19419.541986593886
18303.35288873696
8453.983676277687
11440.235651834266
14310.84709285595
16636.727384641457
14081.075930987576
15774.202911849856
13883.900221484715
9730.856357204886
11781.154683378241
12702.21928177128
13935.299284690884
12951.2094559863
11912.644714068252
8051.536501561447
8558.07981949008
10465.278386209777
11561.564185790174
11840.868229622743
11752.287864299265
8904.786181032905
5346.241278585758
882.7215398880941
9914.722821526639
9772.251950210315
11060.094390960983
1646.5349267930185
11574.58942675138
10524.879384112504
6831.479870619072
11232.679228163644
11533.786941427685
11725.559528750115
12062.782183460424
4968.601465593072
8324.255788153223
12043.864521660978
10679.896061505102
12850.925968212323
13500.64272397587
13739.2684435415
11467.204432019702
12669.780760084648
13644.105705100446
13934.360833585977
14958.090364794707
16218.329355866992
19670.36610387902
19038.84038329012
17281.561564383872
559.7941899188077
63.79733635483943
510.79209825067943
804.2762233687519
633.1462544794781
778.0886356681963
968.4567749803691
835.804788988342
1051.7673319002663
692.2530753060465
884.9667090035418
1069.727138139383
923.0492690700427
1014.9665638232333
724.8152591433518
799.5807904188505
838.6009533380344
931.5848697501173
774.3865675425665
776.1892790356363
630.2451128147453
610.5346781589391
388.1100362888599
423.5402651723943
235.73996546310622
153.29723266111822
763.8671813184422
724.5098782011803
559.0996202489324
433.40019474624825
246.2429945603079
9.545952684809379
-144.96673105734865
-216.77329522603912
-454.1928342905476
-506.42345487830244
-789.305833405548
-836.1892917855346
-1155.3719598123519
-1049.327360803903
-1572.389615374538
-1548.086291683907
-1996.781921069208
853.8407911549748
658.273782275729
375.8580738627782
-24.01262343461437
-509.36471016013934
-632.7667504426099
-2430.970766856698
-2883.8971993740784
-2437.4475475982304
-1136.7314154180224
-1788.5922718785448
-2738.208569061166
-3399.871586376004
-3213.2078751146228
-3862.6284972397993
-4047.795700548731
-4839.311895230786
-4336.386518449234
-3408.6355928928174
-4959.0154323628585
-5797.73073201592
-5344.512296741253
989.4058817046517
611.8538501813858
-79.84835445439079
-4289.703039016512
-391.5806418013996
-2000.3547030299035
-1090.7617054558516
-2519.9878913217494
-7358.162009863305
-8551.98172861594
-8409.916869155022
-3335.6340670618247
-2357.8278679561918
-3468.5676191277307
-4056.2390132235346
-5069.588892093018
-6271.120925784034
-5660.452918622351
-6738.8029030688
-8198.919047880776
-6729.935618981007
-6987.834373411286
-7848.751837896662
-5733.119878380157
-7130.779675016666
-6384.352518302147
-7552.492145764326
-6322.73677341228
5086.886405260603
4995.626327560921
3014.209561094705
7144.959268920877
7343.679562494518
1591.9306744207317
1185.6135930773542
-462.0050955380305
3646.82206262782
-3278.107114670129
-1265.2292492036597
-1964.0107893087654
523.9468273365736
-3511.27620363579
-4449.707755006402
-5458.244185932122
-7012.681846088711
-5194.63124653771
-6328.7334808696805
-3920.673121718327
1279.915941590214
606.2148278392839
-76.32400643124227
-1218.5939086309033
-6439.92659522452
-7622.724139443203
-8019.387079895044
-5336.762246779533
-6912.872261435544
-8618.587106492565
-7426.648998064766
-8670.656718990454
-8531.886634271374
-7040.391945257795
-8363.687625562197
-6781.9861553085475
-6254.687838708031
-5728.4797409760395
-1520.7456343051715
-2480.9704726136556
-2938.2353639835724
-3869.381479921439
-4593.661156940362
-5154.558478320743
-5558.397693805496
-4403.839157268578
-5132.27959519725
-4934.566983361443
-2006.4563241640815
6327.911257874098
8623.837122922483
3062.2732706658985
5121.761576989786
342.22894879621737
2233.6534672012135
-1792.6480163537942
-136.51997338083993
-3395.6682829546776
-1978.5841444292862
1804.6360323817614
1167.706724298832
67.28481247435077
-4486.25173411774
-3367.4911957725826
-5117.841984460274
-5608.991611934188
-5142.58540096454
-4816.249616255331
-4196.106673835273
-3652.1740596155723
-1094.9362170145419
-2690.659778955938
-3621.9011323907393
-3469.8916071728017
-2033.7770109035553
8001.22395565792
5031.534595684127
2513.080384099149
539.6286782818999
-971.5725391525783
2613.161837506795
1993.421225042155
1011.438994070631
-2085.238467297863
-3351.3518488053264
-2728.5374628423774
-2090.8005508271135
-1889.1844346737664
-389.21311920963234
-1097.850559749238
5872.825767225367
3155.1698838429957
2168.011209325412
611.173846468292
3696.808956691812
3104.2889891667364
2231.0258103070464
499.0021461382546
-393.05210466095053
464.78401636570925
1408.622206023679
5687.300722837615
3456.6684211547386
4987.544540071862
4503.155669210878
3956.05710974264
2798.278349259114
3330.1138734557717
7233.158792901271
6035.6697758243945
6489.038633217334
6276.0192858294
5984.921368445085
5768.701995169816
8017.168984321841
8172.936781436491
8056.8582645064635
7936.716440816473
9948.180535229143
9925.952207991613
