% Model:              K-Totem.mph
% Version:            COMSOL 6.4.0.293
% Date:               Jun 1 2026, 19:49
% Dimension:          2
% Nodes:              1986
% Elements:           3579
% Expressions:        1
% Description:        Pressure
% Length unit:        m
% Coordinates
0.5075815591942271;1.3120227923293473
0.49727665304314445;1.311745046503316
0.6471196483783984;1.3117831148135193
0.6373829091811438;1.3114617056348568
0.5775895248149671;1.3113481015368735
0.5119200007534925;1.3109549967455572
0.5219900975720148;1.3115110131462933
0.5321049643501232;1.3117532453512013
0.5421890790692214;1.3118468986794343
0.7325701214851903;1.312344637851997
0.7371954486596007;1.3108453496403463
0.7419182476416166;1.31176242613621
0.746108080152051;1.3113956081444313
0.6972986353777431;1.3116244333159122
0.6871216568915083;1.31177529941581
0.7276019546513003;1.3127482438770086
0.7224858217861303;1.3123678691055338
0.7074458890986677;1.311729932115294
0.00507960075796693;1.311060088037126
0.012436589459093697;1.3124213112327237
0.017581540092409698;1.312576338462921
0.02272003774853886;1.311931675674033
0.02684200551495012;1.3109473523805673
0.03700081580586526;1.31151621432593
0.047154038771213456;1.3117542449651598
0.37227646706231193;1.3115539414300845
0.4869195580487465;1.3108976287167835
0.3220357250171062;1.3118006838710476
0.3016894688436728;1.3126178663997332
0.30700559264165544;1.3118868544720697
0.31160440724895805;1.311099274307718
0.44777636589319575;1.3118692709973347
0.4826627997755519;1.3117478152078468
0.47250536724029807;1.3117529667342904
0.7300000000000001;1.3075850967158236
0.65711574452056;1.3117623161181402
0.6671089410704294;1.3117619815764694
0.6770973247153692;1.311737597892642
0.655;1.3075850967158236
0.7050000000000001;1.3075850967158236
0.51;1.3075850967158236
0.49500000000000005;1.3075850967158236
0.5050000000000001;1.3075850967158236
0.5000000000000001;1.3075850967158236
0.5877713639089027;1.31272754702435
0.65;1.3075850967158236
0.645;1.3075850967158236
0.6025605478246073;1.3119880295511317
0.6069142631949823;1.3108847110292288
0.6170305699889465;1.311498270743258
0.6270994723627213;1.3117505552665616
0.6400000000000001;1.3075850967158236
0.635;1.3075850967158236
0.5850000000000001;1.3075850967158236
0.5800000000000001;1.3075850967158236
0.5750000000000001;1.3075850967158236
0.5618210671178535;1.3114419832614128
0.5574506810385916;1.3124328230190034
0.5527599704586191;1.3114928140900175
0.5650000000000001;1.3075850967158236
0.5700000000000001;1.3075850967158236
0.515;1.3075850967158236
0.52;1.3075850967158236
0.55;1.3075850967158236
0.535;1.3075850967158236
0.54;1.3075850967158236
0.5250000000000001;1.3075850967158236
0.53;1.3075850967158236
0.545;1.3075850967158236
0.735;1.3075850967158236
0.7400000000000001;1.3075850967158236
0.75;1.3075850967158236
0.745;1.3075850967158236
0.7000000000000001;1.3075850967158236
0.6950000000000002;1.3075850967158236
0.69;1.3075850967158236
0.685;1.3075850967158236
0.725;1.3075850967158236
0.7200000000000001;1.3075850967158236
0.7150000000000001;1.3075850967158236
0.7100000000000001;1.3075850967158236
0.1271367109774363;1.3117089731271105
0.17764676468075927;1.3118583678472262
0.4221503447626615;1.3117993391700704
0.4021198917022313;1.3117565297616365
0.41210836186512845;1.3117439395336463
0.29736037552820677;1.3124577825862487
0.33214957874025036;1.3117446941917308
0.36217083360140323;1.3117683734130157
0.3421442543021765;1.311744067290289
0.35213678926457104;1.3117611189127083
0.38211482414191067;1.3117383670048977
0.39238510531714255;1.3114484232194488
0.4326119227052264;1.3118199344287005
0.01000000000000003;1.3075850967158236
0.005000000000000015;1.3075850967158236
0;1.3075850967158236
0.019999999999999997;1.3075850967158236
0.015000000000000045;1.3075850967158236
0.02500000000000001;1.3075850967158236
0.03500000000000004;1.3075850967158236
0.05713816156932682;1.311734032748808
0.06713849971676637;1.3117497191840466
0.030000000000000023;1.3075850967158236
0.040000000000000056;1.3075850967158236
0.11724146116784942;1.3113417861225143
0.11285108592227579;1.3124424302815862
0.09770616282807404;1.3117684501224345
0.08719281730474449;1.3118376829434681
0.04500000000000007;1.3075850967158236
0.050000000000000086;1.3075850967158236
0.0550000000000001;1.3075850967158236
0.07715123649567118;1.3117882102667149
0.07000000000000008;1.3075850967158236
0.0750000000000001;1.3075850967158236
0.08500000000000006;1.3075850967158236
0.37000000000000005;1.3075850967158236
0.36500000000000005;1.3075850967158236
0.3750000000000001;1.3075850967158236
0.3800000000000001;1.3075850967158236
0.4620794361315366;1.3117410408947217
0.45678512997259535;1.312719442523652
0.45189604424630236;1.3108162129437035
0.49000000000000005;1.3075850967158236
0.4850000000000001;1.3075850967158236
0.4650000000000001;1.3075850967158236
0.4700000000000001;1.3075850967158236
0.20271360175541195;1.3117040758050447
0.26716430782828915;1.3118553105168593
0.2569152575502584;1.3109057180372659
0.25257183892405927;1.3118781681565534
0.24249407108248697;1.3117545478678927
0.23189993386043617;1.3110578332085574
0.22749195095110766;1.3118700633219829
0.2175747369441429;1.3114338881389498
0.222160781637049;1.3126454674508845
0.18745452216311917;1.3121872555073337
0.19192102710546483;1.311276991007624
0.31500000000000006;1.3075850967158236
0.32000000000000006;1.3075850967158236
0.33000000000000007;1.3075850967158236
0.32500000000000007;1.3075850967158236
0.2777451470985353;1.3117765709910596
0.2927109482893969;1.3111894022954569
0.2800000000000001;1.3075850967158236
0.28500000000000003;1.3075850967158236
0.30000000000000004;1.3075850967158236
0.305;1.3075850967158236
0.3100000000000001;1.3075850967158236
0.4400000000000001;1.3075850967158236
0.4250000000000001;1.3075850967158236
0.4450000000000001;1.3075850967158236
0.4500000000000001;1.3075850967158236
0.48000000000000015;1.3075850967158236
0.4750000000000001;1.3075850967158236
0.6799999999999999;1.3075850967158236
0.67;1.3075850967158236
0.66;1.3075850967158236
0.665;1.3075850967158236
0.675;1.3075850967158236
0.5923155243573596;1.3113286554864907
0.59;1.3075850967158236
0.6;1.3075850967158236
0.605;1.3075850967158236
0.61;1.3075850967158236
0.62;1.3075850967158236
0.6250000000000001;1.3075850967158236
0.615;1.3075850967158236
0.6300000000000001;1.3075850967158236
0.56;1.3075850967158236
0.555;1.3075850967158236
0.17999999999999997;1.3075850967158236
0.19999999999999998;1.3075850967158236
0.2050000000000001;1.3075850967158236
0.12000000000000001;1.3075850967158236
0.13715691133847285;1.3117099167909794
0.14709879266048684;1.3117325503726203
0.16719807643090354;1.3118412582490309
0.15711230117549999;1.3117737556382765
0.15000000000000016;1.3075850967158236
0.13500000000000015;1.3075850967158236
0.1250000000000001;1.3075850967158236
0.13000000000000003;1.3075850967158236
0.17499999999999993;1.3075850967158236
0.16999999999999993;1.3075850967158236
0.4000000000000001;1.3075850967158236
0.39500000000000013;1.3075850967158236
0.4200000000000001;1.3075850967158236
0.41500000000000015;1.3075850967158236
0.40500000000000014;1.3075850967158236
0.41000000000000014;1.3075850967158236
0.29500000000000004;1.3075850967158236
0.27;1.3075850967158236
0.34000000000000014;1.3075850967158236
0.335;1.3075850967158236
0.3550000000000001;1.3075850967158236
0.3600000000000001;1.3075850967158236
0.34500000000000014;1.3075850967158236
0.3500000000000001;1.3075850967158236
0.3850000000000001;1.3075850967158236
0.3900000000000001;1.3075850967158236
0.4300000000000001;1.3075850967158236
0.4350000000000001;1.3075850967158236
0.060000000000000046;1.3075850967158236
0.06500000000000006;1.3075850967158236
0.11500000000000012;1.3075850967158236
0.1100000000000001;1.3075850967158236
0.10500000000000012;1.3075850967158236
0.1000000000000001;1.3075850967158236
0.09500000000000008;1.3075850967158236
0.09000000000000008;1.3075850967158236
0.08000000000000004;1.3075850967158236
0.4600000000000001;1.3075850967158236
0.45500000000000007;1.3075850967158236
0.21000000000000008;1.3075850967158236
0.21500000000000014;1.3075850967158236
0.23;1.3075850967158236
0.265;1.3075850967158236
0.25999999999999995;1.3075850967158236
0.255;1.3075850967158236
0.25000000000000006;1.3075850967158236
0.24499999999999988;1.3075850967158236
0.24000000000000002;1.3075850967158236
0.235;1.3075850967158236
0.225;1.3075850967158236
0.22;1.3075850967158236
0.19499999999999998;1.3075850967158236
0.18499999999999997;1.3075850967158236
0.19000000000000006;1.3075850967158236
0.275;1.3075850967158236
0.29000000000000004;1.3075850967158236
0.5950000000000001;1.3075850967158236
0.16000000000000006;1.3075850967158236
0.14000000000000015;1.3075850967158236
0.14500000000000013;1.3075850967158236
0.16500000000000004;1.3075850967158236
0.15500000000000005;1.3075850967158236
0.6464871623560732;1.3173483603138674
0.5775952331816601;1.3177319868354544
0.5111140028863759;1.3166368027931556
0.5214596310682742;1.3172464962412336
0.5315344739201028;1.3175231593348073
0.5416716865571556;1.3175690871529724
0.7374318850679652;1.3169262342271537
0.7444935731846097;1.3164938851583659
0.696551562744574;1.3176239064069
0.7305070430527637;1.3174095910845989
0.7245985385943904;1.3178779388121604
0.7197997107086097;1.3166969959986239
0.005272155327410205;1.3155576134287699
0.009844073308149022;1.3154464034804194
0.014507117890301261;1.3174262617369645
0.020691000859414874;1.3175182108558994
0.026176373947776655;1.31649443281318
0.03643893261935604;1.3171783221935043
0.0465562538143668;1.3172206866689828
0.371577104958878;1.3174421539368366
0.3216347518152393;1.3177491017335126
0.3045054166854181;1.316027611831496
0.3104846583228365;1.317213063673659
0.4462938957296362;1.3177814197145483
0.48619616876394617;1.316204994957074
0.48028657965639227;1.3175661348033532
0.6866224523405562;1.3171864661974435
0.6566050006020018;1.3175369040958589
0.6664994122193116;1.317507034111909
0.6765761371636174;1.317095529878887
0.5023845489423635;1.3133446691479806
0.6519720206958296;1.313237373640129
0.6060021824185;1.316638036206488
0.6163287275580306;1.3172067298109247
0.6364417333254618;1.3174860367644934
0.6263784092203823;1.3172444714931408
0.6419808461803088;1.3132481508860891
0.5823911982928115;1.3129518790772454
0.5608410033720452;1.3178200759803655
0.5534351524435241;1.3180634613958084
0.5668490479711668;1.3136098453730713
0.5729525048347285;1.3129625786780488
0.5169472120098678;1.3128100914661194
0.5369612444324025;1.313260378074136
0.5269525574708072;1.3132078694608147
0.5473133844546174;1.3134631931884144
0.75;1.3133182900117155
0.7022730960259997;1.3134423862640563
0.6919980055582328;1.3132741615066859
0.7168265296257251;1.3128481660061542
0.7123937140651011;1.312978953937466
0.1265913660609984;1.3171237980691215
0.40144716726524315;1.3174914161200706
0.4115633736966383;1.3171110018664327
0.299575147482777;1.3180663156701027
0.33171871243978795;1.3170662767695716
0.3617083970437886;1.317146899619725
0.34167531444016985;1.317259255714918
0.3516226858546909;1.3171313933069624
0.38160839680751085;1.3171039886421696
0.39149310280517174;1.3172865647468173
0.42173255294625667;1.317312580496413
0.439880154651483;1.3180135404119375
0.432923723684314;1.318230149549566
0.008761085480301703;1.3128811385647057
0;1.312887833156347
0.056600693894440945;1.3169657808684179
0.06667439096320152;1.3171437228501939
0.03193092646845732;1.3128144411827962
0.11704115563277094;1.3160528912621885
0.11144395386432501;1.3172675556369478
0.10525578318210817;1.3181967376016208
0.09801554082721262;1.3183557469175053
0.04199668374123907;1.3131968548349349
0.05200827644173159;1.3131836691714143
0.0867068334380785;1.3173353413951479
0.0766857422949118;1.3171986336262262
0.07202174650510139;1.3132435368832656
0.3670486282269129;1.3132245015880517
0.37693961061300124;1.313181025636534
0.46107123341827333;1.3177079391697133
0.45119613387374913;1.3163073521266913
0.4920684739123693;1.3131750465692835
0.4671492962970746;1.313572361511135
0.2562620930379973;1.316131965978961
0.2504004065562667;1.3175006505395492
0.24300208981506446;1.3181307507661488
0.23089526444605102;1.3167041282084717
0.22497318184301882;1.317688056859096
0.2178231945574531;1.3170341767675513
0.17799389983872568;1.317958370044258
0.18506290208669907;1.31827965867311
0.19100374733115408;1.3169933695553468
0.316596454871908;1.3131705528563082
0.32699565561372085;1.3132158170895025
0.2663532941174512;1.3179027954163123
0.29324278803428694;1.3176603270664804
0.28627814276084007;1.3181722970429088
0.28290409226529306;1.3131497822765033
0.4426689540477341;1.3128554898263591
0.47756973394069707;1.3129891518695158
0.6819529118356821;1.3132124500754472
0.6619637231581971;1.3132138560304325
0.6719575745775466;1.3132098160772274
0.599665684774004;1.3180030412445631
0.5921524834409928;1.3173783194885214
0.621816750398541;1.3130547475608454
0.6118394020242343;1.3128383386703542
0.6319285123007011;1.313231651015612
0.13666880417161711;1.3171232819149485
0.1667252056585418;1.3173298760518966
0.1465737307729595;1.3171051963669234
0.15658894286998043;1.3171620768425871
0.1220384105742748;1.3128938640090946
0.13202498140875632;1.3132011609211451
0.17223181752798175;1.3136477626030434
0.3969844325145596;1.3132441052936592
0.4169531037194269;1.3132203716185846
0.40696709138752135;1.3132139736209032
0.3370282031526011;1.3131995600396416
0.357014449647032;1.3132248789682999
0.34699484231108435;1.313212733774225
0.38686735759108903;1.3131999364093507
0.4272036888965925;1.3134077385936662
0.4374157327373019;1.31310363459653
0.061997890337491035;1.3131883893379839
0.1076455423336586;1.3130351174736619
0.10241285592350044;1.313044749497661
0.09225910609606881;1.3134361205513767
0.08200393519082719;1.313264299111912
0.20757348743247295;1.3130976336792746
0.21292354222737062;1.312964664975156
0.2618540385082531;1.3129964930708835
0.2475063781314662;1.3128368261095384
0.23718425122694647;1.3135360897172277
0.19715620054421662;1.3136163096411735
0.1824471591394959;1.313029257001519
0.2724105890233758;1.3137480448009553
0.2879114031843305;1.313010997174918
0.5972908232372436;1.3128922960311933
0.1419799523746511;1.313171069402051
0.16199360914479535;1.3132684611413974
0.15183336972779402;1.313198278476835
0.6459774808032258;1.3257192246987048
0.5684757010380954;1.3251526717567434
0.5740371603484341;1.3234984322368109
0.5105078805211585;1.3249920556629062
0.5207282772862817;1.325346886069238
0.5309031739650767;1.3256239286225726
0.5406431420041423;1.3255803189675615
0.7400922209191346;1.3270835083606922
0.6959475690732388;1.3256355477332271
0.7327747323077433;1.32228756578556
0.7272838253998998;1.3220506250798798
0.7205356242759651;1.3243247679686994
0.7040779457492704;1.3258261935266005
0.7122965836583562;1.3248991539554553
0;1.3256541030970264
0.008632221725473713;1.3224240653316357
0.017620194642086903;1.3225158261448877
0.02505832859495071;1.3252590260067472
0.03652647306060282;1.3254398915678975
0.046353189038975603;1.325351780755316
0.3710116830332233;1.3254386600263492
0.5009601742689823;1.3269946631540557
0.4934659591528792;1.3250714895332718
0.3152535745997188;1.325987417507092
0.3224270093136186;1.3263796964550882
0.3119810779996984;1.323313163521076
0.47849536376618834;1.3242588673299902
0.4842406509390961;1.3206760843039134
0.47009306942920204;1.3273275623192344
0.6857052711351365;1.3253829108053021
0.6560963841840399;1.3255434130386443
0.6659017583467595;1.3256709323523674
0.6758337487235733;1.3257685078218564
0.5050821751755252;1.3184574899544552
0.5807551437687752;1.3256077291657213
0.6516357563195871;1.319584282653706
0.6155904193731173;1.3255432849067204
0.6358819270473356;1.325898790935118
0.6257409863487092;1.3254064140828483
0.641409113933972;1.3198225250601388
0.5637921469064424;1.3233610156607603
0.5501126984950823;1.3263472918738066
0.5580681336897201;1.324953811762152
0.5661518563012111;1.3195606788472287
0.5710203758991211;1.318888522165902
0.5160689525160934;1.3191375846292555
0.5363303919673549;1.3197561378332046
0.5263245167643075;1.3194665935266985
0.5465876275960652;1.3201377121661586
0.75;1.3209054000895732
0.7015436742425374;1.3200564222815503
0.6913866768172382;1.3194904565415553
0.7148427287385637;1.3189422357610885
0.7075858458310778;1.318464241740113
0.12468726624455945;1.3262385235619365
0.40079992506696155;1.325518025418004
0.4107456296227093;1.3252689256836296
0.3047403774360136;1.3235778942450858
0.33181136623211577;1.3245365434489549
0.3608342688896937;1.3253756601676776
0.3411106767295449;1.325360605639756
0.3509029081693115;1.3254542331268329
0.3808768384248717;1.3252786170698567
0.3907102921645099;1.3255743963838584
0.4205547001012584;1.3252188911762786
0.43789297385867937;1.326247636071108
0.44433274400298717;1.3226209541047476
0.4296692675693518;1.3263747857577346
0;1.3188769803106473
0.0562144877505136;1.325434868106175
0.06604221738773401;1.3252447922054251
0.03125797607087749;1.3189105912619603
0.11561684697626336;1.3221968388510235
0.10966491157073587;1.3221140740512713
0.10357475407081022;1.3260894003896306
0.09505354785976859;1.3264655951410775
0.041498225747275005;1.3192103370255046
0.05145992771415017;1.3195469268001645
0.08588578304974788;1.3254458309301116
0.07609243493236649;1.325129462526339
0.07158711453401051;1.3192210126682524
0.3665387430714933;1.3193874307913525
0.3764397610211058;1.31938912209829
0.4590234241063185;1.3274858380048207
0.45031808064749806;1.3228783455297626
0.4972893429511032;1.3184797556834502
0.490182192520812;1.3206236148577135
0.46647619420336545;1.3208517620942997
0.2566643753565703;1.3275995298738665
0.24870356439406127;1.3242618237749633
0.2546090239313941;1.3206850633884915
0.24005388473785585;1.3265323606291193
0.2292254839314386;1.3262261717512824
0.22150444093223884;1.3228732100869296
0.2157730785137298;1.322993435352399
0.20907630795644447;1.3271177988706386
0.19957150699301146;1.3272105305113548
0.17516684040489036;1.3260581909372446
0.18178725638861457;1.3235662097407623
0.18985162809707162;1.3254686840465022
0.3165183741271501;1.320300039125174
0.3272007078501753;1.3194040760609325
0.26639541491719787;1.3266352188599917
0.2764028379387525;1.326217929427232
0.29731241075502723;1.32506755451686
0.2849240184423641;1.3263487668128053
0.2907461463745575;1.3233404410594447
0.4729819489019496;1.3189774708355892
0.6814191201759051;1.3196939479372072
0.6613876244408836;1.3197058720229484
0.6714271326358904;1.3195086940525234
0.6050094771768252;1.3249921266236182
0.5963413318594347;1.323461556461656
0.5893326723364329;1.326111587157435
0.5849096283309259;1.3185709801280834
0.6212879961819151;1.319410856727804
0.6110733609698957;1.3191093462100985
0.6312724898413137;1.3197075044364062
0.13573341001243439;1.325936061688737
0.16586915495318408;1.3256314485766414
0.14613142045644123;1.3252567788286003
0.15579191195091557;1.3253776393746388
0.1212320606531351;1.3190837581546249
0.13148795507665295;1.3198973083253094
0.1716081693240697;1.3200930251497054
0.39635929922791796;1.3195271158025426
0.41646756347062003;1.3192968973423942
0.4063278346309896;1.3194528590514876
0.3365132123113175;1.319080177611157
0.3565273078064817;1.3194528274541502
0.34644535277901345;1.3196220361094573
0.38634497725430483;1.3196056832166683
0.4264164419731093;1.3200350030321248
0.061612485065652985;1.3192645741418436
0.09155902789763173;1.3201826853875775
0.08146630785523618;1.3193069811255647
0.4549492036590474;1.318943523194051
0.2108734317908476;1.318377399950366
0.26059358885102896;1.3207610184184986
0.23660544713120887;1.319825719632326
0.20313534778819278;1.3187595374816858
0.19619968147494393;1.3201685925480922
0.27197013758784694;1.3199633120979097
0.2782831235494751;1.3188858178554532
0.14164059540844515;1.3193724181101305
0.16141854536240127;1.319469785503046
0.15137435385521458;1.3196001859632494
0.49897398593069664;1.358140408514478
0.5117634078269147;1.3571224120026832
0.5203763273973336;1.348120185106752
0.03940333917401354;1.3579158737389894
0.0874081142682328;1.358666185574336
0.5083901739682161;1.3479298120424557
0.49923874771034993;1.3449693791755277
0.4897905220643135;1.347501272183227
0.2995946355407651;1.3584324947696156
0.7344374123895842;1.3550694660137796
0.7205827211043105;1.344717598923733
0.705032680726623;1.3486671022765504
0.7106833456977202;1.3380103796572043
0.6951372183515179;1.357699352761484
0.6700708095604405;1.3497715415372955
0.6209780104560217;1.3558669344412029
0.5722645527668571;1.355871025478586
0.6530173490261894;1.3473858078124534
0.6269679346717387;1.3451437064363505
0.5349395782352518;1.3477801103696798
0.5507848261142321;1.347586699011848
0.565163995842206;1.3436747804221818
0.5153046895198852;1.33691525805242
0.5256431645953986;1.3365144043275032
0.5352926599841178;1.3335362220083362
0.75;1.3444087711012767
0.7378595563945531;1.338641488041513
0.7287613454318814;1.3300522035830826
0.7003862559337525;1.3367172130282958
0.7169792503927713;1.331682196571321
0.7096481341385572;1.331072989489824
0.010040147457948479;1.3588526265675602
0.00864333023851434;1.339396109096631
0.007113536175598541;1.3487130118755037
0;1.342000660291349
0;1.351820162499092
0.020757017920810514;1.348410891458995
0.3206599032284193;1.358384467016115
0.3252409901307539;1.3420789904906063
0.33906700871268936;1.349788448770462
0.35414745835143185;1.3435563399503794
0.36745285246676046;1.3465658142506056
0.3904629578896575;1.353342503824803
0.38179395143133443;1.3442031243782009
0.4067632808075834;1.347168102330413
0.43338564083421405;1.3522775855000433
0.42128465058195147;1.344439570918624
0;1.3333228910045838
0.006363534863765765;1.330851113566601
0.051339990910838615;1.3454251618696123
0.016311314246863873;1.3327699179116919
0.12836557618749433;1.354591713586547
0.11570779073844055;1.3560347486223527
0.10341903228790318;1.3538320665437629
0.1088318088758739;1.3436211730096868
0.03346823581644513;1.3411621320607885
0.044003905435579006;1.3331823838882768
0.09692747986966554;1.3450548785951502
0.0714671862804388;1.3461845895379907
0.0860647339965271;1.3427690021536571
0.46045042683834275;1.357171408551169
0.47727715718140773;1.346915132773273
0.4662895772673681;1.34903205144609
0.442982548678019;1.344349090049582
0.5056082827667263;1.3358195609138381
0.48468980628357605;1.3381172533457233
0.49423225082149824;1.3351532017606045
0.23224195894309088;1.3549514402321134
0.24260730224472932;1.3473281923743778
0.21712943501797466;1.3487871308750954
0.20145781562035622;1.3514974685135865
0.18876586806522283;1.35142265515101
0.2620675748292328;1.3509534311426197
0.2523248545910697;1.348714822706781
0.27205115268183144;1.3478954521568547
0.3112279146763948;1.34504251355629
0.2859768954677774;1.344700096689184
0.2996671594471739;1.3416247883557333
0.3157278688477796;1.3345324092670772
0.47712256551806487;1.3348770933501142
0.6864949746499961;1.345253807603786
0.6896030108593318;1.3326554542627382
0.6607308897485297;1.3374204992861443
0.6516019712241561;1.334803610316088
0.6731886362456075;1.338683751741001
0.6817594249144157;1.333498200926724
0.6144983947081295;1.3455561040469806
0.6028923874068106;1.342580865848182
0.5915666440634043;1.3470111703283345
0.5788999903319283;1.3457396111428133
0.6405455704950673;1.3388922934094916
0.6290905855901423;1.3336232277503333
0.620283105752952;1.334796726471186
0.5735248308643363;1.3322641766353496
0.5451608190999867;1.336963899373358
0.5549894390716993;1.335120504403527
0.5637900218732131;1.3305542564285415
0.75;1.330993931292876
0.1794144329940515;1.3449027004676277
0.13591850567025157;1.3458940219810178
0.16679944592569013;1.3477739834397535
0.15054793291994548;1.3464310823278103
0.3259625054295628;1.3328365366841277
0.363837018081907;1.336323756859156
0.3344836055289414;1.3355781958049164
0.3460292902778448;1.3355117819209221
0.35512004448299234;1.3331339582151263
0.375508008908153;1.3349090797293213
0.40518761296523437;1.3335845443055083
0.39490394430196557;1.3369481959578022
0.384379549337689;1.33281270053046
0.41518454493832424;1.3349584667640861
0.4342447657780711;1.3377109921999824
0.42415351532518913;1.3329011832866313
0.05248984890568335;1.3311775646834625
0.0612673701428514;1.3343705504356285
0.12210016689591671;1.3409701869414066
0.11262079528206961;1.3309826377018483
0.10167623804404088;1.334866353339143
0.09088406640594082;1.3354161292334286
0.07128046760799996;1.3313297886595998
0.08069892252426426;1.334456522839931
0.4550487451292502;1.3445216942556006
0.46775811938742273;1.3380801979491321
0.44697633226901723;1.3317351845706857
0.4863899279546733;1.3276546994407081
0.24806933548463625;1.335892606163601
0.23223782160058748;1.3388876489595383
0.2190842313510784;1.3314433677444308
0.20714898141288726;1.3370776161324247
0.1927687119463873;1.3381256174986027
0.18216645196619438;1.3321255221354618
0.3103364680904752;1.32805902468521
0.26159664040259467;1.339026066433198
0.27414286346703864;1.3374271361852779
0.304471565844535;1.3335784040125929
0.2827947849455313;1.3324990039316265
0.2921094246408817;1.3326868041102362
0.608796728462173;1.334377592099998
0.5967174842274157;1.33344637001204
0.5851200589528597;1.3349743599562192
0.1325186465251904;1.3349840290132575
0.1713203104313768;1.3355008936917385
0.14126590373651293;1.3361284379231662
0.16048366514173332;1.3364743546837956
0.15079721764964482;1.333369855367263
0.7334553106021932;1.4704596722112528
0.75;1.46129210888085
0.6845194605651628;1.4586785160908766
0.7115969181895906;1.4681755206712928
0.75;1.441368115285606
0.7280764504669218;1.4486264992016253
0.697689041664053;1.443358453614518
0.6711234667331235;1.4333712316802738
0.6891558025901149;1.4209372490351904
0.48001186250771033;1.4494192634422467
0.45200644152533664;1.4615036010261513
0.515798103684479;1.4423434103314574
0.4955476140806344;1.4239928127307495
0.47368056122190094;1.425261739400708
0.5433326978488823;1.4604885513833834
0.524908221056373;1.4044144363402264
0.49926473549242945;1.3934949222275153
0.5477454566809091;1.4194759745242473
0.5456078430322965;1.3968647593183814
0.6504109345480306;1.4599104968201264
0.5744948499519982;1.4333173043560425
0.6089051027351257;1.4448675805392763
0.5183623225012728;1.382532112224326
0.5350504201936882;1.3825957452551834
0.5535367159936307;1.3782632269004815
0.5698161600245225;1.4001565838394259
0.6057661822022439;1.4073858232401864
0.6666544908755563;1.401991912759789
0.6376072721908431;1.424228797443445
0.635059222936825;1.396803773101543
0.24000105309714242;1.4701922103552514
0.26819202783274193;1.4548448163447603
0;1.463639636668427
0.023871811983741796;1.4543355743662647
0.2343423438290544;1.4439521419615327
0.45151598369239915;1.4358539097294964
0.25966923930431574;1.4164080766669438
0.3230813103637301;1.4723815301230263
0.35670398755383664;1.4457677149172983
0.32238413803131666;1.4367463285884834
0.2896767415863087;1.426668879199351
0.2991481949050752;1.4537115195521846
0.31154374835079574;1.403513018338183
0.28324081162331505;1.4014211211744814
0.2669820750869805;1.392117191710707
0.47889167945685057;1.4068704368036904
0.4622268415399618;1.413537731895688
0.3454893446675824;1.4110503304967132
0.5071001774483369;1.3717352506952616
0.4821231962806422;1.3869614689936143
0.42380609294066246;1.4525566199662587
0.39424140560966986;1.4325205311092832
0.370609273000159;1.414876412721843
0.3880626492993668;1.405707149568858
0.40564619252142553;1.407470376727846
0.4242021360435352;1.4208344916213251
0.4627298051494294;1.3924461969902022
0.4911291151283385;1.373377661701543
0.47400577887894296;1.3751087651513136
0.2466926488674599;1.3907760415678736
0.24915000028759202;1.3700346622520114
0.2618655346812613;1.3762913844821778
0.3285092155572663;1.3866268241996331
0.29434195377879135;1.3810397197516522
0.7147932033202333;1.4262834119704966
0.73608791487972;1.428913377579304
0.7326253233545522;1.4124779542965364
0.75;1.4214441216903617
0.75;1.4015201280951177
0.7305528639325909;1.3943429404516021
0.75;1.3815962218726374
0.7311291685728347;1.374530346526023
0.7071557722089803;1.3852861620861054
0.6918643635601619;1.4000145219308249
0.684889415698348;1.3858069413687581
0.7106983636153407;1.4077164249497267
0.6920414425300703;1.3716054815736314
0.671387284904309;1.3767191824856095
0.5932334365243722;1.3807684702366065
0.5724650786756097;1.3722771430768812
0.6202800298483155;1.3762938790056392
0.6484578432690097;1.3781961798620341
0.52487112921065;1.3646007550897594
0.5427352515372454;1.3631707422129895
0.5594437809610595;1.3595850927672204
0.7121128890269278;1.3649527041037262
0.22651078261814084;1.390994931340845
0.23037768687484864;1.412751122533395
0.21045050729688855;1.4686916178224623
0;1.443700840147979
0.015634480775299452;1.433440780120242
0;1.4240500764180906
0.047606783534603445;1.4551968476000492
0.17156943280420145;1.4587443221997305
0.10492419567206288;1.4594493975391134
0;1.375505000367547
0;1.3629316152716486
0.00929689296385648;1.3716879216283604
0;1.389732664021844
0.012547798129974056;1.3837419781516942
0;1.405832259437198
0.016460532327310762;1.4151827046759011
0.011873612361431201;1.4000652347002258
0.0318010571032093;1.3975996564963606
0.03965547841851599;1.4286368668626483
0.026201200106869823;1.369978864860579
0.05093336923057742;1.3830064239309483
0.20356530103215942;1.4334393874170963
0.20336093908503844;1.3992474514244313
0.20018352332802591;1.3775680207740988
0.17930669677065172;1.3835786417072142
0.21664753700756859;1.3785320059039954
0.1691376173509392;1.4175038404979448
0.14658560953890964;1.3870038478231452
0.13319295710255497;1.4107567612237206
0.11630187637829392;1.3906212027381524
0.3130796406300383;1.3764071114674674
0.37080055997204997;1.3849829526519126
0.3464352465936666;1.3810046902496262
0.44272382072665606;1.4090491497178983
0.42317182981454066;1.3901023349877515
0.27789330900080594;1.3795380538065807
0.35562170766796475;1.363843972812122
0.37324687840525633;1.3615800887742604
0.3986318179925518;1.3824067749039846
0.3864046646071298;1.367565239979394
0.33411780767646065;1.3690896196462514
0.39851855585894297;1.3621612706064194
0.4168039731529795;1.3649971198548136
0.1255877664462182;1.3698731442126573
0.1047239979567897;1.3687183087249424
0.08512217644548772;1.3862206003158417
0.06352696785042153;1.3629778330930917
0.43415552964426013;1.367976654493779
0.4463574683134758;1.3804976675148213
0.4598229415989705;1.3717283567966865
0.48418005127217933;1.3620631640150822
0.4716214281712183;1.360671694950841
0.2341066014074395;1.3724954568565786
0.22157240574278536;1.3639307551847346
0.20838139217826718;1.3635491031635734
0.19235447948807577;1.36418329783339
0.2564998784494141;1.3616258198690643
0.24401019905811497;1.3592544244288818
0.26907547639470536;1.361833643853092
0.28384816481360503;1.3613859875820478
0.75;1.3618205865796733
0.6780815477424522;1.360966200233934
0.6600152287564797;1.3625085004654676
0.603367663530356;1.3588712232583409
0.5847685594896946;1.3596537097627155
0.6381799370949585;1.3596646699981012
0.06143345435726959;1.4098806937718378
0.07014984045570051;1.4409907643660096
0.1365805934727714;1.4425113766184863
0.10200044210509171;1.422142143696539
0.16017368623214284;1.3652263813713132
0.14219353306223442;1.3607962414850436
0.1774339449006098;1.3597493546534165
0.4473387409235156;1.3596889761827573
0.75;1.7003800320237787
0.75;1.6804560384285347
0.7277566767394185;1.68834792882577
0.7350080632650456;1.6701681652859335
0.75;1.6605320448332908
0.75;1.6406080512380465
0.7282395150419595;1.6486040717393984
0.7340947751142158;1.6292240143704146
0.711700973445476;1.706584845482033
0.6792573194751401;1.7033161772295706
0.7117982983603506;1.6669789478121668
0.7032349225140758;1.6859232049727646
0.75;1.6206840576428025
0.7036888308919402;1.6467034849830275
0;1.7032314415400678
0.6802083692229284;1.664030732201898
0.75;1.6007600640475583
0.7283865730550644;1.609145994851953
0.6476810194706607;1.6796381045325182
0.7120294582059356;1.6274117446020366
0.7350060557489759;1.5907540578567934
0.75;1.5808360704523143
0.734821611358039;1.5510113650158837
0.75;1.5409880832618261
0.75;1.5609120768570703
0.7125873076564786;1.588491591863614
0.6805696008423774;1.625153383856607
0.7043154253208108;1.6072148581842611
0;1.683265456714174
0.017178273965310555;1.6926660194670093
0.03896608527247135;1.7006595488918785
0.013311483130678882;1.6752438080829475
0;1.66329947188828
0.6061201665793865;1.6751917045725604
0.5655663323482008;1.6643751129535664
0.6411672713167667;1.6446893615435911
0.7283242299728936;1.5691143503044338
0.703249798761799;1.5695126690830625
0.6429334353767987;1.602809185578767
0.7337446519875288;1.5110940406236137
0.75;1.5011400960713381
0.75;1.5210640896665821
0.7275888611514209;1.529387211173125
0.7110899833081237;1.5488571174219448
0.6826142077391644;1.587585822637609
0.6985239981781566;1.5278145080463186
0.6811105214364083;1.5531020862118412
0.6721865428777627;1.52248876752447
0.6533320335836965;1.5701031638997798
0;1.643333487062386
0.020545434903202507;1.6558735473291915
0.015935727350060675;1.6353096370382776
0;1.623367502236492
0.03372511208980264;1.6775391548367453
0.0652414300771411;1.706581468157981
0.0513894230436262;1.684846643134899
0.04950585518251932;1.6610245587167287
0.2572562188667484;1.7023497724659646
0;1.6034015174105978
0;1.5834355325847038
0.016314675356822295;1.5949652256958164
0.2078175756495819;1.70809446171481
0.11196511340625534;1.7076187429233722
0.07690519760429596;1.6760810590677409
0.5913283673849471;1.6226236846537179
0.6441051542616422;1.5380232628536568
0.6082637019115048;1.5693823532039706
0.5231898091910621;1.684047867821143
0.32511643106863075;1.68960649022626
0.3991042378379647;1.6508015678289838
0.5374071708132362;1.632760143892962
0.5608094355767198;1.5873497058558008
0.5727897977042323;1.5465585110528974
0.47573730121489044;1.6490788519931874
0.5035141526252056;1.5918784569997642
0.44120317757999716;1.59786530057638
0.7106517725024452;1.5098686337761202
0.75;1.481216102476094
0.7267915528804033;1.4892020521069025
0.6981804549967645;1.4848034820401386
0.5258211844014948;1.546884501469441
0.6823097635262378;1.50264231964363
0.6504010274109189;1.4990881101145128
0.6752016997011747;1.4810823954585497
0.33364608977979465;1.6143837152936196
0.22546271300591192;1.67530920471462
0.1758153847937317;1.6729597791811315
0.27613207979046955;1.6457419129652622
0.01633141635674865;1.5548839615834629
0;1.5634695477588096
0;1.543503562932916
0.07099051404823165;1.6376848741513463
0.03783749582617801;1.6376877679444077
0.022167552643421278;1.6157005533693294
0.022215503562105554;1.575391399889079
0.03897457998310943;1.5972511967459955
0.04728124724133138;1.6172840900933017
0.0465729234602854;1.5773870990503842
0.11562386901315388;1.652912440505323
0.07102711548931205;1.5982553691945194
0.10453900300950042;1.6171344094178608
0;1.523537578107022
0.023056549741538947;1.5353540031003874
0.038579795481959694;1.5576483588401433
0.04585163728003703;1.5380010297325455
0.017132834848839665;1.5143365709253522
0.6066587389555994;1.517754402518298
0.562833809009339;1.5163977863324978
0.5357196172718572;1.4996898918252353
0.3899836310102311;1.5891520620044146
0.4103490749694274;1.5545210310717774
0.3070942935486655;1.5604601017015272
0.3187581253775089;1.515112236181012
0.35652072322622497;1.5502484052447296
0.46899999818440735;1.5451808769664774
0.47002567315107274;1.4768272782450567
0.5044279699984389;1.4817652604102436
0.4716547333696506;1.507744432669863
0.45122464453988054;1.4856360530567896
0.504161391557696;1.5141369749420508
0.5742263748663045;1.4785455762134967
0.6191649439308378;1.4786152309426774
0.28344181464507506;1.5968159613474375
0.27114364477456326;1.5246457129013096
0.21800510334391343;1.6369020303559718
0.15939136467853512;1.6192701463784247
0.2591018237268394;1.5710394344008456
0.2513721342562437;1.606298894828111
0.25958521689421366;1.4856631591869205
0.2290106729126763;1.5036530179108094
0;1.5035715932811278
0.07041172434143718;1.5579186227016562
0.06467687260209393;1.5256605868264586
0.11708050797588154;1.575354692406238
0;1.4836056084552338
0.022814979727109788;1.4954677978097182
0.037896692510982086;1.5155132554408812
0.017591339829560484;1.4742109531610095
0.03928004414769312;1.475281946968993
0.05175744087316524;1.49777171229334
0.07668765966633631;1.503130822476836
0.10249616686612172;1.5256767568753398
0.0964559976835015;1.4897571350026935
0.15177346183660334;1.5260581543625475
0.35871324130894905;1.4981367045322411
0.3923177300402117;1.517519315794062
0.2914019830613394;1.486038645629635
0.4307444896214609;1.509819426624912
0.3952405237428708;1.482185922384659
0.4331078550083863;1.4782187074002633
0.22207739180621522;1.5511689924646004
0.177234536077136;1.5649140227632834
0.21803729836346641;1.590554522505271
0.1910325737882574;1.528576884697147
0.18330113272029205;1.4953741311839246
0.13477775634917766;1.4906880183474256
0.06906870294717712;1.473820771544879
0.7347197986743849;1.9689553401550322
0.75;1.9593919487619518
0.75;1.979315942357196
0.7273943484625638;1.9872509874825381
0.702431184800431;1.9847966264114545
0.75;1.9394679551667078
0.7276279959382752;1.94723641084603
0.7110755963263766;1.9653488360509148
0.7341067638803848;1.9277344146087656
0.75;1.9195439615714636
0.7289575523811149;1.9066629734903064
0.7365325884996587;1.8872140709585719
0.75;1.8796959743809756
0.75;1.8996199679762196
0.7320524362769792;1.86990523768192
0.75;1.8597719807857314
0.022595024184671034;1.9946608070285763
0;1.9827552291025838
0.04830422969782943;1.996850511514171
0.039207329965619424;1.976383855834485
0.01659567200768747;1.9740926953052595
0;1.96278924427669
0.6494719106692506;1.9782529714676818
0.6785887774438155;1.9625922985293656
0.711942081670376;1.9251518357780133
0.7028020392363628;1.94487203874687
0.7027947460402316;1.90404150253656
0.7124071730903482;1.8840098437849724
0.728547234433416;1.8500808275838059
0.75;1.8398479871904874
0.7339216757429605;1.830507636507389
0.75;1.8199239935952434
0.7069631942206793;1.8599493149562605
0.75;1.7999999999999994
0.7267256185152104;1.8088031792989427
0.7337329432429339;1.7894694090861156
0.75;1.7800760064047552
0;1.942823259450796
0;1.922857274624902
0.01656864075438007;1.9340257967042558
0.07191928917069981;1.9790154044026247
0.022683930397616937;1.9549819194865279
0.04753332053742472;1.956871206446962
0.02233060749840097;1.9151313861346075
0;1.902891289799008
0.6043503087680515;1.9729313585022386
0.6420389881084505;1.9426534692151383
0.6786081099915766;1.9214704941891927
0.679773295561629;1.8812552520857744
0.3680129145785417;1.9882883380851653
0.7066588358637886;1.8319276929464883
0.6864174580862317;1.8469870659228036
0.6998525158117209;1.8070184795003124
0.7108562222250806;1.7866557092559125
0.75;1.7601520128095112
0.7273984718967772;1.7679383411154073
0.734956047877242;1.7498606955948455
0.75;1.7402280192142672
0.03871102750452998;1.9363447491761268
0.047830797372078154;1.9169821862495713
0.07101146140250852;1.9389687386345558
0.10618020356119189;1.9579975716760996
0;1.882925304973114
0.016507557014886078;1.89461862250193
0;1.86295932014722
0.022618951421210527;1.8751789096362195
0.039854700474892514;1.8972114692167963
0;1.842993335321326
0.01663624143579675;1.8543249943826665
0.04782815380337623;1.877935853111392
0.32159233867701986;1.9808588443298822
0.1564187684008907;1.9557357384824345
0.21967731516516378;1.9752501804389582
0.5935022945549424;1.9269451190774693
0.5090616729455001;1.9872079261579663
0.4590187696807548;1.979586916711775
0.5498612195576047;1.9570336502461287
0.5556897385770064;1.9076769808614902
0.6316009905910775;1.8901289667015073
0.6520098887580319;1.8490873472847473
0.4157314707694579;1.9399630022325456
0.35171227002464034;1.9381461774633473
0.6757205292995166;1.8202360320642985
0.6771332786988693;1.7831807870112149
0.7012732517694739;1.7651970560650145
0.7106407461747317;1.74613960120783
0.75;1.720304025619023
0.7278269087237109;1.7280835745697831
0.7349756281402331;1.7100436238774448
0.07189721993951462;1.898787719277244
0.11599625353285067;1.9205149640317998
0;1.823027350495432
0.02292370188512395;1.835169418351638
0.03913985215952316;1.8568599654611615
0;1.8030613656695378
0;1.7830953808436438
0.022997955640026036;1.7952086634452982
0.016883009014247708;1.8142359560307728
0.03903698119420582;1.816372491247135
0.016994274834881667;1.773646050842479
0;1.7631293960177499
0.0480380222356455;1.8364210750173167
0.07286181214954794;1.8579540839264428
0.16059281986018012;1.899881372319225
0.28654443789513623;1.939932278460212
0.21715844417841793;1.9200842901707964
0.5810309200441672;1.8862151478694869
0.4919871250695941;1.916579324798804
0.5368497582629327;1.8645077061243291
0.5941047802184621;1.8380464366431253
0.6368439636284207;1.803196100516199
0.4277729979489311;1.8789459061868343
0.3339778135874938;1.8859965485887582
0.38089338873105827;1.8968301978265805
0.3782430982421673;1.853991842722313
0.6784113699611976;1.7437265289531858
0.6468130056814695;1.7661540742825705
0.7028268292307347;1.7259370058667531
0.016440595703113733;1.7325283179886295
0;1.7431634111918557
0;1.723197426365962
0.19876247792632826;1.871829669752332
0.0711610226097666;1.8180561628068297
0.048437436615665665;1.7971679939627518
0.039903539987992634;1.7759596568354734
0.12067176447941574;1.8787154627529572
0.023549932651398497;1.753678129022721
0.020382343198655322;1.7133296935551183
0.11655598546342055;1.8366008594460863
0.1620869952131931;1.8473049365695773
0.2639369876175587;1.8685867105647167
0.48138913435117153;1.846481740741086
0.5337374580062819;1.8071495729896738
0.5931226977090336;1.7707041526445109
0.4247409999201332;1.8239353642861265
0.2134978370961287;1.8246778530963885
0.3267537158855499;1.82979676897764
0.37871508866558673;1.8092246270317753
0.28155274838579725;1.797889037807684
0.4731001809512994;1.7876241022221278
0.6310259523117144;1.721602218260525
0.10479516510668475;1.7982258253064
0.049904644549794944;1.7563324018661546
0.041178539045413236;1.7301888966509504
0.07223804347918678;1.7797022001384326
0.15562486587011065;1.7976280236570874
0.5262329894919617;1.7497876636416476
0.5728387863944526;1.7122455659616431
0.4100960983639348;1.7647981669293011
0.2242916910532325;1.7570815769370094
0.34485665654304015;1.7665146236344855
0.28515486993427686;1.7439248444421178
0.38680734242043335;1.7189823470030439
0.4564071807693594;1.7120510808680385
0.16290574362679003;1.7343743623752814
0.11564341504277266;1.7596044411414602
0.0746769064688912;1.7410911071332162
0.75;2.2790945999104264
0.75;2.269006068707124
0.7391864392431035;2.2734976636972863
0.724300443301709;2.2712009894852967
0.75;2.255591228898723
0.7375440813081332;2.262128367747644
0.7101298394492713;2.2791615038425177
0.7103655407022883;2.267086633025074
0.75;2.2381794134203266
0.734010408599289;2.245996047369778
0.7194563839923882;2.2566719628078764
0.6970184547643997;2.2712931096261344
0.02273654203614392;2.274170823443235
0;2.2622790166651003
0.016780268119075105;2.2536828259631068
0;2.242313031839206
0;2.222347047013312
0.02283013531128623;2.2343074291360545
0.6764498101424914;2.276814886154197
0.75;2.2184037781273616
0.7302775505635908;2.2282049430886
0.7349660494904322;2.2101041855996066
0.75;2.198479871904881
0.701629187621374;2.2544165323113154
0.7122198352977369;2.2380370159141636
0.6844807076177929;2.2594775262735425
0.7263999105090297;2.1885683325655076
0.75;2.178555878309637
0.733270436393818;2.168104056407188
0.75;2.158631884714393
0.016767604527065973;2.213733930938862
0;2.202381062187418
0;2.182415077361524
0.022442023289107386;2.1942769646599936
0.039788678753932875;2.25612575484561
0.048347809171615616;2.2762081328716723
0.04791694950126403;2.2364314614238876
0.03915742072069081;2.2157638732744207
0.0721277742076417;2.25817157300341
0.6633424686226499;2.254760188567512
0.708465727897485;2.2126205096829805
0.6840516712589371;2.2352530278453813
0.700950406698893;2.1853755172452223
0.75;2.1187838975239046
0.75;2.138707891119149
0.7333197624047516;2.127305391226149
0.7271878950019879;2.1466111938770127
0.75;2.0789359103334166
0.75;2.098859903928661
0.7333378120602333;2.0874137542936575
0.72760756906506;2.106760428324848
0.7107638492003756;2.1656550971574053
0.016733790161277528;2.1738293595603406
0;2.1624490925356303
0;2.142483107709736
0.022237746701721437;2.1545393062539833
0.01644145030170019;2.1339339289588795
0.03917863501199109;2.1757901849396455
0.04830004713465913;2.1961184985981004
0.07186635147333273;2.2178358122859367
0.10690702677306527;2.239170652803559
0.34459141933315374;2.2812371003816545
0.584801249881535;2.278740112312957
0.6277309245895084;2.25796168940113
0.6475279078152146;2.223334761613691
0.6760578948679214;2.2001919014400113
0.7026229927468819;2.144741318762231
0.678754955167029;2.1619521131346064
0.75;2.039087923142928
0.75;2.0590119167381724
0.733474447426824;2.0476644355103186
0.39540606049796645;2.243941260937951
0.7110615184252257;2.125123796157801
0.7025171494080605;2.104806862303647
0.7277739219155932;2.066801877547046
0.7110209198004177;2.0854135303188293
0;2.122517122883842
0;2.1025511380579482
0.022346951150924343;2.114724665197951
0.039721179957421957;2.1359367486665817
0.04740879294030355;2.1559269317723424
0.07091261242157602;2.137999464336415
0.07158100757890966;2.178308810130149
0.11917607404316041;2.2005481908302937
0.16335140046856153;2.238365320883692
0.230243075471894;2.2642620252118255
0.29492398992836505;2.2572973017344533
0.3318178338721772;2.2200682131030285
0.7342791180663265;2.0085681385053986
0.75;1.99923993595244
0.75;2.0191639295476844
0.7277654732671991;2.0270231502733416
0.5443882930560265;2.240124145903422
0.5912533958557311;2.2147003544452524
0.637169345528334;2.1842940110108864
0.47668259201374114;2.2421986846992703
0.4282860530674073;2.190501926476881
0.678738977964177;2.122526334752989
0.6461191349973119;2.1437980811427475
0.7113776124435692;2.0455357827641922
0.702201191656151;2.064934931389405
0.6784089654244527;2.0823621569893014
0.7019798750898295;2.024882262636095
0.7116408929591603;2.005614967331332
0.3773615622076816;2.1808359270524007
0.016579777814813113;2.0940093429321474
0;2.082585153232054
0.04815789214946037;2.1168690109619384
0.038747962872526714;2.096438618530932
0.022422527029790276;2.07467777278153
0;2.0626191684061603
0;2.042653183580266
0.016631537498682365;2.0541367533710826
0.03925029271095567;2.0565935877683508
0.04760778348544928;2.0769990041089716
0.07104944856153227;2.099420249440545
0;2.0226871987543724
0.022705952071607714;2.0347876644147167
0.016715628332072942;2.01413366377887
0;2.002721213928478
0.10855077836340093;2.1576074560290226
0.10102306030742124;2.122437975398702
0.15840230457830673;2.1779347342263025
0.2186700505242347;2.197660350414472
0.27200895139674497;2.2109053774072325
0.31852484736435493;2.1689421157122415
0.5298905933435709;2.1883108492195347
0.5938227564632623;2.1488978398527223
0.4787253222002369;2.1664313062876728
0.4212998281430232;2.142133309582764
0.6306754334956092;2.100247853008389
0.6785101026473992;2.0419197169507703
0.6455965215726068;2.0604564320359118
0.6786041821126877;2.0019681279725003
0.3624407966539844;2.1304661331224173
0.07171510507512698;2.059381648526625
0.04787025350569532;2.0374182205415443
0.039184122731137784;2.016558571039745
0.1439281473212792;2.1260073162556554
0.11488644550330337;2.08432169722513
0.19879639030742535;2.1415412347930083
0.2602675765097648;2.1403214234844232
0.31577268072746284;2.1180721158055937
0.10555777863175202;2.042008763445806
0.1708916126528085;2.0898336125491066
0.22380044219350353;2.0993345639180143
0.40004614378714154;2.092510101687996
0.5291652455487289;2.126192772391885
0.5766419374625821;2.095923874272633
0.463014879874562;2.0958355041093486
0.5956831106674071;2.0565746819799373
0.6339086294012669;2.0160413768127072
0.3429143267325742;2.075790299679677
0.4240467919062065;2.050765501375964
0.3797497157829576;2.0416929528457346
0.07210715521163646;2.0191674583643375
0.15061539976790672;2.0455884579462404
0.27892941103223307;2.0730737251961204
0.11934281385582182;2.00118373818069
0.21315976752435034;2.0451469847782704
0.17178704013328921;2.0048578613699637
0.5366387887561176;2.058786673253462
0.468939681318905;2.0317710538538085
0.5713807349988695;2.011646226001104
0.32755684230988413;2.0284034995378506
0.4181449486584006;2.002253569072123
0.27127222410957036;2.0043798568782303
0.7442485464365985;2.302434118483611
0.75;2.2980915428001945
0.75;2.3055805529432383
0.7447620174415881;2.296960776172923
0.75;2.2924149032841763
0.7430643143721984;2.293455053211171
0.7435229958078354;2.289334366596359
0.7385442143726739;2.292491512374358
0.75;2.2866817099882844
0;2.581734773879405
0;2.5617687890535117
0.016585242946937757;2.573208925312058
0.7419268436993295;2.311056530720879
0.75;2.3155792501981733
0.7387103834259631;2.322433466351444
0.75;2.3289291416080227
0.7348500147545102;2.3040805089256433
0.7379088896622447;2.298034520223426
0.7339133721693714;2.293064906717867
0.7358862677814625;2.2876767099718074
0.741918636821495;2.2829470645210614
0.75;2.564891531337871
0.016424073829539896;2.533138786738063
0;2.541802804227617
0;2.5218368194017233
0.022517169395334595;2.553985787315964
0.02235810614076536;2.513744008718277
0;2.5018708345758287
0.016525125941214174;2.493236047663584
0;2.481904849749935
0.03968482034090807;2.5757649862772993
0.04791814097554557;2.556275419026132
0.038148796146349175;2.5353789504230257
0.046706140063049184;2.515283518586312
0.0717312458061282;2.5785262301022946
0.7281992383147006;2.313666208547179
0.75;2.3467534230994476
0.7342774213707606;2.33801505094252
0.7219015050459467;2.3254703529733005
0.7279587232439613;2.2893134703811295
0.7250580942059851;2.3051490322820314
0.729286703714974;2.2978723851274068
0.7323629650938618;2.2812594120963836
0.27929885673875166;2.574968774473576
0.44583437194618536;2.590171937315378
0.75;2.370551744124378
0.7283497617787517;2.358659730125828
0.7017664460945776;2.5378903573671665
0.75;2.499811541645159
0.75;2.402326380331933
0.720623396899518;2.3885155885019405
0.6322028363682155;2.5690855049235664
0.5166190494345305;2.576318092722541
0.75;2.444750695249065
0.7142337273752868;2.425553468833769
0.706902828951442;2.476885448748692
0.03842410877576474;2.495114046846299
0;2.461938864924041
0.022049807934595936;2.474034071861623
0.04789543240876779;2.4761080935542217
0;2.4419728800981466
0.016354207905724696;2.4536004016456454
0.0714783000944102;2.538226311611453
0.07038919353154816;2.4974363678464497
0;2.4220068952722524
0.022163083662202144;2.4343444408487933
0;2.4020409104463587
0.016616803350805287;2.413593253778442
0.03874691001874253;2.4557693608406
0.04762541056158887;2.4368165050255217
0.11487686461078038;2.5576975713695385
0.15982053664987117;2.5803935534892437
0.24440854792922778;2.5755188128099036
0.10675599135909568;2.516451515839038
0.15334653870444895;2.5329477705922567
0.20881401571804745;2.5496486359658763
0.07041623783778887;2.459127783724702
0.09977926430575074;2.4824890657288607
0.308117132048264;2.5461453300869503
0.25778726637461297;2.5391482868869075
0.7223787216282509;2.2831581224905313
0.7148858697346534;2.3114325012121113
0.7111145865409453;2.3426961473411714
0.7015180420191961;2.324688035378087
0.7163039942256703;2.2949948088425067
0.372361284322643;2.5609715765299543
0.43069896391469803;2.5293214122101455
0.490189596198785;2.531463606481
0.6967511658315861;2.368772029248815
0.6434142665063256;2.5045606106117915
0.6829602514668831;2.397995799128811
0.5625940266115576;2.5235550477513025
0.661426651561724;2.443836198499481
0.33621777663115016;2.5084329511634746
0;2.3820749256204645
0.02245845622355546;2.3943280497495807
0.016718746590075214;2.373662877554796
0;2.3621089407945703
0.03892851591990827;2.415937920811565
0.04814566559391368;2.3968428749313797
0.07143020798582876;2.419792277926802
0.02266045972685693;2.3542978232709966
0;2.3421429559686766
0.23216516214589794;2.5109271860834754
0.14140507439866548;2.4863513671463338
0.1908877924877219;2.4997424447004337
0.1140259324318685;2.4447057197562594
0.2796673469823805;2.4965803981891757
0.6970603287066215;2.30558609434861
0.6812228294970322;2.3196711851299083
0.6809517349167361;2.345891149118143
0.695438741642076;2.2887305938319047
0.3170980652803723;2.4673395634700412
0.3900764425442058;2.498446511713757
0.3545588675380951;2.4697283294066255
0.45026670903406957;2.4819427887101577
0.5255544932106412;2.4767468965655066
0.6597007943349036;2.3660016458031
0.5931707523242933;2.456883119924524
0.6309351698900217;2.4023731756775777
0.10533251145490005;2.4032695620486177
0.03948139391562539;2.376227492257677
0.07213162113646789;2.379596829606535
0.039935253433313465;2.3363399035352637
0.048311061270580644;2.3569375787681004
0.01678909371201202;2.3337154997705643
0;2.3221769711427824
0;2.3022109863168883
0.022728283066520905;2.3143045807247815
0.016849187615561093;2.2936859223119193
0;2.282245001490994
0.03971597210465699;2.296072119513648
0.04860291806417627;2.3169930016166687
0.07228146727895247;2.3391128497346734
0.23172858758126114;2.470221876956179
0.17308094180670888;2.449062131569103
0.14903605964389374;2.405747106739698
0.11704209508541129;2.3641100889408198
0.2796284297836919;2.436614408684382
0.6727904874618168;2.299471882149936
0.6497015573488474;2.323969124916288
0.33850262395829706;2.4254988405188733
0.4009908279946282;2.4370351078099883
0.4751627684205101;2.430167522020729
0.5363352409006419;2.425031962099051
0.608366525684202;2.359719762262482
0.5741167544520291;2.3920173491380403
0.07285753022495359;2.298626195611084
0.10668895855620246;2.3220605242703796
0.2094555279391145;2.4061853896908754
0.16753103662096355;2.3678544697629675
0.1515292505851911;2.3260909816270896
0.3150945301844446;2.38001840066644
0.25998152659007795;2.374616732371092
0.6063258931149209;2.3166291676255257
0.6503436215435896;2.285812815128983
0.6242713646547113;2.2925120776768146
0.38079345734137693;2.377173760220317
0.34463282888195407;2.335538187711012
0.4449339311955767;2.378784935832106
0.5159075041371042;2.3793960621110766
0.5556116911627422;2.331454699136848
0.11933583037702421;2.282023419892688
0.21098742734143258;2.337564215924167
0.17413743909093035;2.2910308990239203
0.28417168163076717;2.3176269741446407
0.41477136346657395;2.308309090962478
0.4862246686746474;2.320002672345861
0.5303607324193517;2.2835528581145326
0;3.0010204552231796
0;2.981054470397286
0.022594511471170965;2.9929858126713533
0.01688006507737781;3.0123419867569297
0;3.020986440049074
0.03917335306315643;3.0143304955399297
0;2.9610884855713917
0.01678618490435277;2.9724228884254833
0.039046259898067905;2.974785124244556
0.04854649366063102;2.9953456433903285
0;2.9411225007454975
0;2.9211565159196033
0.01655945726834381;2.932531520360718
0.6878181711992382;3.0275463750625042
0.75;2.9918301019287243
0.07168445617595236;3.016847611762952
0.022668010445402065;2.953272772267753
0.04829836281329553;2.9561600706453404
0.07089838133423336;2.979259018433488
0.03894529163779625;2.935339444954034
0;2.9011905310937096
0.022594375618583417;2.9133909774756086
0;2.881224546267816
0.016718923590389907;2.8927342259098423
0.5634545135977147;3.0275463750625047
0.6256363423984762;2.9918301019287243
0.6878181711992379;2.9561138287949436
0.75;2.9203975556611637
0;2.8612585614419213
0;2.841292576616028
0.01666016771971036;2.852734026952582
0.022565613859703963;2.873259077378192
0.10651057761411821;3.0059882473654826
0.15174946657700555;2.980776764144921
0.1025872995077583;2.968171189824551
0.07167816189966089;2.939578102780264
0.048340112875799285;2.916184578676282
0.03903297853441757;2.895171759698458
0.3261836854181361;3.0274601672757946
0.26513887872915304;3.00288149512138
0.5012726847969524;2.9918301019287243
0.3769150307145726;2.991620554516778
0.5634545135977144;2.9561138287949436
0.6256363423984763;2.920397555661163
0.43909085599619047;2.956113828794943
0.5012726847969527;2.9203975556611628
0.6878181711992385;2.8846812825273833
0.75;2.8489650093936034
0.02273116181722867;2.8333704403386246
0;2.8213265917901333
0;2.801360606964239
0.016699805908098143;2.812765887948696
0.04792796584974157;2.875290955539159
0.0394078496881988;2.8552043738053543
0.022665565345407715;2.7933808962970845
0;2.781394622138345
0;2.7614286373124517
0.016659399989422057;2.772836004288108
0;2.7414626524865575
0;2.7214966676606633
0.01664329938181625;2.7330110891762165
0.21093276029022406;2.9757059205632563
0.2519282509973717;2.950714973324426
0.17453921587327625;2.93944391828503
0.12356750849990798;2.927823859861769
0.07290242766199626;2.8984708468529368
0.21401432660383873;2.9214090261842354
0.16953335855391108;2.897610577072724
0.3113439852343281;2.9530781955268104
0.26914844770145785;2.9023020072686765
0.37740171518703025;2.920623914800059
0.5634545135977149;2.884681282527383
0.6256363423984767;2.8489650093936034
0.4390908559961915;2.884681282527383
0.5012726847969533;2.8489650093936034
0.6878181711992382;2.8132487362598235
0.75;2.777532463126043
0.07135543560317512;2.85748682162958
0.04763398290186253;2.8357509450205227
0.02237414100388688;2.753665834663418
0.039204905445791645;2.774889506969471
0.04699953825040624;2.7953845410125964
0.03835593738414641;2.815136247003773
0.03929739321150736;2.7352189923298478
0;2.70153068283477
0.02253071414994172;2.7137022450712744
0;2.6815646980088754
0.01673332179859155;2.693057514486385
0.11354066586521736;2.876596668768613
0.1031536203123869;2.8394778103688285
0.21429723967535838;2.8657250843731608
0.15329936148245346;2.840852099733675
0.3216045913375622;2.8830333673130717
0.26850983772483217;2.8424168618307197
0.38003380582422186;2.848576929278821
0.5634545135977147;2.813248736259824
0.6256363423984762;2.7775324631260436
0.4390898329300602;2.813247221837541
0.5012725826300537;2.7775292564146903
0.75;2.706099916858483
0.6878181711992379;2.7418161899922633
0.04808484010978673;2.7160572645955163
0.07093580636415364;2.817935034130768
0.04793295779361795;2.755409510104786
0.07156414286534135;2.777207198261478
0.07131319651208708;2.7378230319490218
0;2.6615987131829812
0;2.641632728357087
0.016745387763144937;2.6530831981251546
0.039130625553874955;2.69534505305061
0.022553135961896474;2.6738433895955467
0.21230075412107;2.8116382085187284
0.11560437812445157;2.8005315754677884
0.15522223886160394;2.781587376859581
0;2.6216667435311933
0.022620092223343095;2.633701477772056
0.3193849458118113;2.810899197735489
0.20038669011471943;2.7524578845721397
0.25676087868849884;2.7775976037678416
0.37843557827106156;2.77346130838287
0.5634563057498506;2.7418128966024944
0.6256400288561687;2.7060997481709794
0.44108047523274235;2.7408816651985406
0.5052805238112585;2.7060747475990388
0.6921300347703627;2.6721817090836586
0.75;2.634679532569069
0.07191051345582324;2.698308097533735
0.10766066792448158;2.7583349647348228
0.14615789246383773;2.7289819338617214
0.10073631487165093;2.722891125331371
0;2.601700758705299
0.016759573516614626;2.6131595078186005
0.022478632635387488;2.59400918239476
0.04002946687183691;2.6553261095900287
0.047949874410530606;2.675464940623573
0.038866621559452044;2.6154116229367195
0.07193024173178329;2.657780950224684
0.04817891779493913;2.636173624335355
0.11822517661988335;2.682732237318218
0.07158799367418837;2.617888712539784
0.31007749132079676;2.7311410700453855
0.24108745042805196;2.7198816347488495
0.17898664691271424;2.6927203760520024
0.2701026194568668;2.6775333707897193
0.38018013941582257;2.6998142895833412
0.3212824949355569;2.659537791340479
0.5682752612019418;2.6718745712638197
0.6303668644732089;2.636564485662662
0.5089938993536809;2.636666165725013
0.4419819422866909;2.667450818835292
0.6967293853602987;2.6033956820867337
0.04834808658957238;2.5957312524083935
0.10662073482795541;2.638659391432175
0.15963789653344926;2.6380648930130395
0.11810684534391909;2.5996592825796863
0.21985344652415217;2.661001026419752
0.2091217748777841;2.6042063179713058
0.2660378162195355;2.619963261608393
0.3208463720399065;2.598618502690176
0.3796504503367451;2.630864030691101
0.5726256824923114;2.6011826442517734
0;3.420306136566954
0.02208869016997473;3.4325873934575912
0.01630951324381964;3.4117594641514426
0.047585410320968156;3.434727327015301
0;3.4003401517410596
0;3.3604081820892713
0;3.3404421972633775
0.022570841395022502;3.352565516872887
0;3.3803741669151663
0.02227880908880151;3.3926339273489945
0.016690349068805305;3.371933839553061
0.071760083799553;3.4172391137743685
0.03927367833248056;3.414164985067925
0.04804755341301989;3.3947700375111385
0.03932556195192867;3.3743058978850664
0.7084209070773105;3.427348721050192
0.75;3.402510219856861
0;3.320476212437484
0.016695532866637126;3.331993492904659
0;3.30051022761159
0;3.280544242785696
0.01672142330982935;3.292049813291028
0.022547638142829913;3.312603115900049
0.04833951010891929;3.3550152739905705
0.038555928031742404;3.334252729303382
0.10391628544655962;3.398835067456659
0.07189238301470757;3.377068210032167
0.6133979672766481;3.42919328839563
0.6493607205181414;3.3976205756943942
0.6982246384872782;3.36961959441114
0.75;3.344554519765833
0.14730307203323767;3.3999401316828024
0;3.260578257959802
0.022473261051520116;3.2727250875020113
0.016822612055925293;3.252133830013636
0;3.240612273133908
0;3.2206462883080142
0.02263795175299474;3.232797570891649
0.039459350837763814;3.294371191007464
0.04728884419423493;3.314728882378223
0.07174252391795428;3.337416213223795
0.11557985116997725;3.358329000324007
0.04837827619844572;3.2749808929458006
0.23497791641383955;3.434862579792015
0.28823381978621987;3.4307184496634004
0.32891968777305686;3.430298978088419
0.20500909214175767;3.384664474531458
0.16114868940967533;3.355992737235646
0.450752137866492;3.406714974440185
0.35664328435165615;3.4050770139015087
0.4033440855229914;3.403290499782057
0.5908416226151162;3.3837390714450546
0.6412632262771757;3.3423435761663565
0.6948691227014351;3.30932564757616
0.75;3.2775444458406766
0.03919664841564351;3.254502897079224
0.016792191009738094;3.2121559752727746
0;3.2006803034821196
0.038709427653034416;3.2147371850859514
0.04780168428622863;3.23512466435794
0.07184159308730417;3.2962792911459546
0.10428819392707765;3.317786788954171
0.14510164868791475;3.319253180601796
0.07141142029996322;3.2570081096252403
0;3.180714318656226
0;3.1607483338303317
0.01677573884723778;3.1722158852777373
0.2695041777951001;3.3846659368719703
0.31977737527118666;3.388959255478001
0.24673813077242873;3.341262582438665
0.19990772977462487;3.3211630784682415
0.51215647854565;3.378225659325344
0.44266160037940916;3.355201452392806
0.36507543935183734;3.353433812170512
0.5706131934374067;3.3217512667885414
0.6320297702312536;3.2793816355567014
0.420808570836213;3.3044700218796486
0.6916837088131826;3.242328497586712
0.75;3.2061277407314046
0;3.1407823490044375
0.022645683077187177;3.1528807608813905
0;3.1208163641785434
0.016835384734170407;3.1323035848506526
0.022661618005026626;3.192933459475295
0.04007336786570635;3.1747277161803145
0.04752695570931312;3.195360479813783
0.07099205633694847;3.217935156165977
0.11628356438033524;3.2785840837617206
0.16333545880357403;3.283690269001576
0.10385650766809595;3.23687290343951
0;3.1008503793526496
0.022834043030761978;3.1129420526437945
0.30809164733187105;3.3313285733478017
0.25366919332322124;3.287036840234172
0.20792863609620102;3.258435534050268
0.4883158078738642;3.2991884230421067
0.3712228720880467;3.280515921517394
0.5614539718234759;3.2480537172748654
0.6272311651861143;3.2075452786179977
0.4318412904493261;3.246183847482719
0.6878181711992382;3.1704114675976243
0.75;3.1346951944638444
0.039796964561766394;3.1345593611376628
0.04862222965964232;3.1547698019363635
0.07289088917207119;3.177734348618021
0.11374170682508505;3.2013204203276153
0.1505782154647884;3.235382270714436
0;3.080884394526756
0.016928907320971392;3.0921323370743914
0;3.0609184097008617
0.022908727150817373;3.073158534335957
0.016969750910132933;3.0521792069527414
0;3.040952424874968
0.048180495751652265;3.115048973797374
0.11413305222930487;3.1630653639126027
0.20126359871212934;3.2043149386630487
0.0392052140217797;3.0944261510004942
0.04850530546993356;3.0749723312503154
0.31459655070088294;3.2506268748209504
0.25705990003280577;3.222250943835622
0.49917964546439525;3.2106628324283064
0.3751055500131061;3.21112281136441
0.5632157161759124;3.171486532922276
0.6256363423984765;3.134695194463844
0.43779746958550303;3.1730536801256863
0.6878181711992385;3.0989789213300645
0.75;3.0632626481962846
0.0724566941431805;3.1370819060504442
0.15340060700433872;3.182217118947813
0.022713487930444375;3.0329601806701074
0.03920896500809601;3.0544690388344278
0.047715472444233846;3.0346946800336636
0.07180269902224932;3.0968305481575675
0.07163817353651927;3.05725810832531
0.11376754767836443;3.1181950650214447
0.1455340743824389;3.144547296019834
0.2429432880217491;3.165468631475637
0.18896318753435423;3.1489656971299103
0.31081496486520044;3.1726204676058183
0.272423644499836;3.1209431245531016
0.5006882559734919;3.1358680944603767
0.3801926531888975;3.140685515895699
0.5634545135977149;3.098978921330064
0.6256363423984767;3.0632626481962846
0.43914152214189406;3.098980893989294
0.11016439344156764;3.075525822943559
0.09928325344063069;3.0400625709109264
0.16517215270651445;3.0960980870614425
0.2244471782110532;3.1073282523129286
0.32611349695388525;3.102664864050082
0.2707436810762647;3.06599977187914
0.5012726847969532;3.0632626481962846
0.3853390322264672;3.065047210634096
0.43909085599619097;3.027546375062505
0.13882463023424763;3.0382096892494874
0.1998579933155187;3.0345265635079586
0.7392377176193374;3.590537282676872
0.75;3.6
0.7347177765346325;3.6
0.75;3.586430012113748
0.7253654308225369;3.588462164494578
0.7161702808289814;3.6
0.013455359831076081;3.586480202070999
0.019898645425788123;3.6
0;3.6
0;3.5800340151741064
0.7374015796631637;3.5789076135298643
0.75;3.571213744994532
0.7076190206997278;3.585018833860552
0.6964523300465386;3.6
0.7183589745036648;3.5737596725497562
0.029359737818367423;3.5841046486173536
0.039797290851576246;3.6
0.015780893977609737;3.570489119158244
0;3.5600680303482117
0.7313707427064585;3.562305239141035
0.75;3.552061687253833
0.059695936277364345;3.6
0.050026576246681505;3.580827273238832
0.06947010066956366;3.5841001042673666
0.07959458170315246;3.6
0.11026592983262933;3.583426390153188
0.1193918725547287;3.6
0.0994932271289406;3.6
0.1591891634063049;3.6
0.1392905179805168;3.6
0.15069904378729085;3.583256761552741
0.13128464513996965;3.5773227524022397
0.7135316575680892;3.5590361691606636
0.6765539444767956;3.6
0.6872119750170712;3.581618721748778
0.7000813080455902;3.5670326923555513
0.6566552990510076;3.6
0.6663453998568064;3.5788029357715954
0.039701504739608186;3.5632413596540684
0;3.5401020455223176
0.021261808519912453;3.5511653728950914
0.020354530421384045;3.5305217449390445
0;3.5201360606964243
0.6367566536252196;3.6
0.6454648768444167;3.5788596965801913
0.6263715653775933;3.5851121793930245
0.6168580081994314;3.6
0.724038398193307;3.5378095515179058
0.75;3.5264555269423
0.0904573142064419;3.5768015222695135
0.06699121606331401;3.55949480105105
0.046575608703742624;3.5396730282839597
0.03604447860315542;3.516568252200761
0.17908780883209305;3.6
0.1712228741545355;3.577775971723894
0.19898645425788117;3.6
0.19022165235554558;3.583484098117649
0.23878374510945738;3.6
0.21888509968366926;3.6
0.23023930400670098;3.5833609786828697
0.21097704182763163;3.5774519852984823
0.35817561766418604;3.6
0.338276972238398;3.6
0.3488811963345497;3.577748754824037
0.31837832681260986;3.6
0.3282871451662181;3.5823585243083125
0.3108946251965819;3.586828983771776
0.2984796813868217;3.6
0.2702285476027865;3.584061181569405
0.2785810359610337;3.6
0.25868239053524544;3.6
0.2511776478486694;3.5777509271093506
0.2913805226874418;3.578620371363267
0.1126028512296173;3.561308736812595
0.09329485665547924;3.5525567775519966
0.1527171426058277;3.5610668228559437
0.1328521268268508;3.553127905063012
0.3681397454078619;3.583268326478584
0.37807426308997416;3.6
0.39797290851576234;3.6
0.38898127845258323;3.5763528274699574
0.4083151181078454;3.5831716809678116
0.41787155394155034;3.6
0.5693490914728643;3.5870271943908736
0.5770607173478552;3.6
0.5571620719220672;3.6
0.5969593627736434;3.6
0.6083015042287013;3.579858024434567
0.5868163310551991;3.583077866839237
0.537263426496279;3.6
0.5173647810704909;3.6
0.5291695742790181;3.583648881950546
0.5497761371742083;3.5783872926318545
0.6960706303564644;3.544743968006118
0.6779246288869676;3.5602970957081426
0.6541402942378532;3.558067409031832
0.4974661356447029;3.6
0.5096940565537547;3.5772933635966266
0.44879683784540064;3.583535734541575
0.4576688447931267;3.6
0.43777019936733846;3.6
0.43009213708331623;3.5767759863637583
0.4885753564639732;3.58350158568177
0.4775674902189148;3.6
0.46963750139221017;3.5774382357128727
0;3.5001700758705296
0.0187840024726534;3.5097990269949624
0.01463795780527818;3.4924521714043
0;3.480204091044636
0.01595630829707578;3.4521444260792316
0;3.460238106218742
0;3.440272121392848
0.03785358011279573;3.4938966333759316
0.6257522901338871;3.5622392005231864
0.6983398916289405;3.5232863386820066
0.7189587055056611;3.50473743738115
0.75;3.4929131981374875
0.08203243168229911;3.531830143550017
0.061556254684069237;3.5118619730865857
0.367155877023937;3.556407388464684
0.17259022572427943;3.5527523292496164
0.1920132766687884;3.5611769427863313
0.23234942515323723;3.5608989552775507
0.21224249445469287;3.5521230658646292
0.3392455074183763;3.558452242004213
0.31487663911377495;3.563757542260942
0.27293887790393545;3.5614477916988667
0.25351084181889477;3.551737149362406
0.2945150292756539;3.552691988867838
0.11548021656949299;3.529973212001758
0.15468444677941817;3.5290189534366534
0.3912042118755628;3.5495937010384373
0.4109367416389009;3.5601826901612905
0.5738019158692949;3.5657745084757417
0.5980314222183565;3.5583880486382196
0.5317782965437515;3.561914684167373
0.5537864518151719;3.5558743631056866
0.4912260426061238;3.560655608898325
0.6687304440329207;3.5309453987945583
0.6396993052111646;3.540822020495101
0.6129225620343912;3.5330686502120425
0.5114948399402064;3.5522524699758535
0.4516247337027295;3.5606936219260423
0.4324521566178979;3.552079307947886
0.47185478638835593;3.5522131880569168
0.021086595157691238;3.4726755453026343
0.04640665936577226;3.4749374764016374
0.03844720783904869;3.4541137595559683
0.061549308280261235;3.4868124486632466
0.6847909543875842;3.4984944270837195
0.7151333526814634;3.469455661974414
0.75;3.4514938682207403
0.09180410421655526;3.4928954899817968
0.37817626023766826;3.525782676354768
0.35247381998787636;3.536870094071289
0.19468036150398607;3.5290895669648936
0.23557811707162904;3.5269346234007894
0.31979725698325473;3.5291384051614796
0.2778169207902151;3.5274468924022124
0.13649586592870536;3.4869789581152393
0.17518213648861006;3.4999792522829485
0.4147643531416721;3.527875776748533
0.45433508695039293;3.52893027208742
0.5762004501884344;3.533295066816483
0.5339464593506587;3.5277665754602516
0.4936536555427469;3.5285932819484787
0.6384082681688648;3.5049450701484104
0.6006044076487794;3.5092610589599498
0.07174917563943689;3.4582526996367435
0.3963534245969686;3.486953348244349
0.6630963246058303;3.4590103721895464
0.11463332801589243;3.4457487528361543
0.35320458502588076;3.5032164593311768
0.2135966247535983;3.487734464090268
0.2603176508712239;3.482841785069049
0.3141226021126016;3.483093116843258
0.17572289995275958;3.448857267294405
0.43960766336119406;3.4841749147439485
0.4792890164088456;3.5000732873618805
0.566840749587295;3.4953111762147713
0.5173263908512054;3.4921559659427035
0.6055943650897994;3.470561927865873
0.36750087935710263;3.451740392621911
0.4267932216089519;3.444274098924623
0.4857047018711109;3.4489343428004626
0.5551570737309616;3.440409567820276
% Elements (triangles)
1801;1802;1803
1804;1802;1801
1805;1803;1806
1801;1803;1805
1807;1808;1809
1807;1809;1810
1801;1811;1804
1801;1805;1811
1811;1812;1804
1813;1806;1814
1806;1813;1805
1815;1805;1813
1805;1815;1811
1816;1817;1808
1807;1816;1808
1807;1810;1818
1807;1818;1816
1818;1810;1819
1811;1820;1812
1820;1811;1815
1812;1820;1821
1822;1817;1823
1816;1823;1817
1824;1825;1822
1824;1822;1823
1826;1827;1828
1829;1830;1831
1830;1827;1832
1831;1830;1832
1826;1832;1827
1815;1833;1820
1814;1834;1835
1814;1835;1813
1836;1813;1835
1815;1813;1836
1833;1815;1836
1837;1838;1834
1835;1834;1838
1823;1816;1839
1816;1818;1839
1819;1840;1841
1818;1819;1841
1841;1839;1818
1842;1841;1840
1840;1843;1842
1844;1845;1837
1838;1837;1845
1846;1844;1847
1846;1845;1844
1820;1848;1821
1833;1848;1820
1849;1821;1848
1828;1825;1850
1826;1828;1850
1824;1850;1825
1824;1851;1850
1824;1823;1851
1823;1839;1851
1842;1852;1841
1839;1841;1852
1839;1852;1851
1853;1852;1842
1854;1829;1855
1831;1855;1829
1856;1854;1857
1857;1854;1855
1858;1859;1860
1859;1856;1861
1860;1859;1861
1857;1861;1856
1862;1863;1864
1865;1866;1863
1866;1864;1863
1867;1865;1868
1867;1866;1865
1869;1870;1871
1871;1858;1872
1869;1871;1872
1860;1872;1858
1868;1870;1873
1867;1868;1873
1869;1873;1870
1826;1874;1832
1826;1850;1874
1875;1850;1851
1875;1874;1850
1831;1876;1855
1831;1832;1876
1877;1832;1874
1877;1876;1832
1878;1879;1862
1878;1862;1864
1880;1879;1881
1878;1881;1879
1882;1883;1880
1882;1880;1881
1884;1885;1886
1847;1887;1888
1846;1847;1888
1889;1887;1885
1889;1888;1887
1884;1889;1885
1890;1891;1892
1886;1890;1893
1884;1886;1893
1892;1893;1890
1833;1894;1848
1833;1836;1894
1838;1895;1835
1836;1835;1895
1836;1895;1894
1845;1896;1838
1895;1838;1896
1891;1897;1898
1892;1891;1898
1899;1900;1901
1901;1883;1902
1899;1901;1902
1882;1902;1883
1903;1897;1904
1903;1898;1897
1904;1900;1905
1903;1904;1905
1899;1905;1900
1906;1907;1843
1907;1842;1843
1907;1853;1842
1908;1907;1906
1908;1906;1909
1910;1911;1912
1908;1913;1907
1853;1907;1913
1846;1914;1845
1846;1888;1914
1845;1914;1896
1894;1915;1848
1848;1916;1849
1915;1916;1848
1917;1849;1916
1875;1851;1918
1851;1852;1918
1853;1919;1852
1853;1913;1919
1919;1918;1852
1878;1920;1881
1878;1864;1920
1876;1921;1855
1857;1922;1861
1857;1855;1922
1921;1922;1855
1860;1923;1872
1860;1861;1923
1922;1924;1861
1924;1923;1861
1864;1866;1925
1925;1920;1864
1866;1867;1926
1867;1873;1926
1926;1925;1866
1869;1927;1873
1869;1872;1927
1923;1928;1872
1928;1927;1872
1927;1929;1873
1929;1926;1873
1877;1874;1930
1874;1875;1930
1875;1918;1930
1921;1876;1931
1876;1877;1931
1877;1930;1931
1932;1881;1920
1882;1933;1902
1882;1881;1933
1932;1933;1881
1889;1884;1934
1884;1893;1934
1888;1889;1935
1888;1935;1914
1934;1935;1889
1892;1936;1893
1892;1898;1936
1937;1893;1936
1937;1934;1893
1903;1938;1898
1903;1905;1938
1915;1894;1939
1895;1896;1939
1894;1895;1939
1940;1896;1914
1940;1939;1896
1940;1914;1941
1935;1941;1914
1938;1942;1898
1942;1936;1898
1899;1943;1905
1899;1902;1943
1944;1902;1933
1944;1943;1902
1943;1945;1905
1945;1938;1905
1909;1911;1946
1908;1909;1946
1910;1946;1911
1908;1946;1913
1947;1913;1946
1912;1645;1646
1910;1912;1646
1647;1646;1645
1910;1948;1946
1910;1646;1948
1948;1947;1946
1648;1948;1646
1647;1645;1649
1947;1949;1913
1949;1919;1913
1915;1950;1916
1915;1939;1950
1916;1951;1917
1916;1950;1951
1952;1917;1951
1918;1953;1930
1919;1953;1918
1949;1953;1919
1650;1651;1652
1932;1920;1954
1955;1954;1920
1955;1920;1925
1924;1922;1956
1922;1921;1956
1921;1931;1956
1928;1923;1957
1923;1924;1957
1924;1956;1957
1926;1958;1925
1955;1925;1958
1929;1958;1926
1929;1927;1959
1929;1959;1958
1927;1928;1959
1928;1957;1959
1931;1930;1960
1953;1960;1930
1961;1956;1931
1961;1931;1960
1944;1933;1962
1932;1962;1933
1932;1954;1962
1945;1943;1963
1944;1963;1943
1944;1962;1963
1934;1964;1935
1935;1964;1941
1937;1964;1934
1936;1965;1937
1937;1965;1964
1942;1965;1936
1942;1938;1966
1942;1966;1965
1945;1966;1938
1945;1963;1966
1939;1967;1950
1940;1967;1939
1940;1941;1967
1941;1968;1967
1968;1941;1964
1947;1948;1969
1949;1947;1969
1948;1648;1969
1949;1969;1953
1649;1653;1654
1647;1649;1654
1653;1650;1655
1655;1654;1653
1655;1650;1652
1648;1656;1969
1647;1657;1646
1647;1654;1657
1657;1648;1646
1648;1657;1656
1658;1657;1654
1657;1658;1656
1655;1659;1654
1655;1652;1659
1659;1658;1654
1954;1970;1962
1950;1971;1951
1950;1967;1971
1951;1660;1952
1951;1971;1660
1660;1661;1952
1969;1656;1972
1969;1972;1953
1960;1953;1972
1651;1662;1663
1663;1652;1651
1664;1665;1666
1662;1664;1667
1663;1662;1667
1666;1667;1664
1668;1659;1652
1663;1669;1652
1663;1667;1669
1669;1668;1652
1670;1972;1656
1658;1659;1671
1658;1671;1656
1668;1671;1659
1670;1656;1671
1954;1955;1973
1954;1973;1970
1955;1958;1973
1957;1956;1974
1961;1974;1956
1959;1957;1975
1974;1975;1957
1958;1959;1976
1973;1958;1976
1975;1976;1959
1961;1977;1974
1961;1960;1977
1960;1972;1977
1963;1962;1978
1970;1978;1962
1979;1966;1963
1979;1963;1978
1964;1965;1980
1968;1964;1980
1965;1966;1981
1965;1981;1980
1979;1981;1966
1967;1982;1971
1968;1982;1967
1968;1980;1982
1970;1973;1983
1973;1976;1983
1978;1970;1984
1970;1983;1984
1672;1971;1982
1971;1673;1660
1672;1673;1971
1660;1674;1661
1674;1660;1673
1675;1661;1674
1670;1676;1972
1676;1977;1972
1665;1677;1678
1666;1665;1678
1679;1678;1677
1677;1680;1679
1680;1681;1682
1679;1680;1682
1666;1683;1667
1666;1678;1683
1684;1667;1683
1684;1669;1667
1668;1669;1685
1668;1685;1671
1669;1684;1685
1671;1685;1686
1670;1671;1686
1670;1686;1676
1687;1683;1678
1975;1974;1688
1974;1977;1688
1976;1975;1689
1688;1689;1975
1690;1976;1689
1690;1983;1976
1688;1977;1691
1676;1691;1977
1692;1676;1686
1692;1691;1676
1979;1985;1981
1979;1978;1985
1978;1984;1985
1982;1986;1672
1980;1986;1982
1981;1985;1986
1980;1981;1986
1693;1985;1984
1690;1694;1983
1984;1695;1693
1984;1983;1695
1694;1695;1983
1672;1696;1673
1672;1986;1696
1673;1697;1674
1673;1696;1697
1674;1698;1675
1698;1674;1697
1698;1699;1675
1679;1700;1678
1679;1682;1700
1700;1687;1678
1701;1682;1681
1681;1702;1701
1701;1703;1682
1703;1704;1682
1704;1700;1682
1684;1683;1705
1684;1705;1685
1687;1705;1683
1706;1685;1705
1706;1686;1685
1706;1707;1686
1692;1686;1707
1687;1700;1708
1687;1708;1705
1704;1708;1700
1709;1710;1711
1689;1688;1712
1688;1691;1712
1690;1689;1713
1694;1690;1713
1712;1713;1689
1714;1712;1691
1692;1707;1715
1692;1715;1691
1714;1691;1715
1986;1716;1696
1985;1716;1986
1693;1716;1985
1693;1717;1716
1693;1695;1717
1694;1713;1718
1694;1718;1695
1695;1718;1717
1696;1719;1697
1696;1716;1719
1697;1720;1698
1697;1719;1720
1721;1717;1718
1698;1722;1699
1698;1720;1722
1722;1723;1699
1710;1724;1725
1711;1710;1725
1724;1726;1727
1727;1725;1724
1702;1709;1728
1701;1702;1728
1711;1728;1709
1701;1728;1703
1711;1729;1728
1711;1725;1729
1730;1728;1729
1730;1703;1728
1704;1703;1731
1704;1731;1708
1703;1730;1731
1705;1708;1732
1706;1705;1732
1706;1732;1707
1733;1707;1732
1733;1715;1707
1734;1708;1731
1734;1732;1708
1726;1735;1736
1727;1726;1736
1713;1737;1718
1713;1712;1737
1714;1737;1712
1714;1715;1738
1714;1738;1737
1733;1739;1715
1739;1738;1715
1716;1740;1719
1717;1740;1716
1721;1740;1717
1741;1721;1718
1718;1737;1741
1719;1742;1720
1719;1740;1742
1720;1743;1722
1720;1742;1743
1721;1744;1740
1721;1741;1744
1723;1722;1745
1745;1722;1743
1746;1723;1745
1727;1747;1725
1727;1736;1747
1747;1748;1725
1748;1729;1725
1730;1729;1749
1730;1749;1731
1729;1748;1749
1731;1749;1750
1734;1731;1750
1734;1751;1732
1734;1750;1751
1733;1732;1751
1733;1751;1739
1735;1752;1753
1753;1736;1735
1752;1754;1755
1753;1752;1755
1756;1755;1754
1754;1757;1756
1758;1747;1736
1759;1750;1749
1760;1739;1751
1753;1761;1736
1753;1755;1761
1761;1758;1736
1762;1761;1755
1484;1485;1486
1763;1741;1737
1738;1763;1737
1760;1764;1739
1739;1764;1738
1764;1763;1738
1765;1742;1740
1744;1765;1740
1766;1744;1741
1741;1763;1766
1767;1743;1742
1765;1767;1742
1745;1743;1768
1768;1743;1767
1769;1765;1744
1766;1769;1744
1770;1746;1745
1770;1745;1768
1771;1746;1770
1748;1747;1772
1748;1772;1749
1747;1758;1772
1749;1772;1759
1759;1773;1750
1750;1773;1751
1773;1760;1751
1756;1757;1774
1487;1484;1486
1757;1488;1774
1488;1484;1487
1487;1774;1488
1756;1775;1755
1756;1774;1775
1775;1762;1755
1487;1489;1774
1487;1486;1489
1489;1776;1774
1776;1775;1774
1758;1761;1777
1758;1777;1772
1762;1777;1761
1762;1775;1778
1762;1778;1777
1775;1776;1778
1772;1777;1779
1779;1759;1772
1780;1759;1779
1780;1773;1759
1781;1764;1760
1780;1782;1773
1773;1782;1760
1782;1781;1760
1485;1490;1491
1491;1486;1485
1491;1492;1486
1492;1493;1486
1493;1489;1486
1494;1495;1496
1766;1763;1783
1764;1783;1763
1781;1783;1764
1784;1783;1781
1785;1767;1765
1769;1785;1765
1786;1769;1766
1766;1783;1786
1768;1767;1787
1767;1785;1787
1788;1770;1768
1788;1768;1787
1785;1769;1789
1786;1789;1769
1497;1771;1770
1497;1770;1788
1498;1771;1497
1776;1489;1499
1776;1499;1778
1493;1499;1489
1778;1790;1777
1790;1779;1777
1791;1778;1499
1791;1790;1778
1779;1790;1792
1780;1779;1792
1780;1792;1782
1782;1792;1793
1782;1793;1781
1784;1781;1793
1490;1494;1500
1491;1490;1500
1496;1500;1494
1491;1500;1492
1501;1492;1500
1493;1492;1502
1493;1502;1499
1492;1501;1502
1496;1503;1500
1503;1501;1500
1495;1504;1505
1496;1495;1505
1496;1505;1503
1504;1506;1507
1507;1505;1504
1794;1786;1783
1784;1794;1783
1784;1793;1795
1784;1795;1794
1796;1787;1785
1789;1796;1785
1789;1786;1797
1794;1797;1786
1508;1788;1787
1508;1787;1796
1509;1497;1788
1509;1788;1508
1789;1798;1796
1797;1798;1789
1510;1498;1497
1510;1497;1509
1511;1498;1510
1512;1513;1514
1506;1512;1515
1507;1506;1515
1514;1515;1512
1499;1502;1516
1791;1499;1516
1791;1799;1790
1791;1516;1799
1790;1799;1792
1799;1800;1792
1792;1800;1793
1793;1800;1795
1516;1517;1799
1799;1517;1800
1518;1516;1502
1518;1517;1516
1501;1503;1519
1501;1519;1502
1502;1519;1518
1520;1503;1505
1503;1520;1519
1507;1521;1505
1507;1515;1521
1521;1520;1505
1797;1794;1522
1795;1522;1794
1523;1795;1800
1523;1522;1795
1524;1508;1796
1524;1796;1798
1798;1797;1525
1522;1525;1797
1526;1509;1508
1526;1508;1524
1527;1510;1509
1527;1509;1526
1528;1524;1798
1528;1798;1525
1529;1526;1524
1529;1524;1528
1530;1511;1510
1530;1510;1527
1531;1511;1530
1514;1513;1532
1513;1533;1532
1533;1534;1535
1535;1532;1533
1536;1521;1515
1514;1537;1515
1514;1532;1537
1537;1536;1515
1535;1534;1538
1534;1539;1538
1539;1540;1541
1541;1538;1539
1542;1543;1544
1545;1800;1517
1545;1523;1800
1546;1523;1545
1547;1545;1517
1518;1519;1548
1518;1548;1517
1547;1517;1548
1520;1521;1549
1520;1549;1519
1521;1536;1549
1519;1549;1548
1547;1550;1545
1546;1545;1550
1547;1548;1551
1547;1551;1550
1522;1552;1525
1523;1552;1522
1546;1552;1523
1546;1550;1553
1546;1553;1552
1554;1528;1525
1554;1525;1552
1555;1527;1526
1555;1526;1529
1556;1530;1527
1556;1527;1555
1557;1529;1528
1554;1557;1528
1558;1555;1529
1558;1529;1557
1559;1531;1530
1559;1530;1556
1560;1531;1559
1536;1537;1561
1536;1561;1549
1562;1537;1532
1537;1562;1561
1540;1542;1563
1541;1540;1563
1544;1563;1542
1541;1564;1538
1541;1563;1564
1565;1538;1564
1535;1566;1532
1535;1538;1566
1566;1562;1532
1565;1566;1538
1544;1567;1563
1543;1568;1569
1544;1543;1569
1544;1569;1567
1568;1570;1571
1571;1569;1568
1549;1561;1572
1572;1548;1549
1548;1572;1551
1573;1572;1561
1551;1574;1550
1550;1574;1553
1573;1575;1572
1575;1551;1572
1551;1575;1574
1576;1554;1552
1553;1576;1552
1577;1553;1574
1553;1577;1576
1557;1554;1578
1576;1578;1554
1579;1556;1555
1579;1555;1558
1580;1559;1556
1580;1556;1579
1557;1581;1558
1578;1581;1557
1558;1582;1579
1582;1558;1581
1583;1560;1584
1584;1560;1559
1584;1559;1580
1585;1567;1569
1562;1566;1586
1562;1586;1561
1566;1565;1586
1573;1561;1586
1567;1587;1563
1587;1564;1563
1565;1564;1588
1565;1588;1586
1587;1588;1564
1587;1567;1589
1587;1589;1588
1585;1589;1567
1590;1591;1592
1571;1593;1569
1593;1585;1569
1570;1590;1594
1571;1570;1594
1592;1594;1590
1571;1594;1593
1595;1574;1575
1574;1595;1577
1586;1588;1596
1573;1586;1596
1573;1596;1575
1596;1597;1575
1597;1595;1575
1591;1598;1599
1592;1591;1599
1578;1576;1600
1577;1600;1576
1601;1595;1597
1595;1602;1577
1577;1602;1600
1595;1601;1602
1315;1316;1317
1316;1318;1319
1318;1316;1315
1318;1320;1319
1581;1578;1603
1600;1603;1578
1579;1604;1580
1604;1579;1582
1605;1584;1580
1605;1580;1604
1582;1581;1606
1606;1581;1603
1607;1604;1582
1582;1606;1607
1320;1321;1319
1320;1322;1321
1323;1319;1321
1608;1609;1583
1608;1583;1584
1584;1605;1608
1585;1593;1610
1585;1610;1589
1588;1589;1611
1611;1596;1588
1596;1611;1597
1611;1612;1597
1597;1612;1601
1613;1589;1610
1613;1611;1589
1613;1612;1611
1598;1614;1615
1615;1599;1598
1324;1325;1326
1614;1324;1616
1615;1614;1616
1326;1616;1324
1592;1617;1594
1592;1599;1617
1618;1594;1617
1618;1593;1594
1593;1618;1610
1615;1619;1599
1615;1616;1619
1618;1617;1620
1618;1620;1610
1619;1621;1599
1621;1617;1599
1617;1621;1620
1610;1620;1622
1613;1610;1622
1613;1622;1612
1621;1619;1623
1621;1623;1620
1600;1624;1603
1602;1624;1600
1625;1624;1602
1625;1602;1601
1612;1622;1626
1612;1626;1601
1601;1626;1625
1627;1624;1625
1327;1317;1328
1315;1317;1327
1329;1328;1330
1327;1328;1329
1315;1327;1331
1318;1315;1332
1322;1320;1332
1320;1318;1332
1332;1315;1331
1322;1332;1333
1322;1334;1321
1322;1333;1334
1606;1603;1628
1628;1603;1624
1629;1628;1624
1627;1629;1624
1630;1605;1604
1604;1607;1630
1631;1608;1605
1605;1630;1631
1632;1630;1607
1632;1607;1633
1606;1633;1607
1633;1606;1628
1321;1335;1323
1335;1321;1334
1323;1335;1148
1634;1336;1609
1634;1609;1608
1608;1631;1634
1337;1338;1339
1325;1338;1340
1326;1325;1340
1337;1340;1338
1337;1339;1341
1339;1342;1341
1343;1341;1342
1342;1344;1343
1326;1345;1616
1326;1340;1345
1345;1635;1616
1635;1619;1616
1635;1623;1619
1346;1345;1340
1337;1347;1340
1337;1341;1347
1347;1346;1340
1348;1347;1341
1620;1623;1636
1636;1622;1620
1635;1345;1349
1635;1349;1623
1345;1346;1349
1636;1637;1622
1637;1626;1622
1623;1349;1638
1636;1623;1638
1636;1638;1637
1626;1637;1639
1639;1625;1626
1627;1625;1639
1640;1639;1637
1640;1641;1639
1627;1639;1641
1627;1641;1629
1329;1350;1327
1331;1327;1350
1351;1352;1330
1329;1330;1352
1329;1352;1353
1350;1329;1353
1333;1354;1334
1355;1331;1350
1331;1356;1332
1333;1332;1356
1356;1331;1355
1333;1356;1354
1334;1357;1335
1334;1354;1357
1642;1629;1641
1358;1642;1641
1628;1643;1633
1643;1628;1629
1629;1642;1643
1633;1359;1632
1633;1643;1359
1360;1361;1351
1352;1351;1361
1362;1363;1336
1362;1336;1634
1364;1365;1360
1361;1360;1365
1644;1631;1630
1630;1632;1644
1634;1366;1362
1366;1634;1631
1366;1631;1644
1367;1644;1632
1367;1632;1359
1368;1369;1364
1365;1364;1369
1370;1368;1363
1369;1368;1370
1370;1363;1362
1149;1148;1150
1335;1150;1148
1335;1357;1150
1343;1371;1341
1348;1341;1371
1344;1372;1373
1343;1344;1373
1343;1373;1371
1374;1371;1373
1372;1375;1376
1376;1373;1372
1346;1347;1377
1346;1377;1349
1347;1348;1377
1348;1371;1378
1348;1378;1377
1374;1378;1371
1375;1379;1380
1376;1375;1380
1379;1381;1382
1382;1380;1379
1376;1383;1373
1376;1380;1383
1383;1374;1373
1384;1383;1380
1377;1385;1349
1385;1638;1349
1638;1385;1386
1638;1386;1637
1386;1640;1637
1387;1641;1640
1358;1641;1387
1378;1388;1377
1388;1385;1377
1385;1388;1389
1389;1386;1385
1386;1389;1390
1640;1386;1390
1387;1640;1390
1374;1383;1391
1374;1391;1378
1383;1384;1391
1392;1378;1391
1392;1388;1378
1358;1393;1642
1358;1394;1393
1387;1394;1358
1387;1390;1394
1354;1395;1357
1350;1353;1396
1355;1350;1396
1361;1397;1352
1353;1352;1397
1353;1397;1398
1396;1353;1398
1354;1399;1395
1355;1396;1399
1356;1355;1399
1354;1356;1399
1357;1151;1150
1395;1151;1357
1152;1149;1153
1150;1153;1149
1150;1151;1153
1643;1400;1359
1642;1400;1643
1642;1393;1400
1401;1359;1400
1367;1359;1402
1401;1402;1359
1365;1403;1361
1397;1361;1403
1362;1404;1370
1404;1362;1366
1365;1369;1405
1403;1365;1405
1404;1366;1406
1644;1406;1366
1367;1406;1644
1367;1402;1406
1369;1370;1407
1405;1369;1407
1407;1370;1404
1408;1400;1393
1381;1409;1410
1382;1381;1410
1411;1410;1409
1409;1412;1411
1382;1413;1380
1382;1410;1413
1413;1384;1380
1414;1413;1410
1384;1413;1415
1384;1415;1391
1414;1415;1413
1411;1412;1416
1412;1417;1416
1418;1394;1390
1392;1419;1388
1419;1389;1388
1389;1419;1420
1420;1390;1389
1418;1390;1420
1391;1415;1421
1392;1391;1421
1392;1421;1419
1393;1422;1408
1394;1422;1393
1394;1418;1422
1395;1154;1151
1395;1399;1154
1396;1398;1423
1396;1423;1399
1398;1424;1423
1403;1425;1397
1398;1397;1425
1424;1398;1425
1154;1399;1426
1426;1399;1423
1155;1151;1154
1156;1152;1157
1153;1157;1152
1157;1153;1158
1151;1158;1153
1155;1158;1151
1155;1154;1159
1159;1154;1426
1427;1408;1422
1428;1401;1400
1408;1428;1400
1429;1428;1408
1429;1408;1427
1401;1430;1402
1401;1428;1430
1431;1406;1402
1402;1430;1431
1403;1405;1432
1425;1403;1432
1404;1433;1407
1433;1404;1406
1431;1433;1406
1407;1434;1405
1432;1405;1434
1434;1407;1433
1435;1421;1415
1411;1436;1410
1411;1416;1436
1436;1414;1410
1414;1436;1437
1414;1437;1415
1415;1437;1435
1438;1439;1416
1439;1436;1416
1436;1439;1437
1440;1416;1417
1440;1438;1416
1417;1441;1440
1441;1442;1443
1440;1441;1443
1440;1443;1438
1444;1443;1442
1442;1445;1444
1444;1445;1160
1445;1161;1160
1162;1160;1161
1161;1163;1162
1163;1164;1165
1162;1163;1165
1444;1446;1443
1444;1160;1446
1446;1447;1443
1447;1438;1443
1439;1438;1448
1439;1448;1437
1447;1448;1438
1418;1420;1449
1418;1449;1422
1419;1421;1450
1419;1450;1420
1420;1450;1449
1435;1451;1421
1451;1450;1421
1437;1448;1452
1435;1437;1452
1435;1452;1451
1449;1453;1422
1427;1422;1453
1424;1454;1423
1423;1454;1426
1425;1432;1455
1424;1425;1455
1424;1455;1454
1159;1426;1166
1166;1426;1454
1167;1156;1168
1157;1168;1156
1169;1170;1167
1169;1167;1168
1155;1171;1158
1155;1159;1171
1168;1157;1172
1158;1172;1157
1171;1172;1158
1159;1173;1171
1173;1159;1166
1427;1453;1456
1427;1456;1429
1428;1457;1430
1429;1457;1428
1429;1456;1457
1458;1431;1430
1430;1457;1458
1459;1433;1431
1459;1431;1458
1434;1460;1432
1432;1460;1455
1434;1433;1461
1460;1434;1461
1459;1461;1433
1170;1174;1175
1169;1174;1170
1176;1177;1175
1176;1175;1174
1178;1165;1164
1164;1179;1178
1179;1180;1181
1178;1179;1181
1162;1182;1160
1162;1165;1182
1182;1183;1160
1183;1446;1160
1184;1182;1165
1178;1185;1165
1178;1181;1185
1185;1184;1165
1447;1446;1462
1447;1462;1448
1183;1462;1446
1448;1462;1463
1463;1452;1448
1183;1182;1186
1183;1186;1462
1182;1184;1186
1450;1451;1464
1450;1464;1449
1449;1464;1453
1465;1451;1452
1465;1464;1451
1463;1466;1452
1465;1452;1466
1456;1453;1467
1468;1453;1464
1468;1467;1453
1469;1455;1460
1454;1455;1470
1454;1470;1166
1471;1455;1469
1470;1455;1471
1173;1166;1187
1166;1470;1187
1169;1188;1174
1169;1168;1188
1172;1188;1168
1172;1189;1188
1171;1189;1172
1173;1187;1189
1173;1189;1171
1457;1456;1472
1456;1467;1472
1473;1472;1467
1474;1458;1457
1472;1474;1457
1459;1475;1461
1459;1458;1475
1458;1474;1475
1460;1461;1476
1469;1460;1476
1475;1476;1461
1190;1174;1188
1191;1192;1193
1192;1177;1194
1193;1192;1194
1176;1194;1177
1195;1196;1197
1196;1191;1198
1197;1196;1198
1193;1198;1191
1176;1199;1194
1176;1174;1199
1190;1199;1174
1200;1181;1180
1180;1201;1200
1201;1202;1203
1200;1201;1203
1204;1203;1202
1200;1205;1181
1200;1203;1205
1205;1206;1181
1206;1185;1181
1184;1185;1207
1184;1207;1186
1206;1207;1185
1462;1186;1477
1463;1462;1477
1463;1477;1466
1186;1207;1208
1208;1477;1186
1465;1466;1478
1465;1478;1464
1468;1464;1478
1466;1477;1479
1479;1478;1466
1468;1478;1480
1473;1467;1480
1468;1480;1467
1473;1480;1209
1471;1469;1210
1469;1476;1210
1187;1470;1211
1471;1211;1470
1471;1210;1211
1187;1212;1189
1187;1211;1212
1190;1188;1213
1188;1189;1213
1213;1189;1212
1474;1472;1481
1473;1481;1472
1209;1481;1473
1475;1482;1476
1475;1474;1482
1482;1474;1481
1483;1476;1482
1483;1210;1476
1214;1194;1199
1214;1199;1215
1199;1190;1215
1190;1213;1215
1216;1217;1218
1219;1481;1209
1193;1220;1198
1193;1194;1220
1214;1220;1194
1220;1221;1198
1217;1195;1222
1218;1217;1222
1197;1222;1195
1197;1223;1222
1197;1198;1223
1221;1223;1198
1202;1224;1204
1224;1225;1226
1204;1224;1226
1204;1227;1203
1204;1226;1227
1228;1203;1227
1228;1205;1203
1228;1227;1229
1206;1205;1230
1206;1230;1207
1205;1228;1230
1228;1229;1230
1207;1230;1231
1208;1207;1231
1208;1232;1477
1208;1231;1232
1479;1477;1232
1479;1232;1233
1479;1233;1478
1478;1233;1480
1234;1480;1233
1234;1209;1480
1209;1235;1219
1234;1235;1209
1236;1237;1238
1238;1216;1239
1236;1238;1239
1218;1239;1216
1483;1240;1210
1211;1241;1212
1211;1210;1241
1240;1241;1210
1213;1242;1215
1212;1242;1213
1242;1212;1241
1483;1482;1243
1240;1483;1243
1482;1481;1243
1219;1243;1481
1244;1243;1219
1221;1220;1245
1220;1214;1245
1214;1215;1245
1246;1245;1215
1246;1215;1242
1218;1247;1239
1218;1222;1247
1223;1248;1222
1248;1247;1222
1248;1223;1249
1223;1221;1249
1221;1245;1249
1247;1250;1239
1236;1239;1251
1250;1251;1239
991;992;993
1252;1219;1235
1244;1219;1252
1253;1226;1225
1225;1254;1253
1255;1227;1226
1255;1229;1227
1253;1256;1226
1256;1255;1226
1253;1254;1257
1253;1257;1256
1254;1258;1257
1258;1259;1260
1260;1257;1258
1260;1261;1257
1261;1262;1257
1262;1256;1257
1255;1256;1263
1255;1263;1229
1262;1263;1256
1259;1264;1265
1260;1259;1265
1260;1265;1261
1266;1265;1264
1264;1267;1266
1230;1229;1268
1268;1231;1230
1269;1229;1263
1269;1268;1229
1231;1268;1270
1231;1270;1232
1271;1233;1232
1270;1271;1232
1271;1272;1233
1234;1233;1272
1234;1272;1235
1235;1272;1273
1273;1252;1235
993;1237;994
991;993;994
1236;994;1237
1236;1251;994
1240;1274;1241
1240;1243;1274
1246;1242;1275
1242;1241;1275
1241;1274;1275
1274;1243;1276
1244;1276;1243
1244;1277;1276
1244;1252;1277
1249;1245;1278
1246;1278;1245
1246;1275;1278
1250;1247;1279
1248;1279;1247
1248;1249;1279
1280;1279;1249
1280;1249;1278
1250;1281;1251
1250;1279;1281
1251;995;994
995;1251;1281
996;992;997
991;997;992
991;998;997
991;994;998
995;998;994
1282;1252;1273
1252;1282;1277
999;1000;996
999;996;997
999;1001;1000
1002;1003;1004
1004;1000;1001
1002;1004;1001
1003;1005;1006
1002;1005;1003
1262;1261;1283
1262;1283;1263
1284;1261;1265
1284;1283;1261
1266;1285;1265
1285;1284;1265
1269;1286;1268
1268;1286;1270
1263;1283;1287
1269;1263;1287
1269;1287;1286
1266;1267;1007
1266;1007;1285
1267;1008;1007
1009;1285;1007
1010;1009;1007
1011;1007;1008
1011;1010;1007
1008;1012;1011
1270;1286;1288
1288;1271;1270
1271;1289;1272
1273;1272;1289
1288;1289;1271
1290;1273;1289
1290;1282;1273
1291;1287;1283
1286;1287;1292
1286;1292;1288
1293;1288;1292
1293;1289;1288
1294;1277;1282
1295;1275;1274
1274;1276;1295
1296;1278;1275
1296;1275;1295
1276;1297;1295
1277;1297;1276
1277;1294;1297
1280;1278;1298
1296;1298;1278
1281;1279;1299
1280;1299;1279
1280;1298;1299
1013;1281;1299
995;1014;998
995;1281;1014
1013;1014;1281
999;1015;1001
999;997;1015
998;1016;997
1016;1015;997
1016;998;1014
1015;1017;1001
1005;1002;1018
1002;1001;1018
1017;1018;1001
1282;1300;1294
1290;1300;1282
1301;1297;1294
1301;1294;1302
1302;1294;1300
1006;1019;1020
1005;1019;1006
1021;1022;1020
1021;1020;1019
1019;1005;1023
1018;1023;1005
1024;1022;1025
1021;1025;1022
1026;1027;1024
1026;1024;1025
1284;1285;1303
1284;1303;1283
1009;1303;1285
1283;1303;1291
1291;1304;1287
1304;1292;1287
1028;1029;1030
1009;1010;1031
1009;1031;1303
1012;1028;1032
1011;1012;1032
1030;1032;1028
1011;1032;1010
1033;1010;1032
1010;1033;1031
1030;1029;1034
1029;1035;1034
1293;1305;1289
1290;1289;1305
1290;1305;1300
1303;1031;1306
1291;1303;1306
1291;1306;1304
1292;1304;1307
1293;1292;1307
1293;1307;1305
1308;1304;1306
1308;1307;1304
1296;1309;1298
1296;1295;1309
1295;1297;1309
1301;1310;1297
1310;1309;1297
1298;1311;1299
1311;1298;1309
1013;1299;1036
1036;1299;1311
1013;1037;1014
1013;1036;1037
1017;1015;1038
1015;1016;1038
1016;1014;1038
1014;1037;1038
1018;1039;1023
1017;1039;1018
1017;1038;1039
1300;1305;1312
1300;1312;1302
1301;1313;1310
1301;1302;1313
1302;1312;1040
1040;1313;1302
1021;1041;1025
1021;1019;1041
1023;1041;1019
1042;1041;1023
1023;1039;1042
1043;1025;1041
1026;1025;1044
1043;1044;1025
1045;1027;1046
1026;1046;1027
1026;1044;1046
1047;1045;1046
1047;1048;1045
1030;1049;1032
1030;1034;1049
1049;1033;1032
1050;1049;1034
1033;1049;1051
1033;1051;1031
1050;1051;1049
1051;1052;1031
1052;1306;1031
1035;1053;1054
1054;1034;1035
1053;1055;1056
1054;1053;1056
1054;1057;1034
1054;1056;1057
1057;1050;1034
1055;1058;1059
1059;1056;1055
1060;1057;1056
1314;1305;1307
1312;1305;1314
1061;1312;1314
1061;1040;1312
1052;1062;1306
1308;1306;1062
1308;1062;1063
1308;1063;1307
1063;1314;1307
1036;1064;1037
1311;1309;1065
1310;1065;1309
1066;1065;1310
1066;1310;1313
1064;1036;1067
1036;1311;1067
1067;1311;1065
1068;1064;1067
1039;1038;1069
1037;1069;1038
1064;1069;1037
1042;1039;1070
1070;1039;1069
1066;1313;1071
1313;1040;1071
1061;1072;1040
1072;1071;1040
1043;1041;1073
1042;1073;1041
1042;1070;1073
1043;1074;1044
1043;1073;1074
1044;1075;1046
1075;1044;1074
1047;1046;1076
1075;1076;1046
1077;1048;1078
1047;1078;1048
1047;1076;1078
1079;834;1077
1079;1077;1078
835;834;836
1079;836;834
1050;1057;1080
1050;1080;1051
1060;1080;1057
1051;1080;1081
1052;1051;1081
1052;1081;1062
1058;1082;1083
1059;1058;1083
1059;1084;1056
1059;1083;1084
1084;1060;1056
1085;1086;1087
1082;1085;1088
1088;1083;1082
1088;1085;1087
1088;1089;1083
1088;1087;1089
1090;1087;1086
1086;1091;1090
1089;1092;1083
1092;1084;1083
1060;1084;1093
1060;1093;1080
1092;1093;1084
1081;1094;1062
1314;1063;1095
1061;1314;1095
1061;1095;1072
1063;1062;1096
1094;1096;1062
1096;1095;1063
1097;1069;1064
1068;1097;1064
1068;1067;1098
1067;1065;1098
1066;1098;1065
1066;1071;1098
1068;1099;1097
1068;1098;1099
1070;1069;1100
1097;1100;1069
1097;1099;1100
1073;1101;1074
1073;1070;1101
1101;1070;1100
1102;1098;1071
1072;1095;1103
1104;1072;1103
1104;1102;1071
1104;1071;1072
1104;1103;1105
1104;1105;1102
1075;1106;1076
1075;1074;1106
1107;1106;1074
1107;1074;1101
837;835;836
837;838;835
839;838;840
841;839;840
837;840;838
1076;1108;1078
1108;1076;1106
1079;842;836
1079;1078;842
1108;842;1078
842;1108;843
1108;1106;843
837;844;840
837;836;844
842;845;836
845;844;836
845;842;843
841;846;839
847;840;844
1109;1110;1111
1112;1096;1094
1092;1089;1113
1092;1113;1093
1114;1089;1087
1114;1113;1089
1090;1115;1087
1114;1087;1115
1093;1116;1080
1081;1080;1116
1116;1094;1081
1091;1110;1117
1090;1091;1117
1109;1117;1110
1090;1117;1115
1109;1111;1118
1111;848;1118
1093;1113;1119
1119;1116;1093
1119;1120;1116
1116;1120;1094
1112;1094;1120
1096;1121;1095
1112;1121;1096
1103;1095;1121
1099;1098;1122
1122;1098;1102
1099;1123;1100
1099;1122;1123
1107;1101;1124
1100;1123;1124
1101;1100;1124
1125;1122;1102
1125;1102;1105
1112;1120;1126
1112;1126;1121
1103;1121;1127
1103;1127;1105
1128;1105;1127
1128;1125;1105
1121;1126;1129
1129;1127;1121
1130;1123;1122
1130;1122;1125
847;844;849
844;845;849
845;843;849
850;846;851
841;851;846
843;1106;1131
1107;1131;1106
1107;1124;1131
849;843;852
852;843;1131
841;853;851
841;840;853
847;853;840
854;850;851
854;855;850
856;857;858
854;851;859
853;847;860
847;849;860
861;851;853
861;859;851
861;853;860
1132;1119;1113
1133;1115;1117
862;863;848
863;1118;848
1109;1134;1117
1109;1118;1134
1133;1117;1134
1118;863;864
1118;864;1134
1114;1115;1135
1114;1135;1113
1133;1135;1115
1135;1132;1113
865;863;862
865;862;866
1132;1136;1119
1120;1119;1136
1120;1136;1126
852;1131;867
1123;1137;1124
1123;1130;1137
1138;1131;1124
867;1131;1138
1138;1124;1137
1125;1139;1130
1128;1139;1125
1126;1136;1140
1140;1129;1126
1127;1129;1141
1128;1127;1141
1128;1141;1139
1142;1129;1140
1142;1141;1129
1143;1139;1141
868;867;1138
1130;1144;1137
1139;1144;1130
1143;1144;1139
849;869;860
852;869;849
852;867;869
858;855;870
856;858;870
854;870;855
854;859;870
859;871;870
872;860;869
873;874;875
875;857;876
873;875;876
856;876;857
856;877;876
856;870;877
871;877;870
871;859;878
861;878;859
861;860;878
878;860;872
877;879;876
877;880;879
879;880;881
871;880;877
871;878;880
882;880;878
882;878;872
866;883;884
865;866;884
885;884;883
885;883;886
1145;1140;1136
865;887;863
865;884;887
863;887;864
1132;1135;1146
1132;1146;1136
1146;1145;1136
1133;1134;1147
1133;1147;1135
1147;1146;1135
1134;888;1147
864;888;1134
889;864;887
889;888;864
887;884;890
887;890;889
1142;1140;891
892;893;894
895;1140;1145
895;891;1140
888;896;1147
1147;896;1146
1146;896;1145
889;890;897
888;897;896
889;897;888
869;898;872
869;867;898
868;898;867
881;880;899
882;899;880
882;900;899
882;872;900
872;898;900
1138;1137;901
868;1138;901
901;1137;1144
1142;902;1141
1142;891;902
1143;1141;902
1143;903;1144
1143;902;903
868;904;898
868;901;904
905;900;898
906;900;905
905;898;904
907;901;1144
901;907;904
907;1144;903
904;908;905
908;904;907
909;908;907
909;907;903
873;876;910
910;876;879
911;874;912
873;912;874
873;910;912
910;913;912
674;911;912
674;675;911
906;905;914
914;905;908
913;910;915
910;879;915
881;915;879
881;916;915
881;899;916
917;913;915
917;915;916
918;903;902
919;891;895
1145;896;920
895;1145;920
895;920;919
919;921;891
921;902;891
921;918;902
922;923;924
890;925;897
885;926;884
926;890;884
890;926;925
886;892;927
885;886;927
894;927;892
885;927;926
893;923;928
894;893;928
922;928;923
894;929;927
894;928;929
929;930;927
930;926;927
930;925;926
931;929;928
897;925;932
897;932;896
932;920;896
930;929;933
930;933;925
929;931;933
934;932;925
934;925;933
924;935;936
922;924;936
922;937;928
922;936;937
937;931;928
938;937;936
939;936;935
899;940;916
899;900;940
906;940;900
941;940;906
906;914;941
941;914;942
943;909;903
943;944;909
943;903;918
945;946;947
945;947;918
943;947;944
943;918;947
914;908;948
948;908;909
944;948;909
949;950;951
952;949;951
953;950;942
953;951;950
953;914;948
951;953;948
953;942;914
917;676;913
674;912;677
677;912;913
677;913;676
678;675;679
674;679;675
674;677;679
677;680;679
680;677;676
680;676;681
682;680;681
949;683;950
949;684;683
949;952;684
683;685;950
686;685;683
687;686;683
941;954;940
941;942;954
688;954;942
942;950;688
685;688;950
686;689;685
690;689;686
685;691;688
689;691;685
692;691;689
681;676;693
917;693;676
917;916;693
688;694;954
691;694;688
955;693;916
955;916;940
955;940;954
955;695;693
955;954;695
694;695;954
696;689;690
696;697;689
692;689;697
697;698;692
691;699;694
692;699;691
692;698;699
695;694;700
699;700;694
682;681;701
681;693;702
681;702;701
702;693;695
702;695;700
703;701;702
703;702;700
956;918;921
956;945;918
946;945;957
919;920;958
919;958;921
934;959;932
959;920;932
920;959;958
960;957;945
956;960;945
961;921;958
956;961;960
961;956;921
962;704;705
962;957;963
704;962;963
935;964;939
931;937;965
931;965;933
938;965;937
938;966;965
965;967;933
934;933;967
934;967;959
964;968;969
939;964;969
939;970;936
939;969;970
938;936;970
938;970;966
971;969;968
968;706;971
971;972;969
972;973;969
970;969;973
970;973;966
974;966;973
966;975;965
974;975;966
974;976;975
965;975;967
975;977;967
971;706;707
971;707;972
946;978;947
979;944;947
979;947;978
704;708;705
684;709;683
687;683;709
708;710;705
980;946;957
962;980;957
962;705;980
980;711;946
946;711;978
711;712;978
713;712;711
714;705;710
715;714;713
715;711;980
715;705;714
715;980;705
715;713;711
714;716;713
717;716;714
717;714;710
718;717;710
687;719;686
719;690;686
687;709;720
720;719;687
721;713;716
713;721;712
696;690;722
723;690;719
951;948;981
981;948;944
952;951;981
979;981;944
684;724;709
978;712;982
979;982;981
979;978;982
983;724;684
952;983;684
983;952;981
983;981;982
983;982;724
725;982;712
724;982;725
726;712;721
726;725;712
727;728;725
727;725;726
729;709;724
728;729;725
729;724;725
720;730;719
723;719;730
731;722;690
723;731;690
723;732;731
723;730;732
722;731;528
529;722;528
718;710;733
734;735;733
718;733;735
736;721;716
737;716;717
738;679;680
680;682;738
739;678;679
739;738;740
739;679;738
739;741;678
739;740;741
741;740;742
740;743;742
742;743;744
745;744;743
743;746;745
747;748;746
747;682;701
748;747;701
740;749;743
749;746;743
749;740;738
747;746;749
749;738;682
747;749;682
750;746;748
748;751;750
748;701;751
752;700;699
753;752;699
698;753;699
703;700;754
752;754;700
751;701;755
755;701;703
703;754;755
529;756;722
696;756;697
696;722;756
756;757;697
698;697;757
758;753;698
757;758;698
529;530;756
759;745;746
746;750;759
760;733;761
761;710;708
733;710;761
960;984;957
963;957;984
959;967;985
977;985;967
985;986;959
958;959;986
984;986;985
961;958;986
984;960;986
961;986;960
987;985;977
987;984;985
987;963;984
704;762;708
704;963;762
987;977;988
987;988;963
762;963;988
706;763;707
764;707;763
764;763;765
766;972;707
988;767;762
976;989;975
989;977;975
977;989;988
767;988;989
973;972;990
973;990;974
766;990;972
974;990;976
976;990;768
976;768;989
769;770;771
772;769;773
771;773;769
765;774;775
764;765;775
776;774;772
776;775;774
772;773;776
776;777;775
776;773;777
764;778;707
764;775;778
766;707;778
775;777;778
771;779;773
773;779;777
780;777;779
762;767;781
708;762;781
708;781;761
761;781;782
760;761;782
783;782;784
783;785;782
760;782;785
781;767;786
781;786;782
784;782;786
784;786;787
788;787;786
788;789;787
790;716;737
736;716;790
726;721;791
727;726;791
736;792;721
792;791;721
793;709;729
720;793;730
720;709;793
793;729;794
728;794;729
795;737;717
735;795;718
718;795;717
792;796;791
797;791;796
727;791;798
794;728;798
727;798;728
799;791;797
799;798;791
792;800;796
800;792;736
736;790;800
799;801;798
801;802;798
798;802;794
803;787;789
804;789;805
803;789;804
531;780;779
806;780;531
806;805;780
804;805;532
532;805;806
807;794;802
807;808;794
794;808;793
730;793;808
808;809;730
732;730;809
810;528;731
810;731;732
811;810;732
732;809;811
533;530;529
529;528;533
534;533;528
534;528;535
528;810;535
785;812;760
734;733;812
760;812;733
813;812;785
813;785;814
783;814;785
815;814;783
783;784;815
734;816;735
734;817;816
734;812;817
816;818;735
735;818;795
819;795;818
795;819;737
819;536;737
790;737;536
745;759;537
538;537;759
744;745;820
537;820;745
539;538;759
540;538;539
821;750;751
539;759;541
541;759;750
541;750;821
822;751;755
821;751;822
542;821;822
823;754;752
543;754;823
544;753;758
544;824;753
824;823;752
753;824;752
825;755;754
755;825;822
543;825;754
822;545;542
545;822;825
543;546;825
530;547;756
757;756;547
547;548;757
758;757;548
548;549;758
544;758;549
530;533;550
550;551;530
530;551;547
552;547;551
820;537;553
554;553;537
537;538;554
555;554;538
540;539;556
557;555;538
540;557;538
558;557;540
540;556;558
778;777;826
780;826;777
826;780;805
766;778;827
766;827;990
826;827;778
990;827;768
768;828;989
828;767;989
828;786;767
788;786;828
827;826;829
829;768;827
805;829;826
789;829;805
788;829;789
768;829;828
788;828;829
770;559;771
771;559;779
560;561;562
770;563;559
561;563;562
561;559;563
561;564;559
561;560;564
559;564;779
531;779;564
830;784;787
831;787;803
830;787;831
832;784;830
815;784;832
565;790;536
565;800;790
566;567;565
567;796;800
800;565;567
568;796;567
568;569;796
797;796;569
801;799;570
799;797;570
569;571;797
570;797;571
801;570;572
801;572;802
807;802;573
572;574;802
573;802;574
562;575;560
576;560;575
577;806;531
576;578;560
560;578;564
579;831;803
580;803;804
579;803;580
581;580;804
581;804;532
581;582;580
564;578;583
583;531;564
531;583;577
584;577;583
581;585;582
585;581;532
586;806;577
586;532;806
587;585;532
587;532;586
807;573;833
807;833;808
809;808;833
588;809;833
588;811;809
535;810;589
811;589;810
588;590;811
590;589;811
573;591;833
592;550;533
534;592;533
593;535;589
593;594;535
534;535;594
534;594;592
813;595;812
817;812;595
817;595;596
813;597;595
813;814;597
598;597;814
598;814;815
599;598;815
599;815;832
816;600;818
596;601;817
600;816;601
817;601;816
600;602;818
818;602;819
603;566;565
603;565;536
604;819;602
819;604;536
605;536;604
605;603;536
606;566;603
593;589;607
541;608;539
541;821;608
556;539;608
542;608;821
609;556;608
610;545;611
610;542;545
612;608;542
612;542;610
613;608;612
613;609;608
543;614;546
614;543;823
615;614;823
615;823;616
616;823;824
617;544;549
616;824;617
544;617;824
611;545;618
545;825;618
546;618;825
619;618;546
619;546;620
620;546;614
611;618;381
549;621;617
552;622;547
622;548;547
622;623;548
623;549;548
624;549;623
624;621;549
382;383;621
382;621;624
592;384;550
385;550;384
551;550;385
386;551;385
552;551;386
552;386;387
552;387;622
553;554;625
388;625;554
388;554;555
609;389;556
390;388;555
391;390;555
392;555;557
391;555;392
393;556;389
558;556;393
558;393;394
558;394;557
557;394;392
599;832;626
579;627;831
626;832;628
832;830;628
627;629;831
831;629;830
628;830;629
630;566;606
631;569;568
630;632;566
632;567;566
632;633;567
633;568;567
634;568;633
634;631;568
631;635;569
635;571;569
636;572;637
637;572;570
571;637;570
635;638;571
638;637;571
636;639;572
574;572;639
591;573;640
573;574;640
639;641;574
641;640;574
575;395;576
576;395;396
576;396;578
397;578;396
584;642;577
642;643;577
643;586;577
397;398;578
398;583;578
582;644;580
579;580;644
627;579;644
582;645;644
646;645;582
646;582;585
399;583;398
584;583;399
400;584;399
400;642;584
646;585;647
587;647;585
648;586;643
587;649;647
648;649;586
649;587;586
635;631;401
591;650;833
590;588;650
588;833;650
607;589;651
590;650;651
590;651;589
591;640;652
591;652;650
402;592;594
402;384;592
593;653;594
593;607;653
403;594;653
403;402;594
596;654;601
596;655;654
595;597;655
596;595;655
656;655;597
657;656;597
657;597;598
657;598;658
599;658;598
599;626;658
659;658;626
660;404;606
404;405;606
630;606;405
601;654;661
600;661;602
600;601;661
662;602;661
662;604;602
605;663;603
606;603;663
660;606;663
664;604;662
664;665;604
605;665;663
665;605;604
406;404;660
407;653;607
408;653;407
409;407;607
607;651;409
609;410;389
609;613;410
411;611;381
611;411;610
411;412;610
610;412;612
413;612;412
613;413;410
613;612;413
414;384;402
620;614;666
615;666;614
615;616;667
615;667;666
668;667;616
668;617;621
617;668;616
383;415;621
415;668;621
416;411;381
417;620;666
418;381;618
619;418;618
417;419;620
419;418;619
619;620;419
416;381;238
420;238;381
420;381;418
382;624;421
422;622;387
623;622;422
422;423;623
624;623;423
421;624;423
421;424;382
383;239;415
424;425;382
425;239;383
383;382;425
240;384;414
426;384;240
426;385;384
427;387;386
426;241;385
428;385;241
428;386;385
428;242;386
427;386;242
429;422;387
427;243;387
429;387;243
625;388;430
390;244;388
245;430;388
244;245;388
431;393;389
431;389;246
432;246;389
432;389;410
247;244;390
390;391;247
391;248;247
391;392;248
248;392;249
249;392;433
433;392;394
431;434;393
434;394;393
433;394;434
669;627;644
670;659;626
626;628;670
671;627;669
671;629;627
672;670;628
672;628;629
673;629;671
673;672;629
645;435;644
669;644;435
636;637;436
436;437;636
636;437;639
660;438;406
660;663;438
405;439;630
630;439;632
440;401;631
634;440;631
439;441;632
633;632;441
442;633;441
634;442;440
634;633;442
401;443;635
638;635;443
638;443;444
444;436;637
638;444;637
437;445;639
641;639;445
446;652;640
447;652;446
446;640;448
641;445;448
641;448;640
395;449;396
250;396;449
251;396;250
251;252;396
252;397;396
397;252;253
397;253;398
642;400;450
642;450;643
450;451;643
451;648;643
452;399;398
254;398;253
254;452;398
453;435;645
453;645;454
455;645;646
454;645;455
455;646;456
456;646;647
457;400;399
255;399;452
457;399;255
457;256;400
458;400;256
458;450;400
456;647;459
649;459;647
648;451;460
459;649;460
648;460;649
461;460;451
462;401;440
463;443;401
462;257;401
257;463;401
409;651;464
652;464;650
651;650;464
465;652;447
465;464;652
403;466;402
466;414;402
467;466;403
403;653;467
408;467;653
468;409;464
469;661;654
470;469;654
471;469;470
470;654;472
472;654;655
473;472;655
473;655;656
474;473;656
474;656;475
476;656;657
475;656;476
476;657;477
477;657;658
478;659;670
479;659;478
479;480;659
477;658;480
659;480;658
404;481;405
406;481;404
482;439;405
481;258;405
482;405;258
469;483;661
662;661;483
484;662;483
664;662;484
485;663;665
438;663;485
486;664;484
664;486;665
485;665;487
487;665;486
259;260;438
406;260;481
406;438;260
447;261;465
408;262;467
408;263;262
408;407;263
468;488;409
488;407;409
263;407;488
432;410;264
489;264;410
489;410;413
416;265;411
490;411;265
490;412;411
490;266;412
266;491;412
491;413;412
491;267;413
489;413;267
240;414;1
2;268;466
268;1;414
268;414;466
492;417;666
492;666;667
493;492;667
493;667;494
494;667;668
494;668;415
495;415;239
415;495;494
265;416;269
416;238;269
3;269;238
496;419;417
270;497;492
497;417;492
497;271;417
271;496;417
420;418;272
498;272;418
498;418;419
496;273;419
498;419;273
3;238;274
238;420;274
420;272;274
4;274;272
275;495;239
5;275;239
424;421;276
421;423;276
429;277;422
423;422;277
276;423;277
424;278;425
424;276;278
279;425;278
5;239;279
279;239;425
6;240;1
6;280;240
241;426;280
426;240;280
243;427;281
427;242;281
7;241;280
7;282;241
428;282;242
428;241;282
8;242;282
8;281;242
429;283;277
429;243;283
9;243;281
9;283;243
10;244;247
11;244;10
245;284;430
11;12;244
12;245;244
13;284;245
13;245;12
431;285;434
431;246;285
14;285;246
14;246;286
432;286;246
432;264;286
15;286;264
10;247;16
247;248;16
17;16;248
249;17;248
249;287;17
249;433;287
287;433;288
433;434;288
18;434;285
18;288;434
499;669;435
669;499;671
478;670;500
670;672;500
499;501;671
673;671;501
673;501;502
502;500;672
673;502;672
503;435;453
504;499;435
503;289;435
504;435;289
505;478;500
506;436;444
507;445;437
506;290;436
290;508;436
508;437;436
508;291;437
291;507;437
292;259;438
292;438;485
509;441;439
482;293;439
509;439;293
510;440;442
510;294;440
462;440;294
509;295;441
511;441;295
511;442;441
511;296;442
510;442;296
463;297;443
512;443;297
512;444;443
512;298;444
506;444;298
513;448;445
507;299;445
513;445;299
447;300;261
447;446;300
513;301;448
448;301;446
300;446;301
302;251;250
302;250;19
303;250;449
19;250;303
302;20;251
251;20;252
20;21;252
21;253;252
21;22;253
254;253;22
514;451;450
458;304;450
514;450;304
514;305;451
305;461;451
452;306;255
452;254;306
23;254;22
23;306;254
24;255;306
307;503;453
307;453;308
454;308;453
454;309;308
454;455;309
456;310;455
309;455;310
515;310;456
515;456;459
24;311;255
457;311;256
457;255;311
25;256;311
25;312;256
304;458;312
458;256;312
516;459;460
516;313;459
515;459;313
461;314;460
516;460;314
461;315;314
461;305;315
462;316;257
462;294;316
26;257;316
26;317;257
297;463;317
463;257;317
517;464;465
517;318;464
468;464;318
261;319;465
517;465;319
2;466;320
466;467;320
262;320;467
27;320;262
468;321;488
468;318;321
475;476;518
519;483;469
471;519;469
471;322;519
471;323;322
471;470;323
324;470;472
323;470;324
520;324;472
520;472;473
325;520;473
326;325;473
474;326;473
475;518;327
475;327;474
474;327;326
477;521;476
518;476;521
522;521;477
522;477;480
505;328;478
479;478;328
479;328;329
479;329;480
330;480;329
522;480;330
258;481;331
481;260;331
293;482;332
482;258;332
28;258;331
28;332;258
519;333;483
523;483;333
523;484;483
524;484;523
484;524;486
487;334;485
292;485;334
487;335;334
335;486;524
487;486;335
336;335;524
259;292;29
259;29;30
259;30;260
31;260;30
31;331;260
337;261;300
32;261;337
319;261;32
27;262;33
262;263;33
338;33;263
263;488;338
34;488;321
34;338;488
10;16;35
15;264;339
264;489;339
489;267;339
36;265;269
36;340;265
266;490;340
490;265;340
37;266;340
37;341;266
267;491;341
491;266;341
38;267;341
38;339;267
36;269;39
18;285;40
6;1;41
2;320;42
41;1;43
1;268;43
2;42;44
44;43;268
2;44;268
270;492;342
342;492;493
495;343;494
493;494;343
493;343;342
275;45;495
45;343;495
46;39;269
3;46;269
47;46;3
3;274;47
270;342;48
48;49;270
273;496;344
496;271;344
49;345;270
271;497;345
497;270;345
50;271;345
50;344;271
4;272;346
272;498;346
498;273;346
51;273;344
51;346;273
52;47;274
4;52;274
4;53;52
4;346;53
45;275;54
55;54;275
5;55;275
5;56;55
5;279;56
57;278;276
58;57;276
58;276;277
59;277;283
59;58;277
57;60;278
60;61;278
56;279;61
279;278;61
6;41;62
6;62;280
62;63;280
7;280;63
59;283;64
8;65;281
65;66;281
9;281;66
7;63;67
7;67;282
67;68;282
68;65;8
8;282;68
66;69;9
69;64;283
9;69;283
70;10;35
11;10;70
11;70;71
71;12;11
13;72;284
71;73;12
73;72;13
13;12;73
74;40;285
14;74;285
14;75;74
14;286;75
76;75;286
15;76;286
77;76;15
15;339;77
35;16;78
17;78;16
79;78;17
17;287;79
80;79;287
287;288;80
18;40;81
81;80;288
18;81;288
504;347;499
525;499;347
525;501;499
526;500;502
526;348;500
505;500;348
527;502;501
525;349;501
527;501;349
527;350;502
526;502;350
289;503;351
307;351;503
347;504;352
289;352;504
82;289;351
82;352;289
83;328;353
505;353;328
505;348;353
290;506;354
506;298;354
84;299;355
507;355;299
507;291;355
85;290;354
85;356;290
291;508;356
508;290;356
86;291;356
86;355;291
29;292;87
292;334;87
88;293;332
88;357;293
509;357;295
509;293;357
294;510;358
510;296;358
89;294;358
89;316;294
90;295;357
90;359;295
296;511;359
511;295;359
91;296;359
91;358;296
92;297;317
92;360;297
298;512;360
512;297;360
93;298;360
93;354;298
84;361;299
513;361;301
513;299;361
362;337;300
362;300;301
94;301;361
94;362;301
20;302;95
302;19;95
96;95;19
303;97;19
96;19;97
22;21;98
95;99;20
98;21;99
20;99;21
100;22;98
23;22;100
24;306;101
102;304;312
102;363;304
514;363;305
514;304;363
103;305;363
103;315;305
23;100;104
104;101;306
23;104;306
24;101;105
24;105;311
106;351;307
106;307;107
107;307;308
107;308;364
364;308;309
364;309;365
365;309;310
108;365;310
108;310;366
515;366;310
515;313;366
109;366;313
105;110;311
25;311;110
110;111;25
25;111;312
111;112;312
102;312;112
109;313;367
516;367;313
516;314;367
113;314;315
113;367;314
103;114;315
114;115;315
113;315;115
109;367;116
26;316;117
118;117;316
89;118;316
26;117;119
26;119;317
119;120;317
92;317;120
121;321;318
121;318;122
517;122;318
517;319;122
123;319;32
123;122;319
124;42;320
27;124;320
27;125;124
27;33;125
121;126;321
126;127;321
34;321;127
128;368;521
368;518;521
369;518;368
369;327;518
129;333;370
333;519;370
322;370;519
130;370;322
130;322;131
322;323;131
371;131;323
371;323;324
132;371;324
132;324;372
520;372;324
520;325;372
133;372;325
133;325;134
325;326;134
135;327;369
135;136;327
136;134;326
136;326;327
128;521;373
522;373;521
522;330;373
83;374;328
374;329;328
374;137;329
330;329;137
138;330;137
138;373;330
31;139;331
139;140;331
28;331;140
88;332;141
140;142;28
142;141;332
28;142;332
129;375;333
523;375;524
523;333;375
143;524;375
143;336;524
144;87;334
376;335;336
144;334;376
335;376;334
143;145;336
146;336;145
336;146;376
29;87;147
147;148;29
30;29;148
148;149;30
31;149;139
31;30;149
337;362;150
84;151;361
152;337;150
32;337;152
153;32;152
123;32;153
33;154;125
33;338;154
34;127;155
154;338;155
34;155;338
156;77;339
38;156;339
37;157;341
39;158;36
36;158;340
158;159;340
159;157;37
37;340;159
157;160;341
160;156;38
38;341;160
377;48;342
377;342;343
161;343;45
161;377;343
162;45;54
161;45;162
48;377;163
164;48;163
49;48;164
49;164;165
49;165;345
50;166;344
166;167;344
51;344;167
165;168;345
50;168;166
50;345;168
167;169;51
169;53;346
51;169;346
57;170;60
57;58;170
59;64;171
171;170;58
59;171;58
83;172;374
128;373;173
128;173;174
128;174;368
106;175;351
176;347;352
176;378;347
349;525;378
525;347;378
177;349;378
526;379;348
526;350;379
178;348;379
178;353;348
177;380;349
350;527;380
527;349;380
179;350;380
179;379;350
177;180;380
176;352;181
175;182;351
82;351;182
182;183;82
183;181;352
82;183;352
172;83;184
83;353;184
185;184;353
178;185;353
85;354;186
187;186;354
93;187;354
188;151;84
84;355;188
189;188;355
86;189;355
186;190;85
85;190;356
190;191;356
191;189;86
86;356;191
192;147;87
144;192;87
129;193;375
90;357;194
141;195;88
195;194;357
88;195;357
91;196;358
196;197;358
197;118;89
89;358;197
194;198;90
90;198;359
198;199;359
199;196;91
91;359;199
120;200;92
92;200;360
200;201;360
93;201;187
93;360;201
151;202;361
94;361;202
94;202;203
203;150;362
94;203;362
112;204;102
102;204;363
204;205;363
205;114;103
103;363;205
106;206;175
106;107;206
206;107;207
107;364;207
207;364;208
365;208;364
209;208;365
108;209;365
108;210;209
108;366;210
116;211;109
211;210;366
109;211;366
115;212;113
212;116;367
113;212;367
213;126;121
121;122;213
123;153;214
214;213;122
123;214;122
215;368;174
368;215;369
216;369;215
135;369;216
133;134;217
218;193;129
129;370;218
219;218;370
130;219;370
130;220;219
130;131;220
220;131;221
131;371;221
221;371;222
132;222;371
132;223;222
132;372;223
133;217;224
224;223;372
133;224;372
134;225;217
134;136;225
135;216;226
226;225;136
135;226;136
227;173;373
138;227;373
172;228;374
137;374;228
228;229;137
138;229;227
138;137;229
193;230;375
145;143;230
143;375;230
231;376;146
144;231;192
144;376;231
161;162;232
232;163;377
161;232;377
179;233;379
181;234;176
176;234;378
234;235;378
235;180;177
177;378;235
233;236;379
236;185;178
178;379;236
180;237;380
237;233;179
179;380;237
% Data (solid.pmGp (N/m^2))
2384260.626684673
2925860.650063795
2144346.717521509
1966334.5289254882
1923928.212732717
1654787.9251144873
1764206.4871160716
1914926.0356597803
2182926.023587965
2312214.9969182294
2488249.204840151
2678626.6467824774
2595622.9976849104
2002901.8066569753
1689371.9482180185
2276929.6124488986
1845123.2328174822
2342007.238044882
1768789.4599126857
2077424.3818820622
2271098.796976086
1934867.510854113
2247647.3028140804
2406862.7490732707
2454918.960642035
2150660.388951552
2969562.0815024204
2255865.852266745
2042636.8037920746
2444443.173387891
1997819.6602864705
2025966.9004253198
2190253.1162279034
2606986.7127686627
-3579052.0142888143
2078811.250359354
2041578.73140705
1888996.5577565026
-4819695.7912844345
-3144779.616354125
-6095176.653190435
-5434114.813758754
-4166986.6598829045
-5520884.520653149
2149499.335766188
-4541729.135245614
-3942213.515073052
2722764.745878007
1966060.7816409096
2337244.3000516784
2003999.2062193875
-3893707.1162399948
-4673924.081829322
-4065313.8918958292
-5009736.260236076
-4777024.338198354
2276482.643417421
2869362.6161406036
2170559.217412299
-5417734.900090765
-4653995.075112499
-5480610.537666403
-3714350.0220837723
-3186401.921998255
-3223551.60417191
-4841803.771510103
-4446816.960833605
-4551597.482811112
-4121827.3332457603
-3132711.929456636
-2683547.209974175
-51218.392500958755
-2457056.4898999585
-4684065.937251058
-3295222.5669591255
-3091669.277253274
-3394023.0016834126
-3014924.1373392143
-3053137.65190615
-3386401.4245805885
-3173553.191258151
2159470.9330886626
1951189.9203895803
2540182.3790872665
2049066.7091306145
2101098.1076686396
2279145.2541169277
1927871.916088242
2139882.534794326
1507217.7628816268
1921761.502181495
2439242.92764698
2155849.16070572
2346453.840295661
-1205113.773002805
-312645.64040476567
1043227.5780265275
-3054656.9367791642
-1817852.681397069
-2697026.5308146495
-2514291.9678837485
1780687.3406822868
1838152.8626248632
-1783506.930635903
-2476259.906845424
2139815.6149962135
2506542.9561591647
1961652.6659897766
2014936.6767392657
-2853740.7596202716
-3735643.063627699
-2133431.9336311664
1978631.8513508055
-1540522.7204539962
-1891450.910120843
-2966654.6813276657
-5386189.71322096
-6050502.384041134
-5612952.071902682
-5260034.447719342
2347738.9409684623
2563919.061562517
1302075.9847122324
-7104585.71807151
-9371172.327883571
-4417576.914847329
-4945501.153333876
2611433.2401262918
2041429.3760928921
2117698.2209197124
1951541.2974967435
2270860.900066962
1692313.2046217173
1820258.742497327
2183676.7579934886
1762197.2459847357
2454993.276582275
2528123.9237076165
-3298227.7385434676
-3953740.1187482164
-4393120.951713385
-4297613.023288069
1551385.29176803
2201812.290339227
-2606916.1364745847
-2718390.042022589
-3457455.993830619
-5412134.724438054
-5032363.556375201
-5167908.922543992
-4421654.775338805
-3948719.922411056
-5349086.527773854
-5204098.517362845
-4069191.480422447
-2716077.7185698356
-4095866.2512503634
-4438243.693038725
-3866684.322992409
-3840718.300617594
1915368.3801122918
-3625473.6969968756
-4790526.702441172
-6549457.603409254
-5414897.956493255
-3870188.38196566
-3302104.4085420556
-3930167.0018088515
-4337152.361955711
-6103191.955577406
-4434918.969346833
-3756540.889847687
-5816964.203381069
-5459547.12609633
-3293578.438643659
2480742.238195803
2085539.0956515209
2320159.612165213
2088854.062292806
-3555860.7498490573
-3693573.635949414
-2679560.27580164
-2498473.453772088
-3662222.471382446
-2862506.962063605
-5322059.86579681
-4446238.471499096
-4782731.252012835
-4237380.00940751
-4829753.630441623
-4595684.674260632
-4700336.976034064
-2641838.2913703234
-3178592.029557982
-4499458.49561048
-4527252.22888586
-5142491.73634255
-3973354.374597671
-4668303.466835211
-4735404.00226437
-4192600.081730541
-4995363.272446795
-4884163.431950971
-1831939.4424899358
-1367265.0686922304
-3710143.8724109232
-3037854.197877092
-3829167.887782199
-4102365.785404132
-2534388.474750254
-3482581.700869953
-2252313.645942308
-4879104.948670593
-5959299.815824711
-3872364.200713424
-5987075.959043267
-4072211.4462275445
-3828389.5483185933
-4766752.55451223
-5119598.486517712
-4190921.1162468097
-4169039.4388613612
-3541973.124949586
-3824221.823097275
-3634266.779748266
-4499007.655535084
-4330273.092916726
-3007068.112637227
-4499133.89178764
-2982681.8106122934
-4830238.2802787805
-3641398.944422776
-2485206.3003567136
-3938559.314256445
-2852232.208671721
-2771528.479566462
-3273312.2890430726
831118.5602368889
660720.4000291366
791539.428686259
656963.8809510395
671305.3689648841
683052.0692860658
906224.8164388429
897660.1366443788
796011.7774288552
957964.6150988882
884199.2362260725
796643.287872767
1083263.6308933124
986123.4439228803
893259.4567509514
901029.3386796213
901780.2247171318
771207.2318545625
836378.0124246284
578337.5473213024
731898.4292387151
752692.3048871899
686122.3624821363
755133.8189997013
670458.7645948298
657268.1817999943
783122.1859341618
764123.4567767222
770404.281272131
779482.1828238157
2569884.2282086574
2150467.3824771126
730919.4585941996
802328.5902234344
728854.28912045
741121.8571947148
1794209.4900819461
2424591.075497541
743507.4604616849
698380.2300978247
2273085.1610383745
2300724.041522493
2066197.5025491517
1891284.0301846308
2454549.6272647185
1803560.4155261822
932244.8529275674
2283394.467648956
1742552.1674741018
2443208.144806737
2651131.2380286944
743561.84589078
728855.2573520391
766408.4756885938
710930.5364451492
733291.6228498872
576111.1754564575
646021.7233349473
805648.6741620371
722676.9940493405
733730.9668423879
667211.6637915164
633115.821066099
597769.8303362551
1659387.5373304994
974260.364260444
846620.5236442579
794502.9387372821
2072710.9799276718
792388.2109100946
731745.1398701747
706165.875568966
729686.1380462621
1993788.257360876
2142207.6068173503
809442.0234496109
767533.7491023019
1877254.4607610044
2118541.90276515
2128382.8688422404
665590.3936529161
634127.5213894864
1557807.7570985253
2397628.1703960286
799292.5233032809
678298.6130171717
739617.8474501895
698577.8086588057
763257.7172797187
734579.8416565859
690567.8829017208
678885.9629765883
802320.1069040145
2088803.47155734
2319021.3083365387
739566.2564549707
741015.6661928352
605223.3977480907
1529789.0754250123
2329965.6960289297
2288580.54595478
2070821.2279384588
2218960.8109211246
1830382.7813839528
654127.5164628018
720770.381710338
2034369.1285223414
2248497.352888386
2028016.3016437243
801089.2448858354
778973.9047784175
784189.6134630948
719900.0771728791
2165414.8447003425
1793634.4074197933
1978938.5946708124
1629993.1375151854
2140806.283697053
1986676.5494009776
1963422.5707152577
1765383.2952343263
2043367.266084544
2147484.0417509307
2520266.531138829
2231854.4318831176
1676862.7937084143
2072597.202776754
2427870.6568285148
2001557.1217367281
2060911.7357045498
2095919.3237449962
2743597.4367616433
2508283.3860122734
2321858.73146827
2144457.6545033525
2214421.7000446073
2095312.6081222333
1709641.1200970022
1878320.763553995
2393715.622032082
1918002.3204726542
1731579.0726926108
2179321.7991292938
531700.2404820437
519307.6231564092
542803.672052826
499559.75124641013
494174.8465072611
504033.8492488347
489948.5659954076
494422.4163071467
597080.8664835158
697191.6273190052
692725.1907408247
644167.3117494902
593320.6501340027
613368.8670504218
320149.13916545775
536872.899654447
647042.4570878434
576095.5995609565
580907.8106360129
576465.8663654849
496410.73948504665
487283.51387952716
498168.389136333
483125.67860823387
482835.11153563246
512488.38780721853
518288.088073226
544753.3553760166
463459.4454128397
582465.1590651677
552168.6958839949
543670.9480745564
585422.6245711652
635633.958557515
504728.39744601655
698502.5009818736
544480.115079348
527070.3705403942
539973.6474321134
649459.4529109731
560574.6375629406
495868.3509353036
524174.50108266185
643832.9497776937
653390.2464914025
607880.8582262632
578856.8542752552
644302.3274660639
606838.2111780666
427667.66604855814
709889.2532912842
726532.7773533163
822294.3036183454
798281.2466243064
540190.2788964376
488070.5281259388
485908.19908632763
521856.88387156493
496666.8064676196
483749.7914357519
501339.9324661252
483650.7431786296
478239.9289777391
490612.811065142
489055.23896396166
489301.53698557435
563588.85324573
468640.06531875837
447259.89169895375
570996.2352900401
569129.242357981
748618.9454802067
602835.2840596079
592112.4170761628
541295.6617859489
520523.8607468321
740092.3063122712
749665.9758176568
564306.30764704
568188.9138972415
715007.784113261
589902.065825036
596399.3716328318
474013.1510563322
545613.5653349386
685865.7456830248
558638.7636592094
542050.2706791107
488205.9795032262
530633.9175269268
570776.689908462
502975.1901817888
500493.48005620204
535938.573340279
545622.2689522505
509603.47504012083
495887.32693821035
525971.3442530642
558971.6595087954
525113.5598720317
593727.8044809931
624556.5807291113
481214.7929873055
480059.129878404
504481.88375080196
495707.5796745676
542923.6576245837
672230.3230147099
699523.3164462864
678883.2015202941
780617.5707655239
536107.9351262179
534455.0955724897
506021.83718336787
708752.1296011776
658626.9033965475
661649.4583283309
620018.4934447508
532831.6956351063
529576.5541512026
532299.9596673122
532365.6723838452
693858.5620014567
688604.8847422668
638222.3245944988
607703.8450631012
633762.8327122882
591075.4210816736
632782.7534537998
591294.7427276894
641215.4129177416
621747.3605777336
599631.1855780212
723126.1859260411
683040.4730956475
720976.8804352809
650739.7290531567
692340.8896993127
601687.2850313779
642561.3246386594
647586.7003781862
589411.3245327843
594092.1336489496
626266.3431172399
677186.735432741
616656.9566592089
670902.5024283851
312764.14159327984
320477.23312911426
348879.22920962406
282693.6064335474
316559.9931280775
344241.19689468795
360896.0046287586
346075.9853637735
305918.25350891595
267062.9851797764
381514.5713300499
375295.71433763276
442220.9359289113
332905.4774878121
376761.10885636177
339313.933027218
326179.2822086817
389818.6517616096
389144.63515990664
352735.57994557434
358764.4020557832
374899.88747849216
401692.6790688864
405079.1788316619
427813.5649396662
223693.55675200323
351059.1049620066
517467.0086576473
471877.46787601284
510962.6308130172
515891.8369349027
198464.8556238252
291830.88001894765
224335.42153855384
211229.77286847014
179916.79598583878
290686.49039079616
307167.8637999157
367802.1990666171
333297.0830677169
359386.70779263804
345102.25369101064
321011.1746364308
353463.54730399186
344651.07637441985
325513.65260808467
353821.2643835933
261916.99793319032
363065.9092555426
373738.97229366464
415560.35354104097
333119.34306550416
325352.58456645365
338024.77608310006
389899.520278821
386653.56991084566
473643.9208749693
383038.9907202168
380363.77052154316
400774.4851943957
313762.86056038225
351070.5838987833
340695.8551131166
359448.4120345241
405512.82361247577
387719.18446681334
406368.6353196912
322408.91716789705
348956.0717055111
348821.9381298164
333692.14091789286
339542.5420334456
336365.030414363
343348.6280862846
346962.6831324066
355075.7921541433
356192.00398794294
366843.81514136295
414973.431789949
408092.2577043722
402014.1548841805
496346.16418881307
445971.169974884
465356.3764288826
444587.9497828654
489091.3429849794
383281.5659717606
386989.2839199311
371921.0032868041
372576.2812157565
432040.46320856747
459953.4845873209
451046.3213717672
451167.08486050635
418978.4054449952
424707.56711108907
457887.52060169954
294802.17650913587
370347.8293097391
369461.0039148543
359809.38735210494
366110.8911218297
421848.0883226188
404043.93524118606
407495.69686116505
413424.2965213748
421258.95896142547
403730.2874171345
409795.28794850584
397905.04109299125
415045.34764491225
406109.97377499373
388802.3743726811
418079.2996965862
494625.37122751557
468056.4795972021
404939.37135827553
482378.1578734553
452807.8840737543
454817.6427562642
499224.35381798027
461418.0088730326
357185.86191677727
387929.0971518993
418778.9887916217
471655.5634812033
411779.02912835387
392369.1210933967
459556.3290772079
409272.08070189034
404677.3722388657
454875.844881643
461246.0481559065
386694.79329672875
401133.5909371018
422770.06807262235
433963.906140049
425957.5784107611
442309.21650331607
444818.1210924349
428557.63751551573
443016.3948135447
427068.1211979575
431404.2735623925
422721.1561574048
441727.13812191074
99999.68742758571
93784.66745306169
135114.46753054723
112995.20637229165
101051.34707944999
114473.34490069732
141959.61200485344
167590.35514521488
173547.04232356735
167381.74863336715
155961.2654221302
175687.03712200877
193597.65699020147
190975.84803299658
159350.43961848522
221748.73092250893
235786.2023456465
201723.20106974963
234672.23553537932
147463.4264168458
186038.09894494686
170556.57890699708
256175.82811813493
256317.46943250622
270042.5310284568
230653.04195647506
219468.76993975896
217932.81815306828
189625.23681702756
235644.93462823457
134230.73405185473
149717.33882482626
50716.90734930241
71834.50655559449
158170.9001157361
179196.70101621462
191717.86493930334
139727.74858929124
163854.2851768269
169933.6896621841
180627.18649877355
152499.00805737387
212444.9696981217
214512.96197053892
229561.8221434433
215637.7138010896
205112.1640343772
202167.83246599618
277718.4005726413
245038.07743357844
161298.53456799217
179767.19521972237
196566.23607846248
209338.02882278073
209088.3341003771
193698.48992876484
233415.640720115
272925.02355904353
264094.55582364136
230414.2479463929
274815.0748356458
259222.08024315955
236529.95191764896
247778.44157814592
145008.24087721232
121245.35730870173
139171.6342029523
111638.77360010601
124968.27029880485
168513.64462841678
146520.6519060719
205454.28881524422
221503.75779727945
205721.88555409055
243986.3025689031
174536.18468595334
278394.30394994566
275073.7863043162
266102.1347919957
285179.93320543674
280302.2372370185
274857.97106484784
298713.20030764275
305218.5137883292
317277.61064495443
283501.8145009846
230372.30010571727
195936.7158438717
132102.4745372873
62169.369178210305
82330.33658512507
74215.08770663619
87486.423797565
135435.35299544188
114835.52708079711
128221.38681321678
151644.05935256256
157761.45570081586
107152.80275565444
140167.03919615605
90917.84773571017
100809.92624449474
113849.32150844822
146360.15939772376
108610.87667068839
204178.43521674842
205179.0077354577
167332.17091416047
215605.8770817914
259701.29883822723
247222.38857299756
256655.06355252792
183024.33701788657
235665.99098810265
187590.51621147527
224218.70882783193
258048.51417202863
243052.55277065322
249691.87474850053
209749.46626078826
234915.01727090642
254827.51016568733
287934.8743629744
294073.70624221506
248370.39177477593
281177.43687327
274750.90371690533
290743.29333958874
287912.1849316241
280515.8628720936
277366.85835275566
223704.16533524686
285945.25395274255
276318.9027166136
253469.24788147342
273519.47450882214
299410.3268657489
302708.0369744836
269945.8631700854
293433.5671225946
294048.38554006076
295296.0053510843
300214.8991541673
306833.69230610173
295711.2138070502
294662.12396178156
173653.8730402262
325486.7087765104
320965.29518246127
327401.9394343853
317594.9690096189
332200.3079833697
155656.24602847488
118144.87129658618
144075.54829467076
160498.44174025272
295184.55474054883
308625.5419537123
310476.573611459
302267.7245690337
70736.31545913422
70420.7014146573
70154.73943483912
70144.99657528129
70118.62743429387
70476.17366511858
70735.5518786387
71310.18801733418
69576.98135631988
69030.64663568145
70430.23267393473
69858.78251439561
70821.47638229669
71471.79175093623
-5870.830251179693
70974.82553748159
71523.91177129018
72771.06983102823
70108.64923087892
72415.38911072527
73716.2202254358
72693.65253731671
78277.293662533
76405.84349500535
74264.4370795974
76401.29564043303
74687.07859431345
74983.1916588126
-4124.495199491376
-1989.0708348263179
874.6078397736006
-641.1598814535848
-1160.8823915216326
70728.26093918801
71836.04169559733
74154.5050334432
76824.4152943379
80647.26989489305
81311.94017821824
86489.35600283381
82971.09135999896
79347.36983365152
83923.19124446709
83430.39794046486
80367.2231284039
92140.12290144095
88558.45795847848
101207.07138728914
88278.29346379661
1205.3221598838445
3445.339584120375
5863.813243241937
4633.159818507706
2845.7957058184693
4889.91602222279
5198.52504513678
8430.826446751767
38954.8805488974
7824.585272718611
12217.457823229342
13298.808555234025
30320.180770018756
13470.377527658542
11591.532500065377
79616.76848758769
100409.41200007491
93189.74367491083
67321.44379277088
50031.89387623024
65948.31132723956
77154.68551317485
89920.54437336973
104625.98445550457
71621.84078030766
88460.38129123485
83653.98812493193
94305.72426768416
87774.19882545368
95383.32722506435
110388.18861830131
105441.42086564413
107306.7397153263
118601.3461066459
122014.29663617343
69800.45838964458
39778.32186335976
31477.821840303193
54040.308100600916
23028.073984885752
16180.024549082073
21600.166973124884
17250.948535065287
10001.335449204927
10709.037015423313
19627.50298644599
18598.82454986298
15983.802944942694
25911.366772883637
23837.778780388235
26784.383452325823
30405.883601049172
27384.521340025723
31588.550027765486
29144.153480671317
38640.2153159647
36926.85591925517
116036.58126450446
120447.94306849557
130343.77227398161
83311.624025257
98242.73768619716
87168.08803824891
110623.12761269846
96432.52521200654
105361.05080448849
144524.7925822242
142576.53132678577
125390.77134155449
137931.7127753909
121873.866209417
143721.7174442965
139012.67995019926
69770.670486566
100131.51845746333
47634.69821940551
42038.30510570445
76714.41976217297
62216.17605488685
124138.50619079603
107565.21620821519
33957.77594643768
39307.21619529127
51156.08403943186
46563.1048574365
41683.55013020568
47355.70289051631
44883.79949978212
55525.63046232434
67572.11224818446
60210.035553006455
68254.76404977117
64593.72593989478
85151.39299817145
78996.94394818971
123767.43640972736
114798.63017960169
127154.69772949985
122255.58375478003
137631.4905099457
142055.68720412877
80019.61226910325
65103.72988172247
62848.91662402165
85513.22344724099
105965.33003747473
98004.2259138051
84554.86305510093
86490.47402736335
87802.74163240544
89907.73186832097
86876.91611641788
82545.83403752653
86136.38191908503
83270.51783919691
82472.31602954991
82824.31250635834
84178.24793463096
80114.30082930738
79786.85805711211
80856.3901865095
82634.44078424275
78003.03592893515
79349.59002523626
-17540.440219555065
-20708.639480370788
-13583.953095966315
-14702.543745877387
-18276.452902329733
-20657.106204492968
73600.10474030071
77117.50516584578
79372.67010671904
79614.27474297446
76580.08157728243
76474.4342360384
76331.28028773423
77732.56404095086
75385.03227970525
76587.62722917499
74378.52259313442
75168.83361959933
73602.8783962972
73156.28315295122
74115.12268659462
-20009.16660009928
-19739.061402944728
-17434.196141931425
-9725.516383846658
-16941.52058607294
-13196.934247323888
-16036.927281283939
-18666.274530677172
66290.7258804305
70621.9468443961
74450.44768713195
72365.03152437168
32614.940197319735
72773.06693907405
71401.4715030388
70908.68248069438
71061.22578466636
73145.28522432281
71553.45634623982
71598.66797632811
72091.29243077908
-14079.956870044747
-12168.432905424645
-9152.696756799009
-4233.594198170473
-18311.63098005795
-16303.866859969046
-17384.704861280632
-14674.13235814015
-12841.904264473475
-16537.311147294236
-14484.826019785352
-10878.547217152529
26376.437762688653
3368.6878886041054
12185.484592271212
63347.96060434761
52381.321675801184
45316.23239515986
57970.333519610394
58105.57343449207
66921.53009751534
67867.21324253689
39868.53954435233
31382.0468069999
69233.14103416342
68442.48669345985
69761.97082833854
69897.07160289168
71510.64727282854
70405.67253509446
70347.27406134128
-7974.464295677855
-1895.1663186381986
-15378.13262500865
-12743.452777597293
-11290.632587320395
-14319.650261864756
-12796.974739327708
-10220.750772076904
-12469.393062753184
-9235.448671770968
-9810.69874297469
-11494.942451939742
-8995.060792524364
-6186.387048246502
5522.3544726400805
22391.2647506461
13165.430245341246
60792.30440068947
50046.849921459696
55996.79690181319
61926.85112257756
65600.3788023516
42968.40373252154
30820.341725553382
36515.84645566736
38038.59422128274
68229.81021734061
66344.56416513902
69390.03782286026
-6250.271702013704
-9634.425501985173
-8216.959587261636
12496.535717850133
-4369.860435068774
-6468.540490783185
-6405.484237685047
273.39966989440086
-7149.425155775534
-3802.2889358527123
1817.4192484392968
8316.29144494988
22022.89980492711
50174.274539554
56892.26814693366
63028.80614574463
45093.86229769693
17619.888316050707
32987.38249252535
40956.778750722486
29589.573651748437
52596.098871828784
67038.31819644352
2538.0606956354704
-3130.3583210717957
-2150.770823158031
-1464.719026163177
10697.63499550997
59833.93132422812
65788.99498582039
48264.295745606134
25707.68763261278
40920.45580073367
36211.32507870382
51863.70546654977
58994.80024242719
18835.77078800804
7663.128733573786
2412.6869801763473
284926.7702627021
222031.1614926107
198743.66525979678
148458.32139809773
185594.8730282538
175466.69619908754
116445.51870387711
123049.72125459346
159358.0185191861
150062.98437432255
136667.23190171024
105803.020974597
-12968.11080614764
-16560.034436833794
-14619.006105756544
-17621.170561943214
-18141.054080236805
-14441.722609549408
87301.81564230737
143127.51602005077
135388.30838120144
129443.96917417285
131757.21169421205
114338.48981672456
122758.52095451757
98776.75052259782
116743.62897456078
124080.49560728755
114734.85977719445
117427.53669568425
-16074.32926281798
-19060.36515619082
-19394.93673132159
-15764.351417894028
-11207.158439880723
-9255.85525384057
-10707.951025227918
-12619.910898665765
-6692.798855898988
86677.92434087345
113835.91023223786
100452.98502200334
104704.53873090578
108779.2391180335
112888.28247086448
105733.32091211861
107190.87190530686
101878.44839062421
104875.61810103047
99514.19733578994
100883.85278135362
105373.83889277936
-17065.348018243247
-20164.10937158503
-20443.109256595373
-16890.471344441172
-17966.014715925594
-13716.084274571875
-11738.517078036892
-7775.289054397993
-2551.411445871699
24875.757848330777
56868.8520282451
71274.10097541666
82872.71557629158
95352.52596375346
99658.16203762646
93640.86606906328
96485.63138745923
99114.80247508816
94390.83025025495
31837.454763831076
99016.47139176598
94327.80369255363
95512.58204288893
93995.39274660451
-20962.912544344792
-20925.41155391748
-17431.149287907647
-14252.488634475105
-12790.596995260825
-9540.940862533213
-8710.66144437226
-1627.0129579164102
4512.028892314712
12438.32810372237
19872.04873050713
24677.41202541304
90008.4278551776
91907.05289745187
94309.86136983543
91075.54430585288
53719.82543004394
65658.53900488617
80296.50248155212
42512.71033615658
37957.76685377707
89926.9083598751
82505.9174958257
89915.31866943465
90010.84178690428
86298.07610016088
85957.50573205443
86025.2256321365
31251.00474791657
-18495.632315745035
-21431.20593124972
-13302.190041767151
-15067.64657900504
-17809.715584268724
-21313.91663908971
-21514.878277283195
-18886.68468001404
-15149.530702925791
-13736.08110023106
-9965.516121939883
-21195.368072370584
-17733.937388046634
-18713.04612502586
-21306.646576976786
-3798.418145240966
-5307.278276621777
3154.8308056973306
11049.03753386667
17553.31432053418
23761.670020188056
54203.05011656046
68807.8542868683
46251.580614697945
38253.57834382622
76502.35310272033
82958.30580795827
77782.22282902218
80037.98369411015
30130.038969819274
-10109.974960811045
-13837.665048455203
-15145.488022059559
850.439433005466
-3573.459660584939
8341.475754795816
16424.96750255898
23911.811849469224
-5094.860327725978
4455.259728650702
11653.844281076277
35872.55896615236
55782.334986350324
64987.950093313295
45219.48507620785
67739.44707120532
73101.6738841608
28045.762328902183
39795.69346963331
33552.45992801595
-10079.35743441258
1519.3993362260837
19285.490752764345
-2777.9922395731796
10371.560701430397
4890.790326992634
57265.02802758558
46592.676911561306
62343.8447728304
26490.17669849933
39376.0608040581
18964.905854491415
77606.38982679522
40512.96045417546
37578.458327570646
131377.77637921384
508482.7656997375
189165.73219473372
185436.02455907463
175485.61327943057
394049.2976964344
1186.1372403524135
-75.62758715442867
1300.2149285268683
58225.193594515375
24195.392578808965
46310.08899761855
24668.73049552595
93842.40930967648
128035.32676044847
147334.06843635082
179639.66872673258
233320.22688837582
16108.424662267533
-743.8120014026401
-1103.9277753656004
-2312.10712210246
700.9099978038633
-1259.238951361892
-3406.2101850162126
-2802.5813118571555
-4653.77845468463
2600.861391458424
2370.1287529376814
836.1417003394818
551.8404208184097
4491.298063010584
72712.130075673
22138.65515325748
38133.87437836429
58289.167704224375
143545.97655078248
93277.72252484935
118170.43228239329
172524.43761430032
14277.345013298724
19383.630024534155
20624.873788844383
33846.51057824223
19541.261992559008
17598.30093213017
19042.97375409388
28648.12659634622
20397.77902303537
21103.38583449192
18829.605607946345
25578.05382779463
21713.768404465125
-992.6295882827375
-5720.817049768186
-3339.6297294248607
-1069.7699380634226
-7065.571060323834
-4769.206196233327
3124.4011379752205
1575.7294173197354
-8129.072071871829
-5522.8904527155155
-9418.396673889285
-7050.164479985673
-2779.0311003970505
-2797.971503321331
6271.947727685171
9012.178947107068
12837.583254124143
4745.163429653586
7972.922957327061
11189.969551254686
153.738162880777
3237.9145332475714
16011.661710852126
13729.419952096474
138758.9801998231
79599.98665388601
48592.48408253
63664.948743659705
107336.63062786982
18294.48468085886
21405.65635340549
22923.127862976067
39771.08237734725
23711.196526228334
33805.42525452564
24152.298593714135
28320.36898650198
18079.530111796204
-10452.152777225001
-7420.641448738447
-8994.767689390004
-11699.197245910393
-4592.6167966101475
-4507.203046284512
-1219.205761397799
-9431.539245847473
-12642.067618751067
12419.46238543992
6391.069051744179
9838.054475092578
3374.6771944807365
15209.934581216661
80877.51104027448
65641.5283656969
51047.44782385375
93626.88637238873
17907.062339602435
21001.019704386385
20113.906641382935
24309.644842867787
27175.312916573253
44266.14271299508
29936.432726076397
36304.67693087001
1444.3741083776936
-6403.561578513213
-2635.5643129252053
-8069.441024134966
-6238.805345692794
-11296.521725410767
-13900.625052849347
-14782.572668466697
-11253.848331057554
-12844.419459940464
-15833.780337439186
-9765.368114001649
-7704.764043452672
-4053.296930374774
12445.115593602553
8181.785935839587
5507.706477974822
1582.5453020766556
16013.437029301813
74944.90718967204
58469.828687424895
20393.232014699504
24035.29862228644
28663.492663929603
31719.752749266696
44189.67030412076
37310.01390723782
-5347.483950074069
-552.1006644693618
10748.283562379564
6641.697404506047
4426.879665058365
19607.620553982535
15058.400130206946
53620.923129425966
72265.26892791297
62891.74112462152
25213.07047781168
23422.691835398997
30006.95628493409
35512.554548629334
44539.36436816428
-72.23841783578699
10645.259861875771
6416.682404242958
17882.987458322852
31357.962269323238
38038.95010295408
46990.44994814745
11682.04613692815
11738.245336060734
11275.838716883478
11320.032662746225
11698.391029823613
11040.404933125137
11623.028231619957
11358.184458803447
11087.706270439128
10987.421529802732
11589.842248885745
11428.45467096982
11235.417167857244
6669.906978069081
6521.636056588516
10697.279010147748
11253.355614424125
11007.502755495498
10821.916540767337
11015.02634643337
11214.243801957811
11021.447000067505
11056.274826169605
10899.913029886873
8056.76525337054
8186.695222385435
8227.040515699777
8152.846861770097
10668.412667291132
10469.508252015437
10380.430665683305
10623.715633222118
10495.646931639274
10449.203159299539
10676.614654979772
10845.260528923276
10861.144690164689
10744.69448407868
9372.412622314241
9928.336754584767
9249.113001561296
9773.263294162012
9536.590798788066
9791.865444378192
10211.713848007532
10694.784891083631
9929.020102737184
9878.532421782877
10080.26898694652
9954.186757965552
9587.283986664885
9652.973540132605
10583.698431411432
10336.53391441711
9290.24057924881
9009.410318566423
8547.384654052124
8743.309894715945
7824.818309928235
7276.333180222083
7658.413472543516
10325.869493750639
10506.336203002795
10641.458297482455
10707.119710878638
10680.429301173876
10761.44504795571
10833.53326822465
10478.592219443131
11056.525121487357
10940.360975493139
11158.07265622286
11508.458306120798
11579.583885408401
12278.88621871465
11750.309876657891
11723.991424651744
10403.540857714963
10131.770004313568
8332.638387782159
9024.064521582186
9486.680367906012
9761.016172934082
8089.937490753487
6465.097710981288
7104.928511538435
5725.5546696274105
6369.140631686627
10673.230055197411
10448.920122881671
11117.327952901016
10790.320161091891
11430.257567103536
11698.928085569496
12203.394008092539
12901.310131991922
13411.819824063146
13083.124436491618
14031.88352376241
13405.920973209233
13631.459334151104
7766.277187669535
10025.185263112564
8700.100172817203
9441.601768271064
8712.718156363513
4848.167197885263
4059.5663559258373
4830.758299807831
6958.574024106791
5826.29547477295
11340.509997296109
10284.75175824683
10646.882928973428
3020.778580820001
4293.718664686422
12366.597945850102
11334.605307686907
12047.927588198187
13566.332908669821
14890.371627108862
15529.160361073555
14799.576271387634
16094.492252504553
15345.264166232957
14932.947150732676
7915.456244160706
9696.832351408893
10149.801145768733
9076.798746604554
2054.4496128071355
3155.6860292470496
2555.7889660228398
5698.2748943465485
6656.03665791394
4231.609942590804
6889.384383015699
5385.008426904944
8908.161339072114
5728.511009902739
13354.73813237138
12137.764712597467
10672.855664281291
13059.825886626806
15055.40603375865
14633.260168455841
17061.71758404432
17803.57662696832
18393.26211029455
16811.52065255571
17304.315192620055
3946.8845289678256
7697.317772102242
9670.373618436675
7374.5437269088
11825.957828361907
11302.069569408797
13429.791359900151
15636.664507519841
16588.140802903446
19817.64688816764
4780.0630317020505
4261.961325884386
4838.572672209453
4035.6825799340286
5307.422977123478
6321.295020412884
6815.32111308925
6220.886713855451
5820.199513083025
5259.315068782123
5820.538615847309
4298.938517488779
4586.862782785471
4991.224390191712
5537.8751019345555
1134.0670829979179
1006.1316028641462
7288.587712272095
6767.367463545835
7755.863708945075
8186.590243964016
7667.519224390972
7140.328182038868
5904.684277117858
6470.8163648018935
4506.633327971207
5211.623289518594
1517.1359420295832
1702.0695641255008
1621.171602115619
1294.0993989712565
4208.915020742256
8624.155962780342
7989.602453692233
8481.087137936858
9007.841324698988
9394.717844078375
8768.815593363941
7320.542135879328
6808.194619918683
6084.765078555361
5292.142497741225
7612.471370263108
2998.5061804677885
2790.0056769578746
2589.056194388863
4167.615554867817
5021.747078611908
2458.843712794563
2926.84403315125
2734.588890623876
2166.987796225607
2351.1297205082665
2210.4539396941764
1838.6229181534466
8130.804398411837
9244.033916473034
9763.622678160267
8856.67040810434
8383.313702187708
6937.562248271503
6215.384078559558
5856.567449150923
7706.347199280799
10098.42435910964
10388.776876363323
9890.457339079023
3787.9442227180552
3419.243174718286
4739.478557891566
5422.676442200101
2641.0775901992424
3370.7497336297947
3815.4590729300003
3126.260097628527
3204.2789896747436
4333.770834732402
3013.8548177805865
2639.3999586645828
10689.63173882573
10052.482402219737
10916.33378903813
10446.682049911145
9457.240321722635
9493.134170906511
9076.337005365385
8413.901801201031
6880.491646086463
6389.337813882626
7750.158436971082
11156.057491572166
10546.24401727427
4539.6525196510065
5682.456447788485
6510.735854005073
4013.518355827146
5041.241113583318
4254.935210936204
4256.649959623036
5240.991867869085
4076.5962608642562
3678.058974046498
10054.634975941774
9666.739958287335
9030.267226684693
8257.668027600297
7357.009869120385
11315.268362839486
10869.673989098392
11493.016398217327
10919.667706653147
11207.767761430772
11576.76654190731
10166.097291107795
8825.282021258747
7469.758215124452
10510.017256861378
10564.89596248415
5912.374287758391
6773.637550465675
5357.226933615869
6168.343135587306
5467.942845535883
5437.996655522554
6407.0697343368965
5278.06056466817
4988.504670905536
9606.42663750122
8201.288439322312
11176.716368843026
10822.875273338892
10830.731990330572
10073.059670916275
10442.28457790118
9444.37839160551
8817.73912640013
7783.402690674525
8403.725154064772
7231.8426203287945
8272.847139998852
6592.854804042446
7338.90080674546
6710.353457821107
6732.15736248736
7648.253248676813
9945.407172847257
10330.218876953344
9292.680282161075
8757.301636626524
8231.723075733506
9082.784673657052
7854.992971289535
8541.108707491665
8901.603329931017
10070.87318396401
9767.838012579721
435.1898453115884
178.47956058523692
415.8605077216632
503.5661396409735
446.82235775568006
454.10316741323123
361.14640089977075
17.471449971126873
-1.6123708235962582
507.6214871360139
517.8093657888741
629.896570234435
400.67211789976324
347.9211837944079
474.47421587355785
442.9649336384677
55.518650230383436
765.8812360216647
1021.6325047841659
565.3708745906844
696.1255897110783
84.99496182222015
541.5508374079865
468.01481024424146
97.6811671275881
440.4293340119193
59.65293216497806
88.2462316881422
-54.454185071859094
14.041082888077412
332.96846253120367
521.9067201306445
502.367356743033
172.44655541620432
288.45514999401263
415.94746671749664
-30.735823592806316
166.75369052271446
957.4269001381928
1549.6197398204931
1246.1295541358038
1762.4714197084286
2086.432423413477
-240.88840454581387
2.712735405901624
-190.25665731657202
-443.8511192124203
615.1391696388029
725.3293856811933
622.51802068862
1037.4897406067546
1510.1578324129532
2082.315719846986
-132.88678296791667
365.9422131906334
-229.60237741435955
162.16716520088326
-446.78784174841167
-332.3298326405346
-41.35061066646594
186.86229884165033
-1107.124031600167
-1010.3844706612986
-546.2773907426521
-909.8916263127979
-554.3759583859049
-568.3427882165818
-797.2304909708264
-281.7684767722291
-680.4737062166354
-562.595717362598
-36.675739518827854
-278.67720922859746
916.8250016039409
1148.3890740730335
792.3997056656277
1029.9185598113797
-751.927605261121
-1182.4837240931608
-1250.2857750181768
-665.9108214519874
-874.3522247001986
-1290.5867991401217
-646.6736034799162
-800.5672975661491
-960.7522432068016
-640.9912386440329
-279.15244401708856
-472.89358714334986
-1074.5125349215027
-1184.1956858510473
-798.0897021715891
-609.9981746119671
492.60437556311336
338.57303929748906
230.1840557517471
-1245.2666209710894
-736.2579179911193
-938.7397151689569
-1317.9277840378527
-1320.8678788022694
-768.6317326184796
-909.0499924237511
-1302.1137880165418
-802.0545143257108
2628.376781326588
2292.4937822993365
2761.836646603955
3170.2262534433835
3802.2954062914114
3712.5025488638407
4249.862028081483
2631.697881438439
37.84120663031114
612.5152620107294
725.6755170404135
771.2444975266559
1630.8578885526476
2133.1180071271774
-140.92799724479485
885.5911793043045
621.8196378649696
424.75222874734845
712.7826423765528
-70.09811639124021
-71.31071297077285
197.41890382129031
506.3798311077136
272.63263241292776
1579.0008225016754
1455.6513035001972
-73.65245848414645
-361.61650336225006
-284.2921563314326
-62.40440525454712
-378.87535883028954
-205.88579045371935
-429.1377611538498
494.4993909062565
319.0076951591895
311.1819332508315
-239.45054971655244
-435.66633715058106
-230.3167094018374
-266.6869696400586
3240.7333024003965
3066.019501634987
3614.3278219950957
2724.9933195194963
744.6858550026758
884.8066502589169
840.482949338336
2474.3926266378658
478.58819087628643
341.0426437024751
1278.7989293628143
1119.4480459009526
653.3556427568756
893.8920344251459
2422.788812958422
1970.3264810292094
320.14637062465664
219.45582061105512
212.01452502703233
226.06894210061742
193.7095579004792
664.5098659282766
575.2275374427529
3352.703264479541
1201.4197934773986
1066.8262403513272
3413.213016005676
1044.3658911441998
2039.017639475158
1899.5119356589203
1627.0883154291146
3033.22994165262
1120.114505218685
735.1519808414721
748.9606383858592
829.6477276012675
1044.871928648127
1997.276854609527
1898.0355418378113
1615.9377601069941
1556.318718135517
